sensor,scene_id,cdec_station_id,scene_date
S1,S1C_IW_GRDH_1SDV_20260807T020746_20260807T020811_008883_0119EE_8917,SHA,2026-08-07
S1,S1C_IW_GRDH_1SDV_20260819T020747_20260819T020812_009058_011FAD_4C60,SHA,2026-08-19
S1,S1C_IW_GRDH_1SDV_20260831T020748_20260831T020813_009233_012587_FD3C,SHA,2026-08-31
S1,S1C_IW_GRDH_1SDV_20260912T020748_20260912T020813_009408_012B64_696B,SHA,2026-09-12
S1,S1D_IW_GRDH_1SDV_20260801T020748_20260801T020813_003926_0071AF_94E3,SHA,2026-08-01
S1,S1D_IW_GRDH_1SDV_20260806T141435_20260806T141500_004006_007481_30C4,SHA,2026-08-06
S1,S1D_IW_GRDH_1SDV_20260813T020749_20260813T020814_004101_0077C3_C0BA,SHA,2026-08-13
S1,S1D_IW_GRDH_1SDV_20260818T141436_20260818T141501_004181_007A87_8086,SHA,2026-08-18
S1,S1D_IW_GRDH_1SDV_20260825T020749_20260825T020814_004276_007DE1_C793,SHA,2026-08-25
S1,S1D_IW_GRDH_1SDV_20260830T141436_20260830T141501_004356_0080B4_39E9,SHA,2026-08-30
S1,S1D_IW_GRDH_1SDV_20260906T020750_20260906T020814_004451_0083FB_3FFA,SHA,2026-09-06
S1,S1D_IW_GRDH_1SDV_20260911T141437_20260911T141502_004531_0086CE_AA02,SHA,2026-09-11
S2,20260801T184921_20260801T190145_T10TEL,SHA,2026-08-01
S2,20260803T185831_20260803T185829_T10TEL,SHA,2026-08-03
S2,20260804T185921_20260804T191208_T10TEL,SHA,2026-08-04
S2,20260806T184919_20260806T185546_T10TEL,SHA,2026-08-06
S2,20260809T185919_20260809T191025_T10TEL,SHA,2026-08-09
S2,20260811T184921_20260811T185238_T10TEL,SHA,2026-08-11
S2,20260814T185911_20260814T190906_T10TEL,SHA,2026-08-14
S2,20260816T184919_20260816T185439_T10TEL,SHA,2026-08-16
S2,20260816T190831_20260816T190827_T10TEL,SHA,2026-08-16
S2,20260819T185909_20260819T190755_T10TEL,SHA,2026-08-19
S2,20260821T184911_20260821T185305_T10TEL,SHA,2026-08-21
S2,20260823T185831_20260823T185826_T10TEL,SHA,2026-08-23
S2,20260824T185911_20260824T191056_T10TEL,SHA,2026-08-24
S2,20260826T184919_20260826T185818_T10TEL,SHA,2026-08-26
S2,20260829T185919_20260829T190224_T10TEL,SHA,2026-08-29
S2,20260831T184921_20260831T185400_T10TEL,SHA,2026-08-31
S2,20260903T185911_20260903T191123_T10TEL,SHA,2026-09-03
S2,20260905T184919_20260905T185254_T10TEL,SHA,2026-09-05
S2,20260905T190831_20260905T190826_T10TEL,SHA,2026-09-05
S2,20260908T185919_20260908T190235_T10TEL,SHA,2026-09-08
S2,20260910T184931_20260910T185718_T10TEL,SHA,2026-09-10
S2,20260912T185831_20260912T190031_T10TEL,SHA,2026-09-12
S2,20260913T190001_20260913T191127_T10TEL,SHA,2026-09-13
S1,S1C_IW_GRDH_1SDV_20260802T015933_20260802T015958_008810_01177E_BA83,SHA,2026-08-02
S1,S1C_IW_GRDH_1SDV_20260814T015934_20260814T015959_008985_011D4A_D5AF,SHA,2026-08-14
S1,S1C_IW_GRDH_1SDV_20260907T015935_20260907T020000_009335_012909_779E,SHA,2026-09-07
S1,S1D_IW_GRDH_1SDV_20260808T015952_20260808T020025_004028_007539_CA7B,SHA,2026-08-08
S1,S1D_IW_GRDH_1SDV_20260820T015953_20260820T020026_004203_007B3E_962F,SHA,2026-08-20
S1,S1D_IW_GRDH_1SDV_20260901T015953_20260901T020026_004378_008169_FDBF,SHA,2026-09-01
S1,S1D_IW_GRDH_1SDV_20260913T015954_20260913T020027_004553_008786_DC23,SHA,2026-09-13
S1,S1C_IW_GRDH_1SDV_20260802T015908_20260802T015933_008810_01177E_4EF2,ORO,2026-08-02
S1,S1C_IW_GRDH_1SDV_20260807T140630_20260807T140659_008890_011A28_F8AA,ORO,2026-08-07
S1,S1C_IW_GRDH_1SDV_20260814T015909_20260814T015934_008985_011D4A_D3CC,ORO,2026-08-14
S1,S1C_IW_GRDH_1SDV_20260819T140630_20260819T140700_009065_011FE8_178C,ORO,2026-08-19
S1,S1C_IW_GRDH_1SDV_20260831T140631_20260831T140700_009240_0125C1_16BA,ORO,2026-08-31
S1,S1C_IW_GRDH_1SDV_20260907T015910_20260907T015935_009335_012909_3A30,ORO,2026-09-07
S1,S1C_IW_GRDH_1SDV_20260912T140631_20260912T140701_009415_012B9D_61E9,ORO,2026-09-12
S1,S1D_IW_GRDH_1SDV_20260801T140639_20260801T140704_003933_0071F0_37EB,ORO,2026-08-01
S1,S1D_IW_GRDH_1SDV_20260806T141500_20260806T141525_004006_007481_BE85,ORO,2026-08-06
S1,S1D_IW_GRDH_1SDV_20260808T015927_20260808T015952_004028_007539_2326,ORO,2026-08-08
S1,S1D_IW_GRDH_1SDV_20260813T140640_20260813T140705_004108_007801_313F,ORO,2026-08-13
S1,S1D_IW_GRDH_1SDV_20260818T141501_20260818T141526_004181_007A87_AF0B,ORO,2026-08-18
S1,S1D_IW_GRDH_1SDV_20260820T015928_20260820T015953_004203_007B3E_CB34,ORO,2026-08-20
S1,S1D_IW_GRDH_1SDV_20260825T140640_20260825T140705_004283_007E21_2AE2,ORO,2026-08-25
S1,S1D_IW_GRDH_1SDV_20260830T141501_20260830T141526_004356_0080B4_4957,ORO,2026-08-30
S1,S1D_IW_GRDH_1SDV_20260901T015928_20260901T015953_004378_008169_562A,ORO,2026-09-01
S1,S1D_IW_GRDH_1SDV_20260906T140641_20260906T140706_004458_00843A_CB5B,ORO,2026-09-06
S1,S1D_IW_GRDH_1SDV_20260911T141502_20260911T141527_004531_0086CE_306C,ORO,2026-09-11
S1,S1D_IW_GRDH_1SDV_20260913T015929_20260913T015954_004553_008786_10EA,ORO,2026-09-13
S2,20260801T184921_20260801T190145_T10SFJ,ORO,2026-08-01
S2,20260803T185831_20260803T185829_T10SFJ,ORO,2026-08-03
S2,20260806T184919_20260806T185546_T10SFJ,ORO,2026-08-06
S2,20260811T184921_20260811T185238_T10SFJ,ORO,2026-08-11
S2,20260816T184919_20260816T185439_T10SFJ,ORO,2026-08-16
S2,20260821T184911_20260821T185305_T10SFJ,ORO,2026-08-21
S2,20260823T185831_20260823T185826_T10SFJ,ORO,2026-08-23
S2,20260826T184919_20260826T185818_T10SFJ,ORO,2026-08-26
S2,20260831T184921_20260831T185400_T10SFJ,ORO,2026-08-31
S2,20260905T184919_20260905T185254_T10SFJ,ORO,2026-09-05
S2,20260910T184931_20260910T185718_T10SFJ,ORO,2026-09-10
S2,20260912T185831_20260912T190031_T10SFJ,ORO,2026-09-12
S1,S1C_IW_GRDH_1SDV_20260802T015843_20260802T015908_008810_01177E_E0F4,NML,2026-08-02
S1,S1C_IW_GRDH_1SDV_20260807T140659_20260807T140724_008890_011A28_FC0A,NML,2026-08-07
S1,S1C_IW_GRDH_1SDV_20260814T015844_20260814T015909_008985_011D4A_5810,NML,2026-08-14
S1,S1C_IW_GRDH_1SDV_20260819T140700_20260819T140725_009065_011FE8_F506,NML,2026-08-19
S1,S1C_IW_GRDH_1SDV_20260831T140700_20260831T140725_009240_0125C1_EF2C,NML,2026-08-31
S1,S1C_IW_GRDH_1SDV_20260907T015845_20260907T015910_009335_012909_4360,NML,2026-09-07
S1,S1C_IW_GRDH_1SDV_20260912T140701_20260912T140726_009415_012B9D_DD7A,NML,2026-09-12
S1,S1D_IW_GRDH_1SDV_20260801T140704_20260801T140729_003933_0071F0_00ED,NML,2026-08-01
S1,S1D_IW_GRDH_1SDV_20260808T015902_20260808T015927_004028_007539_730D,NML,2026-08-08
S1,S1D_IW_GRDH_1SDV_20260813T140705_20260813T140730_004108_007801_8085,NML,2026-08-13
S1,S1D_IW_GRDH_1SDV_20260820T015903_20260820T015928_004203_007B3E_BA39,NML,2026-08-20
S1,S1D_IW_GRDH_1SDV_20260825T140705_20260825T140730_004283_007E21_D302,NML,2026-08-25
S1,S1D_IW_GRDH_1SDV_20260901T015903_20260901T015928_004378_008169_05E3,NML,2026-09-01
S1,S1D_IW_GRDH_1SDV_20260906T140706_20260906T140731_004458_00843A_CC67,NML,2026-09-06
S1,S1D_IW_GRDH_1SDV_20260913T015904_20260913T015929_004553_008786_000D,NML,2026-09-13
S2,20260801T184921_20260801T190145_T10SGH,NML,2026-08-01
S2,20260803T183919_20260803T185235_T10SGH,NML,2026-08-03
S2,20260803T185831_20260803T185829_T10SGH,NML,2026-08-03
S2,20260806T184919_20260806T185546_T10SGH,NML,2026-08-06
S2,20260808T183921_20260808T185047_T10SGH,NML,2026-08-08
S2,20260810T184831_20260810T185107_T10SGH,NML,2026-08-10
S2,20260811T184921_20260811T185238_T10SGH,NML,2026-08-11
S2,20260813T183919_20260813T185306_T10SGH,NML,2026-08-13
S2,20260816T184919_20260816T185439_T10SGH,NML,2026-08-16
S2,20260818T183921_20260818T185049_T10SGH,NML,2026-08-18
S2,20260821T184911_20260821T185305_T10SGH,NML,2026-08-21
S2,20260823T183919_20260823T185232_T10SGH,NML,2026-08-23
S2,20260823T185831_20260823T185826_T10SGH,NML,2026-08-23
S2,20260826T184919_20260826T185818_T10SGH,NML,2026-08-26
S2,20260828T183921_20260828T185049_T10SGH,NML,2026-08-28
S2,20260830T184831_20260830T184827_T10SGH,NML,2026-08-30
S2,20260831T184921_20260831T185400_T10SGH,NML,2026-08-31
S2,20260902T183919_20260902T184903_T10SGH,NML,2026-09-02
S2,20260905T184919_20260905T185254_T10SGH,NML,2026-09-05
S2,20260907T183921_20260907T185201_T10SGH,NML,2026-09-07
S2,20260910T184931_20260910T185718_T10SGH,NML,2026-09-10
S2,20260912T183919_20260912T185056_T10SGH,NML,2026-09-12
S2,20260912T185831_20260912T190031_T10SGH,NML,2026-09-12
S1,S1C_IW_GRDH_1SDV_20260802T015818_20260802T015843_008810_01177E_2F9F,SNL,2026-08-02
S1,S1C_IW_GRDH_1SDV_20260807T020631_20260807T020656_008883_0119EE_113F,SNL,2026-08-07
S1,S1C_IW_GRDH_1SDV_20260814T015819_20260814T015844_008985_011D4A_BFF3,SNL,2026-08-14
S1,S1C_IW_GRDH_1SDV_20260819T020632_20260819T020657_009058_011FAD_814D,SNL,2026-08-19
S1,S1C_IW_GRDH_1SDV_20260831T020633_20260831T020658_009233_012587_517F,SNL,2026-08-31
S1,S1C_IW_GRDH_1SDV_20260907T015820_20260907T015845_009335_012909_916B,SNL,2026-09-07
S1,S1C_IW_GRDH_1SDV_20260912T020633_20260912T020658_009408_012B64_82B7,SNL,2026-09-12
S1,S1D_IW_GRDH_1SDV_20260801T020658_20260801T020723_003926_0071AF_EF10,SNL,2026-08-01
S1,S1D_IW_GRDH_1SDV_20260801T140729_20260801T140754_003933_0071F0_19C8,SNL,2026-08-01
S1,S1D_IW_GRDH_1SDV_20260808T015837_20260808T015902_004028_007539_870B,SNL,2026-08-08
S1,S1D_IW_GRDH_1SDV_20260813T020659_20260813T020724_004101_0077C3_C7D3,SNL,2026-08-13
S1,S1D_IW_GRDH_1SDV_20260813T140730_20260813T140755_004108_007801_8ABF,SNL,2026-08-13
S1,S1D_IW_GRDH_1SDV_20260820T015838_20260820T015903_004203_007B3E_CBE2,SNL,2026-08-20
S1,S1D_IW_GRDH_1SDV_20260825T020659_20260825T020724_004276_007DE1_1975,SNL,2026-08-25
S1,S1D_IW_GRDH_1SDV_20260825T140730_20260825T140755_004283_007E21_BC14,SNL,2026-08-25
S1,S1D_IW_GRDH_1SDV_20260901T015838_20260901T015903_004378_008169_DC42,SNL,2026-09-01
S1,S1D_IW_GRDH_1SDV_20260906T020700_20260906T020724_004451_0083FB_1C37,SNL,2026-09-06
S1,S1D_IW_GRDH_1SDV_20260906T140731_20260906T140756_004458_00843A_0A9A,SNL,2026-09-06
S1,S1D_IW_GRDH_1SDV_20260913T015839_20260913T015904_004553_008786_A0B1,SNL,2026-09-13
S2,20260801T184921_20260801T190145_T10SFG,SNL,2026-08-01
S2,20260803T183919_20260803T185235_T10SFG,SNL,2026-08-03
S2,20260803T185831_20260803T185829_T10SFG,SNL,2026-08-03
S2,20260806T184919_20260806T185546_T10SFG,SNL,2026-08-06
S2,20260808T183921_20260808T185047_T10SFG,SNL,2026-08-08
S2,20260810T184831_20260810T185107_T10SFG,SNL,2026-08-10
S2,20260811T184921_20260811T190400_T10SFG,SNL,2026-08-11
S2,20260813T183919_20260813T185306_T10SFG,SNL,2026-08-13
S2,20260816T184919_20260816T185439_T10SFG,SNL,2026-08-16
S2,20260818T183921_20260818T185049_T10SFG,SNL,2026-08-18
S2,20260821T184911_20260821T185305_T10SFG,SNL,2026-08-21
S2,20260823T183919_20260823T185232_T10SFG,SNL,2026-08-23
S2,20260823T185831_20260823T190412_T10SFG,SNL,2026-08-23
S2,20260826T184919_20260826T185818_T10SFG,SNL,2026-08-26
S2,20260828T183921_20260828T185049_T10SFG,SNL,2026-08-28
S2,20260830T184831_20260830T184827_T10SFG,SNL,2026-08-30
S2,20260831T184921_20260831T185400_T10SFG,SNL,2026-08-31
S2,20260902T183919_20260902T184903_T10SFG,SNL,2026-09-02
S2,20260905T184919_20260905T185254_T10SFG,SNL,2026-09-05
S2,20260907T183921_20260907T185201_T10SFG,SNL,2026-09-07
S2,20260910T184931_20260910T185718_T10SFG,SNL,2026-09-10
S2,20260912T183919_20260912T185056_T10SFG,SNL,2026-09-12
S2,20260912T185831_20260912T190031_T10SFG,SNL,2026-09-12
S1,S1C_IW_GRDH_1SDV_20260802T015843_20260802T015908_008810_01177E_E0F4,DNP,2026-08-02
S1,S1C_IW_GRDH_1SDV_20260802T135852_20260802T135917_008817_0117C5_B5DE,DNP,2026-08-02
S1,S1C_IW_GRDH_1SDV_20260807T140659_20260807T140724_008890_011A28_FC0A,DNP,2026-08-07
S1,S1C_IW_GRDH_1SDV_20260814T015844_20260814T015909_008985_011D4A_5810,DNP,2026-08-14
S1,S1C_IW_GRDH_1SDV_20260814T135852_20260814T135917_008992_011D87_CDEA,DNP,2026-08-14
S1,S1C_IW_GRDH_1SDV_20260819T140700_20260819T140725_009065_011FE8_F506,DNP,2026-08-19
S1,S1C_IW_GRDH_1SDV_20260826T135853_20260826T135918_009167_01235F_1E2A,DNP,2026-08-26
S1,S1C_IW_GRDH_1SDV_20260831T140700_20260831T140725_009240_0125C1_EF2C,DNP,2026-08-31
S1,S1C_IW_GRDH_1SDV_20260907T015845_20260907T015910_009335_012909_4360,DNP,2026-09-07
S1,S1C_IW_GRDH_1SDV_20260907T135853_20260907T135918_009342_01294B_9510,DNP,2026-09-07
S1,S1C_IW_GRDH_1SDV_20260912T140701_20260912T140726_009415_012B9D_DD7A,DNP,2026-09-12
S1,S1D_IW_GRDH_1SDV_20260801T140704_20260801T140729_003933_0071F0_00ED,DNP,2026-08-01
S1,S1D_IW_GRDH_1SDV_20260808T135908_20260808T135933_004035_007573_A394,DNP,2026-08-08
S1,S1D_IW_GRDH_1SDV_20260813T140705_20260813T140730_004108_007801_8085,DNP,2026-08-13
S1,S1D_IW_GRDH_1SDV_20260820T135909_20260820T135934_004210_007B88_7F56,DNP,2026-08-20
S1,S1D_IW_GRDH_1SDV_20260825T140705_20260825T140730_004283_007E21_D302,DNP,2026-08-25
S1,S1D_IW_GRDH_1SDV_20260901T135909_20260901T135934_004385_0081AD_DCFB,DNP,2026-09-01
S1,S1D_IW_GRDH_1SDV_20260906T140706_20260906T140731_004458_00843A_CC67,DNP,2026-09-06
S1,S1D_IW_GRDH_1SDV_20260913T135910_20260913T135935_004560_0087C4_9BE7,DNP,2026-09-13
S2,20260801T184921_20260801T190145_T10SGG,DNP,2026-08-01
S2,20260803T183919_20260803T185235_T10SGG,DNP,2026-08-03
S2,20260803T185831_20260803T185829_T10SGG,DNP,2026-08-03
S2,20260806T184919_20260806T185546_T10SGG,DNP,2026-08-06
S2,20260808T183921_20260808T185047_T10SGG,DNP,2026-08-08
S2,20260810T184831_20260810T185107_T10SGG,DNP,2026-08-10
S2,20260811T184921_20260811T185238_T10SGG,DNP,2026-08-11
S2,20260813T183919_20260813T185306_T10SGG,DNP,2026-08-13
S2,20260816T184919_20260816T185439_T10SGG,DNP,2026-08-16
S2,20260818T183921_20260818T185049_T10SGG,DNP,2026-08-18
S2,20260821T184911_20260821T185305_T10SGG,DNP,2026-08-21
S2,20260823T183919_20260823T185232_T10SGG,DNP,2026-08-23
S2,20260823T185831_20260823T185826_T10SGG,DNP,2026-08-23
S2,20260826T184919_20260826T185818_T10SGG,DNP,2026-08-26
S2,20260828T183921_20260828T185049_T10SGG,DNP,2026-08-28
S2,20260830T184831_20260830T184827_T10SGG,DNP,2026-08-30
S2,20260831T184921_20260831T185400_T10SGG,DNP,2026-08-31
S2,20260902T183919_20260902T184903_T10SGG,DNP,2026-09-02
S2,20260905T184919_20260905T185254_T10SGG,DNP,2026-09-05
S2,20260907T183921_20260907T185201_T10SGG,DNP,2026-09-07
S2,20260910T184931_20260910T185718_T10SGG,DNP,2026-09-10
S2,20260912T183919_20260912T185056_T10SGG,DNP,2026-09-12
S2,20260912T185831_20260912T190031_T10SGG,DNP,2026-09-12
S1,S1C_IW_GRDH_1SDV_20260807T020656_20260807T020721_008883_0119EE_DD62,BER,2026-08-07
S1,S1C_IW_GRDH_1SDV_20260819T020657_20260819T020722_009058_011FAD_E31A,BER,2026-08-19
S1,S1C_IW_GRDH_1SDV_20260831T020658_20260831T020723_009233_012587_45DB,BER,2026-08-31
S1,S1C_IW_GRDH_1SDV_20260912T020658_20260912T020723_009408_012B64_8777,BER,2026-09-12
S1,S1D_IW_GRDH_1SDV_20260801T020723_20260801T020748_003926_0071AF_7D1F,BER,2026-08-01
S1,S1D_IW_GRDH_1SDV_20260813T020724_20260813T020749_004101_0077C3_9008,BER,2026-08-13
S1,S1D_IW_GRDH_1SDV_20260825T020724_20260825T020749_004276_007DE1_CDE9,BER,2026-08-25
S1,S1D_IW_GRDH_1SDV_20260906T020725_20260906T020750_004451_0083FB_1B29,BER,2026-09-06
S2,20260801T184921_20260801T190145_T10SEH,BER,2026-08-01
S2,20260803T185831_20260803T185829_T10SEH,BER,2026-08-03
S2,20260806T184919_20260806T185546_T10SEH,BER,2026-08-06
S2,20260811T184921_20260811T185238_T10SEH,BER,2026-08-11
S2,20260816T184919_20260816T185439_T10SEH,BER,2026-08-16
S2,20260821T184911_20260821T185305_T10SEH,BER,2026-08-21
S2,20260823T185831_20260823T185826_T10SEH,BER,2026-08-23
S2,20260826T184919_20260826T185818_T10SEH,BER,2026-08-26
S2,20260831T184921_20260831T185400_T10SEH,BER,2026-08-31
S2,20260905T184919_20260905T185254_T10SEH,BER,2026-09-05
S2,20260910T184931_20260910T185718_T10SEH,BER,2026-09-10
S2,20260912T185831_20260912T190031_T10SEH,BER,2026-09-12
S1,S1C_IW_GRDH_1SDV_20260802T015843_20260802T015908_008810_01177E_E0F4,EXC,2026-08-02
S1,S1C_IW_GRDH_1SDV_20260802T135852_20260802T135917_008817_0117C5_B5DE,EXC,2026-08-02
S1,S1C_IW_GRDH_1SDV_20260807T140659_20260807T140724_008890_011A28_FC0A,EXC,2026-08-07
S1,S1C_IW_GRDH_1SDV_20260814T015844_20260814T015909_008985_011D4A_5810,EXC,2026-08-14
S1,S1C_IW_GRDH_1SDV_20260814T135852_20260814T135917_008992_011D87_CDEA,EXC,2026-08-14
S1,S1C_IW_GRDH_1SDV_20260819T140700_20260819T140725_009065_011FE8_F506,EXC,2026-08-19
S1,S1C_IW_GRDH_1SDV_20260826T135853_20260826T135918_009167_01235F_1E2A,EXC,2026-08-26
S1,S1C_IW_GRDH_1SDV_20260831T140700_20260831T140725_009240_0125C1_EF2C,EXC,2026-08-31
S1,S1C_IW_GRDH_1SDV_20260907T015845_20260907T015910_009335_012909_4360,EXC,2026-09-07
S1,S1C_IW_GRDH_1SDV_20260907T135853_20260907T135918_009342_01294B_9510,EXC,2026-09-07
S1,S1C_IW_GRDH_1SDV_20260912T140701_20260912T140726_009415_012B9D_DD7A,EXC,2026-09-12
S1,S1D_IW_GRDH_1SDV_20260801T140704_20260801T140729_003933_0071F0_00ED,EXC,2026-08-01
S1,S1D_IW_GRDH_1SDV_20260808T015837_20260808T015902_004028_007539_870B,EXC,2026-08-08
S1,S1D_IW_GRDH_1SDV_20260808T135908_20260808T135933_004035_007573_A394,EXC,2026-08-08
S1,S1D_IW_GRDH_1SDV_20260813T140705_20260813T140730_004108_007801_8085,EXC,2026-08-13
S1,S1D_IW_GRDH_1SDV_20260820T015838_20260820T015903_004203_007B3E_CBE2,EXC,2026-08-20
S1,S1D_IW_GRDH_1SDV_20260820T135909_20260820T135934_004210_007B88_7F56,EXC,2026-08-20
S1,S1D_IW_GRDH_1SDV_20260825T140705_20260825T140730_004283_007E21_D302,EXC,2026-08-25
S1,S1D_IW_GRDH_1SDV_20260901T015838_20260901T015903_004378_008169_DC42,EXC,2026-09-01
S1,S1D_IW_GRDH_1SDV_20260901T135909_20260901T135934_004385_0081AD_DCFB,EXC,2026-09-01
S1,S1D_IW_GRDH_1SDV_20260906T140706_20260906T140731_004458_00843A_CC67,EXC,2026-09-06
S1,S1D_IW_GRDH_1SDV_20260913T015839_20260913T015904_004553_008786_A0B1,EXC,2026-09-13
S1,S1D_IW_GRDH_1SDV_20260913T135910_20260913T135935_004560_0087C4_9BE7,EXC,2026-09-13
S2,20260803T183919_20260803T185235_T10SGG,EXC,2026-08-03
S2,20260803T183919_20260803T185235_T11SKB,EXC,2026-08-03
S2,20260808T183921_20260808T185047_T10SGG,EXC,2026-08-08
S2,20260808T183921_20260808T185047_T11SKB,EXC,2026-08-08
S2,20260810T184831_20260810T185107_T10SGG,EXC,2026-08-10
S2,20260810T184831_20260810T185107_T11SKB,EXC,2026-08-10
S2,20260813T183919_20260813T185306_T10SGG,EXC,2026-08-13
S2,20260813T183919_20260813T185306_T11SKB,EXC,2026-08-13
S2,20260818T183921_20260818T185049_T10SGG,EXC,2026-08-18
S2,20260818T183921_20260818T185049_T11SKB,EXC,2026-08-18
S2,20260823T183919_20260823T185232_T10SGG,EXC,2026-08-23
S2,20260823T183919_20260823T185232_T11SKB,EXC,2026-08-23
S2,20260828T183921_20260828T185049_T10SGG,EXC,2026-08-28
S2,20260828T183921_20260828T185049_T11SKB,EXC,2026-08-28
S2,20260830T184831_20260830T184827_T10SGG,EXC,2026-08-30
S2,20260830T184831_20260830T184827_T11SKB,EXC,2026-08-30
S2,20260902T183919_20260902T184903_T10SGG,EXC,2026-09-02
S2,20260902T183919_20260902T184903_T11SKB,EXC,2026-09-02
S2,20260907T183921_20260907T185201_T10SGG,EXC,2026-09-07
S2,20260907T183921_20260907T185201_T11SKB,EXC,2026-09-07
S2,20260912T183919_20260912T185056_T10SGG,EXC,2026-09-12
S2,20260912T183919_20260912T185056_T11SKB,EXC,2026-09-12
S1,S1C_IW_GRDH_1SDV_20260802T015818_20260802T015843_008810_01177E_2F9F,PNF,2026-08-02
S1,S1C_IW_GRDH_1SDV_20260802T135852_20260802T135917_008817_0117C5_B5DE,PNF,2026-08-02
S1,S1C_IW_GRDH_1SDV_20260814T015819_20260814T015844_008985_011D4A_BFF3,PNF,2026-08-14
S1,S1C_IW_GRDH_1SDV_20260814T135852_20260814T135917_008992_011D87_CDEA,PNF,2026-08-14
S1,S1C_IW_GRDH_1SDV_20260821T015017_20260821T015042_009087_01209F_38C6,PNF,2026-08-21
S1,S1C_IW_GRDH_1SDV_20260826T135853_20260826T135918_009167_01235F_1E2A,PNF,2026-08-26
S1,S1C_IW_GRDH_1SDV_20260907T015820_20260907T015845_009335_012909_916B,PNF,2026-09-07
S1,S1C_IW_GRDH_1SDV_20260907T135853_20260907T135918_009342_01294B_9510,PNF,2026-09-07
S1,S1C_IW_GRDH_1SDV_20260914T015012_20260914T015042_009437_012C55_9EDD,PNF,2026-09-14
S1,S1D_IW_GRDH_1SDV_20260808T015837_20260808T015902_004028_007539_870B,PNF,2026-08-08
S1,S1D_IW_GRDH_1SDV_20260808T135908_20260808T135933_004035_007573_A394,PNF,2026-08-08
S1,S1D_IW_GRDH_1SDV_20260820T015838_20260820T015903_004203_007B3E_CBE2,PNF,2026-08-20
S1,S1D_IW_GRDH_1SDV_20260820T135909_20260820T135934_004210_007B88_7F56,PNF,2026-08-20
S1,S1D_IW_GRDH_1SDV_20260901T015838_20260901T015903_004378_008169_DC42,PNF,2026-09-01
S1,S1D_IW_GRDH_1SDV_20260901T135909_20260901T135934_004385_0081AD_DCFB,PNF,2026-09-01
S1,S1D_IW_GRDH_1SDV_20260913T015839_20260913T015904_004553_008786_A0B1,PNF,2026-09-13
S1,S1D_IW_GRDH_1SDV_20260913T135910_20260913T135935_004560_0087C4_9BE7,PNF,2026-09-13
S2,20260803T183919_20260803T185235_T11SKA,PNF,2026-08-03
S2,20260808T183921_20260808T185047_T11SKA,PNF,2026-08-08
S2,20260810T184831_20260810T185107_T11SKA,PNF,2026-08-10
S2,20260813T183919_20260813T185306_T11SKA,PNF,2026-08-13
S2,20260818T183921_20260818T185049_T11SKA,PNF,2026-08-18
S2,20260823T183919_20260823T185232_T11SKA,PNF,2026-08-23
S2,20260828T183921_20260828T185049_T11SKA,PNF,2026-08-28
S2,20260830T184831_20260830T184827_T11SKA,PNF,2026-08-30
S2,20260902T183919_20260902T184903_T11SKA,PNF,2026-09-02
S2,20260907T183921_20260907T185201_T11SKA,PNF,2026-09-07
S2,20260912T183919_20260912T185056_T11SKA,PNF,2026-09-12
S1,S1C_IW_GRDH_1SDV_20260807T140630_20260807T140659_008890_011A28_F8AA,FOL,2026-08-07
S1,S1C_IW_GRDH_1SDV_20260819T140630_20260819T140700_009065_011FE8_178C,FOL,2026-08-19
S1,S1C_IW_GRDH_1SDV_20260831T140631_20260831T140700_009240_0125C1_16BA,FOL,2026-08-31
S1,S1C_IW_GRDH_1SDV_20260912T140631_20260912T140701_009415_012B9D_61E9,FOL,2026-09-12
S1,S1D_IW_GRDH_1SDV_20260801T140704_20260801T140729_003933_0071F0_00ED,FOL,2026-08-01
S1,S1D_IW_GRDH_1SDV_20260808T015902_20260808T015927_004028_007539_730D,FOL,2026-08-08
S1,S1D_IW_GRDH_1SDV_20260813T140705_20260813T140730_004108_007801_8085,FOL,2026-08-13
S1,S1D_IW_GRDH_1SDV_20260820T015903_20260820T015928_004203_007B3E_BA39,FOL,2026-08-20
S1,S1D_IW_GRDH_1SDV_20260825T140705_20260825T140730_004283_007E21_D302,FOL,2026-08-25
S1,S1D_IW_GRDH_1SDV_20260901T015903_20260901T015928_004378_008169_05E3,FOL,2026-09-01
S1,S1D_IW_GRDH_1SDV_20260906T140706_20260906T140731_004458_00843A_CC67,FOL,2026-09-06
S1,S1D_IW_GRDH_1SDV_20260913T015904_20260913T015929_004553_008786_000D,FOL,2026-09-13
S1,S1C_IW_GRDH_1SDV_20260802T015908_20260802T015933_008810_01177E_4EF2,BUL,2026-08-02
S1,S1C_IW_GRDH_1SDV_20260807T140630_20260807T140659_008890_011A28_F8AA,BUL,2026-08-07
S1,S1C_IW_GRDH_1SDV_20260814T015909_20260814T015934_008985_011D4A_D3CC,BUL,2026-08-14
S1,S1C_IW_GRDH_1SDV_20260819T140630_20260819T140700_009065_011FE8_178C,BUL,2026-08-19
S1,S1C_IW_GRDH_1SDV_20260831T140631_20260831T140700_009240_0125C1_16BA,BUL,2026-08-31
S1,S1C_IW_GRDH_1SDV_20260907T015910_20260907T015935_009335_012909_3A30,BUL,2026-09-07
S1,S1C_IW_GRDH_1SDV_20260912T140631_20260912T140701_009415_012B9D_61E9,BUL,2026-09-12
S1,S1D_IW_GRDH_1SDV_20260801T140639_20260801T140704_003933_0071F0_37EB,BUL,2026-08-01
S1,S1D_IW_GRDH_1SDV_20260808T015927_20260808T015952_004028_007539_2326,BUL,2026-08-08
S1,S1D_IW_GRDH_1SDV_20260813T140640_20260813T140705_004108_007801_313F,BUL,2026-08-13
S1,S1D_IW_GRDH_1SDV_20260820T015928_20260820T015953_004203_007B3E_CB34,BUL,2026-08-20
S1,S1D_IW_GRDH_1SDV_20260825T140640_20260825T140705_004283_007E21_2AE2,BUL,2026-08-25
S1,S1D_IW_GRDH_1SDV_20260901T015928_20260901T015953_004378_008169_562A,BUL,2026-09-01
S1,S1D_IW_GRDH_1SDV_20260906T140641_20260906T140706_004458_00843A_CB5B,BUL,2026-09-06
S1,S1D_IW_GRDH_1SDV_20260913T015929_20260913T015954_004553_008786_10EA,BUL,2026-09-13
S2,20260801T184921_20260801T190145_T10SFJ,BUL,2026-08-01
S2,20260803T185831_20260803T185829_T10SFJ,BUL,2026-08-03
S2,20260806T184919_20260806T185546_T10SFJ,BUL,2026-08-06
S2,20260811T184921_20260811T185238_T10SFJ,BUL,2026-08-11
S2,20260816T184919_20260816T185439_T10SFJ,BUL,2026-08-16
S2,20260821T184911_20260821T185305_T10SFJ,BUL,2026-08-21
S2,20260823T185831_20260823T185826_T10SFJ,BUL,2026-08-23
S2,20260826T184919_20260826T185818_T10SFJ,BUL,2026-08-26
S2,20260831T184921_20260831T185400_T10SFJ,BUL,2026-08-31
S2,20260905T184919_20260905T185254_T10SFJ,BUL,2026-09-05
S2,20260910T184931_20260910T185718_T10SFJ,BUL,2026-09-10
S2,20260912T185831_20260912T190031_T10SFJ,BUL,2026-09-12
S1,S1C_IW_GRDH_1SDV_20260802T135917_20260802T135942_008817_0117C5_3E7E,ISB,2026-08-02
S1,S1C_IW_GRDH_1SDV_20260809T135111_20260809T135136_008919_011B1A_39DD,ISB,2026-08-09
S1,S1C_IW_GRDH_1SDV_20260814T135917_20260814T135942_008992_011D87_F876,ISB,2026-08-14
S1,S1C_IW_GRDH_1SDV_20260821T014952_20260821T015017_009087_01209F_3012,ISB,2026-08-21
S1,S1C_IW_GRDH_1SDV_20260821T135111_20260821T135136_009094_0120DF_FAF1,ISB,2026-08-21
S1,S1C_IW_GRDH_1SDV_20260826T135918_20260826T135943_009167_01235F_8D7F,ISB,2026-08-26
S1,S1C_IW_GRDH_1SDV_20260907T135918_20260907T135943_009342_01294B_8E54,ISB,2026-09-07
S1,S1C_IW_GRDH_1SDV_20260914T135112_20260914T135137_009444_012C94_52A5,ISB,2026-09-14
S1,S1D_IW_GRDH_1SDV_20260803T015012_20260803T015037_003955_0072BE_746C,ISB,2026-08-03
S1,S1D_IW_GRDH_1SDV_20260803T135133_20260803T135158_003962_007308_3965,ISB,2026-08-03
S1,S1D_IW_GRDH_1SDV_20260808T135933_20260808T135958_004035_007573_51D2,ISB,2026-08-08
S1,S1D_IW_GRDH_1SDV_20260815T015012_20260815T015037_004130_0078C1_F0D1,ISB,2026-08-15
S1,S1D_IW_GRDH_1SDV_20260815T135129_20260815T135201_004137_00790E_FE20,ISB,2026-08-15
S1,S1D_IW_GRDH_1SDV_20260815T135133_20260815T135158_004137_00790E_B109,ISB,2026-08-15
S1,S1D_IW_GRDH_1SDV_20260820T135934_20260820T135959_004210_007B88_2863,ISB,2026-08-20
S1,S1D_IW_GRDH_1SDV_20260827T015013_20260827T015038_004305_007EE4_280E,ISB,2026-08-27
S1,S1D_IW_GRDH_1SDV_20260827T135134_20260827T135159_004312_007F31_CAE3,ISB,2026-08-27
S1,S1D_IW_GRDH_1SDV_20260901T135934_20260901T135959_004385_0081AD_2DDA,ISB,2026-09-01
S1,S1D_IW_GRDH_1SDV_20260908T015013_20260908T015038_004480_008502_CECE,ISB,2026-09-08
S1,S1D_IW_GRDH_1SDV_20260908T135134_20260908T135159_004487_00854D_D1DC,ISB,2026-09-08
S1,S1D_IW_GRDH_1SDV_20260913T135935_20260913T140000_004560_0087C4_5B72,ISB,2026-09-13
S2,20260803T183919_20260803T185235_T11SLV,ISB,2026-08-03
S2,20260805T182921_20260805T184119_T11SLV,ISB,2026-08-05
S2,20260808T183921_20260808T185047_T11SLV,ISB,2026-08-08
S2,20260810T182919_20260810T184348_T11SLV,ISB,2026-08-10
S2,20260810T184831_20260810T185107_T11SLV,ISB,2026-08-10
S2,20260813T183919_20260813T185306_T11SLV,ISB,2026-08-13
S2,20260815T182921_20260815T184312_T11SLV,ISB,2026-08-15
S2,20260817T183831_20260817T183825_T11SLV,ISB,2026-08-17
S2,20260818T183921_20260818T185049_T11SLV,ISB,2026-08-18
S2,20260820T182919_20260820T183521_T11SLV,ISB,2026-08-20
S2,20260823T183919_20260823T185232_T11SLV,ISB,2026-08-23
S2,20260825T182911_20260825T184057_T11SLV,ISB,2026-08-25
S2,20260828T183921_20260828T185049_T11SLV,ISB,2026-08-28
S2,20260830T182919_20260830T183508_T11SLV,ISB,2026-08-30
S2,20260830T184831_20260830T184827_T11SLV,ISB,2026-08-30
S2,20260902T183919_20260902T184903_T11SLV,ISB,2026-09-02
S2,20260904T182921_20260904T184421_T11SLV,ISB,2026-09-04
S2,20260906T183831_20260906T183825_T11SLV,ISB,2026-09-06
S2,20260907T183921_20260907T185201_T11SLV,ISB,2026-09-07
S2,20260909T182919_20260909T183717_T11SLV,ISB,2026-09-09
S2,20260912T183919_20260912T185056_T11SLV,ISB,2026-09-12
S1,S1C_IW_GRDH_1SDV_20260802T015818_20260802T015843_008810_01177E_2F9F,MIL,2026-08-02
S1,S1C_IW_GRDH_1SDV_20260802T135852_20260802T135917_008817_0117C5_B5DE,MIL,2026-08-02
S1,S1C_IW_GRDH_1SDV_20260814T015819_20260814T015844_008985_011D4A_BFF3,MIL,2026-08-14
S1,S1C_IW_GRDH_1SDV_20260814T135852_20260814T135917_008992_011D87_CDEA,MIL,2026-08-14
S1,S1C_IW_GRDH_1SDV_20260826T135853_20260826T135918_009167_01235F_1E2A,MIL,2026-08-26
S1,S1C_IW_GRDH_1SDV_20260907T015820_20260907T015845_009335_012909_916B,MIL,2026-09-07
S1,S1C_IW_GRDH_1SDV_20260907T135853_20260907T135918_009342_01294B_9510,MIL,2026-09-07
S1,S1D_IW_GRDH_1SDV_20260808T015837_20260808T015902_004028_007539_870B,MIL,2026-08-08
S1,S1D_IW_GRDH_1SDV_20260808T135908_20260808T135933_004035_007573_A394,MIL,2026-08-08
S1,S1D_IW_GRDH_1SDV_20260820T015838_20260820T015903_004203_007B3E_CBE2,MIL,2026-08-20
S1,S1D_IW_GRDH_1SDV_20260820T135909_20260820T135934_004210_007B88_7F56,MIL,2026-08-20
S1,S1D_IW_GRDH_1SDV_20260901T015838_20260901T015903_004378_008169_DC42,MIL,2026-09-01
S1,S1D_IW_GRDH_1SDV_20260901T135909_20260901T135934_004385_0081AD_DCFB,MIL,2026-09-01
S1,S1D_IW_GRDH_1SDV_20260913T015839_20260913T015904_004553_008786_A0B1,MIL,2026-09-13
S1,S1D_IW_GRDH_1SDV_20260913T135910_20260913T135935_004560_0087C4_9BE7,MIL,2026-09-13
S2,20260803T183919_20260803T185235_T10SGG,MIL,2026-08-03
S2,20260803T183919_20260803T185235_T11SKB,MIL,2026-08-03
S2,20260808T183921_20260808T185047_T10SGG,MIL,2026-08-08
S2,20260808T183921_20260808T185047_T11SKB,MIL,2026-08-08
S2,20260810T184831_20260810T185107_T10SGG,MIL,2026-08-10
S2,20260810T184831_20260810T185107_T11SKB,MIL,2026-08-10
S2,20260813T183919_20260813T185306_T10SGG,MIL,2026-08-13
S2,20260813T183919_20260813T185306_T11SKB,MIL,2026-08-13
S2,20260818T183921_20260818T185049_T10SGG,MIL,2026-08-18
S2,20260818T183921_20260818T185049_T11SKB,MIL,2026-08-18
S2,20260823T183919_20260823T185232_T10SGG,MIL,2026-08-23
S2,20260823T183919_20260823T185232_T11SKB,MIL,2026-08-23
S2,20260828T183921_20260828T185049_T10SGG,MIL,2026-08-28
S2,20260828T183921_20260828T185049_T11SKB,MIL,2026-08-28
S2,20260830T184831_20260830T184827_T10SGG,MIL,2026-08-30
S2,20260830T184831_20260830T184827_T11SKB,MIL,2026-08-30
S2,20260902T183919_20260902T184903_T10SGG,MIL,2026-09-02
S2,20260902T183919_20260902T184903_T11SKB,MIL,2026-09-02
S2,20260907T183921_20260907T185201_T10SGG,MIL,2026-09-07
S2,20260907T183921_20260907T185201_T11SKB,MIL,2026-09-07
S2,20260912T183919_20260912T185056_T10SGG,MIL,2026-09-12
S2,20260912T183919_20260912T185056_T11SKB,MIL,2026-09-12
S1,S1C_IW_GRDH_1SDV_20260802T015843_20260802T015908_008810_01177E_E0F4,CMN,2026-08-02
S1,S1C_IW_GRDH_1SDV_20260807T140659_20260807T140724_008890_011A28_FC0A,CMN,2026-08-07
S1,S1C_IW_GRDH_1SDV_20260814T015844_20260814T015909_008985_011D4A_5810,CMN,2026-08-14
S1,S1C_IW_GRDH_1SDV_20260819T140700_20260819T140725_009065_011FE8_F506,CMN,2026-08-19
S1,S1C_IW_GRDH_1SDV_20260831T140700_20260831T140725_009240_0125C1_EF2C,CMN,2026-08-31
S1,S1C_IW_GRDH_1SDV_20260907T015845_20260907T015910_009335_012909_4360,CMN,2026-09-07
S1,S1C_IW_GRDH_1SDV_20260912T140701_20260912T140726_009415_012B9D_DD7A,CMN,2026-09-12
S1,S1D_IW_GRDH_1SDV_20260801T140704_20260801T140729_003933_0071F0_00ED,CMN,2026-08-01
S1,S1D_IW_GRDH_1SDV_20260808T015902_20260808T015927_004028_007539_730D,CMN,2026-08-08
S1,S1D_IW_GRDH_1SDV_20260813T140705_20260813T140730_004108_007801_8085,CMN,2026-08-13
S1,S1D_IW_GRDH_1SDV_20260820T015903_20260820T015928_004203_007B3E_BA39,CMN,2026-08-20
S1,S1D_IW_GRDH_1SDV_20260825T140705_20260825T140730_004283_007E21_D302,CMN,2026-08-25
S1,S1D_IW_GRDH_1SDV_20260901T015903_20260901T015928_004378_008169_05E3,CMN,2026-09-01
S1,S1D_IW_GRDH_1SDV_20260906T140706_20260906T140731_004458_00843A_CC67,CMN,2026-09-06
S1,S1D_IW_GRDH_1SDV_20260913T015904_20260913T015929_004553_008786_000D,CMN,2026-09-13
S2,20260801T184921_20260801T190145_T10SFH,CMN,2026-08-01
S2,20260803T185831_20260803T185829_T10SFH,CMN,2026-08-03
S2,20260806T184919_20260806T185546_T10SFH,CMN,2026-08-06
S2,20260811T184921_20260811T185238_T10SFH,CMN,2026-08-11
S2,20260816T184919_20260816T185439_T10SFH,CMN,2026-08-16
S2,20260821T184911_20260821T185305_T10SFH,CMN,2026-08-21
S2,20260823T185831_20260823T185826_T10SFH,CMN,2026-08-23
S2,20260826T184919_20260826T185818_T10SFH,CMN,2026-08-26
S2,20260831T184921_20260831T185400_T10SFH,CMN,2026-08-31
S2,20260905T184919_20260905T185254_T10SFH,CMN,2026-09-05
S2,20260910T184931_20260910T185718_T10SFH,CMN,2026-09-10
S2,20260912T185831_20260912T190031_T10SFH,CMN,2026-09-12
S1,S1D_IW_GRDH_1SDV_20260801T020723_20260801T020748_003926_0071AF_7D1F,WRS,2026-08-01
S1,S1D_IW_GRDH_1SDV_20260806T141500_20260806T141525_004006_007481_BE85,WRS,2026-08-06
S1,S1D_IW_GRDH_1SDV_20260813T020724_20260813T020749_004101_0077C3_9008,WRS,2026-08-13
S1,S1D_IW_GRDH_1SDV_20260818T141501_20260818T141526_004181_007A87_AF0B,WRS,2026-08-18
S1,S1D_IW_GRDH_1SDV_20260825T020724_20260825T020749_004276_007DE1_CDE9,WRS,2026-08-25
S1,S1D_IW_GRDH_1SDV_20260830T141501_20260830T141526_004356_0080B4_4957,WRS,2026-08-30
S1,S1D_IW_GRDH_1SDV_20260906T020725_20260906T020750_004451_0083FB_1B29,WRS,2026-09-06
S1,S1D_IW_GRDH_1SDV_20260911T141502_20260911T141527_004531_0086CE_306C,WRS,2026-09-11
S2,20260801T184921_20260801T190145_T10SDH,WRS,2026-08-01
S2,20260803T185831_20260803T185829_T10SDH,WRS,2026-08-03
S2,20260804T185921_20260804T191208_T10SDH,WRS,2026-08-04
S2,20260806T184919_20260806T185546_T10SDH,WRS,2026-08-06
S2,20260809T185919_20260809T191025_T10SDH,WRS,2026-08-09
S2,20260811T184921_20260811T185238_T10SDH,WRS,2026-08-11
S2,20260814T185911_20260814T190906_T10SDH,WRS,2026-08-14
S2,20260816T184919_20260816T185439_T10SDH,WRS,2026-08-16
S2,20260816T190831_20260816T190827_T10SDH,WRS,2026-08-16
S2,20260819T185909_20260819T190755_T10SDH,WRS,2026-08-19
S2,20260821T184911_20260821T185305_T10SDH,WRS,2026-08-21
S2,20260823T185831_20260823T185826_T10SDH,WRS,2026-08-23
S2,20260824T185911_20260824T191056_T10SDH,WRS,2026-08-24
S2,20260826T184919_20260826T185818_T10SDH,WRS,2026-08-26
S2,20260829T185919_20260829T190224_T10SDH,WRS,2026-08-29
S2,20260829T185919_20260829T191339_T10SDH,WRS,2026-08-29
S2,20260831T184921_20260831T185400_T10SDH,WRS,2026-08-31
S2,20260903T185911_20260903T191311_T10SDH,WRS,2026-09-03
S2,20260905T184919_20260905T185254_T10SDH,WRS,2026-09-05
S2,20260905T190831_20260905T190826_T10SDH,WRS,2026-09-05
S2,20260908T185919_20260908T190235_T10SDH,WRS,2026-09-08
S2,20260910T184931_20260910T185718_T10SDH,WRS,2026-09-10
S2,20260912T185831_20260912T190031_T10SDH,WRS,2026-09-12
S2,20260913T190001_20260913T191127_T10SDH,WRS,2026-09-13
S1,S1C_IW_GRDH_1SDV_20260802T015843_20260802T015908_008810_01177E_E0F4,HTH,2026-08-02
S1,S1C_IW_GRDH_1SDV_20260802T135852_20260802T135917_008817_0117C5_B5DE,HTH,2026-08-02
S1,S1C_IW_GRDH_1SDV_20260807T140659_20260807T140724_008890_011A28_FC0A,HTH,2026-08-07
S1,S1C_IW_GRDH_1SDV_20260814T015844_20260814T015909_008985_011D4A_5810,HTH,2026-08-14
S1,S1C_IW_GRDH_1SDV_20260814T135852_20260814T135917_008992_011D87_CDEA,HTH,2026-08-14
S1,S1C_IW_GRDH_1SDV_20260819T140700_20260819T140725_009065_011FE8_F506,HTH,2026-08-19
S1,S1C_IW_GRDH_1SDV_20260826T135853_20260826T135918_009167_01235F_1E2A,HTH,2026-08-26
S1,S1C_IW_GRDH_1SDV_20260831T140700_20260831T140725_009240_0125C1_EF2C,HTH,2026-08-31
S1,S1C_IW_GRDH_1SDV_20260907T015845_20260907T015910_009335_012909_4360,HTH,2026-09-07
S1,S1C_IW_GRDH_1SDV_20260907T135853_20260907T135918_009342_01294B_9510,HTH,2026-09-07
S1,S1C_IW_GRDH_1SDV_20260912T140701_20260912T140726_009415_012B9D_DD7A,HTH,2026-09-12
S1,S1D_IW_GRDH_1SDV_20260801T140704_20260801T140729_003933_0071F0_00ED,HTH,2026-08-01
S1,S1D_IW_GRDH_1SDV_20260808T015902_20260808T015927_004028_007539_730D,HTH,2026-08-08
S1,S1D_IW_GRDH_1SDV_20260808T135908_20260808T135933_004035_007573_A394,HTH,2026-08-08
S1,S1D_IW_GRDH_1SDV_20260813T140705_20260813T140730_004108_007801_8085,HTH,2026-08-13
S1,S1D_IW_GRDH_1SDV_20260820T015903_20260820T015928_004203_007B3E_BA39,HTH,2026-08-20
S1,S1D_IW_GRDH_1SDV_20260820T135909_20260820T135934_004210_007B88_7F56,HTH,2026-08-20
S1,S1D_IW_GRDH_1SDV_20260825T140705_20260825T140730_004283_007E21_D302,HTH,2026-08-25
S1,S1D_IW_GRDH_1SDV_20260901T015903_20260901T015928_004378_008169_05E3,HTH,2026-09-01
S1,S1D_IW_GRDH_1SDV_20260901T135909_20260901T135934_004385_0081AD_DCFB,HTH,2026-09-01
S1,S1D_IW_GRDH_1SDV_20260906T140706_20260906T140731_004458_00843A_CC67,HTH,2026-09-06
S1,S1D_IW_GRDH_1SDV_20260913T015904_20260913T015929_004553_008786_000D,HTH,2026-09-13
S1,S1D_IW_GRDH_1SDV_20260913T135910_20260913T135935_004560_0087C4_9BE7,HTH,2026-09-13
S2,20260803T183919_20260803T185235_T10SGH,HTH,2026-08-03
S2,20260803T183919_20260803T185235_T11SKC,HTH,2026-08-03
S2,20260808T183921_20260808T185047_T10SGH,HTH,2026-08-08
S2,20260808T183921_20260808T185047_T11SKC,HTH,2026-08-08
S2,20260810T184831_20260810T185107_T10SGH,HTH,2026-08-10
S2,20260810T184831_20260810T185107_T11SKC,HTH,2026-08-10
S2,20260813T183919_20260813T185306_T10SGH,HTH,2026-08-13
S2,20260813T183919_20260813T185306_T11SKC,HTH,2026-08-13
S2,20260818T183921_20260818T185049_T10SGH,HTH,2026-08-18
S2,20260818T183921_20260818T185049_T11SKC,HTH,2026-08-18
S2,20260823T183919_20260823T185232_T10SGH,HTH,2026-08-23
S2,20260823T183919_20260823T185232_T11SKC,HTH,2026-08-23
S2,20260828T183921_20260828T185049_T10SGH,HTH,2026-08-28
S2,20260828T183921_20260828T185049_T11SKC,HTH,2026-08-28
S2,20260830T184831_20260830T184827_T10SGH,HTH,2026-08-30
S2,20260830T184831_20260830T184827_T11SKC,HTH,2026-08-30
S2,20260902T183919_20260902T184903_T10SGH,HTH,2026-09-02
S2,20260902T183919_20260902T184903_T11SKC,HTH,2026-09-02
S2,20260907T183921_20260907T185201_T10SGH,HTH,2026-09-07
S2,20260907T183921_20260907T185201_T11SKC,HTH,2026-09-07
S2,20260912T183919_20260912T185056_T10SGH,HTH,2026-09-12
S2,20260912T183919_20260912T185056_T11SKC,HTH,2026-09-12
S1,S1C_IW_GRDH_1SDV_20260802T135942_20260802T140015_008817_0117C5_C284,CAS,2026-08-02
S1,S1C_IW_GRDH_1SDV_20260809T135136_20260809T135201_008919_011B1A_F57F,CAS,2026-08-09
S1,S1C_IW_GRDH_1SDV_20260814T135942_20260814T140016_008992_011D87_3594,CAS,2026-08-14
S1,S1C_IW_GRDH_1SDV_20260821T014927_20260821T014952_009087_01209F_E626,CAS,2026-08-21
S1,S1C_IW_GRDH_1SDV_20260821T135136_20260821T135201_009094_0120DF_C426,CAS,2026-08-21
S1,S1C_IW_GRDH_1SDV_20260826T135943_20260826T140016_009167_01235F_8E3C,CAS,2026-08-26
S1,S1C_IW_GRDH_1SDV_20260902T014925_20260902T015006_009262_01267D_32DA,CAS,2026-09-02
S1,S1C_IW_GRDH_1SDV_20260907T135943_20260907T140017_009342_01294B_DF54,CAS,2026-09-07
S1,S1C_IW_GRDH_1SDV_20260914T014925_20260914T015006_009437_012C54_D021,CAS,2026-09-14
S1,S1C_IW_GRDH_1SDV_20260914T135137_20260914T135202_009444_012C94_015C,CAS,2026-09-14
S1,S1D_IW_GRDH_1SDV_20260803T014947_20260803T015012_003955_0072BE_3C86,CAS,2026-08-03
S1,S1D_IW_GRDH_1SDV_20260803T135133_20260803T135158_003962_007308_3965,CAS,2026-08-03
S1,S1D_IW_GRDH_1SDV_20260808T015743_20260808T015812_004028_007539_2504,CAS,2026-08-08
S1,S1D_IW_GRDH_1SDV_20260808T135958_20260808T140023_004035_007573_E24C,CAS,2026-08-08
S1,S1D_IW_GRDH_1SDV_20260815T014947_20260815T015012_004130_0078C1_900C,CAS,2026-08-15
S1,S1D_IW_GRDH_1SDV_20260815T135129_20260815T135201_004137_00790E_FE20,CAS,2026-08-15
S1,S1D_IW_GRDH_1SDV_20260815T135133_20260815T135158_004137_00790E_B109,CAS,2026-08-15
S1,S1D_IW_GRDH_1SDV_20260820T015743_20260820T015813_004203_007B3E_BC13,CAS,2026-08-20
S1,S1D_IW_GRDH_1SDV_20260820T135959_20260820T140024_004210_007B88_72DF,CAS,2026-08-20
S1,S1D_IW_GRDH_1SDV_20260827T014948_20260827T015013_004305_007EE4_6DC7,CAS,2026-08-27
S1,S1D_IW_GRDH_1SDV_20260827T135134_20260827T135159_004312_007F31_CAE3,CAS,2026-08-27
S1,S1D_IW_GRDH_1SDV_20260901T015744_20260901T015813_004378_008169_AFBE,CAS,2026-09-01
S1,S1D_IW_GRDH_1SDV_20260901T135959_20260901T140024_004385_0081AD_3590,CAS,2026-09-01
S1,S1D_IW_GRDH_1SDV_20260908T014948_20260908T015013_004480_008502_C7AE,CAS,2026-09-08
S1,S1D_IW_GRDH_1SDV_20260908T135134_20260908T135159_004487_00854D_D1DC,CAS,2026-09-08
S1,S1D_IW_GRDH_1SDV_20260913T015745_20260913T015814_004553_008786_36F0,CAS,2026-09-13
S1,S1D_IW_GRDH_1SDV_20260913T140000_20260913T140025_004560_0087C4_9ED0,CAS,2026-09-13
S2,20260805T182921_20260805T184119_T11SLU,CAS,2026-08-05
S2,20260810T182919_20260810T184348_T11SLU,CAS,2026-08-10
S2,20260815T182921_20260815T184312_T11SLU,CAS,2026-08-15
S2,20260817T183831_20260817T183825_T11SLU,CAS,2026-08-17
S2,20260820T182919_20260820T183521_T11SLU,CAS,2026-08-20
S2,20260825T182911_20260825T184057_T11SLU,CAS,2026-08-25
S2,20260830T182919_20260830T183508_T11SLU,CAS,2026-08-30
S2,20260904T182921_20260904T184421_T11SLU,CAS,2026-09-04
S2,20260906T183831_20260906T183825_T11SLU,CAS,2026-09-06
S2,20260909T182919_20260909T183717_T11SLU,CAS,2026-09-09
S1,S1C_IW_GRDH_1SDV_20260802T015843_20260802T015908_008810_01177E_E0F4,NHG,2026-08-02
S1,S1C_IW_GRDH_1SDV_20260807T140659_20260807T140724_008890_011A28_FC0A,NHG,2026-08-07
S1,S1C_IW_GRDH_1SDV_20260814T015844_20260814T015909_008985_011D4A_5810,NHG,2026-08-14
S1,S1C_IW_GRDH_1SDV_20260819T140700_20260819T140725_009065_011FE8_F506,NHG,2026-08-19
S1,S1C_IW_GRDH_1SDV_20260831T140700_20260831T140725_009240_0125C1_EF2C,NHG,2026-08-31
S1,S1C_IW_GRDH_1SDV_20260907T015845_20260907T015910_009335_012909_4360,NHG,2026-09-07
S1,S1C_IW_GRDH_1SDV_20260912T140701_20260912T140726_009415_012B9D_DD7A,NHG,2026-09-12
S1,S1D_IW_GRDH_1SDV_20260801T140704_20260801T140729_003933_0071F0_00ED,NHG,2026-08-01
S1,S1D_IW_GRDH_1SDV_20260808T015902_20260808T015927_004028_007539_730D,NHG,2026-08-08
S1,S1D_IW_GRDH_1SDV_20260813T140705_20260813T140730_004108_007801_8085,NHG,2026-08-13
S1,S1D_IW_GRDH_1SDV_20260820T015903_20260820T015928_004203_007B3E_BA39,NHG,2026-08-20
S1,S1D_IW_GRDH_1SDV_20260825T140705_20260825T140730_004283_007E21_D302,NHG,2026-08-25
S1,S1D_IW_GRDH_1SDV_20260901T015903_20260901T015928_004378_008169_05E3,NHG,2026-09-01
S1,S1D_IW_GRDH_1SDV_20260906T140706_20260906T140731_004458_00843A_CC67,NHG,2026-09-06
S1,S1D_IW_GRDH_1SDV_20260913T015904_20260913T015929_004553_008786_000D,NHG,2026-09-13
S2,20260801T184921_20260801T190145_T10SFH,NHG,2026-08-01
S2,20260803T183919_20260803T185235_T10SFH,NHG,2026-08-03
S2,20260803T185831_20260803T185829_T10SFH,NHG,2026-08-03
S2,20260806T184919_20260806T185546_T10SFH,NHG,2026-08-06
S2,20260808T183921_20260808T185047_T10SFH,NHG,2026-08-08
S2,20260810T184831_20260810T185107_T10SFH,NHG,2026-08-10
S2,20260811T184921_20260811T185238_T10SFH,NHG,2026-08-11
S2,20260813T183919_20260813T185306_T10SFH,NHG,2026-08-13
S2,20260816T184919_20260816T185439_T10SFH,NHG,2026-08-16
S2,20260818T183921_20260818T185049_T10SFH,NHG,2026-08-18
S2,20260821T184911_20260821T185305_T10SFH,NHG,2026-08-21
S2,20260823T183919_20260823T185232_T10SFH,NHG,2026-08-23
S2,20260823T185831_20260823T185826_T10SFH,NHG,2026-08-23
S2,20260826T184919_20260826T185818_T10SFH,NHG,2026-08-26
S2,20260828T183921_20260828T185049_T10SFH,NHG,2026-08-28
S2,20260830T184831_20260830T184827_T10SFH,NHG,2026-08-30
S2,20260831T184921_20260831T185400_T10SFH,NHG,2026-08-31
S2,20260902T183919_20260902T184903_T10SFH,NHG,2026-09-02
S2,20260905T184919_20260905T185254_T10SFH,NHG,2026-09-05
S2,20260907T183921_20260907T185201_T10SFH,NHG,2026-09-07
S2,20260910T184931_20260910T185718_T10SFH,NHG,2026-09-10
S2,20260912T183919_20260912T185056_T10SFH,NHG,2026-09-12
S2,20260912T185831_20260912T190031_T10SFH,NHG,2026-09-12
S1,S1C_IW_GRDH_1SDV_20260807T020721_20260807T020746_008883_0119EE_ED07,INV,2026-08-07
S1,S1C_IW_GRDH_1SDV_20260819T020722_20260819T020747_009058_011FAD_7CEF,INV,2026-08-19
S1,S1C_IW_GRDH_1SDV_20260831T020723_20260831T020748_009233_012587_4A78,INV,2026-08-31
S1,S1C_IW_GRDH_1SDV_20260912T020723_20260912T020748_009408_012B64_17EF,INV,2026-09-12
S1,S1D_IW_GRDH_1SDV_20260801T020723_20260801T020748_003926_0071AF_7D1F,INV,2026-08-01
S1,S1D_IW_GRDH_1SDV_20260806T141500_20260806T141525_004006_007481_BE85,INV,2026-08-06
S1,S1D_IW_GRDH_1SDV_20260813T020724_20260813T020749_004101_0077C3_9008,INV,2026-08-13
S1,S1D_IW_GRDH_1SDV_20260818T141501_20260818T141526_004181_007A87_AF0B,INV,2026-08-18
S1,S1D_IW_GRDH_1SDV_20260825T020724_20260825T020749_004276_007DE1_CDE9,INV,2026-08-25
S1,S1D_IW_GRDH_1SDV_20260830T141501_20260830T141526_004356_0080B4_4957,INV,2026-08-30
S1,S1D_IW_GRDH_1SDV_20260906T020725_20260906T020750_004451_0083FB_1B29,INV,2026-09-06
S1,S1D_IW_GRDH_1SDV_20260911T141502_20260911T141527_004531_0086CE_306C,INV,2026-09-11
S2,20260801T184921_20260801T190145_T10SEJ,INV,2026-08-01
S2,20260803T185831_20260803T185829_T10SEJ,INV,2026-08-03
S2,20260804T185921_20260804T191208_T10SEJ,INV,2026-08-04
S2,20260806T184919_20260806T185546_T10SEJ,INV,2026-08-06
S2,20260809T185919_20260809T191025_T10SEJ,INV,2026-08-09
S2,20260811T184921_20260811T185238_T10SEJ,INV,2026-08-11
S2,20260814T185911_20260814T190906_T10SEJ,INV,2026-08-14
S2,20260816T184919_20260816T185439_T10SEJ,INV,2026-08-16
S2,20260816T190831_20260816T190827_T10SEJ,INV,2026-08-16
S2,20260819T185909_20260819T190755_T10SEJ,INV,2026-08-19
S2,20260821T184911_20260821T185305_T10SEJ,INV,2026-08-21
S2,20260823T185831_20260823T185826_T10SEJ,INV,2026-08-23
S2,20260824T185911_20260824T191056_T10SEJ,INV,2026-08-24
S2,20260826T184919_20260826T185818_T10SEJ,INV,2026-08-26
S2,20260829T185919_20260829T190224_T10SEJ,INV,2026-08-29
S2,20260831T184921_20260831T185400_T10SEJ,INV,2026-08-31
S2,20260903T185911_20260903T191311_T10SEJ,INV,2026-09-03
S2,20260905T184919_20260905T185254_T10SEJ,INV,2026-09-05
S2,20260905T190831_20260905T190826_T10SEJ,INV,2026-09-05
S2,20260908T185919_20260908T190235_T10SEJ,INV,2026-09-08
S2,20260910T184931_20260910T185718_T10SEJ,INV,2026-09-10
S2,20260912T185831_20260912T190031_T10SEJ,INV,2026-09-12
S2,20260913T190001_20260913T191127_T10SEJ,INV,2026-09-13
S1,S1C_IW_GRDH_1SDV_20260802T015843_20260802T015908_008810_01177E_E0F4,CHV,2026-08-02
S1,S1C_IW_GRDH_1SDV_20260802T135852_20260802T135917_008817_0117C5_B5DE,CHV,2026-08-02
S1,S1C_IW_GRDH_1SDV_20260807T140659_20260807T140724_008890_011A28_FC0A,CHV,2026-08-07
S1,S1C_IW_GRDH_1SDV_20260814T015844_20260814T015909_008985_011D4A_5810,CHV,2026-08-14
S1,S1C_IW_GRDH_1SDV_20260814T135852_20260814T135917_008992_011D87_CDEA,CHV,2026-08-14
S1,S1C_IW_GRDH_1SDV_20260819T140700_20260819T140725_009065_011FE8_F506,CHV,2026-08-19
S1,S1C_IW_GRDH_1SDV_20260826T135853_20260826T135918_009167_01235F_1E2A,CHV,2026-08-26
S1,S1C_IW_GRDH_1SDV_20260831T140700_20260831T140725_009240_0125C1_EF2C,CHV,2026-08-31
S1,S1C_IW_GRDH_1SDV_20260907T015845_20260907T015910_009335_012909_4360,CHV,2026-09-07
S1,S1C_IW_GRDH_1SDV_20260907T135853_20260907T135918_009342_01294B_9510,CHV,2026-09-07
S1,S1C_IW_GRDH_1SDV_20260912T140701_20260912T140726_009415_012B9D_DD7A,CHV,2026-09-12
S1,S1D_IW_GRDH_1SDV_20260801T140704_20260801T140729_003933_0071F0_00ED,CHV,2026-08-01
S1,S1D_IW_GRDH_1SDV_20260808T015902_20260808T015927_004028_007539_730D,CHV,2026-08-08
S1,S1D_IW_GRDH_1SDV_20260808T135908_20260808T135933_004035_007573_A394,CHV,2026-08-08
S1,S1D_IW_GRDH_1SDV_20260813T140705_20260813T140730_004108_007801_8085,CHV,2026-08-13
S1,S1D_IW_GRDH_1SDV_20260820T015903_20260820T015928_004203_007B3E_BA39,CHV,2026-08-20
S1,S1D_IW_GRDH_1SDV_20260820T135909_20260820T135934_004210_007B88_7F56,CHV,2026-08-20
S1,S1D_IW_GRDH_1SDV_20260825T140705_20260825T140730_004283_007E21_D302,CHV,2026-08-25
S1,S1D_IW_GRDH_1SDV_20260901T015903_20260901T015928_004378_008169_05E3,CHV,2026-09-01
S1,S1D_IW_GRDH_1SDV_20260901T135909_20260901T135934_004385_0081AD_DCFB,CHV,2026-09-01
S1,S1D_IW_GRDH_1SDV_20260906T140706_20260906T140731_004458_00843A_CC67,CHV,2026-09-06
S1,S1D_IW_GRDH_1SDV_20260913T015904_20260913T015929_004553_008786_000D,CHV,2026-09-13
S1,S1D_IW_GRDH_1SDV_20260913T135910_20260913T135935_004560_0087C4_9BE7,CHV,2026-09-13
S2,20260803T183919_20260803T185235_T10SGH,CHV,2026-08-03
S2,20260803T183919_20260803T185235_T11SKC,CHV,2026-08-03
S2,20260808T183921_20260808T185047_T10SGH,CHV,2026-08-08
S2,20260808T183921_20260808T185047_T11SKC,CHV,2026-08-08
S2,20260810T184831_20260810T185107_T10SGH,CHV,2026-08-10
S2,20260810T184831_20260810T185107_T11SKC,CHV,2026-08-10
S2,20260813T183919_20260813T185306_T10SGH,CHV,2026-08-13
S2,20260813T183919_20260813T185306_T11SKC,CHV,2026-08-13
S2,20260818T183921_20260818T185049_T10SGH,CHV,2026-08-18
S2,20260818T183921_20260818T185049_T11SKC,CHV,2026-08-18
S2,20260823T183919_20260823T185232_T10SGH,CHV,2026-08-23
S2,20260823T183919_20260823T185232_T11SKC,CHV,2026-08-23
S2,20260828T183921_20260828T185049_T10SGH,CHV,2026-08-28
S2,20260828T183921_20260828T185049_T11SKC,CHV,2026-08-28
S2,20260830T184831_20260830T184827_T10SGH,CHV,2026-08-30
S2,20260830T184831_20260830T184827_T11SKC,CHV,2026-08-30
S2,20260902T183919_20260902T184903_T10SGH,CHV,2026-09-02
S2,20260902T183919_20260902T184903_T11SKC,CHV,2026-09-02
S2,20260907T183921_20260907T185201_T10SGH,CHV,2026-09-07
S2,20260907T183921_20260907T185201_T11SKC,CHV,2026-09-07
S2,20260912T183919_20260912T185056_T10SGH,CHV,2026-09-12
S2,20260912T183919_20260912T185056_T11SKC,CHV,2026-09-12
S1,S1C_IW_GRDH_1SDV_20260802T015843_20260802T015908_008810_01177E_E0F4,UNV,2026-08-02
S1,S1C_IW_GRDH_1SDV_20260807T140630_20260807T140659_008890_011A28_F8AA,UNV,2026-08-07
S1,S1C_IW_GRDH_1SDV_20260814T015844_20260814T015909_008985_011D4A_5810,UNV,2026-08-14
S1,S1C_IW_GRDH_1SDV_20260819T140630_20260819T140700_009065_011FE8_178C,UNV,2026-08-19
S1,S1C_IW_GRDH_1SDV_20260831T140631_20260831T140700_009240_0125C1_16BA,UNV,2026-08-31
S1,S1C_IW_GRDH_1SDV_20260907T015845_20260907T015910_009335_012909_4360,UNV,2026-09-07
S1,S1C_IW_GRDH_1SDV_20260912T140631_20260912T140701_009415_012B9D_61E9,UNV,2026-09-12
S1,S1D_IW_GRDH_1SDV_20260801T140704_20260801T140729_003933_0071F0_00ED,UNV,2026-08-01
S1,S1D_IW_GRDH_1SDV_20260808T015902_20260808T015927_004028_007539_730D,UNV,2026-08-08
S1,S1D_IW_GRDH_1SDV_20260813T140705_20260813T140730_004108_007801_8085,UNV,2026-08-13
S1,S1D_IW_GRDH_1SDV_20260820T015903_20260820T015928_004203_007B3E_BA39,UNV,2026-08-20
S1,S1D_IW_GRDH_1SDV_20260825T140705_20260825T140730_004283_007E21_D302,UNV,2026-08-25
S1,S1D_IW_GRDH_1SDV_20260901T015903_20260901T015928_004378_008169_05E3,UNV,2026-09-01
S1,S1D_IW_GRDH_1SDV_20260906T140706_20260906T140731_004458_00843A_CC67,UNV,2026-09-06
S1,S1D_IW_GRDH_1SDV_20260913T015904_20260913T015929_004553_008786_000D,UNV,2026-09-13
S2,20260801T184921_20260801T190145_T10SGJ,UNV,2026-08-01
S2,20260801T184921_20260801T190145_T11SKD,UNV,2026-08-01
S2,20260803T183919_20260803T185235_T10SGJ,UNV,2026-08-03
S2,20260803T183919_20260803T185235_T11SKD,UNV,2026-08-03
S2,20260803T185831_20260803T185829_T10SGJ,UNV,2026-08-03
S2,20260803T185831_20260803T185829_T11SKD,UNV,2026-08-03
S2,20260806T184919_20260806T185546_T10SGJ,UNV,2026-08-06
S2,20260806T184919_20260806T185546_T11SKD,UNV,2026-08-06
S2,20260808T183921_20260808T185047_T10SGJ,UNV,2026-08-08
S2,20260808T183921_20260808T185047_T11SKD,UNV,2026-08-08
S2,20260810T184831_20260810T185107_T10SGJ,UNV,2026-08-10
S2,20260810T184831_20260810T185107_T11SKD,UNV,2026-08-10
S2,20260811T184921_20260811T185238_T10SGJ,UNV,2026-08-11
S2,20260811T184921_20260811T185238_T11SKD,UNV,2026-08-11
S2,20260813T183919_20260813T185306_T10SGJ,UNV,2026-08-13
S2,20260813T183919_20260813T185306_T11SKD,UNV,2026-08-13
S2,20260816T184919_20260816T185439_T10SGJ,UNV,2026-08-16
S2,20260816T184919_20260816T185439_T11SKD,UNV,2026-08-16
S2,20260818T183921_20260818T185049_T10SGJ,UNV,2026-08-18
S2,20260818T183921_20260818T185049_T11SKD,UNV,2026-08-18
S2,20260821T184911_20260821T185305_T10SGJ,UNV,2026-08-21
S2,20260821T184911_20260821T185305_T11SKD,UNV,2026-08-21
S2,20260823T183919_20260823T185232_T10SGJ,UNV,2026-08-23
S2,20260823T183919_20260823T185232_T11SKD,UNV,2026-08-23
S2,20260823T185831_20260823T185826_T10SGJ,UNV,2026-08-23
S2,20260823T185831_20260823T185826_T11SKD,UNV,2026-08-23
S2,20260826T184919_20260826T185818_T10SGJ,UNV,2026-08-26
S2,20260826T184919_20260826T185818_T11SKD,UNV,2026-08-26
S2,20260828T183921_20260828T185049_T10SGJ,UNV,2026-08-28
S2,20260828T183921_20260828T185049_T11SKD,UNV,2026-08-28
S2,20260830T184831_20260830T184827_T10SGJ,UNV,2026-08-30
S2,20260830T184831_20260830T184827_T11SKD,UNV,2026-08-30
S2,20260831T184921_20260831T185400_T10SGJ,UNV,2026-08-31
S2,20260831T184921_20260831T185400_T11SKD,UNV,2026-08-31
S2,20260902T183919_20260902T184903_T10SGJ,UNV,2026-09-02
S2,20260902T183919_20260902T184903_T11SKD,UNV,2026-09-02
S2,20260905T184919_20260905T185254_T10SGJ,UNV,2026-09-05
S2,20260905T184919_20260905T185254_T11SKD,UNV,2026-09-05
S2,20260907T183921_20260907T185201_T10SGJ,UNV,2026-09-07
S2,20260907T183921_20260907T185201_T11SKD,UNV,2026-09-07
S2,20260910T184931_20260910T185718_T10SGJ,UNV,2026-09-10
S2,20260910T184931_20260910T185718_T11SKD,UNV,2026-09-10
S2,20260912T183919_20260912T185056_T10SGJ,UNV,2026-09-12
S2,20260912T183919_20260912T185056_T11SKD,UNV,2026-09-12
S2,20260912T185831_20260912T190031_T10SGJ,UNV,2026-09-12
S2,20260912T185831_20260912T190031_T11SKD,UNV,2026-09-12
S1,S1C_IW_GRDH_1SDV_20260802T015908_20260802T015933_008810_01177E_4EF2,STP,2026-08-02
S1,S1C_IW_GRDH_1SDV_20260807T140630_20260807T140659_008890_011A28_F8AA,STP,2026-08-07
S1,S1C_IW_GRDH_1SDV_20260814T015909_20260814T015934_008985_011D4A_D3CC,STP,2026-08-14
S1,S1C_IW_GRDH_1SDV_20260819T140630_20260819T140700_009065_011FE8_178C,STP,2026-08-19
S1,S1C_IW_GRDH_1SDV_20260831T140631_20260831T140700_009240_0125C1_16BA,STP,2026-08-31
S1,S1C_IW_GRDH_1SDV_20260907T015910_20260907T015935_009335_012909_3A30,STP,2026-09-07
S1,S1C_IW_GRDH_1SDV_20260912T140631_20260912T140701_009415_012B9D_61E9,STP,2026-09-12
S1,S1D_IW_GRDH_1SDV_20260801T140639_20260801T140704_003933_0071F0_37EB,STP,2026-08-01
S1,S1D_IW_GRDH_1SDV_20260808T015927_20260808T015952_004028_007539_2326,STP,2026-08-08
S1,S1D_IW_GRDH_1SDV_20260813T140640_20260813T140705_004108_007801_313F,STP,2026-08-13
S1,S1D_IW_GRDH_1SDV_20260820T015928_20260820T015953_004203_007B3E_CB34,STP,2026-08-20
S1,S1D_IW_GRDH_1SDV_20260825T140640_20260825T140705_004283_007E21_2AE2,STP,2026-08-25
S1,S1D_IW_GRDH_1SDV_20260901T015928_20260901T015953_004378_008169_562A,STP,2026-09-01
S1,S1D_IW_GRDH_1SDV_20260906T140641_20260906T140706_004458_00843A_CB5B,STP,2026-09-06
S1,S1D_IW_GRDH_1SDV_20260913T015929_20260913T015954_004553_008786_10EA,STP,2026-09-13
S2,20260801T184921_20260801T190145_T10SGJ,STP,2026-08-01
S2,20260801T184921_20260801T190145_T11SKD,STP,2026-08-01
S2,20260803T183919_20260803T185235_T10SGJ,STP,2026-08-03
S2,20260803T183919_20260803T185235_T11SKD,STP,2026-08-03
S2,20260803T185831_20260803T185829_T10SGJ,STP,2026-08-03
S2,20260803T185831_20260803T185829_T11SKD,STP,2026-08-03
S2,20260806T184919_20260806T185546_T10SGJ,STP,2026-08-06
S2,20260806T184919_20260806T185546_T11SKD,STP,2026-08-06
S2,20260808T183921_20260808T185047_T10SGJ,STP,2026-08-08
S2,20260808T183921_20260808T185047_T11SKD,STP,2026-08-08
S2,20260810T184831_20260810T185107_T10SGJ,STP,2026-08-10
S2,20260810T184831_20260810T185107_T11SKD,STP,2026-08-10
S2,20260811T184921_20260811T185238_T10SGJ,STP,2026-08-11
S2,20260811T184921_20260811T185238_T11SKD,STP,2026-08-11
S2,20260813T183919_20260813T185306_T10SGJ,STP,2026-08-13
S2,20260813T183919_20260813T185306_T11SKD,STP,2026-08-13
S2,20260816T184919_20260816T185439_T10SGJ,STP,2026-08-16
S2,20260816T184919_20260816T185439_T11SKD,STP,2026-08-16
S2,20260818T183921_20260818T185049_T10SGJ,STP,2026-08-18
S2,20260818T183921_20260818T185049_T11SKD,STP,2026-08-18
S2,20260821T184911_20260821T185305_T10SGJ,STP,2026-08-21
S2,20260821T184911_20260821T185305_T11SKD,STP,2026-08-21
S2,20260823T183919_20260823T185232_T10SGJ,STP,2026-08-23
S2,20260823T183919_20260823T185232_T11SKD,STP,2026-08-23
S2,20260823T185831_20260823T185826_T10SGJ,STP,2026-08-23
S2,20260823T185831_20260823T185826_T11SKD,STP,2026-08-23
S2,20260826T184919_20260826T185818_T10SGJ,STP,2026-08-26
S2,20260826T184919_20260826T185818_T11SKD,STP,2026-08-26
S2,20260828T183921_20260828T185049_T10SGJ,STP,2026-08-28
S2,20260828T183921_20260828T185049_T11SKD,STP,2026-08-28
S2,20260830T184831_20260830T184827_T10SGJ,STP,2026-08-30
S2,20260830T184831_20260830T184827_T11SKD,STP,2026-08-30
S2,20260831T184921_20260831T185400_T10SGJ,STP,2026-08-31
S2,20260831T184921_20260831T185400_T11SKD,STP,2026-08-31
S2,20260902T183919_20260902T184903_T10SGJ,STP,2026-09-02
S2,20260902T183919_20260902T184903_T11SKD,STP,2026-09-02
S2,20260905T184919_20260905T185254_T10SGJ,STP,2026-09-05
S2,20260905T184919_20260905T185254_T11SKD,STP,2026-09-05
S2,20260907T183921_20260907T185201_T10SGJ,STP,2026-09-07
S2,20260907T183921_20260907T185201_T11SKD,STP,2026-09-07
S2,20260910T184931_20260910T185718_T10SGJ,STP,2026-09-10
S2,20260910T184931_20260910T185718_T11SKD,STP,2026-09-10
S2,20260912T183919_20260912T185056_T10SGJ,STP,2026-09-12
S2,20260912T183919_20260912T185056_T11SKD,STP,2026-09-12
S2,20260912T185831_20260912T190031_T10SGJ,STP,2026-09-12
S2,20260912T185831_20260912T190031_T11SKD,STP,2026-09-12
S1,S1C_IW_GRDH_1SDV_20260802T015843_20260802T015908_008810_01177E_E0F4,PAR,2026-08-02
S1,S1C_IW_GRDH_1SDV_20260807T140659_20260807T140724_008890_011A28_FC0A,PAR,2026-08-07
S1,S1C_IW_GRDH_1SDV_20260814T015844_20260814T015909_008985_011D4A_5810,PAR,2026-08-14
S1,S1C_IW_GRDH_1SDV_20260819T140700_20260819T140725_009065_011FE8_F506,PAR,2026-08-19
S1,S1C_IW_GRDH_1SDV_20260831T140700_20260831T140725_009240_0125C1_EF2C,PAR,2026-08-31
S1,S1C_IW_GRDH_1SDV_20260907T015845_20260907T015910_009335_012909_4360,PAR,2026-09-07
S1,S1C_IW_GRDH_1SDV_20260912T140701_20260912T140726_009415_012B9D_DD7A,PAR,2026-09-12
S1,S1D_IW_GRDH_1SDV_20260801T140704_20260801T140729_003933_0071F0_00ED,PAR,2026-08-01
S1,S1D_IW_GRDH_1SDV_20260808T015902_20260808T015927_004028_007539_730D,PAR,2026-08-08
S1,S1D_IW_GRDH_1SDV_20260813T140705_20260813T140730_004108_007801_8085,PAR,2026-08-13
S1,S1D_IW_GRDH_1SDV_20260820T015903_20260820T015928_004203_007B3E_BA39,PAR,2026-08-20
S1,S1D_IW_GRDH_1SDV_20260825T140705_20260825T140730_004283_007E21_D302,PAR,2026-08-25
S1,S1D_IW_GRDH_1SDV_20260901T015903_20260901T015928_004378_008169_05E3,PAR,2026-09-01
S1,S1D_IW_GRDH_1SDV_20260906T140706_20260906T140731_004458_00843A_CC67,PAR,2026-09-06
S1,S1D_IW_GRDH_1SDV_20260913T015904_20260913T015929_004553_008786_000D,PAR,2026-09-13
S2,20260801T184921_20260801T190145_T10SFH,PAR,2026-08-01
S2,20260803T183919_20260803T185235_T10SFH,PAR,2026-08-03
S2,20260803T185831_20260803T185829_T10SFH,PAR,2026-08-03
S2,20260806T184919_20260806T185546_T10SFH,PAR,2026-08-06
S2,20260808T183921_20260808T185047_T10SFH,PAR,2026-08-08
S2,20260810T184831_20260810T185107_T10SFH,PAR,2026-08-10
S2,20260811T184921_20260811T185238_T10SFH,PAR,2026-08-11
S2,20260813T183919_20260813T185306_T10SFH,PAR,2026-08-13
S2,20260816T184919_20260816T185439_T10SFH,PAR,2026-08-16
S2,20260818T183921_20260818T185049_T10SFH,PAR,2026-08-18
S2,20260821T184911_20260821T185305_T10SFH,PAR,2026-08-21
S2,20260823T183919_20260823T185232_T10SFH,PAR,2026-08-23
S2,20260823T185831_20260823T185826_T10SFH,PAR,2026-08-23
S2,20260826T184919_20260826T185818_T10SFH,PAR,2026-08-26
S2,20260828T183921_20260828T185049_T10SFH,PAR,2026-08-28
S2,20260830T184831_20260830T184827_T10SFH,PAR,2026-08-30
S2,20260831T184921_20260831T185400_T10SFH,PAR,2026-08-31
S2,20260902T183919_20260902T184903_T10SFH,PAR,2026-09-02
S2,20260905T184919_20260905T185254_T10SFH,PAR,2026-09-05
S2,20260907T183921_20260907T185201_T10SFH,PAR,2026-09-07
S2,20260910T184931_20260910T185718_T10SFH,PAR,2026-09-10
S2,20260912T183919_20260912T185056_T10SFH,PAR,2026-09-12
S2,20260912T185831_20260912T190031_T10SFH,PAR,2026-09-12
S1,S1C_IW_GRDH_1SDV_20260802T015753_20260802T015818_008810_01177E_4DD5,CCH,2026-08-02
S1,S1C_IW_GRDH_1SDV_20260802T135942_20260802T140015_008817_0117C5_C284,CCH,2026-08-02
S1,S1C_IW_GRDH_1SDV_20260814T015754_20260814T015819_008985_011D4A_3AA8,CCH,2026-08-14
S1,S1C_IW_GRDH_1SDV_20260814T135942_20260814T140016_008992_011D87_3594,CCH,2026-08-14
S1,S1C_IW_GRDH_1SDV_20260826T135943_20260826T140016_009167_01235F_8E3C,CCH,2026-08-26
S1,S1C_IW_GRDH_1SDV_20260907T015755_20260907T015820_009335_012909_0D0E,CCH,2026-09-07
S1,S1C_IW_GRDH_1SDV_20260907T135943_20260907T140017_009342_01294B_DF54,CCH,2026-09-07
S1,S1D_IW_GRDH_1SDV_20260808T015743_20260808T015812_004028_007539_2504,CCH,2026-08-08
S1,S1D_IW_GRDH_1SDV_20260808T135958_20260808T140023_004035_007573_E24C,CCH,2026-08-08
S1,S1D_IW_GRDH_1SDV_20260820T015743_20260820T015813_004203_007B3E_BC13,CCH,2026-08-20
S1,S1D_IW_GRDH_1SDV_20260820T135959_20260820T140024_004210_007B88_72DF,CCH,2026-08-20
S1,S1D_IW_GRDH_1SDV_20260901T015744_20260901T015813_004378_008169_AFBE,CCH,2026-09-01
S1,S1D_IW_GRDH_1SDV_20260901T135959_20260901T140024_004385_0081AD_3590,CCH,2026-09-01
S1,S1D_IW_GRDH_1SDV_20260913T015745_20260913T015814_004553_008786_36F0,CCH,2026-09-13
S1,S1D_IW_GRDH_1SDV_20260913T140000_20260913T140025_004560_0087C4_9ED0,CCH,2026-09-13
S2,20260803T183919_20260803T185235_T10SGD,CCH,2026-08-03
S2,20260803T183919_20260803T185235_T11SKU,CCH,2026-08-03
S2,20260808T183921_20260808T185047_T10SGD,CCH,2026-08-08
S2,20260808T183921_20260808T185047_T11SKU,CCH,2026-08-08
S2,20260810T184831_20260810T185107_T10SGD,CCH,2026-08-10
S2,20260810T184831_20260810T185107_T11SKU,CCH,2026-08-10
S2,20260813T183919_20260813T185306_T10SGD,CCH,2026-08-13
S2,20260813T183919_20260813T185306_T11SKU,CCH,2026-08-13
S2,20260818T183921_20260818T185049_T10SGD,CCH,2026-08-18
S2,20260818T183921_20260818T185049_T11SKU,CCH,2026-08-18
S2,20260823T183919_20260823T185232_T10SGD,CCH,2026-08-23
S2,20260823T183919_20260823T185232_T11SKU,CCH,2026-08-23
S2,20260828T183921_20260828T185049_T10SGD,CCH,2026-08-28
S2,20260828T183921_20260828T185049_T11SKU,CCH,2026-08-28
S2,20260830T184831_20260830T184827_T10SGD,CCH,2026-08-30
S2,20260830T184831_20260830T184827_T11SKU,CCH,2026-08-30
S2,20260902T183919_20260902T184903_T10SGD,CCH,2026-09-02
S2,20260902T183919_20260902T184903_T11SKU,CCH,2026-09-02
S2,20260907T183921_20260907T185201_T10SGD,CCH,2026-09-07
S2,20260907T183921_20260907T185201_T11SKU,CCH,2026-09-07
S2,20260912T183919_20260912T185056_T10SGD,CCH,2026-09-12
S2,20260912T183919_20260912T185056_T11SKU,CCH,2026-09-12
S1,S1C_IW_GRDH_1SDV_20260802T015818_20260802T015843_008810_01177E_2F9F,TRM,2026-08-02
S1,S1C_IW_GRDH_1SDV_20260802T135917_20260802T135942_008817_0117C5_3E7E,TRM,2026-08-02
S1,S1C_IW_GRDH_1SDV_20260814T015819_20260814T015844_008985_011D4A_BFF3,TRM,2026-08-14
S1,S1C_IW_GRDH_1SDV_20260814T135917_20260814T135942_008992_011D87_F876,TRM,2026-08-14
S1,S1C_IW_GRDH_1SDV_20260826T135918_20260826T135943_009167_01235F_8D7F,TRM,2026-08-26
S1,S1C_IW_GRDH_1SDV_20260907T015820_20260907T015845_009335_012909_916B,TRM,2026-09-07
S1,S1C_IW_GRDH_1SDV_20260907T135918_20260907T135943_009342_01294B_8E54,TRM,2026-09-07
S1,S1C_IW_GRDH_1SDV_20260914T015012_20260914T015042_009437_012C55_9EDD,TRM,2026-09-14
S1,S1D_IW_GRDH_1SDV_20260803T015012_20260803T015037_003955_0072BE_746C,TRM,2026-08-03
S1,S1D_IW_GRDH_1SDV_20260808T015837_20260808T015902_004028_007539_870B,TRM,2026-08-08
S1,S1D_IW_GRDH_1SDV_20260808T135933_20260808T135958_004035_007573_51D2,TRM,2026-08-08
S1,S1D_IW_GRDH_1SDV_20260815T015012_20260815T015037_004130_0078C1_F0D1,TRM,2026-08-15
S1,S1D_IW_GRDH_1SDV_20260820T015838_20260820T015903_004203_007B3E_CBE2,TRM,2026-08-20
S1,S1D_IW_GRDH_1SDV_20260820T135934_20260820T135959_004210_007B88_2863,TRM,2026-08-20
S1,S1D_IW_GRDH_1SDV_20260827T015013_20260827T015038_004305_007EE4_280E,TRM,2026-08-27
S1,S1D_IW_GRDH_1SDV_20260901T015838_20260901T015903_004378_008169_DC42,TRM,2026-09-01
S1,S1D_IW_GRDH_1SDV_20260901T135934_20260901T135959_004385_0081AD_2DDA,TRM,2026-09-01
S1,S1D_IW_GRDH_1SDV_20260908T015013_20260908T015038_004480_008502_CECE,TRM,2026-09-08
S1,S1D_IW_GRDH_1SDV_20260913T015839_20260913T015904_004553_008786_A0B1,TRM,2026-09-13
S1,S1D_IW_GRDH_1SDV_20260913T135935_20260913T140000_004560_0087C4_5B72,TRM,2026-09-13
S2,20260803T183919_20260803T185235_T11SLA,TRM,2026-08-03
S2,20260808T183921_20260808T185047_T11SLA,TRM,2026-08-08
S2,20260810T184831_20260810T185107_T11SLA,TRM,2026-08-10
S2,20260813T183919_20260813T185306_T11SLA,TRM,2026-08-13
S2,20260818T183921_20260818T185049_T11SLA,TRM,2026-08-18
S2,20260823T183919_20260823T185232_T11SLA,TRM,2026-08-23
S2,20260828T183921_20260828T185049_T11SLA,TRM,2026-08-28
S2,20260830T184831_20260830T184827_T11SLA,TRM,2026-08-30
S2,20260902T183919_20260902T184903_T11SLA,TRM,2026-09-02
S2,20260907T183921_20260907T185201_T11SLA,TRM,2026-09-07
S2,20260912T183919_20260912T185056_T11SLA,TRM,2026-09-12
S1,S1C_IW_GRDH_1SDV_20260802T015753_20260802T015818_008810_01177E_4DD5,PYM,2026-08-02
S1,S1C_IW_GRDH_1SDV_20260802T135942_20260802T140015_008817_0117C5_C284,PYM,2026-08-02
S1,S1C_IW_GRDH_1SDV_20260809T135136_20260809T135201_008919_011B1A_F57F,PYM,2026-08-09
S1,S1C_IW_GRDH_1SDV_20260814T015754_20260814T015819_008985_011D4A_3AA8,PYM,2026-08-14
S1,S1C_IW_GRDH_1SDV_20260814T135942_20260814T140016_008992_011D87_3594,PYM,2026-08-14
S1,S1C_IW_GRDH_1SDV_20260821T014927_20260821T014952_009087_01209F_E626,PYM,2026-08-21
S1,S1C_IW_GRDH_1SDV_20260821T135136_20260821T135201_009094_0120DF_C426,PYM,2026-08-21
S1,S1C_IW_GRDH_1SDV_20260826T135943_20260826T140016_009167_01235F_8E3C,PYM,2026-08-26
S1,S1C_IW_GRDH_1SDV_20260902T014925_20260902T015006_009262_01267D_32DA,PYM,2026-09-02
S1,S1C_IW_GRDH_1SDV_20260907T015755_20260907T015820_009335_012909_0D0E,PYM,2026-09-07
S1,S1C_IW_GRDH_1SDV_20260907T135943_20260907T140017_009342_01294B_DF54,PYM,2026-09-07
S1,S1C_IW_GRDH_1SDV_20260914T014925_20260914T015006_009437_012C54_D021,PYM,2026-09-14
S1,S1C_IW_GRDH_1SDV_20260914T135137_20260914T135202_009444_012C94_015C,PYM,2026-09-14
S1,S1D_IW_GRDH_1SDV_20260803T014947_20260803T015012_003955_0072BE_3C86,PYM,2026-08-03
S1,S1D_IW_GRDH_1SDV_20260803T135133_20260803T135158_003962_007308_3965,PYM,2026-08-03
S1,S1D_IW_GRDH_1SDV_20260808T015743_20260808T015812_004028_007539_2504,PYM,2026-08-08
S1,S1D_IW_GRDH_1SDV_20260808T135958_20260808T140023_004035_007573_E24C,PYM,2026-08-08
S1,S1D_IW_GRDH_1SDV_20260815T014947_20260815T015012_004130_0078C1_900C,PYM,2026-08-15
S1,S1D_IW_GRDH_1SDV_20260815T135129_20260815T135201_004137_00790E_FE20,PYM,2026-08-15
S1,S1D_IW_GRDH_1SDV_20260815T135133_20260815T135158_004137_00790E_B109,PYM,2026-08-15
S1,S1D_IW_GRDH_1SDV_20260820T015743_20260820T015813_004203_007B3E_BC13,PYM,2026-08-20
S1,S1D_IW_GRDH_1SDV_20260820T135959_20260820T140024_004210_007B88_72DF,PYM,2026-08-20
S1,S1D_IW_GRDH_1SDV_20260827T014948_20260827T015013_004305_007EE4_6DC7,PYM,2026-08-27
S1,S1D_IW_GRDH_1SDV_20260827T135134_20260827T135159_004312_007F31_CAE3,PYM,2026-08-27
S1,S1D_IW_GRDH_1SDV_20260901T015744_20260901T015813_004378_008169_AFBE,PYM,2026-09-01
S1,S1D_IW_GRDH_1SDV_20260901T135959_20260901T140024_004385_0081AD_3590,PYM,2026-09-01
S1,S1D_IW_GRDH_1SDV_20260908T014948_20260908T015013_004480_008502_C7AE,PYM,2026-09-08
S1,S1D_IW_GRDH_1SDV_20260908T135134_20260908T135159_004487_00854D_D1DC,PYM,2026-09-08
S1,S1D_IW_GRDH_1SDV_20260913T015745_20260913T015814_004553_008786_36F0,PYM,2026-09-13
S1,S1D_IW_GRDH_1SDV_20260913T140000_20260913T140025_004560_0087C4_9ED0,PYM,2026-09-13
S2,20260803T183919_20260803T185235_T11SLU,PYM,2026-08-03
S2,20260805T182921_20260805T184119_T11SLU,PYM,2026-08-05
S2,20260808T183921_20260808T185047_T11SLU,PYM,2026-08-08
S2,20260810T182919_20260810T184348_T11SLU,PYM,2026-08-10
S2,20260810T184831_20260810T185107_T11SLU,PYM,2026-08-10
S2,20260813T183919_20260813T185306_T11SLU,PYM,2026-08-13
S2,20260815T182921_20260815T184312_T11SLU,PYM,2026-08-15
S2,20260817T183831_20260817T183825_T11SLU,PYM,2026-08-17
S2,20260818T183921_20260818T185049_T11SLU,PYM,2026-08-18
S2,20260820T182919_20260820T183521_T11SLU,PYM,2026-08-20
S2,20260823T183919_20260823T185232_T11SLU,PYM,2026-08-23
S2,20260825T182911_20260825T184057_T11SLU,PYM,2026-08-25
S2,20260828T183921_20260828T185049_T11SLU,PYM,2026-08-28
S2,20260830T182919_20260830T183508_T11SLU,PYM,2026-08-30
S2,20260830T184831_20260830T184827_T11SLU,PYM,2026-08-30
S2,20260902T183919_20260902T184903_T11SLU,PYM,2026-09-02
S2,20260904T182921_20260904T184421_T11SLU,PYM,2026-09-04
S2,20260906T183831_20260906T183825_T11SLU,PYM,2026-09-06
S2,20260907T183921_20260907T185201_T11SLU,PYM,2026-09-07
S2,20260909T182919_20260909T183717_T11SLU,PYM,2026-09-09
S2,20260912T183919_20260912T185056_T11SLU,PYM,2026-09-12
S1,S1C_IW_GRDH_1SDV_20260802T015818_20260802T015843_008810_01177E_2F9F,BUC,2026-08-02
S1,S1C_IW_GRDH_1SDV_20260802T135852_20260802T135917_008817_0117C5_B5DE,BUC,2026-08-02
S1,S1C_IW_GRDH_1SDV_20260807T140659_20260807T140724_008890_011A28_FC0A,BUC,2026-08-07
S1,S1C_IW_GRDH_1SDV_20260814T015819_20260814T015844_008985_011D4A_BFF3,BUC,2026-08-14
S1,S1C_IW_GRDH_1SDV_20260814T135852_20260814T135917_008992_011D87_CDEA,BUC,2026-08-14
S1,S1C_IW_GRDH_1SDV_20260819T140700_20260819T140725_009065_011FE8_F506,BUC,2026-08-19
S1,S1C_IW_GRDH_1SDV_20260826T135853_20260826T135918_009167_01235F_1E2A,BUC,2026-08-26
S1,S1C_IW_GRDH_1SDV_20260831T140700_20260831T140725_009240_0125C1_EF2C,BUC,2026-08-31
S1,S1C_IW_GRDH_1SDV_20260907T015820_20260907T015845_009335_012909_916B,BUC,2026-09-07
S1,S1C_IW_GRDH_1SDV_20260907T135853_20260907T135918_009342_01294B_9510,BUC,2026-09-07
S1,S1C_IW_GRDH_1SDV_20260912T140701_20260912T140726_009415_012B9D_DD7A,BUC,2026-09-12
S1,S1D_IW_GRDH_1SDV_20260801T140729_20260801T140754_003933_0071F0_19C8,BUC,2026-08-01
S1,S1D_IW_GRDH_1SDV_20260808T015837_20260808T015902_004028_007539_870B,BUC,2026-08-08
S1,S1D_IW_GRDH_1SDV_20260808T135908_20260808T135933_004035_007573_A394,BUC,2026-08-08
S1,S1D_IW_GRDH_1SDV_20260813T140730_20260813T140755_004108_007801_8ABF,BUC,2026-08-13
S1,S1D_IW_GRDH_1SDV_20260820T015838_20260820T015903_004203_007B3E_CBE2,BUC,2026-08-20
S1,S1D_IW_GRDH_1SDV_20260820T135909_20260820T135934_004210_007B88_7F56,BUC,2026-08-20
S1,S1D_IW_GRDH_1SDV_20260825T140730_20260825T140755_004283_007E21_BC14,BUC,2026-08-25
S1,S1D_IW_GRDH_1SDV_20260901T015838_20260901T015903_004378_008169_DC42,BUC,2026-09-01
S1,S1D_IW_GRDH_1SDV_20260901T135909_20260901T135934_004385_0081AD_DCFB,BUC,2026-09-01
S1,S1D_IW_GRDH_1SDV_20260906T140731_20260906T140756_004458_00843A_0A9A,BUC,2026-09-06
S1,S1D_IW_GRDH_1SDV_20260913T015839_20260913T015904_004553_008786_A0B1,BUC,2026-09-13
S1,S1D_IW_GRDH_1SDV_20260913T135910_20260913T135935_004560_0087C4_9BE7,BUC,2026-09-13
S2,20260803T183919_20260803T185235_T10SGG,BUC,2026-08-03
S2,20260803T183919_20260803T185235_T11SKB,BUC,2026-08-03
S2,20260808T183921_20260808T185047_T10SGG,BUC,2026-08-08
S2,20260808T183921_20260808T185047_T11SKB,BUC,2026-08-08
S2,20260810T184831_20260810T185107_T10SGG,BUC,2026-08-10
S2,20260810T184831_20260810T185107_T11SKB,BUC,2026-08-10
S2,20260813T183919_20260813T185306_T10SGG,BUC,2026-08-13
S2,20260813T183919_20260813T185306_T11SKB,BUC,2026-08-13
S2,20260818T183921_20260818T185049_T10SGG,BUC,2026-08-18
S2,20260818T183921_20260818T185049_T11SKB,BUC,2026-08-18
S2,20260823T183919_20260823T185232_T10SGG,BUC,2026-08-23
S2,20260823T183919_20260823T185232_T11SKB,BUC,2026-08-23
S2,20260828T183921_20260828T185049_T10SGG,BUC,2026-08-28
S2,20260828T183921_20260828T185049_T11SKB,BUC,2026-08-28
S2,20260830T184831_20260830T184827_T10SGG,BUC,2026-08-30
S2,20260830T184831_20260830T184827_T11SKB,BUC,2026-08-30
S2,20260902T183919_20260902T184903_T10SGG,BUC,2026-09-02
S2,20260902T183919_20260902T184903_T11SKB,BUC,2026-09-02
S2,20260907T183921_20260907T185201_T10SGG,BUC,2026-09-07
S2,20260907T183921_20260907T185201_T11SKB,BUC,2026-09-07
S2,20260912T183919_20260912T185056_T10SGG,BUC,2026-09-12
S2,20260912T183919_20260912T185056_T11SKB,BUC,2026-09-12
S1,S1C_IW_GRDH_1SDV_20260807T020721_20260807T020746_008883_0119EE_ED07,BLB,2026-08-07
S1,S1C_IW_GRDH_1SDV_20260819T020722_20260819T020747_009058_011FAD_7CEF,BLB,2026-08-19
S1,S1C_IW_GRDH_1SDV_20260831T020723_20260831T020748_009233_012587_4A78,BLB,2026-08-31
S1,S1C_IW_GRDH_1SDV_20260912T020723_20260912T020748_009408_012B64_17EF,BLB,2026-09-12
S1,S1D_IW_GRDH_1SDV_20260806T141500_20260806T141525_004006_007481_BE85,BLB,2026-08-06
S1,S1D_IW_GRDH_1SDV_20260818T141501_20260818T141526_004181_007A87_AF0B,BLB,2026-08-18
S1,S1D_IW_GRDH_1SDV_20260830T141501_20260830T141526_004356_0080B4_4957,BLB,2026-08-30
S1,S1D_IW_GRDH_1SDV_20260911T141502_20260911T141527_004531_0086CE_306C,BLB,2026-09-11
S2,20260801T184921_20260801T190145_T10TEK,BLB,2026-08-01
S2,20260803T185831_20260803T185829_T10TEK,BLB,2026-08-03
S2,20260804T185921_20260804T191208_T10TEK,BLB,2026-08-04
S2,20260806T184919_20260806T185546_T10TEK,BLB,2026-08-06
S2,20260809T185919_20260809T191025_T10TEK,BLB,2026-08-09
S2,20260811T184921_20260811T185238_T10TEK,BLB,2026-08-11
S2,20260814T185911_20260814T190906_T10TEK,BLB,2026-08-14
S2,20260816T184919_20260816T185439_T10TEK,BLB,2026-08-16
S2,20260816T190831_20260816T190827_T10TEK,BLB,2026-08-16
S2,20260819T185909_20260819T190755_T10TEK,BLB,2026-08-19
S2,20260821T184911_20260821T185305_T10TEK,BLB,2026-08-21
S2,20260823T185831_20260823T185826_T10TEK,BLB,2026-08-23
S2,20260824T185911_20260824T191056_T10TEK,BLB,2026-08-24
S2,20260826T184919_20260826T185818_T10TEK,BLB,2026-08-26
S2,20260829T185919_20260829T190224_T10TEK,BLB,2026-08-29
S2,20260831T184921_20260831T185400_T10TEK,BLB,2026-08-31
S2,20260903T185911_20260903T191311_T10TEK,BLB,2026-09-03
S2,20260905T184919_20260905T185254_T10TEK,BLB,2026-09-05
S2,20260905T190831_20260905T190826_T10TEK,BLB,2026-09-05
S2,20260908T185919_20260908T190235_T10TEK,BLB,2026-09-08
S2,20260910T184931_20260910T185718_T10TEK,BLB,2026-09-10
S2,20260912T185831_20260912T190031_T10TEK,BLB,2026-09-12
S2,20260913T190001_20260913T191127_T10TEK,BLB,2026-09-13
S1,S1C_IW_GRDH_1SDV_20260809T135136_20260809T135201_008919_011B1A_F57F,PRR,2026-08-09
S1,S1C_IW_GRDH_1SDV_20260821T014927_20260821T014952_009087_01209F_E626,PRR,2026-08-21
S1,S1C_IW_GRDH_1SDV_20260821T135136_20260821T135201_009094_0120DF_C426,PRR,2026-08-21
S1,S1C_IW_GRDH_1SDV_20260902T014925_20260902T015006_009262_01267D_32DA,PRR,2026-09-02
S1,S1C_IW_GRDH_1SDV_20260914T014925_20260914T015006_009437_012C54_D021,PRR,2026-09-14
S1,S1C_IW_GRDH_1SDV_20260914T135137_20260914T135202_009444_012C94_015C,PRR,2026-09-14
S1,S1D_IW_GRDH_1SDV_20260803T014922_20260803T014947_003955_0072BE_2194,PRR,2026-08-03
S1,S1D_IW_GRDH_1SDV_20260803T135158_20260803T135223_003962_007308_4531,PRR,2026-08-03
S1,S1D_IW_GRDH_1SDV_20260815T014922_20260815T014947_004130_0078C1_FB01,PRR,2026-08-15
S1,S1D_IW_GRDH_1SDV_20260815T135154_20260815T135226_004137_00790E_40CB,PRR,2026-08-15
S1,S1D_IW_GRDH_1SDV_20260815T135158_20260815T135223_004137_00790E_C2FD,PRR,2026-08-15
S1,S1D_IW_GRDH_1SDV_20260827T014923_20260827T014948_004305_007EE4_2497,PRR,2026-08-27
S1,S1D_IW_GRDH_1SDV_20260827T135159_20260827T135224_004312_007F31_B199,PRR,2026-08-27
S1,S1D_IW_GRDH_1SDV_20260908T014923_20260908T014948_004480_008502_8E08,PRR,2026-09-08
S1,S1D_IW_GRDH_1SDV_20260908T135159_20260908T135224_004487_00854D_8D10,PRR,2026-09-08
S2,20260805T182921_20260805T184119_T11SMT,PRR,2026-08-05
S2,20260810T182919_20260810T184348_T11SMT,PRR,2026-08-10
S2,20260815T182921_20260815T184312_T11SMT,PRR,2026-08-15
S2,20260817T183831_20260817T183825_T11SMT,PRR,2026-08-17
S2,20260820T182919_20260820T183521_T11SMT,PRR,2026-08-20
S2,20260825T182911_20260825T184057_T11SMT,PRR,2026-08-25
S2,20260830T182919_20260830T183508_T11SMT,PRR,2026-08-30
S2,20260904T182921_20260904T184421_T11SMT,PRR,2026-09-04
S2,20260906T183831_20260906T183825_T11SMT,PRR,2026-09-06
S2,20260909T182919_20260909T183717_T11SMT,PRR,2026-09-09
S1,S1C_IW_GRDH_1SDV_20260807T020721_20260807T020746_008883_0119EE_ED07,COY,2026-08-07
S1,S1C_IW_GRDH_1SDV_20260819T020722_20260819T020747_009058_011FAD_7CEF,COY,2026-08-19
S1,S1C_IW_GRDH_1SDV_20260831T020723_20260831T020748_009233_012587_4A78,COY,2026-08-31
S1,S1C_IW_GRDH_1SDV_20260912T020723_20260912T020748_009408_012B64_17EF,COY,2026-09-12
S1,S1D_IW_GRDH_1SDV_20260801T020723_20260801T020748_003926_0071AF_7D1F,COY,2026-08-01
S1,S1D_IW_GRDH_1SDV_20260806T141500_20260806T141525_004006_007481_BE85,COY,2026-08-06
S1,S1D_IW_GRDH_1SDV_20260813T020724_20260813T020749_004101_0077C3_9008,COY,2026-08-13
S1,S1D_IW_GRDH_1SDV_20260818T141501_20260818T141526_004181_007A87_AF0B,COY,2026-08-18
S1,S1D_IW_GRDH_1SDV_20260825T020724_20260825T020749_004276_007DE1_CDE9,COY,2026-08-25
S1,S1D_IW_GRDH_1SDV_20260830T141501_20260830T141526_004356_0080B4_4957,COY,2026-08-30
S1,S1D_IW_GRDH_1SDV_20260906T020725_20260906T020750_004451_0083FB_1B29,COY,2026-09-06
S1,S1D_IW_GRDH_1SDV_20260911T141502_20260911T141527_004531_0086CE_306C,COY,2026-09-11
S2,20260804T185921_20260804T191208_T10SDJ,COY,2026-08-04
S2,20260809T185919_20260809T191025_T10SDJ,COY,2026-08-09
S2,20260814T185911_20260814T190906_T10SDJ,COY,2026-08-14
S2,20260816T190831_20260816T190827_T10SDJ,COY,2026-08-16
S2,20260819T185909_20260819T190755_T10SDJ,COY,2026-08-19
S2,20260824T185911_20260824T191056_T10SDJ,COY,2026-08-24
S2,20260829T185919_20260829T190224_T10SDJ,COY,2026-08-29
S2,20260903T185911_20260903T191311_T10SDJ,COY,2026-09-03
S2,20260905T190831_20260905T190826_T10SDJ,COY,2026-09-05
S2,20260908T185919_20260908T190235_T10SDJ,COY,2026-09-08
S2,20260913T190001_20260913T191127_T10SDJ,COY,2026-09-13
S1,S1C_IW_GRDH_1SDV_20260802T015843_20260802T015908_008810_01177E_E0F4,BRD,2026-08-02
S1,S1C_IW_GRDH_1SDV_20260802T135852_20260802T135917_008817_0117C5_B5DE,BRD,2026-08-02
S1,S1C_IW_GRDH_1SDV_20260807T140659_20260807T140724_008890_011A28_FC0A,BRD,2026-08-07
S1,S1C_IW_GRDH_1SDV_20260814T015844_20260814T015909_008985_011D4A_5810,BRD,2026-08-14
S1,S1C_IW_GRDH_1SDV_20260814T135852_20260814T135917_008992_011D87_CDEA,BRD,2026-08-14
S1,S1C_IW_GRDH_1SDV_20260819T140700_20260819T140725_009065_011FE8_F506,BRD,2026-08-19
S1,S1C_IW_GRDH_1SDV_20260826T135853_20260826T135918_009167_01235F_1E2A,BRD,2026-08-26
S1,S1C_IW_GRDH_1SDV_20260831T140700_20260831T140725_009240_0125C1_EF2C,BRD,2026-08-31
S1,S1C_IW_GRDH_1SDV_20260907T015845_20260907T015910_009335_012909_4360,BRD,2026-09-07
S1,S1C_IW_GRDH_1SDV_20260907T135853_20260907T135918_009342_01294B_9510,BRD,2026-09-07
S1,S1C_IW_GRDH_1SDV_20260912T140701_20260912T140726_009415_012B9D_DD7A,BRD,2026-09-12
S1,S1D_IW_GRDH_1SDV_20260801T140704_20260801T140729_003933_0071F0_00ED,BRD,2026-08-01
S1,S1D_IW_GRDH_1SDV_20260808T015902_20260808T015927_004028_007539_730D,BRD,2026-08-08
S1,S1D_IW_GRDH_1SDV_20260808T135843_20260808T135908_004035_007573_A9AA,BRD,2026-08-08
S1,S1D_IW_GRDH_1SDV_20260813T140705_20260813T140730_004108_007801_8085,BRD,2026-08-13
S1,S1D_IW_GRDH_1SDV_20260820T015903_20260820T015928_004203_007B3E_BA39,BRD,2026-08-20
S1,S1D_IW_GRDH_1SDV_20260820T135844_20260820T135909_004210_007B88_8CAC,BRD,2026-08-20
S1,S1D_IW_GRDH_1SDV_20260825T140705_20260825T140730_004283_007E21_D302,BRD,2026-08-25
S1,S1D_IW_GRDH_1SDV_20260901T015903_20260901T015928_004378_008169_05E3,BRD,2026-09-01
S1,S1D_IW_GRDH_1SDV_20260901T135844_20260901T135909_004385_0081AD_44D6,BRD,2026-09-01
S1,S1D_IW_GRDH_1SDV_20260906T140706_20260906T140731_004458_00843A_CC67,BRD,2026-09-06
S1,S1D_IW_GRDH_1SDV_20260913T015904_20260913T015929_004553_008786_000D,BRD,2026-09-13
S1,S1D_IW_GRDH_1SDV_20260913T135845_20260913T135910_004560_0087C4_49A2,BRD,2026-09-13
S2,20260801T184921_20260801T190145_T10SGH,BRD,2026-08-01
S2,20260801T184921_20260801T190145_T11SKC,BRD,2026-08-01
S2,20260803T183919_20260803T185235_T10SGH,BRD,2026-08-03
S2,20260803T183919_20260803T185235_T11SKC,BRD,2026-08-03
S2,20260803T185831_20260803T185829_T10SGH,BRD,2026-08-03
S2,20260803T185831_20260803T185829_T11SKC,BRD,2026-08-03
S2,20260806T184919_20260806T185546_T10SGH,BRD,2026-08-06
S2,20260806T184919_20260806T185546_T11SKC,BRD,2026-08-06
S2,20260808T183921_20260808T185047_T10SGH,BRD,2026-08-08
S2,20260808T183921_20260808T185047_T11SKC,BRD,2026-08-08
S2,20260810T184831_20260810T185107_T10SGH,BRD,2026-08-10
S2,20260810T184831_20260810T185107_T11SKC,BRD,2026-08-10
S2,20260811T184921_20260811T185238_T10SGH,BRD,2026-08-11
S2,20260811T184921_20260811T185238_T11SKC,BRD,2026-08-11
S2,20260813T183919_20260813T185306_T10SGH,BRD,2026-08-13
S2,20260813T183919_20260813T185306_T11SKC,BRD,2026-08-13
S2,20260816T184919_20260816T185439_T10SGH,BRD,2026-08-16
S2,20260816T184919_20260816T185439_T11SKC,BRD,2026-08-16
S2,20260818T183921_20260818T185049_T10SGH,BRD,2026-08-18
S2,20260818T183921_20260818T185049_T11SKC,BRD,2026-08-18
S2,20260821T184911_20260821T185305_T10SGH,BRD,2026-08-21
S2,20260821T184911_20260821T185305_T11SKC,BRD,2026-08-21
S2,20260823T183919_20260823T185232_T10SGH,BRD,2026-08-23
S2,20260823T183919_20260823T185232_T11SKC,BRD,2026-08-23
S2,20260823T185831_20260823T185826_T10SGH,BRD,2026-08-23
S2,20260823T185831_20260823T185826_T11SKC,BRD,2026-08-23
S2,20260826T184919_20260826T185818_T10SGH,BRD,2026-08-26
S2,20260826T184919_20260826T185818_T11SKC,BRD,2026-08-26
S2,20260828T183921_20260828T185049_T10SGH,BRD,2026-08-28
S2,20260828T183921_20260828T185049_T11SKC,BRD,2026-08-28
S2,20260830T184831_20260830T184827_T10SGH,BRD,2026-08-30
S2,20260830T184831_20260830T184827_T11SKC,BRD,2026-08-30
S2,20260831T184921_20260831T185400_T10SGH,BRD,2026-08-31
S2,20260831T184921_20260831T185400_T11SKC,BRD,2026-08-31
S2,20260902T183919_20260902T184903_T10SGH,BRD,2026-09-02
S2,20260902T183919_20260902T184903_T11SKC,BRD,2026-09-02
S2,20260905T184919_20260905T185254_T10SGH,BRD,2026-09-05
S2,20260905T184919_20260905T185254_T11SKC,BRD,2026-09-05
S2,20260907T183921_20260907T185201_T10SGH,BRD,2026-09-07
S2,20260907T183921_20260907T185201_T11SKC,BRD,2026-09-07
S2,20260910T184931_20260910T185718_T10SGH,BRD,2026-09-10
S2,20260910T184931_20260910T185718_T11SKC,BRD,2026-09-10
S2,20260912T183919_20260912T185056_T10SGH,BRD,2026-09-12
S2,20260912T183919_20260912T185056_T11SKC,BRD,2026-09-12
S2,20260912T185831_20260912T190031_T10SGH,BRD,2026-09-12
S2,20260912T185831_20260912T190031_T11SKC,BRD,2026-09-12
S1,S1C_IW_GRDH_1SDV_20260802T015818_20260802T015843_008810_01177E_2F9F,HID,2026-08-02
S1,S1C_IW_GRDH_1SDV_20260802T135852_20260802T135917_008817_0117C5_B5DE,HID,2026-08-02
S1,S1C_IW_GRDH_1SDV_20260807T140659_20260807T140724_008890_011A28_FC0A,HID,2026-08-07
S1,S1C_IW_GRDH_1SDV_20260814T015819_20260814T015844_008985_011D4A_BFF3,HID,2026-08-14
S1,S1C_IW_GRDH_1SDV_20260814T135852_20260814T135917_008992_011D87_CDEA,HID,2026-08-14
S1,S1C_IW_GRDH_1SDV_20260819T140700_20260819T140725_009065_011FE8_F506,HID,2026-08-19
S1,S1C_IW_GRDH_1SDV_20260826T135853_20260826T135918_009167_01235F_1E2A,HID,2026-08-26
S1,S1C_IW_GRDH_1SDV_20260831T140700_20260831T140725_009240_0125C1_EF2C,HID,2026-08-31
S1,S1C_IW_GRDH_1SDV_20260907T015820_20260907T015845_009335_012909_916B,HID,2026-09-07
S1,S1C_IW_GRDH_1SDV_20260907T135853_20260907T135918_009342_01294B_9510,HID,2026-09-07
S1,S1C_IW_GRDH_1SDV_20260912T140701_20260912T140726_009415_012B9D_DD7A,HID,2026-09-12
S1,S1D_IW_GRDH_1SDV_20260801T140729_20260801T140754_003933_0071F0_19C8,HID,2026-08-01
S1,S1D_IW_GRDH_1SDV_20260808T015837_20260808T015902_004028_007539_870B,HID,2026-08-08
S1,S1D_IW_GRDH_1SDV_20260808T135908_20260808T135933_004035_007573_A394,HID,2026-08-08
S1,S1D_IW_GRDH_1SDV_20260813T140730_20260813T140755_004108_007801_8ABF,HID,2026-08-13
S1,S1D_IW_GRDH_1SDV_20260820T015838_20260820T015903_004203_007B3E_CBE2,HID,2026-08-20
S1,S1D_IW_GRDH_1SDV_20260820T135909_20260820T135934_004210_007B88_7F56,HID,2026-08-20
S1,S1D_IW_GRDH_1SDV_20260825T140730_20260825T140755_004283_007E21_BC14,HID,2026-08-25
S1,S1D_IW_GRDH_1SDV_20260901T015838_20260901T015903_004378_008169_DC42,HID,2026-09-01
S1,S1D_IW_GRDH_1SDV_20260901T135909_20260901T135934_004385_0081AD_DCFB,HID,2026-09-01
S1,S1D_IW_GRDH_1SDV_20260906T140731_20260906T140756_004458_00843A_0A9A,HID,2026-09-06
S1,S1D_IW_GRDH_1SDV_20260913T015839_20260913T015904_004553_008786_A0B1,HID,2026-09-13
S1,S1D_IW_GRDH_1SDV_20260913T135910_20260913T135935_004560_0087C4_9BE7,HID,2026-09-13
S2,20260803T183919_20260803T185235_T10SGG,HID,2026-08-03
S2,20260803T183919_20260803T185235_T11SKB,HID,2026-08-03
S2,20260808T183921_20260808T185047_T10SGG,HID,2026-08-08
S2,20260808T183921_20260808T185047_T11SKB,HID,2026-08-08
S2,20260810T184831_20260810T185107_T10SGG,HID,2026-08-10
S2,20260810T184831_20260810T185107_T11SKB,HID,2026-08-10
S2,20260813T183919_20260813T185306_T10SGG,HID,2026-08-13
S2,20260813T183919_20260813T185306_T11SKB,HID,2026-08-13
S2,20260818T183921_20260818T185049_T10SGG,HID,2026-08-18
S2,20260818T183921_20260818T185049_T11SKB,HID,2026-08-18
S2,20260823T183919_20260823T185232_T10SGG,HID,2026-08-23
S2,20260823T183919_20260823T185232_T11SKB,HID,2026-08-23
S2,20260828T183921_20260828T185049_T10SGG,HID,2026-08-28
S2,20260828T183921_20260828T185049_T11SKB,HID,2026-08-28
S2,20260830T184831_20260830T184827_T10SGG,HID,2026-08-30
S2,20260830T184831_20260830T184827_T11SKB,HID,2026-08-30
S2,20260902T183919_20260902T184903_T10SGG,HID,2026-09-02
S2,20260902T183919_20260902T184903_T11SKB,HID,2026-09-02
S2,20260907T183921_20260907T185201_T10SGG,HID,2026-09-07
S2,20260907T183921_20260907T185201_T11SKB,HID,2026-09-07
S2,20260912T183919_20260912T185056_T10SGG,HID,2026-09-12
S2,20260912T183919_20260912T185056_T11SKB,HID,2026-09-12
S1,S1C_IW_GRDH_1SDV_20260802T015908_20260802T015933_008810_01177E_4EF2,DAV,2026-08-02
S1,S1C_IW_GRDH_1SDV_20260807T140630_20260807T140659_008890_011A28_F8AA,DAV,2026-08-07
S1,S1C_IW_GRDH_1SDV_20260814T015909_20260814T015934_008985_011D4A_D3CC,DAV,2026-08-14
S1,S1C_IW_GRDH_1SDV_20260819T140630_20260819T140700_009065_011FE8_178C,DAV,2026-08-19
S1,S1C_IW_GRDH_1SDV_20260831T140631_20260831T140700_009240_0125C1_16BA,DAV,2026-08-31
S1,S1C_IW_GRDH_1SDV_20260907T015910_20260907T015935_009335_012909_3A30,DAV,2026-09-07
S1,S1C_IW_GRDH_1SDV_20260912T140631_20260912T140701_009415_012B9D_61E9,DAV,2026-09-12
S1,S1D_IW_GRDH_1SDV_20260801T140639_20260801T140704_003933_0071F0_37EB,DAV,2026-08-01
S1,S1D_IW_GRDH_1SDV_20260808T015927_20260808T015952_004028_007539_2326,DAV,2026-08-08
S1,S1D_IW_GRDH_1SDV_20260813T140640_20260813T140705_004108_007801_313F,DAV,2026-08-13
S1,S1D_IW_GRDH_1SDV_20260820T015928_20260820T015953_004203_007B3E_CB34,DAV,2026-08-20
S1,S1D_IW_GRDH_1SDV_20260825T140640_20260825T140705_004283_007E21_2AE2,DAV,2026-08-25
S1,S1D_IW_GRDH_1SDV_20260901T015928_20260901T015953_004378_008169_562A,DAV,2026-09-01
S1,S1D_IW_GRDH_1SDV_20260906T140641_20260906T140706_004458_00843A_CB5B,DAV,2026-09-06
S1,S1D_IW_GRDH_1SDV_20260913T015929_20260913T015954_004553_008786_10EA,DAV,2026-09-13
S2,20260801T184921_20260801T190145_T10TGK,DAV,2026-08-01
S2,20260803T185831_20260803T185829_T10TGK,DAV,2026-08-03
S2,20260806T184919_20260806T185546_T10TGK,DAV,2026-08-06
S2,20260811T184921_20260811T185238_T10TGK,DAV,2026-08-11
S2,20260816T184919_20260816T185439_T10TGK,DAV,2026-08-16
S2,20260821T184911_20260821T185305_T10TGK,DAV,2026-08-21
S2,20260823T185831_20260823T185826_T10TGK,DAV,2026-08-23
S2,20260826T184919_20260826T185818_T10TGK,DAV,2026-08-26
S2,20260831T184921_20260831T185400_T10TGK,DAV,2026-08-31
S2,20260905T184919_20260905T185254_T10TGK,DAV,2026-09-05
S2,20260910T184931_20260910T185718_T10TGK,DAV,2026-09-10
S2,20260912T185831_20260912T190031_T10TGK,DAV,2026-09-12
S1,S1C_IW_GRDH_1SDV_20260802T015818_20260802T015843_008810_01177E_2F9F,SCC,2026-08-02
S1,S1C_IW_GRDH_1SDV_20260802T135917_20260802T135942_008817_0117C5_3E7E,SCC,2026-08-02
S1,S1C_IW_GRDH_1SDV_20260814T015819_20260814T015844_008985_011D4A_BFF3,SCC,2026-08-14
S1,S1C_IW_GRDH_1SDV_20260814T135917_20260814T135942_008992_011D87_F876,SCC,2026-08-14
S1,S1C_IW_GRDH_1SDV_20260821T014952_20260821T015017_009087_01209F_3012,SCC,2026-08-21
S1,S1C_IW_GRDH_1SDV_20260826T135918_20260826T135943_009167_01235F_8D7F,SCC,2026-08-26
S1,S1C_IW_GRDH_1SDV_20260907T015820_20260907T015845_009335_012909_916B,SCC,2026-09-07
S1,S1C_IW_GRDH_1SDV_20260907T135918_20260907T135943_009342_01294B_8E54,SCC,2026-09-07
S1,S1D_IW_GRDH_1SDV_20260803T015012_20260803T015037_003955_0072BE_746C,SCC,2026-08-03
S1,S1D_IW_GRDH_1SDV_20260808T015812_20260808T015837_004028_007539_6622,SCC,2026-08-08
S1,S1D_IW_GRDH_1SDV_20260808T135933_20260808T135958_004035_007573_51D2,SCC,2026-08-08
S1,S1D_IW_GRDH_1SDV_20260815T015012_20260815T015037_004130_0078C1_F0D1,SCC,2026-08-15
S1,S1D_IW_GRDH_1SDV_20260820T015813_20260820T015838_004203_007B3E_8073,SCC,2026-08-20
S1,S1D_IW_GRDH_1SDV_20260820T135934_20260820T135959_004210_007B88_2863,SCC,2026-08-20
S1,S1D_IW_GRDH_1SDV_20260827T015013_20260827T015038_004305_007EE4_280E,SCC,2026-08-27
S1,S1D_IW_GRDH_1SDV_20260901T015813_20260901T015838_004378_008169_C194,SCC,2026-09-01
S1,S1D_IW_GRDH_1SDV_20260901T135934_20260901T135959_004385_0081AD_2DDA,SCC,2026-09-01
S1,S1D_IW_GRDH_1SDV_20260908T015013_20260908T015038_004480_008502_CECE,SCC,2026-09-08
S1,S1D_IW_GRDH_1SDV_20260913T015814_20260913T015839_004553_008786_B6E7,SCC,2026-09-13
S1,S1D_IW_GRDH_1SDV_20260913T135935_20260913T140000_004560_0087C4_5B72,SCC,2026-09-13
S2,20260803T183919_20260803T185235_T11SLA,SCC,2026-08-03
S2,20260803T183919_20260803T185235_T11SLV,SCC,2026-08-03
S2,20260805T182921_20260805T184119_T11SLA,SCC,2026-08-05
S2,20260805T182921_20260805T184119_T11SLV,SCC,2026-08-05
S2,20260808T183921_20260808T185047_T11SLA,SCC,2026-08-08
S2,20260808T183921_20260808T185047_T11SLV,SCC,2026-08-08
S2,20260810T182919_20260810T184348_T11SLA,SCC,2026-08-10
S2,20260810T182919_20260810T184348_T11SLV,SCC,2026-08-10
S2,20260810T184831_20260810T185107_T11SLA,SCC,2026-08-10
S2,20260810T184831_20260810T185107_T11SLV,SCC,2026-08-10
S2,20260813T183919_20260813T185306_T11SLA,SCC,2026-08-13
S2,20260813T183919_20260813T185306_T11SLV,SCC,2026-08-13
S2,20260815T182921_20260815T184312_T11SLA,SCC,2026-08-15
S2,20260815T182921_20260815T184312_T11SLV,SCC,2026-08-15
S2,20260817T183831_20260817T183825_T11SLA,SCC,2026-08-17
S2,20260817T183831_20260817T183825_T11SLV,SCC,2026-08-17
S2,20260818T183921_20260818T185049_T11SLA,SCC,2026-08-18
S2,20260818T183921_20260818T185049_T11SLV,SCC,2026-08-18
S2,20260820T182919_20260820T183521_T11SLA,SCC,2026-08-20
S2,20260820T182919_20260820T183521_T11SLV,SCC,2026-08-20
S2,20260823T183919_20260823T185232_T11SLA,SCC,2026-08-23
S2,20260823T183919_20260823T185232_T11SLV,SCC,2026-08-23
S2,20260825T182911_20260825T184057_T11SLA,SCC,2026-08-25
S2,20260825T182911_20260825T184057_T11SLV,SCC,2026-08-25
S2,20260828T183921_20260828T185049_T11SLA,SCC,2026-08-28
S2,20260828T183921_20260828T185049_T11SLV,SCC,2026-08-28
S2,20260830T182919_20260830T183508_T11SLA,SCC,2026-08-30
S2,20260830T182919_20260830T183508_T11SLV,SCC,2026-08-30
S2,20260830T184831_20260830T184827_T11SLA,SCC,2026-08-30
S2,20260830T184831_20260830T184827_T11SLV,SCC,2026-08-30
S2,20260902T183919_20260902T184903_T11SLA,SCC,2026-09-02
S2,20260902T183919_20260902T184903_T11SLV,SCC,2026-09-02
S2,20260904T182921_20260904T183722_T11SLA,SCC,2026-09-04
S2,20260904T182921_20260904T183722_T11SLV,SCC,2026-09-04
S2,20260904T182921_20260904T184421_T11SLV,SCC,2026-09-04
S2,20260906T183831_20260906T183825_T11SLA,SCC,2026-09-06
S2,20260906T183831_20260906T183825_T11SLV,SCC,2026-09-06
S2,20260907T183921_20260907T185201_T11SLA,SCC,2026-09-07
S2,20260907T183921_20260907T185201_T11SLV,SCC,2026-09-07
S2,20260909T182919_20260909T183717_T11SLA,SCC,2026-09-09
S2,20260909T182919_20260909T183717_T11SLV,SCC,2026-09-09
S2,20260912T183919_20260912T185056_T11SLA,SCC,2026-09-12
S2,20260912T183919_20260912T185056_T11SLV,SCC,2026-09-12
S1,S1C_IW_GRDH_1SDV_20260802T015908_20260802T015933_008810_01177E_4EF2,ENG,2026-08-02
S1,S1C_IW_GRDH_1SDV_20260807T140630_20260807T140659_008890_011A28_F8AA,ENG,2026-08-07
S1,S1C_IW_GRDH_1SDV_20260814T015909_20260814T015934_008985_011D4A_D3CC,ENG,2026-08-14
S1,S1C_IW_GRDH_1SDV_20260819T140630_20260819T140700_009065_011FE8_178C,ENG,2026-08-19
S1,S1C_IW_GRDH_1SDV_20260831T140631_20260831T140700_009240_0125C1_16BA,ENG,2026-08-31
S1,S1C_IW_GRDH_1SDV_20260907T015910_20260907T015935_009335_012909_3A30,ENG,2026-09-07
S1,S1C_IW_GRDH_1SDV_20260912T140631_20260912T140701_009415_012B9D_61E9,ENG,2026-09-12
S1,S1D_IW_GRDH_1SDV_20260801T020723_20260801T020748_003926_0071AF_7D1F,ENG,2026-08-01
S1,S1D_IW_GRDH_1SDV_20260801T140639_20260801T140704_003933_0071F0_37EB,ENG,2026-08-01
S1,S1D_IW_GRDH_1SDV_20260808T015927_20260808T015952_004028_007539_2326,ENG,2026-08-08
S1,S1D_IW_GRDH_1SDV_20260813T020724_20260813T020749_004101_0077C3_9008,ENG,2026-08-13
S1,S1D_IW_GRDH_1SDV_20260813T140640_20260813T140705_004108_007801_313F,ENG,2026-08-13
S1,S1D_IW_GRDH_1SDV_20260820T015928_20260820T015953_004203_007B3E_CB34,ENG,2026-08-20
S1,S1D_IW_GRDH_1SDV_20260825T140640_20260825T140705_004283_007E21_2AE2,ENG,2026-08-25
S1,S1D_IW_GRDH_1SDV_20260901T015928_20260901T015953_004378_008169_562A,ENG,2026-09-01
S1,S1D_IW_GRDH_1SDV_20260906T140641_20260906T140706_004458_00843A_CB5B,ENG,2026-09-06
S1,S1D_IW_GRDH_1SDV_20260913T015929_20260913T015954_004553_008786_10EA,ENG,2026-09-13
S2,20260801T184921_20260801T190145_T10SFJ,ENG,2026-08-01
S2,20260803T185831_20260803T185829_T10SFJ,ENG,2026-08-03
S2,20260806T184919_20260806T185546_T10SFJ,ENG,2026-08-06
S2,20260811T184921_20260811T185238_T10SFJ,ENG,2026-08-11
S2,20260816T184919_20260816T185439_T10SFJ,ENG,2026-08-16
S2,20260821T184911_20260821T185305_T10SFJ,ENG,2026-08-21
S2,20260823T185831_20260823T185826_T10SFJ,ENG,2026-08-23
S2,20260826T184919_20260826T185818_T10SFJ,ENG,2026-08-26
S2,20260831T184921_20260831T185400_T10SFJ,ENG,2026-08-31
S2,20260905T184919_20260905T185254_T10SFJ,ENG,2026-09-05
S2,20260910T184931_20260910T185718_T10SFJ,ENG,2026-09-10
S2,20260912T185831_20260912T190031_T10SFJ,ENG,2026-09-12
S1,S1C_IW_GRDH_1SDV_20260802T015908_20260802T015933_008810_01177E_4EF2,LON,2026-08-02
S1,S1C_IW_GRDH_1SDV_20260807T140630_20260807T140659_008890_011A28_F8AA,LON,2026-08-07
S1,S1C_IW_GRDH_1SDV_20260814T015909_20260814T015934_008985_011D4A_D3CC,LON,2026-08-14
S1,S1C_IW_GRDH_1SDV_20260819T140630_20260819T140700_009065_011FE8_178C,LON,2026-08-19
S1,S1C_IW_GRDH_1SDV_20260831T140631_20260831T140700_009240_0125C1_16BA,LON,2026-08-31
S1,S1C_IW_GRDH_1SDV_20260907T015910_20260907T015935_009335_012909_3A30,LON,2026-09-07
S1,S1C_IW_GRDH_1SDV_20260912T140631_20260912T140701_009415_012B9D_61E9,LON,2026-09-12
S1,S1D_IW_GRDH_1SDV_20260808T015902_20260808T015927_004028_007539_730D,LON,2026-08-08
S1,S1D_IW_GRDH_1SDV_20260820T015903_20260820T015928_004203_007B3E_BA39,LON,2026-08-20
S1,S1D_IW_GRDH_1SDV_20260901T015903_20260901T015928_004378_008169_05E3,LON,2026-09-01
S1,S1D_IW_GRDH_1SDV_20260913T015904_20260913T015929_004553_008786_000D,LON,2026-09-13
S2,20260801T184921_20260801T190145_T10SGJ,LON,2026-08-01
S2,20260801T184921_20260801T190145_T11SKD,LON,2026-08-01
S2,20260803T183919_20260803T185235_T10SGJ,LON,2026-08-03
S2,20260803T183919_20260803T185235_T11SKD,LON,2026-08-03
S2,20260803T185831_20260803T185829_T10SGJ,LON,2026-08-03
S2,20260803T185831_20260803T185829_T11SKD,LON,2026-08-03
S2,20260806T184919_20260806T185546_T10SGJ,LON,2026-08-06
S2,20260806T184919_20260806T185546_T11SKD,LON,2026-08-06
S2,20260808T183921_20260808T185047_T10SGJ,LON,2026-08-08
S2,20260808T183921_20260808T185047_T11SKD,LON,2026-08-08
S2,20260810T184831_20260810T185107_T10SGJ,LON,2026-08-10
S2,20260810T184831_20260810T185107_T11SKD,LON,2026-08-10
S2,20260811T184921_20260811T185238_T10SGJ,LON,2026-08-11
S2,20260811T184921_20260811T185238_T11SKD,LON,2026-08-11
S2,20260813T183919_20260813T185306_T10SGJ,LON,2026-08-13
S2,20260813T183919_20260813T185306_T11SKD,LON,2026-08-13
S2,20260816T184919_20260816T185439_T10SGJ,LON,2026-08-16
S2,20260816T184919_20260816T185439_T11SKD,LON,2026-08-16
S2,20260818T183921_20260818T185049_T10SGJ,LON,2026-08-18
S2,20260818T183921_20260818T185049_T11SKD,LON,2026-08-18
S2,20260821T184911_20260821T185305_T10SGJ,LON,2026-08-21
S2,20260821T184911_20260821T185305_T11SKD,LON,2026-08-21
S2,20260823T183919_20260823T185232_T10SGJ,LON,2026-08-23
S2,20260823T183919_20260823T185232_T11SKD,LON,2026-08-23
S2,20260823T185831_20260823T185826_T10SGJ,LON,2026-08-23
S2,20260823T185831_20260823T185826_T11SKD,LON,2026-08-23
S2,20260826T184919_20260826T185818_T10SGJ,LON,2026-08-26
S2,20260826T184919_20260826T185818_T11SKD,LON,2026-08-26
S2,20260828T183921_20260828T185049_T10SGJ,LON,2026-08-28
S2,20260828T183921_20260828T185049_T11SKD,LON,2026-08-28
S2,20260830T184831_20260830T184827_T10SGJ,LON,2026-08-30
S2,20260830T184831_20260830T184827_T11SKD,LON,2026-08-30
S2,20260831T184921_20260831T185400_T10SGJ,LON,2026-08-31
S2,20260831T184921_20260831T185400_T11SKD,LON,2026-08-31
S2,20260902T183919_20260902T184903_T10SGJ,LON,2026-09-02
S2,20260902T183919_20260902T184903_T11SKD,LON,2026-09-02
S2,20260905T184919_20260905T185254_T10SGJ,LON,2026-09-05
S2,20260905T184919_20260905T185254_T11SKD,LON,2026-09-05
S2,20260907T183921_20260907T185201_T10SGJ,LON,2026-09-07
S2,20260907T183921_20260907T185201_T11SKD,LON,2026-09-07
S2,20260910T184931_20260910T185718_T10SGJ,LON,2026-09-10
S2,20260910T184931_20260910T185718_T11SKD,LON,2026-09-10
S2,20260912T183919_20260912T185056_T10SGJ,LON,2026-09-12
S2,20260912T183919_20260912T185056_T11SKD,LON,2026-09-12
S2,20260912T185831_20260912T190031_T10SGJ,LON,2026-09-12
S2,20260912T185831_20260912T190031_T11SKD,LON,2026-09-12
S1,S1C_IW_GRDH_1SDV_20260802T015843_20260802T015908_008810_01177E_E0F4,TUL,2026-08-02
S1,S1C_IW_GRDH_1SDV_20260807T140659_20260807T140724_008890_011A28_FC0A,TUL,2026-08-07
S1,S1C_IW_GRDH_1SDV_20260814T015844_20260814T015909_008985_011D4A_5810,TUL,2026-08-14
S1,S1C_IW_GRDH_1SDV_20260819T140700_20260819T140725_009065_011FE8_F506,TUL,2026-08-19
S1,S1C_IW_GRDH_1SDV_20260831T140700_20260831T140725_009240_0125C1_EF2C,TUL,2026-08-31
S1,S1C_IW_GRDH_1SDV_20260907T015845_20260907T015910_009335_012909_4360,TUL,2026-09-07
S1,S1C_IW_GRDH_1SDV_20260912T140701_20260912T140726_009415_012B9D_DD7A,TUL,2026-09-12
S1,S1D_IW_GRDH_1SDV_20260801T140704_20260801T140729_003933_0071F0_00ED,TUL,2026-08-01
S1,S1D_IW_GRDH_1SDV_20260808T015902_20260808T015927_004028_007539_730D,TUL,2026-08-08
S1,S1D_IW_GRDH_1SDV_20260813T140705_20260813T140730_004108_007801_8085,TUL,2026-08-13
S1,S1D_IW_GRDH_1SDV_20260820T015903_20260820T015928_004203_007B3E_BA39,TUL,2026-08-20
S1,S1D_IW_GRDH_1SDV_20260825T140705_20260825T140730_004283_007E21_D302,TUL,2026-08-25
S1,S1D_IW_GRDH_1SDV_20260901T015903_20260901T015928_004378_008169_05E3,TUL,2026-09-01
S1,S1D_IW_GRDH_1SDV_20260906T140706_20260906T140731_004458_00843A_CC67,TUL,2026-09-06
S1,S1D_IW_GRDH_1SDV_20260913T015904_20260913T015929_004553_008786_000D,TUL,2026-09-13
S2,20260801T184921_20260801T190145_T10SGG,TUL,2026-08-01
S2,20260801T184921_20260801T190145_T10SGH,TUL,2026-08-01
S2,20260803T183919_20260803T185235_T10SGG,TUL,2026-08-03
S2,20260803T183919_20260803T185235_T10SGH,TUL,2026-08-03
S2,20260803T185831_20260803T185829_T10SGG,TUL,2026-08-03
S2,20260803T185831_20260803T185829_T10SGH,TUL,2026-08-03
S2,20260806T184919_20260806T185546_T10SGG,TUL,2026-08-06
S2,20260806T184919_20260806T185546_T10SGH,TUL,2026-08-06
S2,20260808T183921_20260808T185047_T10SGG,TUL,2026-08-08
S2,20260808T183921_20260808T185047_T10SGH,TUL,2026-08-08
S2,20260810T184831_20260810T185107_T10SGG,TUL,2026-08-10
S2,20260810T184831_20260810T185107_T10SGH,TUL,2026-08-10
S2,20260811T184921_20260811T185238_T10SGG,TUL,2026-08-11
S2,20260811T184921_20260811T185238_T10SGH,TUL,2026-08-11
S2,20260813T183919_20260813T185306_T10SGG,TUL,2026-08-13
S2,20260813T183919_20260813T185306_T10SGH,TUL,2026-08-13
S2,20260816T184919_20260816T185439_T10SGG,TUL,2026-08-16
S2,20260816T184919_20260816T185439_T10SGH,TUL,2026-08-16
S2,20260818T183921_20260818T185049_T10SGG,TUL,2026-08-18
S2,20260818T183921_20260818T185049_T10SGH,TUL,2026-08-18
S2,20260821T184911_20260821T185305_T10SGG,TUL,2026-08-21
S2,20260821T184911_20260821T185305_T10SGH,TUL,2026-08-21
S2,20260823T183919_20260823T185232_T10SGG,TUL,2026-08-23
S2,20260823T183919_20260823T185232_T10SGH,TUL,2026-08-23
S2,20260823T185831_20260823T185826_T10SGG,TUL,2026-08-23
S2,20260823T185831_20260823T185826_T10SGH,TUL,2026-08-23
S2,20260826T184919_20260826T185818_T10SGG,TUL,2026-08-26
S2,20260826T184919_20260826T185818_T10SGH,TUL,2026-08-26
S2,20260828T183921_20260828T185049_T10SGG,TUL,2026-08-28
S2,20260828T183921_20260828T185049_T10SGH,TUL,2026-08-28
S2,20260830T184831_20260830T184827_T10SGG,TUL,2026-08-30
S2,20260830T184831_20260830T184827_T10SGH,TUL,2026-08-30
S2,20260831T184921_20260831T185400_T10SGG,TUL,2026-08-31
S2,20260831T184921_20260831T185400_T10SGH,TUL,2026-08-31
S2,20260902T183919_20260902T184903_T10SGG,TUL,2026-09-02
S2,20260902T183919_20260902T184903_T10SGH,TUL,2026-09-02
S2,20260905T184919_20260905T185254_T10SGG,TUL,2026-09-05
S2,20260905T184919_20260905T185254_T10SGH,TUL,2026-09-05
S2,20260907T183921_20260907T185201_T10SGG,TUL,2026-09-07
S2,20260907T183921_20260907T185201_T10SGH,TUL,2026-09-07
S2,20260910T184931_20260910T185718_T10SGG,TUL,2026-09-10
S2,20260910T184931_20260910T185718_T10SGH,TUL,2026-09-10
S2,20260912T183919_20260912T185056_T10SGG,TUL,2026-09-12
S2,20260912T183919_20260912T185056_T10SGH,TUL,2026-09-12
S2,20260912T185831_20260912T190031_T10SGG,TUL,2026-09-12
S2,20260912T185831_20260912T190031_T10SGH,TUL,2026-09-12
S1,S1C_IW_GRDH_1SDV_20260802T015843_20260802T015908_008810_01177E_E0F4,DON,2026-08-02
S1,S1C_IW_GRDH_1SDV_20260807T140659_20260807T140724_008890_011A28_FC0A,DON,2026-08-07
S1,S1C_IW_GRDH_1SDV_20260814T015844_20260814T015909_008985_011D4A_5810,DON,2026-08-14
S1,S1C_IW_GRDH_1SDV_20260819T140700_20260819T140725_009065_011FE8_F506,DON,2026-08-19
S1,S1C_IW_GRDH_1SDV_20260831T140700_20260831T140725_009240_0125C1_EF2C,DON,2026-08-31
S1,S1C_IW_GRDH_1SDV_20260907T015845_20260907T015910_009335_012909_4360,DON,2026-09-07
S1,S1C_IW_GRDH_1SDV_20260912T140701_20260912T140726_009415_012B9D_DD7A,DON,2026-09-12
S1,S1D_IW_GRDH_1SDV_20260801T140704_20260801T140729_003933_0071F0_00ED,DON,2026-08-01
S1,S1D_IW_GRDH_1SDV_20260808T015902_20260808T015927_004028_007539_730D,DON,2026-08-08
S1,S1D_IW_GRDH_1SDV_20260808T135843_20260808T135908_004035_007573_A9AA,DON,2026-08-08
S1,S1D_IW_GRDH_1SDV_20260813T140705_20260813T140730_004108_007801_8085,DON,2026-08-13
S1,S1D_IW_GRDH_1SDV_20260820T015903_20260820T015928_004203_007B3E_BA39,DON,2026-08-20
S1,S1D_IW_GRDH_1SDV_20260820T135844_20260820T135909_004210_007B88_8CAC,DON,2026-08-20
S1,S1D_IW_GRDH_1SDV_20260825T140705_20260825T140730_004283_007E21_D302,DON,2026-08-25
S1,S1D_IW_GRDH_1SDV_20260901T015903_20260901T015928_004378_008169_05E3,DON,2026-09-01
S1,S1D_IW_GRDH_1SDV_20260901T135844_20260901T135909_004385_0081AD_44D6,DON,2026-09-01
S1,S1D_IW_GRDH_1SDV_20260906T140706_20260906T140731_004458_00843A_CC67,DON,2026-09-06
S1,S1D_IW_GRDH_1SDV_20260913T015904_20260913T015929_004553_008786_000D,DON,2026-09-13
S1,S1D_IW_GRDH_1SDV_20260913T135845_20260913T135910_004560_0087C4_49A2,DON,2026-09-13
S2,20260801T184921_20260801T190145_T10SGH,DON,2026-08-01
S2,20260801T184921_20260801T190145_T11SKC,DON,2026-08-01
S2,20260803T183919_20260803T185235_T10SGH,DON,2026-08-03
S2,20260803T183919_20260803T185235_T11SKC,DON,2026-08-03
S2,20260803T185831_20260803T185829_T10SGH,DON,2026-08-03
S2,20260803T185831_20260803T185829_T11SKC,DON,2026-08-03
S2,20260806T184919_20260806T185546_T10SGH,DON,2026-08-06
S2,20260806T184919_20260806T185546_T11SKC,DON,2026-08-06
S2,20260808T183921_20260808T185047_T10SGH,DON,2026-08-08
S2,20260808T183921_20260808T185047_T11SKC,DON,2026-08-08
S2,20260810T184831_20260810T185107_T10SGH,DON,2026-08-10
S2,20260810T184831_20260810T185107_T11SKC,DON,2026-08-10
S2,20260811T184921_20260811T185238_T10SGH,DON,2026-08-11
S2,20260811T184921_20260811T185238_T11SKC,DON,2026-08-11
S2,20260813T183919_20260813T185306_T10SGH,DON,2026-08-13
S2,20260813T183919_20260813T185306_T11SKC,DON,2026-08-13
S2,20260816T184919_20260816T185439_T10SGH,DON,2026-08-16
S2,20260816T184919_20260816T185439_T11SKC,DON,2026-08-16
S2,20260818T183921_20260818T185049_T10SGH,DON,2026-08-18
S2,20260818T183921_20260818T185049_T11SKC,DON,2026-08-18
S2,20260821T184911_20260821T185305_T10SGH,DON,2026-08-21
S2,20260821T184911_20260821T185305_T11SKC,DON,2026-08-21
S2,20260823T183919_20260823T185232_T10SGH,DON,2026-08-23
S2,20260823T183919_20260823T185232_T11SKC,DON,2026-08-23
S2,20260823T185831_20260823T185826_T10SGH,DON,2026-08-23
S2,20260823T185831_20260823T185826_T11SKC,DON,2026-08-23
S2,20260826T184919_20260826T185818_T10SGH,DON,2026-08-26
S2,20260826T184919_20260826T185818_T11SKC,DON,2026-08-26
S2,20260828T183921_20260828T185049_T10SGH,DON,2026-08-28
S2,20260828T183921_20260828T185049_T11SKC,DON,2026-08-28
S2,20260830T184831_20260830T184827_T10SGH,DON,2026-08-30
S2,20260830T184831_20260830T184827_T11SKC,DON,2026-08-30
S2,20260831T184921_20260831T185400_T10SGH,DON,2026-08-31
S2,20260831T184921_20260831T185400_T11SKC,DON,2026-08-31
S2,20260902T183919_20260902T184903_T10SGH,DON,2026-09-02
S2,20260902T183919_20260902T184903_T11SKC,DON,2026-09-02
S2,20260905T184919_20260905T185254_T10SGH,DON,2026-09-05
S2,20260905T184919_20260905T185254_T11SKC,DON,2026-09-05
S2,20260907T183921_20260907T185201_T10SGH,DON,2026-09-07
S2,20260907T183921_20260907T185201_T11SKC,DON,2026-09-07
S2,20260910T184931_20260910T185718_T10SGH,DON,2026-09-10
S2,20260910T184931_20260910T185718_T11SKC,DON,2026-09-10
S2,20260912T183919_20260912T185056_T10SGH,DON,2026-09-12
S2,20260912T183919_20260912T185056_T11SKC,DON,2026-09-12
S2,20260912T185831_20260912T190031_T10SGH,DON,2026-09-12
S2,20260912T185831_20260912T190031_T11SKC,DON,2026-09-12
S1,S1C_IW_GRDH_1SDV_20260802T015908_20260802T015933_008810_01177E_4EF2,FRD,2026-08-02
S1,S1C_IW_GRDH_1SDV_20260807T140630_20260807T140659_008890_011A28_F8AA,FRD,2026-08-07
S1,S1C_IW_GRDH_1SDV_20260814T015909_20260814T015934_008985_011D4A_D3CC,FRD,2026-08-14
S1,S1C_IW_GRDH_1SDV_20260819T140630_20260819T140700_009065_011FE8_178C,FRD,2026-08-19
S1,S1C_IW_GRDH_1SDV_20260821T015107_20260821T015132_009087_01209F_5CF8,FRD,2026-08-21
S1,S1C_IW_GRDH_1SDV_20260831T140631_20260831T140700_009240_0125C1_16BA,FRD,2026-08-31
S1,S1C_IW_GRDH_1SDV_20260907T015910_20260907T015935_009335_012909_3A30,FRD,2026-09-07
S1,S1C_IW_GRDH_1SDV_20260912T140631_20260912T140701_009415_012B9D_61E9,FRD,2026-09-12
S1,S1C_IW_GRDH_1SDV_20260914T015107_20260914T015132_009437_012C55_8458,FRD,2026-09-14
S1,S1D_IW_GRDH_1SDV_20260801T140639_20260801T140704_003933_0071F0_37EB,FRD,2026-08-01
S1,S1D_IW_GRDH_1SDV_20260803T015127_20260803T015152_003955_0072BE_3872,FRD,2026-08-03
S1,S1D_IW_GRDH_1SDV_20260808T015927_20260808T015952_004028_007539_2326,FRD,2026-08-08
S1,S1D_IW_GRDH_1SDV_20260813T140640_20260813T140705_004108_007801_313F,FRD,2026-08-13
S1,S1D_IW_GRDH_1SDV_20260815T015127_20260815T015152_004130_0078C1_A771,FRD,2026-08-15
S1,S1D_IW_GRDH_1SDV_20260820T015928_20260820T015953_004203_007B3E_CB34,FRD,2026-08-20
S1,S1D_IW_GRDH_1SDV_20260825T140640_20260825T140705_004283_007E21_2AE2,FRD,2026-08-25
S1,S1D_IW_GRDH_1SDV_20260827T015128_20260827T015153_004305_007EE4_F9FA,FRD,2026-08-27
S1,S1D_IW_GRDH_1SDV_20260901T015928_20260901T015953_004378_008169_562A,FRD,2026-09-01
S1,S1D_IW_GRDH_1SDV_20260906T140641_20260906T140706_004458_00843A_CB5B,FRD,2026-09-06
S1,S1D_IW_GRDH_1SDV_20260908T015128_20260908T015153_004480_008502_E1A2,FRD,2026-09-08
S1,S1D_IW_GRDH_1SDV_20260913T015929_20260913T015954_004553_008786_10EA,FRD,2026-09-13
S2,20260801T184921_20260801T190145_T10TGK,FRD,2026-08-01
S2,20260801T184921_20260801T190145_T11TKE,FRD,2026-08-01
S2,20260803T183919_20260803T185235_T10TGK,FRD,2026-08-03
S2,20260803T183919_20260803T185235_T11TKE,FRD,2026-08-03
S2,20260803T185831_20260803T185829_T10TGK,FRD,2026-08-03
S2,20260803T185831_20260803T185829_T11TKE,FRD,2026-08-03
S2,20260806T184919_20260806T185546_T10TGK,FRD,2026-08-06
S2,20260806T184919_20260806T185546_T11TKE,FRD,2026-08-06
S2,20260808T183921_20260808T185047_T10TGK,FRD,2026-08-08
S2,20260808T183921_20260808T185047_T11TKE,FRD,2026-08-08
S2,20260810T184831_20260810T185107_T10TGK,FRD,2026-08-10
S2,20260810T184831_20260810T185107_T11TKE,FRD,2026-08-10
S2,20260811T184921_20260811T185238_T10TGK,FRD,2026-08-11
S2,20260811T184921_20260811T185238_T11TKE,FRD,2026-08-11
S2,20260813T183919_20260813T185306_T10TGK,FRD,2026-08-13
S2,20260813T183919_20260813T185306_T11TKE,FRD,2026-08-13
S2,20260816T184919_20260816T185439_T10TGK,FRD,2026-08-16
S2,20260816T184919_20260816T185439_T11TKE,FRD,2026-08-16
S2,20260818T183921_20260818T185049_T10TGK,FRD,2026-08-18
S2,20260818T183921_20260818T185049_T11TKE,FRD,2026-08-18
S2,20260821T184911_20260821T185305_T10TGK,FRD,2026-08-21
S2,20260821T184911_20260821T185305_T11TKE,FRD,2026-08-21
S2,20260823T183919_20260823T185232_T10TGK,FRD,2026-08-23
S2,20260823T183919_20260823T185232_T11TKE,FRD,2026-08-23
S2,20260823T185831_20260823T185826_T10TGK,FRD,2026-08-23
S2,20260823T185831_20260823T185826_T11TKE,FRD,2026-08-23
S2,20260826T184919_20260826T185818_T10TGK,FRD,2026-08-26
S2,20260826T184919_20260826T185818_T11TKE,FRD,2026-08-26
S2,20260828T183921_20260828T185049_T10TGK,FRD,2026-08-28
S2,20260828T183921_20260828T185049_T11TKE,FRD,2026-08-28
S2,20260830T184831_20260830T184827_T10TGK,FRD,2026-08-30
S2,20260830T184831_20260830T184827_T11TKE,FRD,2026-08-30
S2,20260831T184921_20260831T185400_T10TGK,FRD,2026-08-31
S2,20260831T184921_20260831T185400_T11TKE,FRD,2026-08-31
S2,20260902T183919_20260902T184903_T10TGK,FRD,2026-09-02
S2,20260902T183919_20260902T184903_T11TKE,FRD,2026-09-02
S2,20260905T184919_20260905T185254_T10TGK,FRD,2026-09-05
S2,20260905T184919_20260905T185254_T11TKE,FRD,2026-09-05
S2,20260907T183921_20260907T185201_T10TGK,FRD,2026-09-07
S2,20260907T183921_20260907T185201_T11TKE,FRD,2026-09-07
S2,20260910T184931_20260910T185718_T10TGK,FRD,2026-09-10
S2,20260910T184931_20260910T185718_T11TKE,FRD,2026-09-10
S2,20260912T183919_20260912T185056_T10TGK,FRD,2026-09-12
S2,20260912T183919_20260912T185056_T11TKE,FRD,2026-09-12
S2,20260912T185831_20260912T190031_T10TGK,FRD,2026-09-12
S2,20260912T185831_20260912T190031_T11TKE,FRD,2026-09-12
S1,S1C_IW_GRDH_1SDV_20260802T015843_20260802T015908_008810_01177E_E0F4,ICH,2026-08-02
S1,S1C_IW_GRDH_1SDV_20260807T140630_20260807T140659_008890_011A28_F8AA,ICH,2026-08-07
S1,S1C_IW_GRDH_1SDV_20260814T015844_20260814T015909_008985_011D4A_5810,ICH,2026-08-14
S1,S1C_IW_GRDH_1SDV_20260819T140630_20260819T140700_009065_011FE8_178C,ICH,2026-08-19
S1,S1C_IW_GRDH_1SDV_20260831T140631_20260831T140700_009240_0125C1_16BA,ICH,2026-08-31
S1,S1C_IW_GRDH_1SDV_20260907T015845_20260907T015910_009335_012909_4360,ICH,2026-09-07
S1,S1C_IW_GRDH_1SDV_20260912T140631_20260912T140701_009415_012B9D_61E9,ICH,2026-09-12
S1,S1D_IW_GRDH_1SDV_20260801T140704_20260801T140729_003933_0071F0_00ED,ICH,2026-08-01
S1,S1D_IW_GRDH_1SDV_20260808T015902_20260808T015927_004028_007539_730D,ICH,2026-08-08
S1,S1D_IW_GRDH_1SDV_20260813T140705_20260813T140730_004108_007801_8085,ICH,2026-08-13
S1,S1D_IW_GRDH_1SDV_20260820T015903_20260820T015928_004203_007B3E_BA39,ICH,2026-08-20
S1,S1D_IW_GRDH_1SDV_20260825T140705_20260825T140730_004283_007E21_D302,ICH,2026-08-25
S1,S1D_IW_GRDH_1SDV_20260901T015903_20260901T015928_004378_008169_05E3,ICH,2026-09-01
S1,S1D_IW_GRDH_1SDV_20260906T140706_20260906T140731_004458_00843A_CC67,ICH,2026-09-06
S1,S1D_IW_GRDH_1SDV_20260913T015904_20260913T015929_004553_008786_000D,ICH,2026-09-13
S2,20260801T184921_20260801T190145_T10SGJ,ICH,2026-08-01
S2,20260801T184921_20260801T190145_T11SKD,ICH,2026-08-01
S2,20260803T183919_20260803T185235_T10SGJ,ICH,2026-08-03
S2,20260803T183919_20260803T185235_T11SKD,ICH,2026-08-03
S2,20260803T185831_20260803T185829_T10SGJ,ICH,2026-08-03
S2,20260803T185831_20260803T185829_T11SKD,ICH,2026-08-03
S2,20260806T184919_20260806T185546_T10SGJ,ICH,2026-08-06
S2,20260806T184919_20260806T185546_T11SKD,ICH,2026-08-06
S2,20260808T183921_20260808T185047_T10SGJ,ICH,2026-08-08
S2,20260808T183921_20260808T185047_T11SKD,ICH,2026-08-08
S2,20260810T184831_20260810T185107_T10SGJ,ICH,2026-08-10
S2,20260810T184831_20260810T185107_T11SKD,ICH,2026-08-10
S2,20260811T184921_20260811T185238_T10SGJ,ICH,2026-08-11
S2,20260811T184921_20260811T185238_T11SKD,ICH,2026-08-11
S2,20260813T183919_20260813T185306_T10SGJ,ICH,2026-08-13
S2,20260813T183919_20260813T185306_T11SKD,ICH,2026-08-13
S2,20260816T184919_20260816T185439_T10SGJ,ICH,2026-08-16
S2,20260816T184919_20260816T185439_T11SKD,ICH,2026-08-16
S2,20260818T183921_20260818T185049_T10SGJ,ICH,2026-08-18
S2,20260818T183921_20260818T185049_T11SKD,ICH,2026-08-18
S2,20260821T184911_20260821T185305_T10SGJ,ICH,2026-08-21
S2,20260821T184911_20260821T185305_T11SKD,ICH,2026-08-21
S2,20260823T183919_20260823T185232_T10SGJ,ICH,2026-08-23
S2,20260823T183919_20260823T185232_T11SKD,ICH,2026-08-23
S2,20260823T185831_20260823T185826_T10SGJ,ICH,2026-08-23
S2,20260823T185831_20260823T185826_T11SKD,ICH,2026-08-23
S2,20260826T184919_20260826T185818_T10SGJ,ICH,2026-08-26
S2,20260826T184919_20260826T185818_T11SKD,ICH,2026-08-26
S2,20260828T183921_20260828T185049_T10SGJ,ICH,2026-08-28
S2,20260828T183921_20260828T185049_T11SKD,ICH,2026-08-28
S2,20260830T184831_20260830T184827_T10SGJ,ICH,2026-08-30
S2,20260830T184831_20260830T184827_T11SKD,ICH,2026-08-30
S2,20260831T184921_20260831T185400_T10SGJ,ICH,2026-08-31
S2,20260831T184921_20260831T185400_T11SKD,ICH,2026-08-31
S2,20260902T183919_20260902T184903_T10SGJ,ICH,2026-09-02
S2,20260902T183919_20260902T184903_T11SKD,ICH,2026-09-02
S2,20260905T184919_20260905T185254_T10SGJ,ICH,2026-09-05
S2,20260905T184919_20260905T185254_T11SKD,ICH,2026-09-05
S2,20260907T183921_20260907T185201_T10SGJ,ICH,2026-09-07
S2,20260907T183921_20260907T185201_T11SKD,ICH,2026-09-07
S2,20260910T184931_20260910T185718_T10SGJ,ICH,2026-09-10
S2,20260910T184931_20260910T185718_T11SKD,ICH,2026-09-10
S2,20260912T183919_20260912T185056_T10SGJ,ICH,2026-09-12
S2,20260912T183919_20260912T185056_T11SKD,ICH,2026-09-12
S2,20260912T185831_20260912T190031_T10SGJ,ICH,2026-09-12
S2,20260912T185831_20260912T190031_T11SKD,ICH,2026-09-12
S1,S1C_IW_GRDH_1SDV_20260802T015818_20260802T015843_008810_01177E_2F9F,LBS,2026-08-02
S1,S1C_IW_GRDH_1SDV_20260807T020631_20260807T020656_008883_0119EE_113F,LBS,2026-08-07
S1,S1C_IW_GRDH_1SDV_20260807T140724_20260807T140749_008890_011A28_F0FA,LBS,2026-08-07
S1,S1C_IW_GRDH_1SDV_20260814T015819_20260814T015844_008985_011D4A_BFF3,LBS,2026-08-14
S1,S1C_IW_GRDH_1SDV_20260819T020632_20260819T020657_009058_011FAD_814D,LBS,2026-08-19
S1,S1C_IW_GRDH_1SDV_20260819T140725_20260819T140750_009065_011FE8_51B1,LBS,2026-08-19
S1,S1C_IW_GRDH_1SDV_20260831T020633_20260831T020658_009233_012587_517F,LBS,2026-08-31
S1,S1C_IW_GRDH_1SDV_20260831T140725_20260831T140750_009240_0125C1_302A,LBS,2026-08-31
S1,S1C_IW_GRDH_1SDV_20260907T015820_20260907T015845_009335_012909_916B,LBS,2026-09-07
S1,S1C_IW_GRDH_1SDV_20260912T020633_20260912T020658_009408_012B64_82B7,LBS,2026-09-12
S1,S1C_IW_GRDH_1SDV_20260912T140726_20260912T140751_009415_012B9D_FB06,LBS,2026-09-12
S1,S1D_IW_GRDH_1SDV_20260801T020658_20260801T020723_003926_0071AF_EF10,LBS,2026-08-01
S1,S1D_IW_GRDH_1SDV_20260801T140729_20260801T140754_003933_0071F0_19C8,LBS,2026-08-01
S1,S1D_IW_GRDH_1SDV_20260808T015837_20260808T015902_004028_007539_870B,LBS,2026-08-08
S1,S1D_IW_GRDH_1SDV_20260813T020659_20260813T020724_004101_0077C3_C7D3,LBS,2026-08-13
S1,S1D_IW_GRDH_1SDV_20260813T140730_20260813T140755_004108_007801_8ABF,LBS,2026-08-13
S1,S1D_IW_GRDH_1SDV_20260820T015838_20260820T015903_004203_007B3E_CBE2,LBS,2026-08-20
S1,S1D_IW_GRDH_1SDV_20260825T020659_20260825T020724_004276_007DE1_1975,LBS,2026-08-25
S1,S1D_IW_GRDH_1SDV_20260825T140730_20260825T140755_004283_007E21_BC14,LBS,2026-08-25
S1,S1D_IW_GRDH_1SDV_20260901T015838_20260901T015903_004378_008169_DC42,LBS,2026-09-01
S1,S1D_IW_GRDH_1SDV_20260906T020700_20260906T020724_004451_0083FB_1C37,LBS,2026-09-06
S1,S1D_IW_GRDH_1SDV_20260906T140731_20260906T140756_004458_00843A_0A9A,LBS,2026-09-06
S1,S1D_IW_GRDH_1SDV_20260913T015839_20260913T015904_004553_008786_A0B1,LBS,2026-09-13
S2,20260801T184921_20260801T190145_T10SFF,LBS,2026-08-01
S2,20260801T184921_20260801T190145_T10SFG,LBS,2026-08-01
S2,20260803T183919_20260803T185235_T10SFF,LBS,2026-08-03
S2,20260803T183919_20260803T185235_T10SFG,LBS,2026-08-03
S2,20260803T185831_20260803T185829_T10SFF,LBS,2026-08-03
S2,20260803T185831_20260803T185829_T10SFG,LBS,2026-08-03
S2,20260806T184919_20260806T185546_T10SFF,LBS,2026-08-06
S2,20260806T184919_20260806T185546_T10SFG,LBS,2026-08-06
S2,20260808T183921_20260808T185047_T10SFF,LBS,2026-08-08
S2,20260808T183921_20260808T185047_T10SFG,LBS,2026-08-08
S2,20260810T184831_20260810T185107_T10SFF,LBS,2026-08-10
S2,20260810T184831_20260810T185107_T10SFG,LBS,2026-08-10
S2,20260811T184921_20260811T190400_T10SFF,LBS,2026-08-11
S2,20260811T184921_20260811T190400_T10SFG,LBS,2026-08-11
S2,20260813T183919_20260813T185306_T10SFF,LBS,2026-08-13
S2,20260813T183919_20260813T185306_T10SFG,LBS,2026-08-13
S2,20260816T184919_20260816T185439_T10SFF,LBS,2026-08-16
S2,20260816T184919_20260816T185439_T10SFG,LBS,2026-08-16
S2,20260818T183921_20260818T185049_T10SFF,LBS,2026-08-18
S2,20260818T183921_20260818T185049_T10SFG,LBS,2026-08-18
S2,20260821T184911_20260821T185305_T10SFF,LBS,2026-08-21
S2,20260821T184911_20260821T185305_T10SFG,LBS,2026-08-21
S2,20260823T183919_20260823T185232_T10SFF,LBS,2026-08-23
S2,20260823T183919_20260823T185232_T10SFG,LBS,2026-08-23
S2,20260823T185831_20260823T190412_T10SFF,LBS,2026-08-23
S2,20260823T185831_20260823T190412_T10SFG,LBS,2026-08-23
S2,20260826T184919_20260826T185818_T10SFF,LBS,2026-08-26
S2,20260826T184919_20260826T185818_T10SFG,LBS,2026-08-26
S2,20260828T183921_20260828T185049_T10SFF,LBS,2026-08-28
S2,20260828T183921_20260828T185049_T10SFG,LBS,2026-08-28
S2,20260830T184831_20260830T184827_T10SFF,LBS,2026-08-30
S2,20260830T184831_20260830T184827_T10SFG,LBS,2026-08-30
S2,20260831T184921_20260831T185400_T10SFF,LBS,2026-08-31
S2,20260831T184921_20260831T185400_T10SFG,LBS,2026-08-31
S2,20260902T183919_20260902T184903_T10SFF,LBS,2026-09-02
S2,20260902T183919_20260902T184903_T10SFG,LBS,2026-09-02
S2,20260905T184919_20260905T185254_T10SFF,LBS,2026-09-05
S2,20260905T184919_20260905T185254_T10SFG,LBS,2026-09-05
S2,20260907T183921_20260907T185201_T10SFF,LBS,2026-09-07
S2,20260907T183921_20260907T185201_T10SFG,LBS,2026-09-07
S2,20260910T184931_20260910T185718_T10SFF,LBS,2026-09-10
S2,20260910T184931_20260910T185718_T10SFG,LBS,2026-09-10
S2,20260912T183919_20260912T185056_T10SFF,LBS,2026-09-12
S2,20260912T183919_20260912T185056_T10SFG,LBS,2026-09-12
S2,20260912T185831_20260912T190031_T10SFF,LBS,2026-09-12
S2,20260912T185831_20260912T190031_T10SFG,LBS,2026-09-12
S1,S1C_IW_GRDH_1SDV_20260802T015933_20260802T015958_008810_01177E_BA83,KES,2026-08-02
S1,S1C_IW_GRDH_1SDV_20260814T015934_20260814T015959_008985_011D4A_D5AF,KES,2026-08-14
S1,S1C_IW_GRDH_1SDV_20260907T015935_20260907T020000_009335_012909_779E,KES,2026-09-07
S1,S1D_IW_GRDH_1SDV_20260808T015952_20260808T020025_004028_007539_CA7B,KES,2026-08-08
S1,S1D_IW_GRDH_1SDV_20260820T015953_20260820T020026_004203_007B3E_962F,KES,2026-08-20
S1,S1D_IW_GRDH_1SDV_20260901T015953_20260901T020026_004378_008169_FDBF,KES,2026-09-01
S1,S1D_IW_GRDH_1SDV_20260913T015954_20260913T020027_004553_008786_DC23,KES,2026-09-13
S1,S1C_IW_GRDH_1SDV_20260802T015908_20260802T015933_008810_01177E_4EF2,ANT,2026-08-02
S1,S1C_IW_GRDH_1SDV_20260807T140630_20260807T140659_008890_011A28_F8AA,ANT,2026-08-07
S1,S1C_IW_GRDH_1SDV_20260814T015909_20260814T015934_008985_011D4A_D3CC,ANT,2026-08-14
S1,S1C_IW_GRDH_1SDV_20260819T140630_20260819T140700_009065_011FE8_178C,ANT,2026-08-19
S1,S1C_IW_GRDH_1SDV_20260831T140631_20260831T140700_009240_0125C1_16BA,ANT,2026-08-31
S1,S1C_IW_GRDH_1SDV_20260907T015910_20260907T015935_009335_012909_3A30,ANT,2026-09-07
S1,S1C_IW_GRDH_1SDV_20260912T140631_20260912T140701_009415_012B9D_61E9,ANT,2026-09-12
S1,S1D_IW_GRDH_1SDV_20260801T140639_20260801T140704_003933_0071F0_37EB,ANT,2026-08-01
S1,S1D_IW_GRDH_1SDV_20260808T015927_20260808T015952_004028_007539_2326,ANT,2026-08-08
S1,S1D_IW_GRDH_1SDV_20260813T140640_20260813T140705_004108_007801_313F,ANT,2026-08-13
S1,S1D_IW_GRDH_1SDV_20260820T015928_20260820T015953_004203_007B3E_CB34,ANT,2026-08-20
S1,S1D_IW_GRDH_1SDV_20260825T140640_20260825T140705_004283_007E21_2AE2,ANT,2026-08-25
S1,S1D_IW_GRDH_1SDV_20260901T015928_20260901T015953_004378_008169_562A,ANT,2026-09-01
S1,S1D_IW_GRDH_1SDV_20260906T140641_20260906T140706_004458_00843A_CB5B,ANT,2026-09-06
S1,S1D_IW_GRDH_1SDV_20260913T015929_20260913T015954_004553_008786_10EA,ANT,2026-09-13
S2,20260801T184921_20260801T190145_T10TFK,ANT,2026-08-01
S2,20260801T184921_20260801T190145_T10TGK,ANT,2026-08-01
S2,20260803T185831_20260803T185829_T10TFK,ANT,2026-08-03
S2,20260803T185831_20260803T185829_T10TGK,ANT,2026-08-03
S2,20260806T184919_20260806T185546_T10TFK,ANT,2026-08-06
S2,20260806T184919_20260806T185546_T10TGK,ANT,2026-08-06
S2,20260811T184921_20260811T185238_T10TFK,ANT,2026-08-11
S2,20260811T184921_20260811T185238_T10TGK,ANT,2026-08-11
S2,20260816T184919_20260816T185439_T10TFK,ANT,2026-08-16
S2,20260816T184919_20260816T185439_T10TGK,ANT,2026-08-16
S2,20260821T184911_20260821T185305_T10TFK,ANT,2026-08-21
S2,20260821T184911_20260821T185305_T10TGK,ANT,2026-08-21
S2,20260823T185831_20260823T185826_T10TFK,ANT,2026-08-23
S2,20260823T185831_20260823T185826_T10TGK,ANT,2026-08-23
S2,20260826T184919_20260826T185818_T10TFK,ANT,2026-08-26
S2,20260826T184919_20260826T185818_T10TGK,ANT,2026-08-26
S2,20260831T184921_20260831T185400_T10TFK,ANT,2026-08-31
S2,20260831T184921_20260831T185400_T10TGK,ANT,2026-08-31
S2,20260905T184919_20260905T185254_T10TFK,ANT,2026-09-05
S2,20260905T184919_20260905T185254_T10TGK,ANT,2026-09-05
S2,20260910T184931_20260910T185718_T10TFK,ANT,2026-09-10
S2,20260910T184931_20260910T185718_T10TGK,ANT,2026-09-10
S2,20260912T185831_20260912T190031_T10TFK,ANT,2026-09-12
S2,20260912T185831_20260912T190031_T10TGK,ANT,2026-09-12
S1,S1C_IW_GRDH_1SDV_20260802T015908_20260802T015933_008810_01177E_4EF2,INP,2026-08-02
S1,S1C_IW_GRDH_1SDV_20260807T140630_20260807T140659_008890_011A28_F8AA,INP,2026-08-07
S1,S1C_IW_GRDH_1SDV_20260814T015909_20260814T015934_008985_011D4A_D3CC,INP,2026-08-14
S1,S1C_IW_GRDH_1SDV_20260819T140630_20260819T140700_009065_011FE8_178C,INP,2026-08-19
S1,S1C_IW_GRDH_1SDV_20260831T140631_20260831T140700_009240_0125C1_16BA,INP,2026-08-31
S1,S1C_IW_GRDH_1SDV_20260907T015910_20260907T015935_009335_012909_3A30,INP,2026-09-07
S1,S1C_IW_GRDH_1SDV_20260912T140631_20260912T140701_009415_012B9D_61E9,INP,2026-09-12
S1,S1D_IW_GRDH_1SDV_20260801T140639_20260801T140704_003933_0071F0_37EB,INP,2026-08-01
S1,S1D_IW_GRDH_1SDV_20260808T015927_20260808T015952_004028_007539_2326,INP,2026-08-08
S1,S1D_IW_GRDH_1SDV_20260813T140640_20260813T140705_004108_007801_313F,INP,2026-08-13
S1,S1D_IW_GRDH_1SDV_20260820T015928_20260820T015953_004203_007B3E_CB34,INP,2026-08-20
S1,S1D_IW_GRDH_1SDV_20260825T140640_20260825T140705_004283_007E21_2AE2,INP,2026-08-25
S1,S1D_IW_GRDH_1SDV_20260901T015928_20260901T015953_004378_008169_562A,INP,2026-09-01
S1,S1D_IW_GRDH_1SDV_20260906T140641_20260906T140706_004458_00843A_CB5B,INP,2026-09-06
S1,S1D_IW_GRDH_1SDV_20260913T015929_20260913T015954_004553_008786_10EA,INP,2026-09-13
S2,20260801T184921_20260801T190145_T10SGJ,INP,2026-08-01
S2,20260801T184921_20260801T190145_T11SKD,INP,2026-08-01
S2,20260803T183919_20260803T185235_T10SGJ,INP,2026-08-03
S2,20260803T183919_20260803T185235_T11SKD,INP,2026-08-03
S2,20260803T185831_20260803T185829_T10SGJ,INP,2026-08-03
S2,20260803T185831_20260803T185829_T11SKD,INP,2026-08-03
S2,20260806T184919_20260806T185546_T10SGJ,INP,2026-08-06
S2,20260806T184919_20260806T185546_T11SKD,INP,2026-08-06
S2,20260808T183921_20260808T185047_T10SGJ,INP,2026-08-08
S2,20260808T183921_20260808T185047_T11SKD,INP,2026-08-08
S2,20260810T184831_20260810T185107_T10SGJ,INP,2026-08-10
S2,20260810T184831_20260810T185107_T11SKD,INP,2026-08-10
S2,20260811T184921_20260811T185238_T10SGJ,INP,2026-08-11
S2,20260811T184921_20260811T185238_T11SKD,INP,2026-08-11
S2,20260813T183919_20260813T185306_T10SGJ,INP,2026-08-13
S2,20260813T183919_20260813T185306_T11SKD,INP,2026-08-13
S2,20260816T184919_20260816T185439_T10SGJ,INP,2026-08-16
S2,20260816T184919_20260816T185439_T11SKD,INP,2026-08-16
S2,20260818T183921_20260818T185049_T10SGJ,INP,2026-08-18
S2,20260818T183921_20260818T185049_T11SKD,INP,2026-08-18
S2,20260821T184911_20260821T185305_T10SGJ,INP,2026-08-21
S2,20260821T184911_20260821T185305_T11SKD,INP,2026-08-21
S2,20260823T183919_20260823T185232_T10SGJ,INP,2026-08-23
S2,20260823T183919_20260823T185232_T11SKD,INP,2026-08-23
S2,20260823T185831_20260823T185826_T10SGJ,INP,2026-08-23
S2,20260823T185831_20260823T185826_T11SKD,INP,2026-08-23
S2,20260826T184919_20260826T185818_T10SGJ,INP,2026-08-26
S2,20260826T184919_20260826T185818_T11SKD,INP,2026-08-26
S2,20260828T183921_20260828T185049_T10SGJ,INP,2026-08-28
S2,20260828T183921_20260828T185049_T11SKD,INP,2026-08-28
S2,20260830T184831_20260830T184827_T10SGJ,INP,2026-08-30
S2,20260830T184831_20260830T184827_T11SKD,INP,2026-08-30
S2,20260831T184921_20260831T185400_T10SGJ,INP,2026-08-31
S2,20260831T184921_20260831T185400_T11SKD,INP,2026-08-31
S2,20260902T183919_20260902T184903_T10SGJ,INP,2026-09-02
S2,20260902T183919_20260902T184903_T11SKD,INP,2026-09-02
S2,20260905T184919_20260905T185254_T10SGJ,INP,2026-09-05
S2,20260905T184919_20260905T185254_T11SKD,INP,2026-09-05
S2,20260907T183921_20260907T185201_T10SGJ,INP,2026-09-07
S2,20260907T183921_20260907T185201_T11SKD,INP,2026-09-07
S2,20260910T184931_20260910T185718_T10SGJ,INP,2026-09-10
S2,20260910T184931_20260910T185718_T11SKD,INP,2026-09-10
S2,20260912T183919_20260912T185056_T10SGJ,INP,2026-09-12
S2,20260912T183919_20260912T185056_T11SKD,INP,2026-09-12
S2,20260912T185831_20260912T190031_T10SGJ,INP,2026-09-12
S2,20260912T185831_20260912T190031_T11SKD,INP,2026-09-12
S1,S1C_IW_GRDH_1SDV_20260802T015908_20260802T015933_008810_01177E_4EF2,DNN,2026-08-02
S1,S1C_IW_GRDH_1SDV_20260807T140630_20260807T140659_008890_011A28_F8AA,DNN,2026-08-07
S1,S1C_IW_GRDH_1SDV_20260814T015909_20260814T015934_008985_011D4A_D3CC,DNN,2026-08-14
S1,S1C_IW_GRDH_1SDV_20260819T140630_20260819T140700_009065_011FE8_178C,DNN,2026-08-19
S1,S1C_IW_GRDH_1SDV_20260831T140631_20260831T140700_009240_0125C1_16BA,DNN,2026-08-31
S1,S1C_IW_GRDH_1SDV_20260907T015910_20260907T015935_009335_012909_3A30,DNN,2026-09-07
S1,S1C_IW_GRDH_1SDV_20260912T140631_20260912T140701_009415_012B9D_61E9,DNN,2026-09-12
S1,S1D_IW_GRDH_1SDV_20260801T140639_20260801T140704_003933_0071F0_37EB,DNN,2026-08-01
S1,S1D_IW_GRDH_1SDV_20260808T015927_20260808T015952_004028_007539_2326,DNN,2026-08-08
S1,S1D_IW_GRDH_1SDV_20260813T140640_20260813T140705_004108_007801_313F,DNN,2026-08-13
S1,S1D_IW_GRDH_1SDV_20260820T015928_20260820T015953_004203_007B3E_CB34,DNN,2026-08-20
S1,S1D_IW_GRDH_1SDV_20260825T140640_20260825T140705_004283_007E21_2AE2,DNN,2026-08-25
S1,S1D_IW_GRDH_1SDV_20260901T015928_20260901T015953_004378_008169_562A,DNN,2026-09-01
S1,S1D_IW_GRDH_1SDV_20260906T140641_20260906T140706_004458_00843A_CB5B,DNN,2026-09-06
S1,S1D_IW_GRDH_1SDV_20260913T015929_20260913T015954_004553_008786_10EA,DNN,2026-09-13
S2,20260801T184921_20260801T190145_T10SGJ,DNN,2026-08-01
S2,20260801T184921_20260801T190145_T11SKD,DNN,2026-08-01
S2,20260803T183919_20260803T185235_T10SGJ,DNN,2026-08-03
S2,20260803T183919_20260803T185235_T11SKD,DNN,2026-08-03
S2,20260803T185831_20260803T185829_T10SGJ,DNN,2026-08-03
S2,20260803T185831_20260803T185829_T11SKD,DNN,2026-08-03
S2,20260806T184919_20260806T185546_T10SGJ,DNN,2026-08-06
S2,20260806T184919_20260806T185546_T11SKD,DNN,2026-08-06
S2,20260808T183921_20260808T185047_T10SGJ,DNN,2026-08-08
S2,20260808T183921_20260808T185047_T11SKD,DNN,2026-08-08
S2,20260810T184831_20260810T185107_T10SGJ,DNN,2026-08-10
S2,20260810T184831_20260810T185107_T11SKD,DNN,2026-08-10
S2,20260811T184921_20260811T185238_T10SGJ,DNN,2026-08-11
S2,20260811T184921_20260811T185238_T11SKD,DNN,2026-08-11
S2,20260813T183919_20260813T185306_T10SGJ,DNN,2026-08-13
S2,20260813T183919_20260813T185306_T11SKD,DNN,2026-08-13
S2,20260816T184919_20260816T185439_T10SGJ,DNN,2026-08-16
S2,20260816T184919_20260816T185439_T11SKD,DNN,2026-08-16
S2,20260818T183921_20260818T185049_T10SGJ,DNN,2026-08-18
S2,20260818T183921_20260818T185049_T11SKD,DNN,2026-08-18
S2,20260821T184911_20260821T185305_T10SGJ,DNN,2026-08-21
S2,20260821T184911_20260821T185305_T11SKD,DNN,2026-08-21
S2,20260823T183919_20260823T185232_T10SGJ,DNN,2026-08-23
S2,20260823T183919_20260823T185232_T11SKD,DNN,2026-08-23
S2,20260823T185831_20260823T185826_T10SGJ,DNN,2026-08-23
S2,20260823T185831_20260823T185826_T11SKD,DNN,2026-08-23
S2,20260826T184919_20260826T185818_T10SGJ,DNN,2026-08-26
S2,20260826T184919_20260826T185818_T11SKD,DNN,2026-08-26
S2,20260828T183921_20260828T185049_T10SGJ,DNN,2026-08-28
S2,20260828T183921_20260828T185049_T11SKD,DNN,2026-08-28
S2,20260830T184831_20260830T184827_T10SGJ,DNN,2026-08-30
S2,20260830T184831_20260830T184827_T11SKD,DNN,2026-08-30
S2,20260831T184921_20260831T185400_T10SGJ,DNN,2026-08-31
S2,20260831T184921_20260831T185400_T11SKD,DNN,2026-08-31
S2,20260902T183919_20260902T184903_T10SGJ,DNN,2026-09-02
S2,20260902T183919_20260902T184903_T11SKD,DNN,2026-09-02
S2,20260905T184919_20260905T185254_T10SGJ,DNN,2026-09-05
S2,20260905T184919_20260905T185254_T11SKD,DNN,2026-09-05
S2,20260907T183921_20260907T185201_T10SGJ,DNN,2026-09-07
S2,20260907T183921_20260907T185201_T11SKD,DNN,2026-09-07
S2,20260910T184931_20260910T185718_T10SGJ,DNN,2026-09-10
S2,20260910T184931_20260910T185718_T11SKD,DNN,2026-09-10
S2,20260912T183919_20260912T185056_T10SGJ,DNN,2026-09-12
S2,20260912T183919_20260912T185056_T11SKD,DNN,2026-09-12
S2,20260912T185831_20260912T190031_T10SGJ,DNN,2026-09-12
S2,20260912T185831_20260912T190031_T11SKD,DNN,2026-09-12
S1,S1C_IW_GRDH_1SDV_20260802T015843_20260802T015908_008810_01177E_E0F4,NAT,2026-08-02
S1,S1C_IW_GRDH_1SDV_20260807T020656_20260807T020721_008883_0119EE_DD62,NAT,2026-08-07
S1,S1C_IW_GRDH_1SDV_20260814T015844_20260814T015909_008985_011D4A_5810,NAT,2026-08-14
S1,S1C_IW_GRDH_1SDV_20260819T020657_20260819T020722_009058_011FAD_E31A,NAT,2026-08-19
S1,S1C_IW_GRDH_1SDV_20260831T020658_20260831T020723_009233_012587_45DB,NAT,2026-08-31
S1,S1C_IW_GRDH_1SDV_20260907T015845_20260907T015910_009335_012909_4360,NAT,2026-09-07
S1,S1C_IW_GRDH_1SDV_20260912T020658_20260912T020723_009408_012B64_8777,NAT,2026-09-12
S1,S1D_IW_GRDH_1SDV_20260801T020723_20260801T020748_003926_0071AF_7D1F,NAT,2026-08-01
S1,S1D_IW_GRDH_1SDV_20260801T140704_20260801T140729_003933_0071F0_00ED,NAT,2026-08-01
S1,S1D_IW_GRDH_1SDV_20260808T015902_20260808T015927_004028_007539_730D,NAT,2026-08-08
S1,S1D_IW_GRDH_1SDV_20260813T020724_20260813T020749_004101_0077C3_9008,NAT,2026-08-13
S1,S1D_IW_GRDH_1SDV_20260813T140705_20260813T140730_004108_007801_8085,NAT,2026-08-13
S1,S1D_IW_GRDH_1SDV_20260820T015903_20260820T015928_004203_007B3E_BA39,NAT,2026-08-20
S1,S1D_IW_GRDH_1SDV_20260825T020724_20260825T020749_004276_007DE1_CDE9,NAT,2026-08-25
S1,S1D_IW_GRDH_1SDV_20260825T140705_20260825T140730_004283_007E21_D302,NAT,2026-08-25
S1,S1D_IW_GRDH_1SDV_20260901T015903_20260901T015928_004378_008169_05E3,NAT,2026-09-01
S1,S1D_IW_GRDH_1SDV_20260906T020725_20260906T020750_004451_0083FB_1B29,NAT,2026-09-06
S1,S1D_IW_GRDH_1SDV_20260906T140706_20260906T140731_004458_00843A_CC67,NAT,2026-09-06
S1,S1D_IW_GRDH_1SDV_20260913T015904_20260913T015929_004553_008786_000D,NAT,2026-09-13
S2,20260801T184921_20260801T190145_T10SFH,NAT,2026-08-01
S2,20260803T185831_20260803T185829_T10SFH,NAT,2026-08-03
S2,20260806T184919_20260806T185546_T10SFH,NAT,2026-08-06
S2,20260811T184921_20260811T185238_T10SFH,NAT,2026-08-11
S2,20260816T184919_20260816T185439_T10SFH,NAT,2026-08-16
S2,20260821T184911_20260821T185305_T10SFH,NAT,2026-08-21
S2,20260823T185831_20260823T185826_T10SFH,NAT,2026-08-23
S2,20260826T184919_20260826T185818_T10SFH,NAT,2026-08-26
S2,20260831T184921_20260831T185400_T10SFH,NAT,2026-08-31
S2,20260905T184919_20260905T185254_T10SFH,NAT,2026-09-05
S2,20260910T184931_20260910T185718_T10SFH,NAT,2026-09-10
S2,20260912T185831_20260912T190031_T10SFH,NAT,2026-09-12
