{
  "type": "FeatureCollection",
  "features": [
    {
      "type": "Feature",
      "properties": {
        "reservoir_name": "BLACK BUTTE",
        "cdec_station_id": "BLB",
        "source": "osm_tight_polygon_75m_buffer"
      },
      "geometry": {
        "type": "Polygon",
        "coordinates": [
          [
            [
              -122.41479772331571,
              39.80735213588572
            ],
            [
              -122.4147449249535,
              39.80734919851158
            ],
            [
              -122.41466460455624,
              39.807338884667224
            ],
            [
              -122.41458587253338,
              39.807322864353964
            ],
            [
              -122.41448807171551,
              39.80729916412922
            ],
            [
              -122.41444058159323,
              39.807286490664424
            ],
            [
              -122.41412305363366,
              39.80719380671905
            ],
            [
              -122.41351046374444,
              39.80703511374273
            ],
            [
              -122.41308716806337,
              39.80698415104957
            ],
            [
              -122.41308069843363,
              39.806983353003005
            ],
            [
              -122.41101538738262,
              39.80672245991028
            ],
            [
              -122.4096437867743,
              39.80704966315136
            ],
            [
              -122.40956778541135,
              39.80706495094148
            ],
            [
              -122.4083661743836,
              39.80726275273202
            ],
            [
              -122.40828734627351,
              39.80727285466777
            ],
            [
              -122.40820765265158,
              39.80727737535036
            ],
            [
              -122.40812775645213,
              39.80727627717448
            ],
            [
              -122.4080483222949,
              39.80726956927551
            ],
            [
              -122.40797001095562,
              39.807257307453455
            ],
            [
              -122.40789347386904,
              39.80723959370882
            ],
            [
              -122.40738048548937,
              39.80710090503538
            ],
            [
              -122.40702233811108,
              39.807111844721916
            ],
            [
              -122.40671284725549,
              39.807222886320325
            ],
            [
              -122.40662773926593,
              39.807249334783215
            ],
            [
              -122.4065395114885,
              39.80726877321581
            ],
            [
              -122.40644913162211,
              39.80728098841349
            ],
            [
              -122.40635759097223,
              39.807285846397534
            ],
            [
              -122.40626564162221,
              39.8072870032528
            ],
            [
              -122.4062989895175,
              39.8073306911496
            ],
            [
              -122.40633378544078,
              39.8073879163471
            ],
            [
              -122.40636149669749,
              39.80744739863825
            ],
            [
              -122.40638188082788,
              39.80750861762239
            ],
            [
              -122.40639475947441,
              39.80757103770349
            ],
            [
              -122.40640001994288,
              39.807634112775816
            ],
            [
              -122.40639761618905,
              39.80769729100171
            ],
            [
              -122.4063868175612,
              39.80780649109221
            ],
            [
              -122.40637608771934,
              39.8078722519553
            ],
            [
              -122.40635705629737,
              39.80793688576877
            ],
            [
              -122.40632990636817,
              39.80799977070941
            ],
            [
              -122.40629489911235,
              39.808060301777864
            ],
            [
              -122.40625237130634,
              39.808117896619216
            ],
            [
              -122.40620273208292,
              39.808172001125904
            ],
            [
              -122.40614645899569,
              39.80822209476888
            ],
            [
              -122.40608409342482,
              39.808267695605814
            ],
            [
              -122.4060162353689,
              39.808308364918055
            ],
            [
              -122.4059435376724,
              39.80834371143168
            ],
            [
              -122.40586669974473,
              39.80837339508216
            ],
            [
              -122.40578646083102,
              39.80839713028635
            ],
            [
              -122.40570359289957,
              39.80841468869025
            ],
            [
              -122.40561889321425,
              39.80842590136611
            ],
            [
              -122.40550899215937,
              39.80843620145724
            ],
            [
              -122.4054180609686,
              39.808441040187766
            ],
            [
              -122.4053269700274,
              39.80843856689028
            ],
            [
              -122.40523670517479,
              39.80842880833246
            ],
            [
              -122.4051482433085,
              39.8084118701272
            ],
            [
              -122.40506254181167,
              39.80838793558958
            ],
            [
              -122.40498052819056,
              39.80835726375274
            ],
            [
              -122.4049030900359,
              39.808320186564124
            ],
            [
              -122.40468835090287,
              39.80820501931293
            ],
            [
              -122.40466444265323,
              39.80819847564306
            ],
            [
              -122.40461374348737,
              39.808250271710044
            ],
            [
              -122.40455479911223,
              39.80829948093221
            ],
            [
              -122.4044898263511,
              39.80834394673552
            ],
            [
              -122.40441946383956,
              39.80838323204578
            ],
            [
              -122.4043444031952,
              39.80841695070953
            ],
            [
              -122.40426538221911,
              39.80844477128999
            ],
            [
              -122.40418317764345,
              39.80846642032512
            ],
            [
              -122.40409859749604,
              39.808481685015806
            ],
            [
              -122.40401247315737,
              39.80849041531782
            ],
            [
              -122.40392565118783,
              39.80849252541671
            ],
            [
              -122.40390136308085,
              39.80849125565862
            ],
            [
              -122.40389332918949,
              39.80849892686276
            ],
            [
              -122.40383501431147,
              39.80854488224331
            ],
            [
              -122.40377129974486,
              39.80858635467912
            ],
            [
              -122.40370276242331,
              39.808622968632726
            ],
            [
              -122.4036300229541,
              39.80865439256023
            ],
            [
              -122.40355373999836,
              39.80868034191366
            ],
            [
              -122.40347460430645,
              39.80870058171786
            ],
            [
              -122.40338880355628,
              39.80871908188469
            ],
            [
              -122.40330426007503,
              39.80873387628339
            ],
            [
              -122.4032182347174,
              39.80874215454224
            ],
            [
              -122.40313156970694,
              39.80874383561387
            ],
            [
              -122.40304511353013,
              39.80873890304005
            ],
            [
              -122.40295971262869,
              39.808727405112926
            ],
            [
              -122.40287620311176,
              39.80870945440206
            ],
            [
              -122.4027954025695,
              39.808685226652294
            ],
            [
              -122.40271810206782,
              39.80865495906297
            ],
            [
              -122.4026450584031,
              39.808618947965435
            ],
            [
              -122.40257698669251,
              39.80857754592171
            ],
            [
              -122.40251455337251,
              39.80853115827235
            ],
            [
              -122.40245836967404,
              39.80848023916796
            ],
            [
              -122.40238856997229,
              39.80841023875726
            ],
            [
              -122.40233970473027,
              39.808355928815764
            ],
            [
              -122.4022979539594,
              39.808298196338825
            ],
            [
              -122.40226371720566,
              39.808237593839266
            ],
            [
              -122.40223732210143,
              39.808174701295165
            ],
            [
              -122.40221902123068,
              39.8081101205992
            ],
            [
              -122.40220898971259,
              39.80804446979828
            ],
            [
              -122.4022073235263,
              39.80797837717855
            ],
            [
              -122.4022140385934,
              39.80791247525268
            ],
            [
              -122.40222907062643,
              39.8078473947066
            ],
            [
              -122.402252275745,
              39.807783758363826
            ],
            [
              -122.40230597705752,
              39.807660058753626
            ],
            [
              -122.40234199603078,
              39.807590246571145
            ],
            [
              -122.40238784152194,
              39.80752395003867
            ],
            [
              -122.40244294669631,
              39.80746198880883
            ],
            [
              -122.40278894805544,
              39.80711589086382
            ],
            [
              -122.40282749974628,
              39.80708133581718
            ],
            [
              -122.4027836727265,
              39.807054898653845
            ],
            [
              -122.40231865749014,
              39.806825254258214
            ],
            [
              -122.40201876783739,
              39.806754353623994
            ],
            [
              -122.40119663544219,
              39.80678069339923
            ],
            [
              -122.40052437758561,
              39.80687183274005
            ],
            [
              -122.40044663709416,
              39.806879625442775
            ],
            [
              -122.40036830464098,
              39.806882027403574
            ],
            [
              -122.40029000737937,
              39.806879019391765
            ],
            [
              -122.39938879869088,
              39.806813118692
            ],
            [
              -122.39929367904242,
              39.80680207176782
            ],
            [
              -122.39920070289894,
              39.80678304902157
            ],
            [
              -122.3991109910181,
              39.80675627975879
            ],
            [
              -122.39797795587315,
              39.80636174806948
            ],
            [
              -122.39730529530175,
              39.80631011885727
            ],
            [
              -122.3972889855518,
              39.80634187165552
            ],
            [
              -122.39725031337387,
              39.80640002047798
            ],
            [
              -122.39720453897289,
              39.80645501610336
            ],
            [
              -122.39715209048299,
              39.80650634413056
            ],
            [
              -122.39709345846778,
              39.80655352446229
            ],
            [
              -122.39702919133184,
              39.80659611579586
            ],
            [
              -122.39695989019154,
              39.806633719751225
            ],
            [
              -122.39688620325222,
              39.80666598459738
            ],
            [
              -122.39680881974526,
              39.806692608542676
            ],
            [
              -122.3967284634808,
              39.806713342557735
            ],
            [
              -122.39664588607725,
              39.80672799270501
            ],
            [
              -122.39656185993034,
              39.806736421952934
            ],
            [
              -122.396477170988,
              39.8067385514578
            ],
            [
              -122.39639261139813,
              39.80673436130119
            ],
            [
              -122.39630897209852,
              39.806723890676366
            ],
            [
              -122.39622703541826,
              39.80670723752167
            ],
            [
              -122.39614756775927,
              39.80668455760428
            ],
            [
              -122.39607131242731,
              39.80665606306311
            ],
            [
              -122.39599898267893,
              39.80662202042445
            ],
            [
              -122.39593125504946,
              39.80658274810871
            ],
            [
              -122.39586876302488,
              39.806538613451906
            ],
            [
              -122.39581209111645,
              39.80649002926943
            ],
            [
              -122.39525419293516,
              39.80596252605693
            ],
            [
              -122.39525004387221,
              39.80595857271673
            ],
            [
              -122.39492614865554,
              39.805647568535946
            ],
            [
              -122.39252710182453,
              39.805226485200926
            ],
            [
              -122.39208896459265,
              39.805480303561076
            ],
            [
              -122.3920100431991,
              39.80552105752279
            ],
            [
              -122.39192586576951,
              39.80555498297512
            ],
            [
              -122.39142186216982,
              39.805731984506444
            ],
            [
              -122.39134095952258,
              39.80575673297405
            ],
            [
              -122.39125727238083,
              39.80577516834682
            ],
            [
              -122.39117162661097,
              39.80578710869514
            ],
            [
              -122.3910848674097,
              39.80579243618561
            ],
            [
              -122.39099785096269,
              39.80579109824394
            ],
            [
              -122.39091143599428,
              39.805783108073825
            ],
            [
              -122.39082647529263,
              39.80576854452664
            ],
            [
              -122.39074380729308,
              39.805747551323215
            ],
            [
              -122.39068090332596,
              39.805726033158116
            ],
            [
              -122.38915407269019,
              39.80641804782848
            ],
            [
              -122.38835691638091,
              39.80679124712762
            ],
            [
              -122.38829767244371,
              39.80681661823497
            ],
            [
              -122.38823606330659,
              39.806838382028026
            ],
            [
              -122.38784420526042,
              39.80696290353411
            ],
            [
              -122.38783889733068,
              39.80697962739357
            ],
            [
              -122.38781134262048,
              39.807040557106795
            ],
            [
              -122.38777637794107,
              39.80709918184745
            ],
            [
              -122.38773432213435,
              39.80715496698746
            ],
            [
              -122.38768555871252,
              39.807207403793306
            ],
            [
              -122.3876305323609,
              39.80725601406559
            ],
            [
              -122.38756974488308,
              39.80730035450018
            ],
            [
              -122.38750375062479,
              39.80734002073117
            ],
            [
              -122.38743315141865,
              39.80737465101882
            ],
            [
              -122.38735859109548,
              39.80740392954866
            ],
            [
              -122.38728074961273,
              39.80742758931178
            ],
            [
              -122.38720033685313,
              39.80744541454007
            ],
            [
              -122.38711808615047,
              39.80745724267408
            ],
            [
              -122.38703474760128,
              39.807462965845616
            ],
            [
              -122.38695108122373,
              39.807462531861525
            ],
            [
              -122.38686785002585,
              39.80745594467982
            ],
            [
              -122.3867858130466,
              39.807443264373376
            ],
            [
              -122.38663681172746,
              39.80741446409298
            ],
            [
              -122.38655202473906,
              39.807394509947436
            ],
            [
              -122.38647028612897,
              39.807368050099804
            ],
            [
              -122.38639243266498,
              39.80733535542402
            ],
            [
              -122.3863192613388,
              39.807296760620616
            ],
            [
              -122.38625152120684,
              39.80725266078994
            ],
            [
              -122.38618990572176,
              39.8072035073872
            ],
            [
              -122.38615677241808,
              39.80717107245665
            ],
            [
              -122.38613027130307,
              39.8071681832389
            ],
            [
              -122.38608355088424,
              39.80716148900006
            ],
            [
              -122.38609052366981,
              39.8071674259769
            ],
            [
              -122.3865623152622,
              39.80748822737896
            ],
            [
              -122.38662105877725,
              39.80753209347759
            ],
            [
              -122.38667424439002,
              39.80757999209853
            ],
            [
              -122.38672140887955,
              39.80763150607885
            ],
            [
              -122.38676214146174,
              39.807686186767356
            ],
            [
              -122.38679608736744,
              39.807743557931985
            ],
            [
              -122.38682295093257,
              39.80780311990717
            ],
            [
              -122.38689176397874,
              39.807982222985125
            ],
            [
              -122.38713741343432,
              39.808352379482095
            ],
            [
              -122.38783914097816,
              39.808913136322985
            ],
            [
              -122.38789109828642,
              39.8089585651875
            ],
            [
              -122.38793757175023,
              39.8090074001037
            ],
            [
              -122.38797818789008,
              39.809059248627136
            ],
            [
              -122.38801262029445,
              39.80911369409462
            ],
            [
              -122.38820632358994,
              39.809458392793324
            ],
            [
              -122.38823586472202,
              39.80951869324475
            ],
            [
              -122.38825782140101,
              39.809580890216864
            ],
            [
              -122.38836532583059,
              39.809954989467315
            ],
            [
              -122.38838039635381,
              39.810024341990946
            ],
            [
              -122.38838604000975,
              39.81009452686943
            ],
            [
              -122.3883821956527,
              39.810164784048276
            ],
            [
              -122.38836890488572,
              39.810234352687765
            ],
            [
              -122.38831490735036,
              39.810441553101654
            ],
            [
              -122.38829310539538,
              39.810507713100776
            ],
            [
              -122.38826275953396,
              39.81057183909743
            ],
            [
              -122.38822417943103,
              39.81063327666762
            ],
            [
              -122.38817775878736,
              39.810691398821916
            ],
            [
              -122.38812397132227,
              39.81074561240419
            ],
            [
              -122.38806336593986,
              39.81079536414532
            ],
            [
              -122.3879965611276,
              39.81084014630977
            ],
            [
              -122.38792423864447,
              39.81087950187761
            ],
            [
              -122.38784713656361,
              39.810913029208734
            ],
            [
              -122.38769123552437,
              39.81097302972037
            ],
            [
              -122.38760975401568,
              39.811000499290934
            ],
            [
              -122.38752508177568,
              39.81102145781875
            ],
            [
              -122.38743809099917,
              39.811035689413124
            ],
            [
              -122.38734967776587,
              39.811043047476474
            ],
            [
              -122.38711677549382,
              39.81105324755768
            ],
            [
              -122.38703238285028,
              39.81105380378807
            ],
            [
              -122.38694831231206,
              39.81104809563044
            ],
            [
              -122.38686534388158,
              39.81103617604494
            ],
            [
              -122.386784247335,
              39.81101815562107
            ],
            [
              -122.38670577507975,
              39.810994201551374
            ],
            [
              -122.3866306551731,
              39.81096453608027
            ],
            [
              -122.38655958456705,
              39.8109294344418
            ],
            [
              -122.38649322264158,
              39.81088922230586
            ],
            [
              -122.38643218508686,
              39.8108442727565
            ],
            [
              -122.38637703819087,
              39.8107950028301
            ],
            [
              -122.3863282935855,
              39.81074186964612
            ],
            [
              -122.3862864035,
              39.8106853661656
            ],
            [
              -122.38625175656547,
              39.8106260166174
            ],
            [
              -122.38616818500242,
              39.81046220898532
            ],
            [
              -122.38611687234591,
              39.81037617470749
            ],
            [
              -122.38541832050937,
              39.810049514253535
            ],
            [
              -122.38532679777109,
              39.81000030900619
            ],
            [
              -122.3845746957545,
              39.80953840549411
            ],
            [
              -122.38452772048875,
              39.809507404716605
            ],
            [
              -122.38347890189209,
              39.80876422914365
            ],
            [
              -122.38245498908094,
              39.80905818621606
            ],
            [
              -122.3827478866274,
              39.80973205714238
            ],
            [
              -122.38284754026996,
              39.8099273884744
            ],
            [
              -122.38287382013455,
              39.809986882763916
            ],
            [
              -122.38289281890543,
              39.810048002813325
            ],
            [
              -122.38290437219905,
              39.810110219854984
            ],
            [
              -122.38290838004396,
              39.81017299562944
            ],
            [
              -122.38290480774631,
              39.810235787041954
            ],
            [
              -122.38289368619078,
              39.810298050861086
            ],
            [
              -122.38287511157408,
              39.810359248418315
            ],
            [
              -122.38284924457332,
              39.8104188502684
            ],
            [
              -122.38281630895672,
              39.81047634076991
            ],
            [
              -122.38260611169532,
              39.81080144219493
            ],
            [
              -122.3825636521447,
              39.81085970509134
            ],
            [
              -122.38251393729414,
              39.810914448210426
            ],
            [
              -122.38245745346917,
              39.8109651360206
            ],
            [
              -122.3823947532174,
              39.81101127266074
            ],
            [
              -122.38232644990326,
              39.81105240679135
            ],
            [
              -122.38225321170779,
              39.811088136010106
            ],
            [
              -122.38217575509192,
              39.811118110788726
            ],
            [
              -122.38209483778732,
              39.8111420378925
            ],
            [
              -122.38201125138332,
              39.81115968324923
            ],
            [
              -122.38192581358246,
              39.81117087423915
            ],
            [
              -122.38159111036683,
              39.81120167451035
            ],
            [
              -122.38149929248176,
              39.81120637070517
            ],
            [
              -122.38140734232255,
              39.811203614482515
            ],
            [
              -122.3813162740878,
              39.811193436243386
            ],
            [
              -122.38122709224766,
              39.81117594825263
            ],
            [
              -122.3811407804638,
              39.81115134340056
            ],
            [
              -122.38105829073889,
              39.81111989307517
            ],
            [
              -122.38087748969932,
              39.811041592406454
            ],
            [
              -122.38080280017836,
              39.811005313389195
            ],
            [
              -122.38073322274434,
              39.810963422914924
            ],
            [
              -122.38066946353288,
              39.81091634613269
            ],
            [
              -122.3806121696263,
              39.810864560826744
            ],
            [
              -122.38035847070806,
              39.81061035933459
            ],
            [
              -122.38031149087162,
              39.8105584211256
            ],
            [
              -122.38027102182548,
              39.81050331921033
            ],
            [
              -122.38023649329868,
              39.810450698603496
            ],
            [
              -122.38022713279315,
              39.81045584459688
            ],
            [
              -122.38015292821483,
              39.81048873087795
            ],
            [
              -122.38007491737022,
              39.810515876964324
            ],
            [
              -122.37999384457555,
              39.8105370238489
            ],
            [
              -122.37991048336418,
              39.810551969764255
            ],
            [
              -122.37982562910564,
              39.81056057210777
            ],
            [
              -122.37860041720991,
              39.810638072763275
            ],
            [
              -122.37852267667805,
              39.81064031734202
            ],
            [
              -122.37844498442058,
              39.810637234987176
            ],
            [
              -122.37836795292665,
              39.810628849998686
            ],
            [
              -122.37699464021908,
              39.81043104801856
            ],
            [
              -122.37691997021373,
              39.81041766143932
            ],
            [
              -122.37684710328394,
              39.810399292351555
            ],
            [
              -122.37677659725325,
              39.81037608137797
            ],
            [
              -122.37621927833159,
              39.810169932274434
            ],
            [
              -122.37645909430557,
              39.81043639715738
            ],
            [
              -122.37650528225312,
              39.81049361185279
            ],
            [
              -122.3765438503657,
              39.810554090358025
            ],
            [
              -122.37657441495453,
              39.81061723104435
            ],
            [
              -122.3765966719456,
              39.81068240579845
            ],
            [
              -122.37661039990557,
              39.8107489662706
            ],
            [
              -122.37661546224527,
              39.810816250324315
            ],
            [
              -122.37661180857965,
              39.810883588623035
            ],
            [
              -122.37659947522981,
              39.810950311288636
            ],
            [
              -122.37657858486276,
              39.81101575456543
            ],
            [
              -122.3765493452722,
              39.811079267423196
            ],
            [
              -122.37651204731209,
              39.81114021803379
            ],
            [
              -122.3764670620042,
              39.811198000056876
            ],
            [
              -122.37641483684781,
              39.811252038671874
            ],
            [
              -122.37635589136842,
              39.811301796296796
            ],
            [
              -122.37629081194984,
              39.811346777936265
            ],
            [
              -122.37622024600101,
              39.811386536106205
            ],
            [
              -122.37614489551547,
              39.81142067528573
            ],
            [
              -122.37606551008764,
              39.811448855852056
            ],
            [
              -122.37598287945542,
              39.811470797459506
            ],
            [
              -122.37589782564325,
              39.81148628182855
            ],
            [
              -122.37581119478388,
              39.81149515491754
            ],
            [
              -122.37572384870019,
              39.81149732845517
            ],
            [
              -122.37563665633084,
              39.811492780818845
            ],
            [
              -122.37555048508509,
              39.811481557249614
            ],
            [
              -122.37546619221294,
              39.81146376940224
            ],
            [
              -122.37538461627625,
              39.81143959423417
            ],
            [
              -122.37422590802758,
              39.811043990669184
            ],
            [
              -122.3741430530879,
              39.811011546040945
            ],
            [
              -122.37406511953373,
              39.810972516628354
            ],
            [
              -122.3739929839262,
              39.81092734142112
            ],
            [
              -122.37392745760842,
              39.81087652853375
            ],
            [
              -122.37326435879095,
              39.81030462485376
            ],
            [
              -122.3732052727076,
              39.81024777096337
            ],
            [
              -122.37315446750395,
              39.810186341204336
            ],
            [
              -122.37311253385496,
              39.81012104980318
            ],
            [
              -122.3730936104367,
              39.81008131800731
            ],
            [
              -122.37268636061657,
              39.81010188889079
            ],
            [
              -122.37265857343446,
              39.81010295103358
            ],
            [
              -122.37229256985447,
              39.81011245109747
            ],
            [
              -122.37220120867818,
              39.81011114545906
            ],
            [
              -122.37111549814257,
              39.81005184480419
            ],
            [
              -122.37102756241383,
              39.81004357895541
            ],
            [
              -122.37094115841217,
              39.81002850726451
            ],
            [
              -122.37085716940713,
              39.810006783803026
            ],
            [
              -122.37077645397882,
              39.80997863064048
            ],
            [
              -122.3707141377491,
              39.80995389607846
            ],
            [
              -122.37066959344888,
              39.80994836422292
            ],
            [
              -122.37058062184768,
              39.809929748526194
            ],
            [
              -122.37050364056333,
              39.80991023496918
            ],
            [
              -122.3704981313553,
              39.80991292394233
            ],
            [
              -122.37042383594634,
              39.809941967507925
            ],
            [
              -122.37034630018006,
              39.80996543879449
            ],
            [
              -122.37026622480288,
              39.809983125674535
            ],
            [
              -122.37018433351547,
              39.80999486829842
            ],
            [
              -122.37010963280241,
              39.810002768368555
            ],
            [
              -122.37001934962112,
              39.81000866939877
            ],
            [
              -122.36992875898713,
              39.81000734803777
            ],
            [
              -122.36992682743042,
              39.81000716483408
            ],
            [
              -122.36991396331676,
              39.81001754177459
            ],
            [
              -122.36985130371123,
              39.81005935194557
            ],
            [
              -122.36984900378395,
              39.810060745553365
            ],
            [
              -122.36982656414297,
              39.81009640848926
            ],
            [
              -122.36978014735578,
              39.810154438998936
            ],
            [
              -122.36972638402219,
              39.81020856654788
            ],
            [
              -122.36967225904426,
              39.810257708750804
            ],
            [
              -122.36966318631059,
              39.81027792445683
            ],
            [
              -122.36963138541795,
              39.81033898685689
            ],
            [
              -122.36959203413932,
              39.810397374217345
            ],
            [
              -122.36954550563286,
              39.81045253283844
            ],
            [
              -122.36936927889406,
              39.8106407184727
            ],
            [
              -122.36937532110142,
              39.810682231207345
            ],
            [
              -122.36937634150641,
              39.81074987299031
            ],
            [
              -122.36936858754467,
              39.810817254513445
            ],
            [
              -122.36935213689827,
              39.81088370050199
            ],
            [
              -122.36932715440578,
              39.81094854505484
            ],
            [
              -122.3692938904112,
              39.81101113831816
            ],
            [
              -122.36925267825588,
              39.81107085299823
            ],
            [
              -122.36909657963646,
              39.81127205400884
            ],
            [
              -122.36904665831425,
              39.81132950618298
            ],
            [
              -122.36898938392126,
              39.81138272223966
            ],
            [
              -122.3689253563961,
              39.811431144735806
            ],
            [
              -122.36885524642139,
              39.81147426644028
            ],
            [
              -122.36880424621823,
              39.81150246666047
            ],
            [
              -122.36873610469237,
              39.8115365715741
            ],
            [
              -122.36866416042034,
              39.81156566299253
            ],
            [
              -122.36858903180458,
              39.81158949085671
            ],
            [
              -122.36851136462114,
              39.811607850350974
            ],
            [
              -122.36843182646854,
              39.811620583663675
            ],
            [
              -122.36835222571594,
              39.81163038375142
            ],
            [
              -122.3682662973551,
              39.811637632820336
            ],
            [
              -122.36817986096084,
              39.81163831681777
            ],
            [
              -122.36809375781498,
              39.811632429086636
            ],
            [
              -122.36800882595553,
              39.811620026932076
            ],
            [
              -122.3679258920194,
              39.81160123106388
            ],
            [
              -122.36784576319603,
              39.8115762244213
            ],
            [
              -122.36776921937067,
              39.811545250392506
            ],
            [
              -122.36769700553312,
              39.81150861044543
            ],
            [
              -122.36762982452667,
              39.81146666119341
            ],
            [
              -122.36756833020694,
              39.811419810924036
            ],
            [
              -122.36751312107815,
              39.81136851562506
            ],
            [
              -122.36746473446799,
              39.81131327454608
            ],
            [
              -122.36742364129807,
              39.81125462533911
            ],
            [
              -122.36739024150118,
              39.81119313882548
            ],
            [
              -122.36736486012914,
              39.81112941343992
            ],
            [
              -122.3673477441901,
              39.8110640694059
            ],
            [
              -122.36733906024511,
              39.810997742699044
            ],
            [
              -122.36732996197568,
              39.81086104264484
            ],
            [
              -122.36732968927065,
              39.810796138134904
            ],
            [
              -122.36733218930164,
              39.81077543189701
            ],
            [
              -122.36731421767078,
              39.8107458870087
            ],
            [
              -122.3672850757186,
              39.81068202942756
            ],
            [
              -122.3672643649077,
              39.81061624352576
            ],
            [
              -122.36725229308327,
              39.810549189581
            ],
            [
              -122.36724898138178,
              39.81048154059616
            ],
            [
              -122.36725446301607,
              39.81041397554434
            ],
            [
              -122.36730969703083,
              39.81003726803534
            ],
            [
              -122.36730595329358,
              39.80995444574542
            ],
            [
              -122.36730730330824,
              39.80988663804536
            ],
            [
              -122.36731745910734,
              39.80981927617776
            ],
            [
              -122.36734799062344,
              39.809678694017435
            ],
            [
              -122.36734297066526,
              39.809669398023615
            ],
            [
              -122.36730694426183,
              39.80958864913791
            ],
            [
              -122.36727644523646,
              39.80950304892609
            ],
            [
              -122.36725876767402,
              39.80944276694435
            ],
            [
              -122.36724830561582,
              39.809381491448754
            ],
            [
              -122.36724799664246,
              39.809375451324996
            ],
            [
              -122.36720906912565,
              39.80937880320839
            ],
            [
              -122.36712829579315,
              39.8093799836837
            ],
            [
              -122.36704772484757,
              39.80937542124007
            ],
            [
              -122.36696804131113,
              39.809365154667965
            ],
            [
              -122.36692394985975,
              39.80935618981573
            ],
            [
              -122.3669111903062,
              39.80936347010151
            ],
            [
              -122.3668135898506,
              39.809413470500964
            ],
            [
              -122.36673877385292,
              39.80944779436969
            ],
            [
              -122.36665991068689,
              39.80947622297884
            ],
            [
              -122.36657777886799,
              39.80949847568766
            ],
            [
              -122.36649318918175,
              39.809514332822296
            ],
            [
              -122.36640697667924,
              39.80952363784454
            ],
            [
              -122.366319992433,
              39.80952629889725
            ],
            [
              -122.36623309513465,
              39.80952228971124
            ],
            [
              -122.3661471426174,
              39.8095116498646
            ],
            [
              -122.36606298338684,
              39.809494484391955
            ],
            [
              -122.3659814482441,
              39.809470962747476
            ],
            [
              -122.36593608853441,
              39.8094537462339
            ],
            [
              -122.36587067374367,
              39.809460519272534
            ],
            [
              -122.36579689823509,
              39.809463316638265
            ],
            [
              -122.3657230793853,
              39.80946131155759
            ],
            [
              -122.36557087791081,
              39.80945221145815
            ],
            [
              -122.36547896291046,
              39.80944292232952
            ],
            [
              -122.36538883495128,
              39.80942619554307
            ],
            [
              -122.36530150295856,
              39.809402218345
            ],
            [
              -122.36521794455591,
              39.80937125914522
            ],
            [
              -122.36518823091156,
              39.80935709198381
            ],
            [
              -122.36503499140215,
              39.8093830499733
            ],
            [
              -122.36487405912578,
              39.80948267134354
            ],
            [
              -122.36453600942146,
              39.809709327432756
            ],
            [
              -122.36427797735192,
              39.80993321883503
            ],
            [
              -122.3642170606101,
              39.809981066978025
            ],
            [
              -122.36415029456981,
              39.8100240230651
            ],
            [
              -122.36407833673073,
              39.810061664066254
            ],
            [
              -122.36400189572483,
              39.81009361929376
            ],
            [
              -122.36390399505066,
              39.810129819604306
            ],
            [
              -122.36382239544731,
              39.810156172515306
            ],
            [
              -122.36373776606035,
              39.8101760451303
            ],
            [
              -122.36365096964963,
              39.81018923485633
            ],
            [
              -122.36356289106877,
              39.81019560722968
            ],
            [
              -122.36347442824376,
              39.81019509728681
            ],
            [
              -122.36338648301802,
              39.810187710226536
            ],
            [
              -122.36329995195774,
              39.810173521357214
            ],
            [
              -122.36321571721098,
              39.81015267532876
            ],
            [
              -122.36313463751378,
              39.810125384658015
            ],
            [
              -122.36305753943512,
              39.8100919275619
            ],
            [
              -122.36298520894981,
              39.81005264512099
            ],
            [
              -122.36291838342557,
              39.810007937802034
            ],
            [
              -122.36285774410567,
              39.80995826137505
            ],
            [
              -122.36280834423317,
              39.8099134610952
            ],
            [
              -122.36276664493059,
              39.80987255148365
            ],
            [
              -122.36273765480657,
              39.80983910056595
            ],
            [
              -122.3626137064768,
              39.80986286788884
            ],
            [
              -122.36254422819023,
              39.80987390828475
            ],
            [
              -122.36247381954291,
              39.80988057773242
            ],
            [
              -122.36228541771362,
              39.80989247783267
            ],
            [
              -122.36220597877714,
              39.80989470506193
            ],
            [
              -122.36212660504381,
              39.809891370463646
            ],
            [
              -122.36194790332385,
              39.809877570317084
            ],
            [
              -122.36188215279996,
              39.809870543815435
            ],
            [
              -122.36181728071658,
              39.809859698537046
            ],
            [
              -122.36179870266123,
              39.8098560193003
            ],
            [
              -122.36179325837874,
              39.80986187601111
            ],
            [
              -122.36173391242134,
              39.809913614017475
            ],
            [
              -122.36166802760121,
              39.809960408984175
            ],
            [
              -122.36159629242083,
              39.81000177189091
            ],
            [
              -122.3615194565247,
              39.81003727048311
            ],
            [
              -122.36143832286531,
              39.81006653378949
            ],
            [
              -122.36115142067186,
              39.81015653457882
            ],
            [
              -122.36108385718607,
              39.810175279488185
            ],
            [
              -122.36101453040341,
              39.810189694902
            ],
            [
              -122.3609661019264,
              39.810198139785356
            ],
            [
              -122.36110013155104,
              39.81051052637265
            ],
            [
              -122.36112289134519,
              39.810573698459606
            ],
            [
              -122.36117954285041,
              39.81076682114731
            ],
            [
              -122.36126016581936,
              39.81080981970448
            ],
            [
              -122.3613231587632,
              39.810846766932144
            ],
            [
              -122.36138157202936,
              39.81088794697968
            ],
            [
              -122.36143492906145,
              39.81093302389165
            ],
            [
              -122.36181813749234,
              39.81128768650362
            ],
            [
              -122.3621449193784,
              39.81137455057686
            ],
            [
              -122.36222746165097,
              39.81140017703307
            ],
            [
              -122.36230620826171,
              39.8114321275149
            ],
            [
              -122.36238034712387,
              39.81147007253047
            ],
            [
              -122.36244911366487,
              39.81151362076813
            ],
            [
              -122.3625117987108,
              39.81156232313165
            ],
            [
              -122.36256775579992,
              39.8116156773712
            ],
            [
              -122.3626164078494,
              39.81167313326264
            ],
            [
              -122.36265725310712,
              39.81173409828139
            ],
            [
              -122.36268987032639,
              39.81179794371278
            ],
            [
              -122.36271392311104,
              39.811864011135434
            ],
            [
              -122.36280090176407,
              39.81215991230361
            ],
            [
              -122.36282509453063,
              39.812144658341445
            ],
            [
              -122.3628961117524,
              39.81210430401666
            ],
            [
              -122.36297203033223,
              39.81206966104803
            ],
            [
              -122.36305208079948,
              39.81204108055563
            ],
            [
              -122.36313545180835,
              39.81201885221364
            ],
            [
              -122.36322129836093,
              39.81200320131459
            ],
            [
              -122.36330875037078,
              39.81199428648609
            ],
            [
              -122.363396921481,
              39.81199219808328
            ],
            [
              -122.36348491804691,
              39.81199695727305
            ],
            [
              -122.36357184819268,
              39.81200851581955
            ],
            [
              -122.36365683085005,
              39.812026756573026
            ],
            [
              -122.36373900468745,
              39.812051494657055
            ],
            [
              -122.36381753683942,
              39.81208247934218
            ],
            [
              -122.36389163134724,
              39.812119396586944
            ],
            [
              -122.36396053722602,
              39.812161872220535
            ],
            [
              -122.36434673666565,
              39.812425570305265
            ],
            [
              -122.36440110094757,
              39.81246604638977
            ],
            [
              -122.36445074100861,
              39.81250998428241
            ],
            [
              -122.36449528764764,
              39.81255705720061
            ],
            [
              -122.36450506689553,
              39.81256952010718
            ],
            [
              -122.36457389250042,
              39.81257039845806
            ],
            [
              -122.36465837878075,
              39.81257783425988
            ],
            [
              -122.3647415326068,
              39.81259155076476
            ],
            [
              -122.3648225708296,
              39.81261141878995
            ],
            [
              -122.36490073022335,
              39.81263725121712
            ],
            [
              -122.364975274673,
              39.81266880475448
            ],
            [
              -122.36504550210664,
              39.81270578222804
            ],
            [
              -122.36511075110738,
              39.81274783538011
            ],
            [
              -122.36517040714246,
              39.81279456814898
            ],
            [
              -122.36522390835101,
              39.81284554039892
            ],
            [
              -122.3652707508358,
              39.8129002720651
            ],
            [
              -122.36531049340942,
              39.81295824767469
            ],
            [
              -122.36534276174977,
              39.81301892120151
            ],
            [
              -122.36535769172663,
              39.81305140013107
            ],
            [
              -122.36572556426461,
              39.81320207660938
            ],
            [
              -122.36591442984941,
              39.81316579974159
            ],
            [
              -122.36599878444466,
              39.81315294995394
            ],
            [
              -122.36608436598338,
              39.813146538063314
            ],
            [
              -122.36617035036198,
              39.81314662581291
            ],
            [
              -122.36625590959805,
              39.81315321235797
            ],
            [
              -122.36634021980272,
              39.813166234273766
            ],
            [
              -122.36642246911345,
              39.8131855661665
            ],
            [
              -122.3665018655113,
              39.81321102188051
            ],
            [
              -122.36657764444702,
              39.81324235629074
            ],
            [
              -122.36664907620293,
              39.81327926766297
            ],
            [
              -122.36671547291925,
              39.813321400559126
            ],
            [
              -122.36677619521774,
              39.8133683492598
            ],
            [
              -122.36683065835857,
              39.8134196616707
            ],
            [
              -122.36693027182808,
              39.81352351894413
            ],
            [
              -122.36700083149451,
              39.81353709280116
            ],
            [
              -122.36707952772328,
              39.81355854427236
            ],
            [
              -122.36715522024669,
              39.81358567297698
            ],
            [
              -122.36722722223526,
              39.81361823275229
            ],
            [
              -122.36729488034439,
              39.81365592815418
            ],
            [
              -122.36735758064252,
              39.81369841713786
            ],
            [
              -122.36741475418185,
              39.813745314161274
            ],
            [
              -122.36746588216076,
              39.81379619368328
            ],
            [
              -122.36751050063175,
              39.81385059402477
            ],
            [
              -122.36770216923836,
              39.81411095765297
            ],
            [
              -122.36801898004268,
              39.814299029256766
            ],
            [
              -122.36836828033084,
              39.8144884242706
            ],
            [
              -122.36843868893318,
              39.81453089902803
            ],
            [
              -122.36850311959229,
              39.8145786848284
            ],
            [
              -122.36856090173303,
              39.81463128434114
            ],
            [
              -122.36869719849398,
              39.81476902900569
            ],
            [
              -122.36893892310431,
              39.81484417747011
            ],
            [
              -122.36901558990846,
              39.814871391474355
            ],
            [
              -122.36908850607963,
              39.81490416727658
            ],
            [
              -122.36915699516146,
              39.8149422008125
            ],
            [
              -122.36922042176518,
              39.81498513924078
            ],
            [
              -122.36927819746391,
              39.8150325842161
            ],
            [
              -122.36932978625175,
              39.81508409558445
            ],
            [
              -122.36937470951642,
              39.81513919546621
            ],
            [
              -122.36941255047984,
              39.81519737268936
            ],
            [
              -122.36944295806498,
              39.81525808753146
            ],
            [
              -122.36946565015349,
              39.815320776726566
            ],
            [
              -122.36948041620367,
              39.81538485869067
            ],
            [
              -122.36948711920436,
              39.81544973891707
            ],
            [
              -122.36948569694702,
              39.815514815491596
            ],
            [
              -122.3694852964054,
              39.81551955862433
            ],
            [
              -122.3695565417002,
              39.815675735115114
            ],
            [
              -122.3695837993364,
              39.81568546172893
            ],
            [
              -122.36965909100014,
              39.81571973179151
            ],
            [
              -122.36972957953499,
              39.815759617175445
            ],
            [
              -122.36979456322776,
              39.81580472082698
            ],
            [
              -122.36985339516163,
              39.815854593744376
            ],
            [
              -122.36990548965606,
              39.815908739447295
            ],
            [
              -122.36995032809747,
              39.81596661891901
            ],
            [
              -122.36998746410231,
              39.81602765597196
            ],
            [
              -122.3699894874482,
              39.81603208272868
            ],
            [
              -122.3700411949118,
              39.81606763476254
            ],
            [
              -122.3701946949285,
              39.8161857339534
            ],
            [
              -122.3702475364143,
              39.81623019006105
            ],
            [
              -122.3702950277714,
              39.81627810215785
            ],
            [
              -122.37033679073699,
              39.816329088641396
            ],
            [
              -122.37038439122328,
              39.81639338833666
            ],
            [
              -122.37042436337804,
              39.8164543475855
            ],
            [
              -122.37045615049891,
              39.81651810742234
            ],
            [
              -122.37047942773009,
              39.81658401628525
            ],
            [
              -122.37049395717611,
              39.816651400649455
            ],
            [
              -122.3705013498683,
              39.81670110255738
            ],
            [
              -122.37051885703258,
              39.816814626468805
            ],
            [
              -122.37057893243455,
              39.816940486476646
            ],
            [
              -122.37061135697746,
              39.81702508782511
            ],
            [
              -122.37066441729947,
              39.81720632089192
            ],
            [
              -122.37069276028456,
              39.81721903670546
            ],
            [
              -122.37076010073592,
              39.81725622527087
            ],
            [
              -122.37082258716079,
              39.81729815067569
            ],
            [
              -122.37087966127494,
              39.8173444383442
            ],
            [
              -122.37093081314644,
              39.81739467472593
            ],
            [
              -122.37097558575192,
              39.81744841099029
            ],
            [
              -122.37100735899337,
              39.817495875239196
            ],
            [
              -122.37104577018445,
              39.81750906350043
            ],
            [
              -122.37111977818644,
              39.81754143970671
            ],
            [
              -122.37118936538816,
              39.817579198346884
            ],
            [
              -122.37125387568071,
              39.81762198341467
            ],
            [
              -122.37131270081936,
              39.81766939151151
            ],
            [
              -122.3713652861585,
              39.817720975649785
            ],
            [
              -122.37141113588109,
              39.81777624946694
            ],
            [
              -122.37144981767396,
              39.81783469181095
            ],
            [
              -122.37148096680427,
              39.81789575165382
            ],
            [
              -122.37150428955898,
              39.81795885328678
            ],
            [
              -122.37151956601484,
              39.81802340174823
            ],
            [
              -122.37152665211273,
              39.8180887884333
            ],
            [
              -122.37153715506376,
              39.81832138837804
            ],
            [
              -122.3715360848219,
              39.81838573167387
            ],
            [
              -122.3715270826109,
              39.818449704722234
            ],
            [
              -122.3715102300444,
              39.81851272739074
            ],
            [
              -122.37148567992726,
              39.81857422816387
            ],
            [
              -122.37145365487052,
              39.81863364932579
            ],
            [
              -122.37141444527334,
              39.81869045201808
            ],
            [
              -122.37136840669018,
              39.81874412112661
            ],
            [
              -122.37133791788479,
              39.81877321411274
            ],
            [
              -122.3713590918763,
              39.81878761362879
            ],
            [
              -122.37141877422556,
              39.81883722551678
            ],
            [
              -122.37147172242352,
              39.81889119177401
            ],
            [
              -122.37151740544051,
              39.818948971177186
            ],
            [
              -122.37155536510525,
              39.81900998425995
            ],
            [
              -122.3715852207004,
              39.81907361912389
            ],
            [
              -122.37160667278147,
              39.81913923757514
            ],
            [
              -122.3716195061807,
              39.81920618152455
            ],
            [
              -122.37162359216607,
              39.81927377958769
            ],
            [
              -122.37161888973316,
              39.81934135381794
            ],
            [
              -122.37160544601755,
              39.81940822650579
            ],
            [
              -122.37156924761796,
              39.81954322678293
            ],
            [
              -122.37154316351315,
              39.81961838501979
            ],
            [
              -122.37150604864276,
              39.819690733001025
            ],
            [
              -122.37142694981776,
              39.819822233545885
            ],
            [
              -122.37138408092865,
              39.81988471534367
            ],
            [
              -122.37133298188728,
              39.81994340194426
            ],
            [
              -122.37127421186003,
              39.81999765112922
            ],
            [
              -122.37120841396289,
              39.820046869238254
            ],
            [
              -122.371136308224,
              39.82009051766602
            ],
            [
              -122.3710586837043,
              39.8201281187566
            ],
            [
              -122.3709763898626,
              39.82015926103098
            ],
            [
              -122.37081708867743,
              39.820211761489055
            ],
            [
              -122.37073570592864,
              39.82023497965554
            ],
            [
              -122.37065174422506,
              39.82025187739103
            ],
            [
              -122.37056602686836,
              39.82026228900165
            ],
            [
              -122.37047939437706,
              39.82026611239444
            ],
            [
              -122.37039269624393,
              39.820263310078545
            ],
            [
              -122.37030678260541,
              39.82025390953283
            ],
            [
              -122.37022249590474,
              39.820238002936435
            ],
            [
              -122.36993259344143,
              39.820171402299216
            ],
            [
              -122.36984719728123,
              39.8201480134158
            ],
            [
              -122.36976539032595,
              39.82011794882127
            ],
            [
              -122.36968804747855,
              39.82008153005033
            ],
            [
              -122.36965037490434,
              39.820059369634315
            ],
            [
              -122.36962092684732,
              39.82005308542548
            ],
            [
              -122.36953524996233,
              39.82002707137618
            ],
            [
              -122.36945358607724,
              39.81999426841093
            ],
            [
              -122.36937683686887,
              39.81995503872032
            ],
            [
              -122.36925048904466,
              39.81988281228354
            ],
            [
              -122.3691118053726,
              39.81980611786797
            ],
            [
              -122.36901565260065,
              39.819744478213146
            ],
            [
              -122.3689286525644,
              39.81968007776312
            ],
            [
              -122.36887276995793,
              39.819634694200666
            ],
            [
              -122.36882257201054,
              39.81958551857886
            ],
            [
              -122.36874907242333,
              39.81950621813571
            ],
            [
              -122.36870547484803,
              39.81945376788445
            ],
            [
              -122.36862502329629,
              39.81944633995113
            ],
            [
              -122.36854671835152,
              39.819436318188316
            ],
            [
              -122.36846991069932,
              39.81942087358978
            ],
            [
              -122.36837110986946,
              39.81939727336504
            ],
            [
              -122.36829345855392,
              39.81937558317693
            ],
            [
              -122.36821880022522,
              39.81934835214799
            ],
            [
              -122.36814779805437,
              39.81931582216609
            ],
            [
              -122.36808108273301,
              39.81927828218824
            ],
            [
              -122.36801924687086,
              39.819236065673685
            ],
            [
              -122.36796283973145,
              39.81918954762157
            ],
            [
              -122.36791236235338,
              39.81913914123978
            ],
            [
              -122.36786826309964,
              39.81908529427425
            ],
            [
              -122.36783093367548,
              39.81902848503158
            ],
            [
              -122.36780070564906,
              39.8189692181302
            ],
            [
              -122.36777784750704,
              39.81890802001779
            ],
            [
              -122.3677574482829,
              39.81884181987574
            ],
            [
              -122.36774192836762,
              39.81877793129597
            ],
            [
              -122.36773444062129,
              39.81871318841675
            ],
            [
              -122.36773505430438,
              39.81864819029568
            ],
            [
              -122.36774376371577,
              39.81858353835044
            ],
            [
              -122.36776048824626,
              39.818519830793875
            ],
            [
              -122.36778507312532,
              39.81845765709904
            ],
            [
              -122.36781729085395,
              39.81839759254489
            ],
            [
              -122.36781869383837,
              39.81839555649583
            ],
            [
              -122.3677858579448,
              39.818191795061544
            ],
            [
              -122.36774863783047,
              39.81817229347353
            ],
            [
              -122.36768680729656,
              39.81813308660199
            ],
            [
              -122.36765851039912,
              39.81811151857257
            ],
            [
              -122.3675983727963,
              39.81809411738705
            ],
            [
              -122.36751936583661,
              39.81806396088844
            ],
            [
              -122.36744468798125,
              39.81802783552201
            ],
            [
              -122.36737509503759,
              39.81798610691279
            ],
            [
              -122.36731129134502,
              39.81793919739556
            ],
            [
              -122.36708069155223,
              39.817751696148214
            ],
            [
              -122.36702472111605,
              39.81770147060142
            ],
            [
              -122.36697539488326,
              39.81764726145039
            ],
            [
              -122.36693318659165,
              39.8175895893472
            ],
            [
              -122.36683861993824,
              39.817444156060475
            ],
            [
              -122.36677275027392,
              39.81736574436561
            ],
            [
              -122.36669088782003,
              39.81728439757726
            ],
            [
              -122.36658045699569,
              39.817191511137075
            ],
            [
              -122.36643413085699,
              39.817157531012015
            ],
            [
              -122.36635010938275,
              39.8171343602746
            ],
            [
              -122.36626957941633,
              39.817104720182115
            ],
            [
              -122.36619337605367,
              39.817068918104376
            ],
            [
              -122.36612228952015,
              39.817027325310825
            ],
            [
              -122.36605705697555,
              39.81698037312015
            ],
            [
              -122.36599835486948,
              39.816928548427235
            ],
            [
              -122.36594679192682,
              39.816872388653664
            ],
            [
              -122.3659425450014,
              39.81686659123128
            ],
            [
              -122.36591589605871,
              39.81688043852656
            ],
            [
              -122.36583975329734,
              39.816912074903414
            ],
            [
              -122.36575993697143,
              39.8169377685099
            ],
            [
              -122.36567722471472,
              39.816957269017735
            ],
            [
              -122.36559242237769,
              39.81697038643677
            ],
            [
              -122.3655063561759,
              39.81697699296618
            ],
            [
              -122.36541986463962,
              39.81697702423974
            ],
            [
              -122.3653337904433,
              39.81697047995294
            ],
            [
              -122.36524897219499,
              39.81695742386598
            ],
            [
              -122.36516623626508,
              39.81693798318249
            ],
            [
              -122.3650863887345,
              39.81691234731008
            ],
            [
              -122.36501020754056,
              39.81688076601485
            ],
            [
              -122.36493843489733,
              39.816843546987734
            ],
            [
              -122.36487177006386,
              39.81680105284646
            ],
            [
              -122.36481086253133,
              39.81675369760245
            ],
            [
              -122.36475630569522,
              39.81670194262688
            ],
            [
              -122.36470863107404,
              39.8166462921554
            ],
            [
              -122.36466830313124,
              39.81658728837516
            ],
            [
              -122.36463571475049,
              39.81652550614228
            ],
            [
              -122.3646111834085,
              39.816461547380925
            ],
            [
              -122.3645855843577,
              39.81638024720273
            ],
            [
              -122.36456870890322,
              39.81631114833743
            ],
            [
              -122.3645655792096,
              39.81628179957134
            ],
            [
              -122.3644567949112,
              39.81624991266242
            ],
            [
              -122.36402176737586,
              39.81628690157079
            ],
            [
              -122.36405278635209,
              39.81633392727692
            ],
            [
              -122.36408286795397,
              39.81639245551903
            ],
            [
              -122.36410575541875,
              39.816452888690804
            ],
            [
              -122.36411152587822,
              39.8164759090842
            ],
            [
              -122.36414788915387,
              39.81649046762324
            ],
            [
              -122.3642231255539,
              39.816528618728405
            ],
            [
              -122.36429288768596,
              39.81657252250648
            ],
            [
              -122.36435643889092,
              39.81662171535892
            ],
            [
              -122.36441310808928,
              39.81667567783648
            ],
            [
              -122.36446229686752,
              39.8167338401241
            ],
            [
              -122.36450348579736,
              39.816795588057396
            ],
            [
              -122.36467076443705,
              39.81708160348151
            ],
            [
              -122.36491794450482,
              39.817393105032814
            ],
            [
              -122.36495457074926,
              39.81744407589423
            ],
            [
              -122.36498536607287,
              39.817497290634904
            ],
            [
              -122.36501010144512,
              39.817552353510706
            ],
            [
              -122.36507740338318,
              39.8177260530447
            ],
            [
              -122.36509619655614,
              39.81778368322867
            ],
            [
              -122.36510835128475,
              39.817842363785296
            ],
            [
              -122.36511377355274,
              39.817901640905454
            ],
            [
              -122.36512901632008,
              39.81834614530938
            ],
            [
              -122.36518095830091,
              39.818389707569395
            ],
            [
              -122.36522966925958,
              39.81843893448737
            ],
            [
              -122.3652723321373,
              39.81849139316523
            ],
            [
              -122.36530858868034,
              39.81854664310831
            ],
            [
              -122.36538095470232,
              39.81867072450791
            ],
            [
              -122.36553487569438,
              39.81892722162793
            ],
            [
              -122.36556665899856,
              39.81898768543754
            ],
            [
              -122.36559073251824,
              39.819050231009975
            ],
            [
              -122.36560687182013,
              39.81911427529892
            ],
            [
              -122.36561492643195,
              39.8191792212856
            ],
            [
              -122.36561482124574,
              39.819244463543846
            ],
            [
              -122.36560655721898,
              39.81930939388402
            ],
            [
              -122.36559021136647,
              39.8193734070225
            ],
            [
              -122.36556593604327,
              39.81943590622418
            ],
            [
              -122.36553395752519,
              39.819496308865446
            ],
            [
              -122.36549457390025,
              39.81955405186559
            ],
            [
              -122.36544815229037,
              39.81960859693598
            ],
            [
              -122.36539512542963,
              39.81965943559842
            ],
            [
              -122.36533598763062,
              39.81970609392537
            ],
            [
              -122.36527129017666,
              39.819748136958346
            ],
            [
              -122.36520163618262,
              39.81978517276281
            ],
            [
              -122.36512767497267,
              39.81981685608221
            ],
            [
              -122.36505009602692,
              39.819842891556746
            ],
            [
              -122.36496962255346,
              39.81986303647695
            ],
            [
              -122.36488700474627,
              39.819877103046515
            ],
            [
              -122.36480301279097,
              39.81988496013309
            ],
            [
              -122.36471842968449,
              39.819886534490884
            ],
            [
              -122.36463404393507,
              39.81988181144343
            ],
            [
              -122.36455064221089,
              39.81987083502054
            ],
            [
              -122.36446900200598,
              39.81985370754768
            ],
            [
              -122.3643898843915,
              39.81983058869205
            ],
            [
              -122.36431402692033,
              39.81980169397402
            ],
            [
              -122.36424213675096,
              39.81976729275772
            ],
            [
              -122.3641748840548,
              39.81972770573985
            ],
            [
              -122.36401408372672,
              39.81962320496369
            ],
            [
              -122.36395895185576,
              39.81958415093085
            ],
            [
              -122.3639083440355,
              39.81954161075492
            ],
            [
              -122.3638626296251,
              39.8194958949211
            ],
            [
              -122.36378379327259,
              39.8194096762311
            ],
            [
              -122.36371572374,
              39.819348871139994
            ],
            [
              -122.36361798321492,
              39.81927963478564
            ],
            [
              -122.36355135471234,
              39.819227001306594
            ],
            [
              -122.36349767358973,
              39.81917414996547
            ],
            [
              -122.3634355977367,
              39.819150608251945
            ],
            [
              -122.36336040906086,
              39.81911439702411
            ],
            [
              -122.36329034961369,
              39.81907251317889
            ],
            [
              -122.36322692301982,
              39.81902596269642
            ],
            [
              -122.36322025728073,
              39.81908145794349
            ],
            [
              -122.3632032206927,
              39.81914850027003
            ],
            [
              -122.36317749250728,
              39.819213873452874
            ],
            [
              -122.36314333568265,
              39.81927690927569
            ],
            [
              -122.36311705249771,
              39.819319258533504
            ],
            [
              -122.36310078592513,
              39.8194252646826
            ],
            [
              -122.36311097565851,
              39.81953852100414
            ],
            [
              -122.36312305820736,
              39.819546392174736
            ],
            [
              -122.36318431542743,
              39.81959523017414
            ],
            [
              -122.36323890293014,
              39.81964856486999
            ],
            [
              -122.36328626881932,
              39.81970585704816
            ],
            [
              -122.36332593420579,
              39.81976652748298
            ],
            [
              -122.36335749804938,
              39.81982996279293
            ],
            [
              -122.36338064121425,
              39.8198955216417
            ],
            [
              -122.36339512969606,
              39.81996254122196
            ],
            [
              -122.36340081698883,
              39.82003034395632
            ],
            [
              -122.36339764556713,
              39.820098244347605
            ],
            [
              -122.36338564746865,
              39.82016555590927
            ],
            [
              -122.36336494397135,
              39.820231598106034
            ],
            [
              -122.3633357443684,
              39.82029570323425
            ],
            [
              -122.36329834385306,
              39.82035722317282
            ],
            [
              -122.36325227213167,
              39.820424042792105
            ],
            [
              -122.3633074546755,
              39.8206358507715
            ],
            [
              -122.36343455197063,
              39.82091658116654
            ],
            [
              -122.36345820107569,
              39.82097804388087
            ],
            [
              -122.36347418992615,
              39.82104095817047
            ],
            [
              -122.36348237457767,
              39.821104757713826
            ],
            [
              -122.3634826813343,
              39.821168868219225
            ],
            [
              -122.36347510741292,
              39.82123271259427
            ],
            [
              -122.36345972096888,
              39.82129571614059
            ],
            [
              -122.36343666048329,
              39.82135731172698
            ],
            [
              -122.36340613351724,
              39.8214169448947
            ],
            [
              -122.36336841484417,
              39.82147407884847
            ],
            [
              -122.36332384397693,
              39.821528199288764
            ],
            [
              -122.36327282211212,
              39.821578819041484
            ],
            [
              -122.36299152272092,
              39.821832120641396
            ],
            [
              -122.36293068593102,
              39.82188161209069
            ],
            [
              -122.36286369002693,
              39.82192612354675
            ],
            [
              -122.36279121728187,
              39.82196520170649
            ],
            [
              -122.36271400574878,
              39.82199844859867
            ],
            [
              -122.36263284174404,
              39.82202552563712
            ],
            [
              -122.36254855183915,
              39.822046157069096
            ],
            [
              -122.36246199444241,
              39.822060132783804
            ],
            [
              -122.3623740510562,
              39.822067310452304
            ],
            [
              -122.36228561729908,
              39.822067616977236
            ],
            [
              -122.36186571320285,
              39.8220527168006
            ],
            [
              -122.36177948693937,
              39.822046352392
            ],
            [
              -122.3616944967698,
              39.82203345505971
            ],
            [
              -122.36161157308713,
              39.82201415081688
            ],
            [
              -122.36153152609214,
              39.82198862827505
            ],
            [
              -122.36145513787656,
              39.82195713680113
            ],
            [
              -122.36138315478148,
              39.821919984080814
            ],
            [
              -122.36131628010472,
              39.821877533112094
            ],
            [
              -122.36125516722913,
              39.82183019865831
            ],
            [
              -122.36120041323889,
              39.821778443195605
            ],
            [
              -122.36117331477008,
              39.82174692234288
            ],
            [
              -122.36090067189616,
              39.821655822455604
            ],
            [
              -122.36082596860022,
              39.82162754034736
            ],
            [
              -122.3607550814708,
              39.82159392151061
            ],
            [
              -122.36068864982276,
              39.821555269148966
            ],
            [
              -122.36062727278478,
              39.82151193186204
            ],
            [
              -122.3605715038957,
              39.82146430050145
            ],
            [
              -122.36052184611238,
              39.82141280464537
            ],
            [
              -122.36047874727366,
              39.821357908724124
            ],
            [
              -122.36044259606197,
              39.821300107831355
            ],
            [
              -122.36041371849802,
              39.821239923258716
            ],
            [
              -122.36039237500124,
              39.82117789779426
            ],
            [
              -122.36037875804163,
              39.82111459082703
            ],
            [
              -122.36029916456245,
              39.82059179028876
            ],
            [
              -122.36029320523265,
              39.82050872792143
            ],
            [
              -122.36029333750145,
              39.820492608014895
            ],
            [
              -122.36025085300498,
              39.82046692551581
            ],
            [
              -122.36018851218707,
              39.82042092512317
            ],
            [
              -122.3601323403717,
              39.820370420127624
            ],
            [
              -122.36008288214666,
              39.82031590018968
            ],
            [
              -122.3600406170061,
              39.82025789389467
            ],
            [
              -122.36002171379074,
              39.8202246653632
            ],
            [
              -122.35931812791873,
              39.820487612972556
            ],
            [
              -122.35884092166225,
              39.82068892510803
            ],
            [
              -122.358148795749,
              39.82119921095002
            ],
            [
              -122.35808401400132,
              39.821242499301256
            ],
            [
              -122.35801405722871,
              39.821280699934576
            ],
            [
              -122.3579395948372,
              39.82131344730966
            ],
            [
              -122.35786133935017,
              39.82134042806779
            ],
            [
              -122.35778003958976,
              39.82136138403057
            ],
            [
              -122.35769647351123,
              39.82137611467056
            ],
            [
              -122.35761144075798,
              39.82138447903037
            ],
            [
              -122.35752575500916,
              39.821386397071564
            ],
            [
              -122.35744023619299,
              39.821381850440595
            ],
            [
              -122.35735570264012,
              39.821370882644366
            ],
            [
              -122.35727296325233,
              39.82135359863403
            ],
            [
              -122.3571928097615,
              39.82133016380047
            ],
            [
              -122.35711600915295,
              39.8213008023916
            ],
            [
              -122.3570432963257,
              39.821265795366365
            ],
            [
              -122.35697536705982,
              39.821225477706015
            ],
            [
              -122.3569128713584,
              39.82118023520845
            ],
            [
              -122.35685640722751,
              39.82113050079631
            ],
            [
              -122.35680651495406,
              39.821076750374004
            ],
            [
              -122.356763671936,
              39.82101949827371
            ],
            [
              -122.35672828811458,
              39.82095929233343
            ],
            [
              -122.35670070205224,
              39.82089670865461
            ],
            [
              -122.35668117769352,
              39.82083234608931
            ],
            [
              -122.35666990184023,
              39.82076682050977
            ],
            [
              -122.35666698236479,
              39.82070075891509
            ],
            [
              -122.35667244717888,
              39.82063479343161
            ],
            [
              -122.35668624396745,
              39.82056955526421
            ],
            [
              -122.35670824068995,
              39.82050566865655
            ],
            [
              -122.35673256199851,
              39.820455443274945
            ],
            [
              -122.35669702858004,
              39.82046519102766
            ],
            [
              -122.35666139664491,
              39.82049881304305
            ],
            [
              -122.3564846502425,
              39.82074321272382
            ],
            [
              -122.35643454978798,
              39.820804513349174
            ],
            [
              -122.35637622505665,
              39.820861324893635
            ],
            [
              -122.35603893871449,
              39.82115591381759
            ],
            [
              -122.35573306741486,
              39.821527457248486
            ],
            [
              -122.3554423830276,
              39.822107845763156
            ],
            [
              -122.3554149319383,
              39.822156810362124
            ],
            [
              -122.35538255734403,
              39.822203952681576
            ],
            [
              -122.35514655957962,
              39.82251705422279
            ],
            [
              -122.35509291744464,
              39.82257988847306
            ],
            [
              -122.3545811198089,
              39.8231122915616
            ],
            [
              -122.35452671376345,
              39.82316344870695
            ],
            [
              -122.3544660805596,
              39.82321025823491
            ],
            [
              -122.35439980141247,
              39.823252271431855
            ],
            [
              -122.35432851166227,
              39.82328908556077
            ],
            [
              -122.35425289468422,
              39.823320347722195
            ],
            [
              -122.35417367533739,
              39.8233457582373
            ],
            [
              -122.35409161301585,
              39.823365073520826
            ],
            [
              -122.35400749436864,
              39.82337810841634
            ],
            [
              -122.35392212575853,
              39.82338473797121
            ],
            [
              -122.35383632553135,
              39.82338489863454
            ],
            [
              -122.35375091617078,
              39.823378588866376
            ],
            [
              -122.35366671641326,
              39.823365869152525
            ],
            [
              -122.35358453339894,
              39.82334686142467
            ],
            [
              -122.35350515493364,
              39.82332174789132
            ],
            [
              -122.35342934193652,
              39.82329076929115
            ],
            [
              -122.35335782114542,
              39.82325422258501
            ],
            [
              -122.35329127814995,
              39.82321245810901
            ],
            [
              -122.35323035081937,
              39.82316587621609
            ],
            [
              -122.35317562318784,
              39.8231149234378
            ],
            [
              -122.35312761985608,
              39.82306008820379
            ],
            [
              -122.35308680096284,
              39.82300189615937
            ],
            [
              -122.35305355777449,
              39.822940905126536
            ],
            [
              -122.35302820893493,
              39.8228776997566
            ],
            [
              -122.35301099741181,
              39.82281288592548
            ],
            [
              -122.35300208816832,
              39.82274708492589
            ],
            [
              -122.35300156658262,
              39.8226809275115
            ],
            [
              -122.35300943763042,
              39.822615047850746
            ],
            [
              -122.35302562583826,
              39.82255007744776
            ],
            [
              -122.3531973321199,
              39.82200617874377
            ],
            [
              -122.35321112830093,
              39.82196750945316
            ],
            [
              -122.35353293711756,
              39.821160011820474
            ],
            [
              -122.35354720133,
              39.82113030355491
            ],
            [
              -122.35298504484696,
              39.82109224042183
            ],
            [
              -122.35289985252423,
              39.821083205807774
            ],
            [
              -122.35281621879612,
              39.821067775970235
            ],
            [
              -122.35273494905482,
              39.821046099498865
            ],
            [
              -122.35265682592541,
              39.82101838513818
            ],
            [
              -122.35258260172863,
              39.820984899777336
            ],
            [
              -122.35251299123557,
              39.82094596587966
            ],
            [
              -122.35244866478418,
              39.82090195837716
            ],
            [
              -122.35239024182388,
              39.820853301059685
            ],
            [
              -122.35233828495028,
              39.82080046249351
            ],
            [
              -122.35229329448757,
              39.820743951508994
            ],
            [
              -122.35225570367083,
              39.8206843123001
            ],
            [
              -122.35222587447457,
              39.82062211918389
            ],
            [
              -122.35220409412753,
              39.82055797106949
            ],
            [
              -122.35219057234748,
              39.82049248569069
            ],
            [
              -122.35218543932244,
              39.82042629365711
            ],
            [
              -122.35218874445806,
              39.820360032381465
            ],
            [
              -122.35220045590259,
              39.82029433994149
            ],
            [
              -122.35222046085464,
              39.82022984893538
            ],
            [
              -122.35224856665033,
              39.82016718039016
            ],
            [
              -122.35228450261934,
              39.820106937781546
            ],
            [
              -122.35232792269221,
              39.820049701222835
            ],
            [
              -122.35237840873343,
              39.819996021878865
            ],
            [
              -122.35243547456844,
              39.819946416658745
            ],
            [
              -122.35249857066569,
              39.81990136323845
            ],
            [
              -122.35256708942843,
              39.81986129546138
            ],
            [
              -122.35264037104594,
              39.81982659916079
            ],
            [
              -122.35271770984663,
              39.8197976084448
            ],
            [
              -122.35316830649062,
              39.819649309738224
            ],
            [
              -122.35324300990422,
              39.819627766452236
            ],
            [
              -122.35331994399023,
              39.819611549852645
            ],
            [
              -122.35339847146211,
              39.81960079427019
            ],
            [
              -122.3534779418356,
              39.81959558879911
            ],
            [
              -122.35355769681657,
              39.819595976559164
            ],
            [
              -122.35421703967835,
              39.8196223491477
            ],
            [
              -122.35435140747246,
              39.81949071655079
            ],
            [
              -122.35483233054838,
              39.818952088940485
            ],
            [
              -122.35499641080429,
              39.81873601347206
            ],
            [
              -122.35499641286941,
              39.81857319670842
            ],
            [
              -122.35500074121936,
              39.81850612375832
            ],
            [
              -122.35501368180263,
              39.81843971334491
            ],
            [
              -122.35503510678222,
              39.81837462139495
            ],
            [
              -122.35506480452354,
              39.818311490811126
            ],
            [
              -122.35510248168548,
              39.818250945122315
            ],
            [
              -122.35514776611852,
              39.818193582325314
            ],
            [
              -122.35520021054099,
              39.81813996897879
            ],
            [
              -122.3552592969573,
              39.818090634607735
            ],
            [
              -122.35532444177447,
              39.818046066473784
            ],
            [
              -122.35539500156611,
              39.81800670476296
            ],
            [
              -122.35547027942758,
              39.817972938238356
            ],
            [
              -122.35554953185874,
              39.81794510040072
            ],
            [
              -122.35563197610709,
              39.8179234661948
            ],
            [
              -122.35571679789817,
              39.817908249294035
            ],
            [
              -122.35580315947736,
              39.81789959999036
            ],
            [
              -122.35582516519969,
              39.817899095339484
            ],
            [
              -122.35590841031583,
              39.81756346441636
            ],
            [
              -122.35586231434858,
              39.81733899243387
            ],
            [
              -122.35585318314612,
              39.81727479363034
            ],
            [
              -122.35585204141147,
              39.81721021581973
            ],
            [
              -122.35585889955183,
              39.81714584890782
            ],
            [
              -122.35587369489737,
              39.81708228087224
            ],
            [
              -122.35589629227455,
              39.817020092391516
            ],
            [
              -122.35592648524175,
              39.81695985154069
            ],
            [
              -122.35596399797568,
              39.81690210860235
            ],
            [
              -122.35600848779161,
              39.81684739104008
            ],
            [
              -122.35605954827417,
              39.81679619868037
            ],
            [
              -122.3561167129903,
              39.8167489991472
            ],
            [
              -122.35616533244873,
              39.81671585442512
            ],
            [
              -122.35616337582232,
              39.816711193018435
            ],
            [
              -122.35600653929733,
              39.81642519076173
            ],
            [
              -122.35597662578323,
              39.81636205815424
            ],
            [
              -122.35595499359677,
              39.81629694613933
            ],
            [
              -122.35594185675062,
              39.81623049895794
            ],
            [
              -122.35593734520025,
              39.81616337405973
            ],
            [
              -122.35594150355905,
              39.816096235597975
            ],
            [
              -122.35595429065805,
              39.8160297478583
            ],
            [
              -122.35597557995398,
              39.815964568686
            ],
            [
              -122.35600516078253,
              39.8159013429773
            ],
            [
              -122.35604274044348,
              39.81584069629876
            ],
            [
              -122.35619294211135,
              39.815626397298445
            ],
            [
              -122.35621321582006,
              39.815599018681176
            ],
            [
              -122.35629996092625,
              39.815487972359435
            ],
            [
              -122.35631843620556,
              39.8153105620934
            ],
            [
              -122.35612468551753,
              39.81516879492895
            ],
            [
              -122.35606340613116,
              39.815119166553075
            ],
            [
              -122.35600896003325,
              39.815065007029595
            ],
            [
              -122.35596190718404,
              39.81500687338817
            ],
            [
              -122.35592273150077,
              39.814945363530754
            ],
            [
              -122.35589183588093,
              39.81488111008189
            ],
            [
              -122.35586953805934,
              39.814814773881906
            ],
            [
              -122.35585606734116,
              39.81474703719014
            ],
            [
              -122.35585156224447,
              39.81467859666779
            ],
            [
              -122.35585156810495,
              39.81421709671477
            ],
            [
              -122.35585556741326,
              39.814152615697765
            ],
            [
              -122.35586752719163,
              39.81408872322974
            ],
            [
              -122.35588733826694,
              39.814026002427326
            ],
            [
              -122.35591481981221,
              39.81396502571236
            ],
            [
              -122.35594972099776,
              39.81390634958782
            ],
            [
              -122.35599172328098,
              39.81385050955899
            ],
            [
              -122.35604044331417,
              39.813798015246455
            ],
            [
              -122.3560954364434,
              39.81374934573519
            ],
            [
              -122.35615385433434,
              39.81370665974425
            ],
            [
              -122.35610427805415,
              39.81361294194975
            ],
            [
              -122.35568012518395,
              39.812992327898726
            ],
            [
              -122.35544467307666,
              39.81267275063762
            ],
            [
              -122.3550013369457,
              39.812241814202885
            ],
            [
              -122.3545666813856,
              39.811853959491884
            ],
            [
              -122.35401857762893,
              39.81154437278964
            ],
            [
              -122.35319252769489,
              39.811313644930294
            ],
            [
              -122.35314458447266,
              39.811299009002326
            ],
            [
              -122.35269660467051,
              39.81115034775969
            ],
            [
              -122.35266141194789,
              39.81114688026651
            ],
            [
              -122.35262850670419,
              39.81117311171488
            ],
            [
              -122.35255757077952,
              39.811218852541245
            ],
            [
              -122.3524807795021,
              39.81125857350033
            ],
            [
              -122.3523989880653,
              39.81129183223146
            ],
            [
              -122.35231310735205,
              39.81131825834131
            ],
            [
              -122.35222409378997,
              39.811337557529356
            ],
            [
              -122.35155888772685,
              39.811452958570015
            ],
            [
              -122.35147264189341,
              39.81146446458706
            ],
            [
              -122.3513853378586,
              39.81146927710729
            ],
            [
              -122.3512978468381,
              39.81146734810632
            ],
            [
              -122.35065515632586,
              39.81142833311294
            ],
            [
              -122.35010526151994,
              39.81156505276109
            ],
            [
              -122.34983033455235,
              39.811641822935144
            ],
            [
              -122.34980776596349,
              39.811659153338034
            ],
            [
              -122.34975878755084,
              39.81172162312068
            ],
            [
              -122.34989741350108,
              39.812680204245005
            ],
            [
              -122.3499022887206,
              39.812778467363
            ],
            [
              -122.34985940082933,
              39.81373446778107
            ],
            [
              -122.3498518974267,
              39.81380236106291
            ],
            [
              -122.34983556588332,
              39.81386932640412
            ],
            [
              -122.3498105722391,
              39.81393468287625
            ],
            [
              -122.34977717061531,
              39.813997765908496
            ],
            [
              -122.34973570063164,
              39.8140579340456
            ],
            [
              -122.3494322031855,
              39.8144492848795
            ],
            [
              -122.3494305776038,
              39.81449289474597
            ],
            [
              -122.3494358000856,
              39.81470159952071
            ],
            [
              -122.34946677026245,
              39.81516264558209
            ],
            [
              -122.34946712850844,
              39.81522674262722
            ],
            [
              -122.34945960981197,
              39.81529057748149
            ],
            [
              -122.34944428180334,
              39.8153535757699
            ],
            [
              -122.34942128238059,
              39.81541517064326
            ],
            [
              -122.34887319548812,
              39.81665797462293
            ],
            [
              -122.34884269580306,
              39.816717671239026
            ],
            [
              -122.34880499128613,
              39.81677486795755
            ],
            [
              -122.34876042187312,
              39.81682904907908
            ],
            [
              -122.34870938939811,
              39.81687972609245
            ],
            [
              -122.34865235397086,
              39.81692644207945
            ],
            [
              -122.34858982982857,
              39.816968775834695
            ],
            [
              -122.34852238069952,
              39.81700634566367
            ],
            [
              -122.34845061472036,
              39.81703881282438
            ],
            [
              -122.34837517895278,
              39.81706588458175
            ],
            [
              -122.34829675354902,
              39.817087316847264
            ],
            [
              -122.34821604561927,
              39.817102916379895
            ],
            [
              -122.34813378285541,
              39.81711254252857
            ],
            [
              -122.34805070696952,
              39.81711610850048
            ],
            [
              -122.34804225009667,
              39.81711585152597
            ],
            [
              -122.34763486241786,
              39.81736282700305
            ],
            [
              -122.34754466734567,
              39.81741078823215
            ],
            [
              -122.34735736632128,
              39.81749758894401
            ],
            [
              -122.34724489986534,
              39.81754154746145
            ],
            [
              -122.34724351440111,
              39.817541995533865
            ],
            [
              -122.34708238750808,
              39.8176332831285
            ],
            [
              -122.34704733075856,
              39.8176562141934
            ],
            [
              -122.3469816713959,
              39.81769520050618
            ],
            [
              -122.34691152983012,
              39.81772922954581
            ],
            [
              -122.34683753336368,
              39.81775799697508
            ],
            [
              -122.34675372340756,
              39.817786831973336
            ],
            [
              -122.34667997285592,
              39.81781947141451
            ],
            [
              -122.34658134931254,
              39.8178569836257
            ],
            [
              -122.34655075762053,
              39.817866830855834
            ],
            [
              -122.34653363220387,
              39.81787793811281
            ],
            [
              -122.34645875295801,
              39.81792144930243
            ],
            [
              -122.3463782736537,
              39.817958542022915
            ],
            [
              -122.3462102636178,
              39.81802684881724
            ],
            [
              -122.34617532369732,
              39.81805716401751
            ],
            [
              -122.3461586343505,
              39.81809674568023
            ],
            [
              -122.34612223077352,
              39.81816877997102
            ],
            [
              -122.34607539535985,
              39.81823713629345
            ],
            [
              -122.34601874115698,
              39.818300919860924
            ],
            [
              -122.34596494136576,
              39.818354620180436
            ],
            [
              -122.34591273026878,
              39.81840205003551
            ],
            [
              -122.34585508350116,
              39.81844557590134
            ],
            [
              -122.34579248972192,
              39.81848482881151
            ],
            [
              -122.3457254795285,
              39.81851947602067
            ],
            [
              -122.34571500730391,
              39.81852387246846
            ],
            [
              -122.34571270874874,
              39.81852662839156
            ],
            [
              -122.34564305273825,
              39.81859902782878
            ],
            [
              -122.34556845290687,
              39.81866662825428
            ],
            [
              -122.3455136162065,
              39.81871193454484
            ],
            [
              -122.34545362723088,
              39.81875317610219
            ],
            [
              -122.34538899057851,
              39.81879000601635
            ],
            [
              -122.34532024994527,
              39.81882211448613
            ],
            [
              -122.34524798355086,
              39.81884923142517
            ],
            [
              -122.34517279927499,
              39.818871128734074
            ],
            [
              -122.34503839814796,
              39.818904929035966
            ],
            [
              -122.34495285505231,
              39.81892280665626
            ],
            [
              -122.34486540762276,
              39.818933929579615
            ],
            [
              -122.344743006444,
              39.81894462967293
            ],
            [
              -122.34474063783348,
              39.81894483421587
            ],
            [
              -122.34456740888326,
              39.81895960946886
            ],
            [
              -122.34454492520972,
              39.81896474643716
            ],
            [
              -122.3444011938252,
              39.81903263287462
            ],
            [
              -122.34433316050547,
              39.81906164726627
            ],
            [
              -122.34426205998109,
              39.81908589755347
            ],
            [
              -122.344188451916,
              39.81910519285063
            ],
            [
              -122.34411291571382,
              39.819119381275115
            ],
            [
              -122.34396681435847,
              39.819141581474895
            ],
            [
              -122.3439021643009,
              39.81914948357388
            ],
            [
              -122.34380005517586,
              39.819158965144695
            ],
            [
              -122.34364340540851,
              39.81918431976527
            ],
            [
              -122.34354001180681,
              39.819196142673306
            ],
            [
              -122.34349463924332,
              39.819199213332794
            ],
            [
              -122.34347966994882,
              39.81920540811583
            ],
            [
              -122.34345172350538,
              39.819216480317465
            ],
            [
              -122.34320652184773,
              39.81930938111109
            ],
            [
              -122.34312123125609,
              39.81933747839846
            ],
            [
              -122.34303256722603,
              39.81935846692025
            ],
            [
              -122.34294152301926,
              39.81937211155157
            ],
            [
              -122.34284911856382,
              39.819378259437755
            ],
            [
              -122.34259861611257,
              39.819384659479624
            ],
            [
              -122.34256235318259,
              39.819385006917884
            ],
            [
              -122.34225570288318,
              39.819383050894885
            ],
            [
              -122.34222234075315,
              39.819389492578495
            ],
            [
              -122.34213412877442,
              39.81939932777437
            ],
            [
              -122.3420450774791,
              39.81940220236437
            ],
            [
              -122.34187297579396,
              39.819401002338964
            ],
            [
              -122.34178387040848,
              39.819396874770675
            ],
            [
              -122.34169577192648,
              39.819385778227165
            ],
            [
              -122.34163414055021,
              39.81937294068849
            ],
            [
              -122.34155024971575,
              39.81936986990388
            ],
            [
              -122.34148945001137,
              39.81936512065825
            ],
            [
              -122.34146332645012,
              39.819368086428554
            ],
            [
              -122.34137638906824,
              39.8193712271573
            ],
            [
              -122.34128588818187,
              39.8193710271481
            ],
            [
              -122.3411837532574,
              39.81936619427837
            ],
            [
              -122.34108304531405,
              39.81935221316797
            ],
            [
              -122.34090874375933,
              39.819319812850296
            ],
            [
              -122.34083130669404,
              39.819302475486076
            ],
            [
              -122.34075626419869,
              39.819279722582394
            ],
            [
              -122.34071959890827,
              39.819265478673
            ],
            [
              -122.34071301645982,
              39.819267648307765
            ],
            [
              -122.34063064097917,
              39.81929111005944
            ],
            [
              -122.34054563392309,
              39.81930809635549
            ],
            [
              -122.34045884898353,
              39.819318436609265
            ],
            [
              -122.34037115770847,
              39.81932202697774
            ],
            [
              -122.34028344074869,
              39.819318831404374
            ],
            [
              -122.34019657901281,
              39.81930888198136
            ],
            [
              -122.34011144482,
              39.81929227862716
            ],
            [
              -122.3400288931388,
              39.81926918808305
            ],
            [
              -122.34001891536907,
              39.8192654882445
            ],
            [
              -122.33993138961719,
              39.819292048369974
            ],
            [
              -122.33983592465172,
              39.8193117938693
            ],
            [
              -122.33969382272886,
              39.8193346494478
            ],
            [
              -122.33952056242457,
              39.81937710181588
            ],
            [
              -122.33943422651353,
              39.81939457747312
            ],
            [
              -122.33934603301465,
              39.81940518973529
            ],
            [
              -122.33925689702824,
              39.81940882848926
            ],
            [
              -122.33905589505943,
              39.81940912847597
            ],
            [
              -122.3389696943735,
              39.81940598032034
            ],
            [
              -122.33888431326841,
              39.81939630925837
            ],
            [
              -122.33880057981378,
              39.81938020908515
            ],
            [
              -122.33871930609806,
              39.81935783594858
            ],
            [
              -122.33864128035182,
              39.81932940683469
            ],
            [
              -122.33856725930266,
              39.819295197463155
            ],
            [
              -122.33849796083561,
              39.81925553961287
            ],
            [
              -122.33843405703051,
              39.819210817904086
            ],
            [
              -122.33837616764377,
              39.81916146606788
            ],
            [
              -122.33832485409769,
              39.819107962739345
            ],
            [
              -122.33828061403581,
              39.81905082681534
            ],
            [
              -122.33824387649697,
              39.81899061242174
            ],
            [
              -122.3377367017735,
              39.8180404746266
            ],
            [
              -122.33746170231348,
              39.817683005287996
            ],
            [
              -122.3371225425987,
              39.817261012956585
            ],
            [
              -122.33692724620502,
              39.81704114474592
            ],
            [
              -122.3366875128518,
              39.81682457287785
            ],
            [
              -122.33615026805842,
              39.81635740388066
            ],
            [
              -122.33564037047394,
              39.81599468012492
            ],
            [
              -122.33558813304887,
              39.815954239910035
            ],
            [
              -122.3354846331974,
              39.81586703934136
            ],
            [
              -122.33544910981335,
              39.81583517499544
            ],
            [
              -122.33534561017109,
              39.81573627439716
            ],
            [
              -122.33527867074781,
              39.81566281095555
            ],
            [
              -122.3351946714926,
              39.81555621042588
            ],
            [
              -122.33515763057866,
              39.815504183502895
            ],
            [
              -122.33512665270143,
              39.815449850713456
            ],
            [
              -122.33510197684245,
              39.81539363123816
            ],
            [
              -122.3350771775835,
              39.81532773106651
            ],
            [
              -122.33505439275899,
              39.81525054807259
            ],
            [
              -122.33504346865207,
              39.81517183986359
            ],
            [
              -122.33503886958701,
              39.81509803983701
            ],
            [
              -122.33503888111366,
              39.8150329823249
            ],
            [
              -122.33504700532625,
              39.81496822718651
            ],
            [
              -122.33506316689626,
              39.814904374657175
            ],
            [
              -122.33508721599557,
              39.81484201660402
            ],
            [
              -122.33511892968593,
              39.81478173103992
            ],
            [
              -122.33515801398629,
              39.81472407676591
            ],
            [
              -122.33520410659817,
              39.81466958819156
            ],
            [
              -122.33525678026469,
              39.81461877038179
            ],
            [
              -122.33531554673104,
              39.81457209437544
            ],
            [
              -122.33537574214628,
              39.814532689281485
            ],
            [
              -122.33544808500466,
              39.81428501455095
            ],
            [
              -122.33547237393698,
              39.81421811138245
            ],
            [
              -122.33550544237349,
              39.81415348513478
            ],
            [
              -122.3355469407238,
              39.8140918189721
            ],
            [
              -122.33557701130796,
              39.814056544400465
            ],
            [
              -122.33560123973923,
              39.81393496284139
            ],
            [
              -122.33561816630011,
              39.813870866282194
            ],
            [
              -122.3356430497724,
              39.8138083321573
            ],
            [
              -122.33565472608281,
              39.81378670864894
            ],
            [
              -122.33564046575466,
              39.81373431635214
            ],
            [
              -122.3356280653391,
              39.813676306938675
            ],
            [
              -122.33562225034495,
              39.81361768584073
            ],
            [
              -122.33562306477505,
              39.81355889682047
            ],
            [
              -122.3356305024472,
              39.81350038491006
            ],
            [
              -122.33564770359285,
              39.813407085046656
            ],
            [
              -122.33566533313723,
              39.813337723012744
            ],
            [
              -122.33569226128975,
              39.81327016060447
            ],
            [
              -122.3357281933965,
              39.813205137038125
            ],
            [
              -122.33577273629227,
              39.81314336374988
            ],
            [
              -122.33582540260322,
              39.81308551661226
            ],
            [
              -122.33588561608012,
              39.813032228539385
            ],
            [
              -122.33591611608949,
              39.813007928703044
            ],
            [
              -122.33598185025602,
              39.81296066754716
            ],
            [
              -122.33605351589046,
              39.8129188475586
            ],
            [
              -122.33613035909075,
              39.81288290866624
            ],
            [
              -122.33621157149283,
              39.812853228931715
            ],
            [
              -122.33629629877424,
              39.81283012057264
            ],
            [
              -122.33638364964045,
              39.812813826678436
            ],
            [
              -122.33640039965574,
              39.81281207598394
            ],
            [
              -122.33644359166922,
              39.81279639077074
            ],
            [
              -122.33652446421989,
              39.8127741827052
            ],
            [
              -122.33660776656413,
              39.8127581843692
            ],
            [
              -122.33677279362509,
              39.81273303962908
            ],
            [
              -122.33695719192971,
              39.81268791663123
            ],
            [
              -122.33703364642086,
              39.812672100751634
            ],
            [
              -122.33711163973167,
              39.812661670528655
            ],
            [
              -122.33719053534476,
              39.81265671108528
            ],
            [
              -122.33757464643234,
              39.81264599849475
            ],
            [
              -122.33781209478623,
              39.812622963334356
            ],
            [
              -122.33792684116149,
              39.81239425729423
            ],
            [
              -122.33765103634875,
              39.811788162402536
            ],
            [
              -122.33762182027722,
              39.811708721737155
            ],
            [
              -122.33760538646362,
              39.81162712598501
            ],
            [
              -122.3375376934957,
              39.811067125539886
            ],
            [
              -122.33753394277927,
              39.81099862911524
            ],
            [
              -122.33753921077209,
              39.81093019212617
            ],
            [
              -122.33758021433124,
              39.81064399245969
            ],
            [
              -122.33760141414108,
              39.81055327207056
            ],
            [
              -122.33764341561677,
              39.81042457238673
            ],
            [
              -122.33768016495594,
              39.81033742482849
            ],
            [
              -122.33774616619337,
              39.81021082529573
            ],
            [
              -122.33778225911286,
              39.81015037821728
            ],
            [
              -122.33782588650784,
              39.81009296229708
            ],
            [
              -122.33798538135382,
              39.80990494063283
            ],
            [
              -122.33799127723024,
              39.80988248122424
            ],
            [
              -122.3380313786931,
              39.80975568152708
            ],
            [
              -122.33805571360563,
              39.80969235671366
            ],
            [
              -122.33808794813538,
              39.809631166595146
            ],
            [
              -122.33812777431135,
              39.80957269574749
            ],
            [
              -122.33817481163916,
              39.80951750276678
            ],
            [
              -122.33824501198313,
              39.80944330319285
            ],
            [
              -122.33830757301428,
              39.80938444868151
            ],
            [
              -122.33838857310097,
              39.809316449127415
            ],
            [
              -122.33844136887605,
              39.80927575183516
            ],
            [
              -122.33849846459049,
              39.809238668049275
            ],
            [
              -122.33855944583036,
              39.80920546692845
            ],
            [
              -122.33861085143548,
              39.80917993794893
            ],
            [
              -122.33862702644284,
              39.80915823421669
            ],
            [
              -122.33867313258932,
              39.80910769653674
            ],
            [
              -122.33872503199306,
              39.8090606185035
            ],
            [
              -122.33878229063531,
              39.809017393805995
            ],
            [
              -122.33886036383771,
              39.80896362118965
            ],
            [
              -122.33895414720676,
              39.80889825739323
            ],
            [
              -122.33904138064031,
              39.808844820523454
            ],
            [
              -122.33924127035306,
              39.80873761763682
            ],
            [
              -122.33925629113766,
              39.80872450996638
            ],
            [
              -122.33931474858,
              39.80867816852556
            ],
            [
              -122.33937868091206,
              39.80863634796545
            ],
            [
              -122.33944750285372,
              39.808599431134084
            ],
            [
              -122.33952058436584,
              39.8085677559876
            ],
            [
              -122.33962988363852,
              39.80852555634681
            ],
            [
              -122.3396979198486,
              39.80850202455626
            ],
            [
              -122.33976830393539,
              39.80848303951714
            ],
            [
              -122.33989640283711,
              39.80845313978506
            ],
            [
              -122.33995403203132,
              39.80844132356401
            ],
            [
              -122.34004443215835,
              39.80842530690879
            ],
            [
              -122.34006793976039,
              39.8083262497631
            ],
            [
              -122.34007285431213,
              39.808284625052046
            ],
            [
              -122.34008674160577,
              39.80821153235316
            ],
            [
              -122.34009696656089,
              39.80818126482429
            ],
            [
              -122.3400995859083,
              39.808149274491925
            ],
            [
              -122.34011388720991,
              39.80804477460875
            ],
            [
              -122.3401246155024,
              39.807988884911325
            ],
            [
              -122.34014135999823,
              39.807933881781935
            ],
            [
              -122.34018106122573,
              39.807824282077384
            ],
            [
              -122.34021420581456,
              39.80774982486025
            ],
            [
              -122.34025835335744,
              39.80767884593898
            ],
            [
              -122.34036662377115,
              39.80752799335615
            ],
            [
              -122.34046203467376,
              39.80738161971144
            ],
            [
              -122.340463640599,
              39.807374388774
            ],
            [
              -122.34048413825177,
              39.80731508204926
            ],
            [
              -122.34051152868768,
              39.80725745443588
            ],
            [
              -122.3405455859118,
              39.8072019813765
            ],
            [
              -122.34058807518252,
              39.80714019590061
            ],
            [
              -122.34072369882425,
              39.80692950183215
            ],
            [
              -122.34080911575144,
              39.80678075835187
            ],
            [
              -122.34084087310922,
              39.80673106480751
            ],
            [
              -122.34091825642521,
              39.80662154153657
            ],
            [
              -122.340984054513,
              39.80646935114718
            ],
            [
              -122.34102331773889,
              39.80639397167176
            ],
            [
              -122.34116233807768,
              39.80616747901349
            ],
            [
              -122.3411814281559,
              39.80613071250791
            ],
            [
              -122.34119372238858,
              39.80608821902522
            ],
            [
              -122.34120127443148,
              39.80604165823224
            ],
            [
              -122.34120158016219,
              39.80597780783187
            ],
            [
              -122.3412034037948,
              39.805936655934474
            ],
            [
              -122.34121430543107,
              39.80580675602907
            ],
            [
              -122.34123024290214,
              39.805715008624894
            ],
            [
              -122.34125096356513,
              39.805636865843674
            ],
            [
              -122.34125499645832,
              39.8055579350296
            ],
            [
              -122.34124473920623,
              39.80552846572938
            ],
            [
              -122.34123083894112,
              39.805464674703735
            ],
            [
              -122.34122491070555,
              39.805400150847746
            ],
            [
              -122.34122700880145,
              39.80533548543532
            ],
            [
              -122.34123340965137,
              39.805267885489926
            ],
            [
              -122.34123445448427,
              39.80525787543683
            ],
            [
              -122.34124345547231,
              39.80517897551185
            ],
            [
              -122.34125992983694,
              39.805095190704876
            ],
            [
              -122.34128093071703,
              39.80502039086527
            ],
            [
              -122.34130213960356,
              39.80495897352829
            ],
            [
              -122.34131265203136,
              39.804937060729976
            ],
            [
              -122.34130273055266,
              39.80492511696269
            ],
            [
              -122.3412650371983,
              39.80486870411107
            ],
            [
              -122.34123437186587,
              39.804809812644805
            ],
            [
              -122.3412110050269,
              39.80474896202828
            ],
            [
              -122.34119150573964,
              39.80468776189281
            ],
            [
              -122.3411762646695,
              39.804628671772456
            ],
            [
              -122.34116790814176,
              39.80456876946577
            ],
            [
              -122.34116650256851,
              39.80450853116502
            ],
            [
              -122.34116840326674,
              39.80445343118491
            ],
            [
              -122.34117464672332,
              39.80438890785026
            ],
            [
              -122.34118886263357,
              39.80432514087128
            ],
            [
              -122.34120556331473,
              39.80426704099854
            ],
            [
              -122.34122685856403,
              39.80420643552114
            ],
            [
              -122.34125535559393,
              39.804147616312626
            ],
            [
              -122.34129080832068,
              39.80409109126442
            ],
            [
              -122.34133291060174,
              39.80403734845715
            ],
            [
              -122.34138161091971,
              39.80398124876175
            ],
            [
              -122.34141999579384,
              39.803940415012384
            ],
            [
              -122.34146222256652,
              39.8039019032795
            ],
            [
              -122.34168152282605,
              39.80371640449094
            ],
            [
              -122.34172653800599,
              39.80368106636194
            ],
            [
              -122.34174258334754,
              39.80365388401733
            ],
            [
              -122.34175171671397,
              39.80364145714831
            ],
            [
              -122.34188375150868,
              39.803050876409635
            ],
            [
              -122.34190261471714,
              39.802985841039124
            ],
            [
              -122.34192969180252,
              39.802922555102704
            ],
            [
              -122.3419647193782,
              39.8028616341495
            ],
            [
              -122.34200735672981,
              39.80280367072412
            ],
            [
              -122.34205718912995,
              39.80274922860355
            ],
            [
              -122.34211373187249,
              39.802698837313734
            ],
            [
              -122.34217643498744,
              39.80265298697964
            ],
            [
              -122.34224468859038,
              39.80261212355822
            ],
            [
              -122.34231782881446,
              39.80257664450125
            ],
            [
              -122.34239514426731,
              39.80254689488977
            ],
            [
              -122.34247588295005,
              39.802523164077996
            ],
            [
              -122.34255925957106,
              39.80250568287912
            ],
            [
              -122.34264446318339,
              39.802494621320676
            ],
            [
              -122.3427306650718,
              39.802490086990716
            ],
            [
              -122.34281702681227,
              39.802492123991655
            ],
            [
              -122.34290270842614,
              39.80250071251125
            ],
            [
              -122.34298890762597,
              39.80251271239044
            ],
            [
              -122.34308128668692,
              39.80252960440073
            ],
            [
              -122.34317075355102,
              39.80255410738056
            ],
            [
              -122.34325625757188,
              39.80258593358242
            ],
            [
              -122.34333679463636,
              39.80262470925902
            ],
            [
              -122.34337999446612,
              39.802648109072344
            ],
            [
              -122.34338665909726,
              39.80265175497474
            ],
            [
              -122.34345525883973,
              39.802689654674516
            ],
            [
              -122.34348988972677,
              39.80270980637774
            ],
            [
              -122.34365218928798,
              39.80280920562099
            ],
            [
              -122.34372099304052,
              39.802856080836825
            ],
            [
              -122.3437830597199,
              39.80290825186921
            ],
            [
              -122.34383770783494,
              39.80296514589455
            ],
            [
              -122.34388175392698,
              39.80301641515114
            ],
            [
              -122.3438856729473,
              39.80301940707116
            ],
            [
              -122.34394762817665,
              39.803048824814624
            ],
            [
              -122.34394919179596,
              39.80304952618564
            ],
            [
              -122.34397980867107,
              39.803050912836355
            ],
            [
              -122.34410793468233,
              39.80304615111258
            ],
            [
              -122.34420317177832,
              39.80304660902376
            ],
            [
              -122.34421764834829,
              39.803047898741305
            ],
            [
              -122.34425315160844,
              39.80304171784501
            ],
            [
              -122.34432845058313,
              39.80303381591769
            ],
            [
              -122.34438335005147,
              39.80302991595091
            ],
            [
              -122.34447802675155,
              39.80302715836101
            ],
            [
              -122.34457253590337,
              39.80303230248299
            ],
            [
              -122.34466577223208,
              39.80304528815712
            ],
            [
              -122.34475664534703,
              39.80306596351743
            ],
            [
              -122.34479574503443,
              39.8030766634173
            ],
            [
              -122.34486977331909,
              39.80309990554924
            ],
            [
              -122.34494074734698,
              39.80312825462117
            ],
            [
              -122.34500807640856,
              39.80316147468837
            ],
            [
              -122.34507120012833,
              39.80319928926527
            ],
            [
              -122.34512959312885,
              39.803241383626315
            ],
            [
              -122.34518276940308,
              39.80328740742529
            ],
            [
              -122.34520646948224,
              39.803309907288664
            ],
            [
              -122.34525059616365,
              39.80335560953479
            ],
            [
              -122.34528957372983,
              39.803404016818874
            ],
            [
              -122.34532087405809,
              39.803446816618106
            ],
            [
              -122.34536171386881,
              39.803510206867834
            ],
            [
              -122.34539373219539,
              39.803576544488934
            ],
            [
              -122.34541657766881,
              39.803645101546124
            ],
            [
              -122.34542999957293,
              39.80371512574765
            ],
            [
              -122.34543670025803,
              39.80376972570346
            ],
            [
              -122.34544059857254,
              39.80383280898101
            ],
            [
              -122.34543684412812,
              39.8038958974492
            ],
            [
              -122.3454254696992,
              39.80395844002674
            ],
            [
              -122.34540657462183,
              39.80401989039918
            ],
            [
              -122.34538032392678,
              39.804079711791246
            ],
            [
              -122.34537797118256,
              39.804084347669686
            ],
            [
              -122.34538777916809,
              39.8040880191494
            ],
            [
              -122.3454362788769,
              39.80410821897506
            ],
            [
              -122.34550134532984,
              39.80413819210401
            ],
            [
              -122.34556280984462,
              39.80417239030783
            ],
            [
              -122.34560600972499,
              39.80419869010712
            ],
            [
              -122.34566501121591,
              39.804238020106965
            ],
            [
              -122.34571924463128,
              39.804281240940085
            ],
            [
              -122.34576828027659,
              39.80432801017276
            ],
            [
              -122.34581172963621,
              39.80437795725701
            ],
            [
              -122.34584924845197,
              39.804430686466155
            ],
            [
              -122.34591044929086,
              39.80452658606322
            ],
            [
              -122.34593998811044,
              39.804578206664814
            ],
            [
              -122.34596384028401,
              39.80463154805227
            ],
            [
              -122.3459810407792,
              39.80467594793332
            ],
            [
              -122.34600027074106,
              39.80473524173755
            ],
            [
              -122.34600322199444,
              39.8047464783576
            ],
            [
              -122.34602785271866,
              39.80478270363061
            ],
            [
              -122.34605837568418,
              39.804839699180675
            ],
            [
              -122.34608137619975,
              39.804888899023425
            ],
            [
              -122.34610475287036,
              39.80494696863395
            ],
            [
              -122.34612126702629,
              39.80500642390218
            ],
            [
              -122.34613078493669,
              39.80506678342658
            ],
            [
              -122.34615618289283,
              39.80532396717777
            ],
            [
              -122.34615701819796,
              39.805326691929125
            ],
            [
              -122.3462259782426,
              39.805307095187274
            ],
            [
              -122.34630103359721,
              39.80529143267728
            ],
            [
              -122.34637759380114,
              39.805280964264355
            ],
            [
              -122.34645505586214,
              39.80527577239836
            ],
            [
              -122.34662355421547,
              39.80527027243812
            ],
            [
              -122.34670941359374,
              39.80527071771231
            ],
            [
              -122.34679480416136,
              39.805277642847514
            ],
            [
              -122.34687890581607,
              39.80529098133401
            ],
            [
              -122.34696091083332,
              39.80531060506734
            ],
            [
              -122.3471439093873,
              39.80536210458743
            ],
            [
              -122.34722214472153,
              39.80538749726761
            ],
            [
              -122.34729682706238,
              39.80541860986637
            ],
            [
              -122.34736725544067,
              39.80545515036289
            ],
            [
              -122.34743276881174,
              39.80549677578986
            ],
            [
              -122.34747577076703,
              39.80552691048241
            ],
            [
              -122.34766076620713,
              39.8055370767445
            ],
            [
              -122.34776042585356,
              39.80554700934456
            ],
            [
              -122.34785795537053,
              39.805565678212666
            ],
            [
              -122.34795291470391,
              39.805588385856566
            ],
            [
              -122.34795783870248,
              39.80558259272202
            ],
            [
              -122.3480139569054,
              39.8055292809708
            ],
            [
              -122.34807680048185,
              39.8054806372889
            ],
            [
              -122.34814572043499,
              39.805437164018144
            ],
            [
              -122.34822000502159,
              39.8053993101049
            ],
            [
              -122.34832900441103,
              39.80534971051329
            ],
            [
              -122.34840296281331,
              39.805319628916
            ],
            [
              -122.34848030229128,
              39.805295121912565
            ],
            [
              -122.34856031846624,
              39.80527641270275
            ],
            [
              -122.34870761714903,
              39.80524781296043
            ],
            [
              -122.34878607557215,
              39.8052354892497
            ],
            [
              -122.34878929194458,
              39.805235216562004
            ],
            [
              -122.34883139112956,
              39.80520419471866
            ],
            [
              -122.3496823463544,
              39.80441199905721
            ],
            [
              -122.34973033185142,
              39.804370876336364
            ],
            [
              -122.34978251807777,
              39.80433291911459
            ],
            [
              -122.34983855520866,
              39.804298381829526
            ],
            [
              -122.35034490844673,
              39.80401168679522
            ],
            [
              -122.35095863994653,
              39.80334606063876
            ],
            [
              -122.35132537092755,
              39.80280809437881
            ],
            [
              -122.35143662322959,
              39.802005530670364
            ],
            [
              -122.35110939511385,
              39.801382839514055
            ],
            [
              -122.35108213729116,
              39.801323059295626
            ],
            [
              -122.35106225956606,
              39.80126157243974
            ],
            [
              -122.3508283703842,
              39.80035987081575
            ],
            [
              -122.35081561221267,
              39.800293908136005
            ],
            [
              -122.35081134620941,
              39.80022729665237
            ],
            [
              -122.3508113552297,
              39.79951689760707
            ],
            [
              -122.35053940755289,
              39.79932672883169
            ],
            [
              -122.35048003238299,
              39.79928102757534
            ],
            [
              -122.35042659591807,
              39.79923115563492
            ],
            [
              -122.35037958804715,
              39.799177570233596
            ],
            [
              -122.35033943971928,
              39.79912076263815
            ],
            [
              -122.35030651899292,
              39.79906125365499
            ],
            [
              -122.35028112766216,
              39.79899958885516
            ],
            [
              -122.35026349849055,
              39.79893633357248
            ],
            [
              -122.35025379307775,
              39.79887206772054
            ],
            [
              -122.3502521003789,
              39.79880738047605
            ],
            [
              -122.35025843588976,
              39.798742864877276
            ],
            [
              -122.35027274150562,
              39.7986791123873
            ],
            [
              -122.35029488605471,
              39.79861670747156
            ],
            [
              -122.35032466650155,
              39.7985562222398
            ],
            [
              -122.35036180980904,
              39.79849821120122
            ],
            [
              -122.3504059754422,
              39.798443206181055
            ],
            [
              -122.35084864699313,
              39.797946676540626
            ],
            [
              -122.35070605868563,
              39.79748118972946
            ],
            [
              -122.35069035938594,
              39.79741564038116
            ],
            [
              -122.35068310905119,
              39.79734921681726
            ],
            [
              -122.35068437821079,
              39.79728256541328
            ],
            [
              -122.35081319772637,
              39.795732766530264
            ],
            [
              -122.35082483046334,
              39.795658142143125
            ],
            [
              -122.35092722761621,
              39.79521221837619
            ],
            [
              -122.3508234201672,
              39.794733481914996
            ],
            [
              -122.35082119110685,
              39.79472266374933
            ],
            [
              -122.35069719054549,
              39.79408769789608
            ],
            [
              -122.35040391358656,
              39.793089693707955
            ],
            [
              -122.35038621178973,
              39.793004589650245
            ],
            [
              -122.35030042047184,
              39.792312089083325
            ],
            [
              -122.35029645438381,
              39.792245124356874
            ],
            [
              -122.35030110862083,
              39.792178185993464
            ],
            [
              -122.35031433735494,
              39.79211193274352
            ],
            [
              -122.35045634367845,
              39.791578233832496
            ],
            [
              -122.35047727450095,
              39.79151516611989
            ],
            [
              -122.35050597534972,
              39.791453944908106
            ],
            [
              -122.35054217980955,
              39.79139513843905
            ],
            [
              -122.35058555182098,
              39.791339292540115
            ],
            [
              -122.35063568879978,
              39.79128692555821
            ],
            [
              -122.3506921253743,
              39.79123852354867
            ],
            [
              -122.35071931832921,
              39.79121929653801
            ],
            [
              -122.35069220669041,
              39.79113317805708
            ],
            [
              -122.35067589624124,
              39.79106724121116
            ],
            [
              -122.35059440179766,
              39.79061744065397
            ],
            [
              -122.35058632388308,
              39.79054312751935
            ],
            [
              -122.35058890989473,
              39.79046858024572
            ],
            [
              -122.35060212830241,
              39.79039470676697
            ],
            [
              -122.35062581808202,
              39.79032240680781
            ],
            [
              -122.35063656800165,
              39.790295860705434
            ],
            [
              -122.35062678183475,
              39.79027257578095
            ],
            [
              -122.35060709918812,
              39.790197984120276
            ],
            [
              -122.350484660124,
              39.78954870313059
            ],
            [
              -122.35021029347712,
              39.78876105129463
            ],
            [
              -122.35020800440012,
              39.788759717533445
            ],
            [
              -122.35014301292412,
              39.78871318235189
            ],
            [
              -122.35008445311057,
              39.78866181641507
            ],
            [
              -122.3500329250785,
              39.788606146132665
            ],
            [
              -122.35001292523386,
              39.78858204600826
            ],
            [
              -122.34997310987897,
              39.78852889636128
            ],
            [
              -122.34993971109968,
              39.788473178475385
            ],
            [
              -122.34991300451767,
              39.788415352185986
            ],
            [
              -122.34990170483321,
              39.78838685210793
            ],
            [
              -122.34988349408601,
              39.78833311707651
            ],
            [
              -122.34987106506338,
              39.78827840978311
            ],
            [
              -122.3498645017204,
              39.78822309982329
            ],
            [
              -122.34986369918805,
              39.788210772835356
            ],
            [
              -122.3497113741965,
              39.78786811103583
            ],
            [
              -122.34968943147332,
              39.787810534536646
            ],
            [
              -122.3496842006348,
              39.787790327643066
            ],
            [
              -122.34964639416718,
              39.787763214761654
            ],
            [
              -122.34958981554007,
              39.787713883073565
            ],
            [
              -122.3495202157884,
              39.78764688267041
            ],
            [
              -122.34946816385211,
              39.78759119767769
            ],
            [
              -122.34942370457215,
              39.787531725405834
            ],
            [
              -122.3493872968636,
              39.787469079763234
            ],
            [
              -122.34936719726784,
              39.787429179626756
            ],
            [
              -122.34933787515857,
              39.7873602095163
            ],
            [
              -122.34931831139849,
              39.78728921088265
            ],
            [
              -122.34930873169219,
              39.78721700293814
            ],
            [
              -122.34930543235885,
              39.78716430291895
            ],
            [
              -122.34930565832609,
              39.787095675076046
            ],
            [
              -122.34931490584076,
              39.78702741884784
            ],
            [
              -122.34933307949242,
              39.78696023826649
            ],
            [
              -122.34935999180306,
              39.78689482626727
            ],
            [
              -122.34939403088939,
              39.78683423270503
            ],
            [
              -122.34946195219655,
              39.786501978983
            ],
            [
              -122.34944422170335,
              39.786449577128415
            ],
            [
              -122.3494259791443,
              39.78638150742926
            ],
            [
              -122.34941689700295,
              39.78631235205075
            ],
            [
              -122.34941519012699,
              39.78628578163397
            ],
            [
              -122.34933900505139,
              39.786141815310486
            ],
            [
              -122.3493097146908,
              39.78607732365593
            ],
            [
              -122.34928901696647,
              39.786010879452576
            ],
            [
              -122.34927712353006,
              39.78594316222898
            ],
            [
              -122.34927415599005,
              39.78587486453097
            ],
            [
              -122.34927665742184,
              39.78576186456123
            ],
            [
              -122.34928196250412,
              39.785698256893255
            ],
            [
              -122.3492950121579,
              39.785635317828046
            ],
            [
              -122.34931569025528,
              39.785573607354536
            ],
            [
              -122.3493438127971,
              39.78551367452906
            ],
            [
              -122.34937912955054,
              39.78545605259031
            ],
            [
              -122.34942132627616,
              39.78540125421511
            ],
            [
              -122.34943626973784,
              39.785383781045695
            ],
            [
              -122.34941785596303,
              39.785350874112325
            ],
            [
              -122.34939186557759,
              39.78528834776106
            ],
            [
              -122.3493738639494,
              39.78522417043076
            ],
            [
              -122.34936402103772,
              39.78515894812075
            ],
            [
              -122.34936242976158,
              39.78509329669594
            ],
            [
              -122.3493691051231,
              39.785027836071436
            ],
            [
              -122.34938398406695,
              39.784963184358986
            ],
            [
              -122.34939368444938,
              39.78493038443265
            ],
            [
              -122.34939663140692,
              39.78492252326708
            ],
            [
              -122.34937558702296,
              39.784915909660626
            ],
            [
              -122.34929936385032,
              39.78488490099133
            ],
            [
              -122.34922745913477,
              39.78484826368044
            ],
            [
              -122.34916056888305,
              39.78480635236518
            ],
            [
              -122.34909934055997,
              39.784759572732746
            ],
            [
              -122.34904436682142,
              39.784708377593
            ],
            [
              -122.34899617977752,
              39.784653262495326
            ],
            [
              -122.34895524584252,
              39.78459476093147
            ],
            [
              -122.34892196122033,
              39.78453343917147
            ],
            [
              -122.34889664807018,
              39.78446989078201
            ],
            [
              -122.34887955138883,
              39.78440473088098
            ],
            [
              -122.34887083664009,
              39.78433859018307
            ],
            [
              -122.34887058815383,
              39.78427210889485
            ],
            [
              -122.34887880831094,
              39.78420593051778
            ],
            [
              -122.34889541752104,
              39.78414069561947
            ],
            [
              -122.34892025499377,
              39.78407703563345
            ],
            [
              -122.34893495532388,
              39.78404513573944
            ],
            [
              -122.34896545676831,
              39.78398750613406
            ],
            [
              -122.34900270248629,
              39.78393228657194
            ],
            [
              -122.34904637639151,
              39.78387994565149
            ],
            [
              -122.34908277658727,
              39.78384044587439
            ],
            [
              -122.3491401845838,
              39.78378463228728
            ],
            [
              -122.34920489079485,
              39.78373379274585
            ],
            [
              -122.3492761757841,
              39.78368849249819
            ],
            [
              -122.34928932098096,
              39.783681000220234
            ],
            [
              -122.3492888881564,
              39.78367988109951
            ],
            [
              -122.34927156789057,
              39.78360586352067
            ],
            [
              -122.34926746820861,
              39.78358026349288
            ],
            [
              -122.34926127987767,
              39.783518359944075
            ],
            [
              -122.34926248200439,
              39.78345627947479
            ],
            [
              -122.34927106442036,
              39.78339454617901
            ],
            [
              -122.34928695465196,
              39.78333368121837
            ],
            [
              -122.3493100185328,
              39.78327419842265
            ],
            [
              -122.34934006133697,
              39.783216599951835
            ],
            [
              -122.34935966163538,
              39.783183500087226
            ],
            [
              -122.34939582073756,
              39.78312909320303
            ],
            [
              -122.3494382059117,
              39.783077430715295
            ],
            [
              -122.34948647013577,
              39.7830289355863
            ],
            [
              -122.34954021825833,
              39.78298400484627
            ],
            [
              -122.34959901023377,
              39.782943006342975
            ],
            [
              -122.34965951007987,
              39.782904506628896
            ],
            [
              -122.34972798274126,
              39.782865099608465
            ],
            [
              -122.34980110541669,
              39.78283102650552
            ],
            [
              -122.34987818250022,
              39.78280261145011
            ],
            [
              -122.34995848077146,
              39.782780124748214
            ],
            [
              -122.35004123637003,
              39.782763780310496
            ],
            [
              -122.35012566206154,
              39.7827537336177
            ],
            [
              -122.35021095472578,
              39.78275008024162
            ],
            [
              -122.35029630299584,
              39.782752854936064
            ],
            [
              -122.35038089497593,
              39.78276203130629
            ],
            [
              -122.35045710836549,
              39.78277625013092
            ],
            [
              -122.35046995376572,
              39.782742096799794
            ],
            [
              -122.35049740125925,
              39.782690427676826
            ],
            [
              -122.35049620556704,
              39.78266349863068
            ],
            [
              -122.35044991075458,
              39.78264670297569
            ],
            [
              -122.35035972136681,
              39.78260885183129
            ],
            [
              -122.35027589286867,
              39.78256311769452
            ],
            [
              -122.35021149269896,
              39.782523417393286
            ],
            [
              -122.35014745484456,
              39.78247982884411
            ],
            [
              -122.35008922347949,
              39.78243163575383
            ],
            [
              -122.35003735220872,
              39.7823792963042
            ],
            [
              -122.34999233416708,
              39.782323308096196
            ],
            [
              -122.34995459733135,
              39.782264203418976
            ],
            [
              -122.34992450045178,
              39.78220254418902
            ],
            [
              -122.34990232964206,
              39.78213891660781
            ],
            [
              -122.34988829565995,
              39.782073925588534
            ],
            [
              -122.3498825319043,
              39.78200818900497
            ],
            [
              -122.34988509314769,
              39.78194233181729
            ],
            [
              -122.34988966017623,
              39.78191485377954
            ],
            [
              -122.34987521067879,
              39.7818524464155
            ],
            [
              -122.34986841257907,
              39.78178875462365
            ],
            [
              -122.34986944337534,
              39.78172485217938
            ],
            [
              -122.34987829382618,
              39.78166131064899
            ],
            [
              -122.34989488474879,
              39.78159869836916
            ],
            [
              -122.34990638514762,
              39.78156379845552
            ],
            [
              -122.3499331990922,
              39.78149707940955
            ],
            [
              -122.34996879688119,
              39.78143285258918
            ],
            [
              -122.35001279809585,
              39.78137180431675
            ],
            [
              -122.35006473252285,
              39.78131458694726
            ],
            [
              -122.35011091156434,
              39.781273497898596
            ],
            [
              -122.34994019869545,
              39.781239066665144
            ],
            [
              -122.3498575588768,
              39.781218981061905
            ],
            [
              -122.34977789574828,
              39.78119269361539
            ],
            [
              -122.34970198898412,
              39.78116046160592
            ],
            [
              -122.34963058149148,
              39.78112260049399
            ],
            [
              -122.34956437213897,
              39.78107948083244
            ],
            [
              -122.34950400891677,
              39.78103152463969
            ],
            [
              -122.34945008259436,
              39.78097920126899
            ],
            [
              -122.34940312093904,
              39.78092302281461
            ],
            [
              -122.34936358355068,
              39.7808635390996
            ],
            [
              -122.34933185736426,
              39.78080133229436
            ],
            [
              -122.34930825286334,
              39.78073701121875
            ],
            [
              -122.34929300104231,
              39.780671205383314
            ],
            [
              -122.34928625114627,
              39.78060455882815
            ],
            [
              -122.34928806921147,
              39.78053772381961
            ],
            [
              -122.34929843741995,
              39.78047135446656
            ],
            [
              -122.34931725427474,
              39.780406100318686
            ],
            [
              -122.34934433559432,
              39.78034260000946
            ],
            [
              -122.34937941631597,
              39.78028147500614
            ],
            [
              -122.34942215309073,
              39.780223323527615
            ],
            [
              -122.34947212764433,
              39.78016871469007
            ],
            [
              -122.34952885087134,
              39.780118182937315
            ],
            [
              -122.3495917676223,
              39.78007222281064
            ],
            [
              -122.34966026213709,
              39.78003128410911
            ],
            [
              -122.3498998611245,
              39.77990218512412
            ],
            [
              -122.34996616585035,
              39.77986976946973
            ],
            [
              -122.35003596588177,
              39.779842064525454
            ],
            [
              -122.35010870053225,
              39.779819292837026
            ],
            [
              -122.35038626076202,
              39.77974338246636
            ],
            [
              -122.35034892892631,
              39.779691540885835
            ],
            [
              -122.35031235809605,
              39.779624767544924
            ],
            [
              -122.35029853895816,
              39.77958935894127
            ],
            [
              -122.35027372932288,
              39.7795620128844
            ],
            [
              -122.3502291398774,
              39.779507503769835
            ],
            [
              -122.35019148469294,
              39.779449964585226
            ],
            [
              -122.35016110638935,
              39.77938991889968
            ],
            [
              -122.35013828136935,
              39.77932791308841
            ],
            [
              -122.35013796519878,
              39.779326582388975
            ],
            [
              -122.34993840502108,
              39.7792701028955
            ],
            [
              -122.34985956279152,
              39.77924434952248
            ],
            [
              -122.3497843564523,
              39.77921277931311
            ],
            [
              -122.34971350475442,
              39.77917569398791
            ],
            [
              -122.34964768482777,
              39.77913344797558
            ],
            [
              -122.34958752570985,
              39.77908644502524
            ],
            [
              -122.34953360233371,
              39.779035134347716
            ],
            [
              -122.34948643003354,
              39.77898000632203
            ],
            [
              -122.34944645961987,
              39.778921587808505
            ],
            [
              -122.34941407307153,
              39.778860437113465
            ],
            [
              -122.34938957988578,
              39.77879713865318
            ],
            [
              -122.34937321412096,
              39.77873229736844
            ],
            [
              -122.34936513216053,
              39.77866653294304
            ],
            [
              -122.3493654112193,
              39.77860047388139
            ],
            [
              -122.34937404860642,
              39.77853475150196
            ],
            [
              -122.34939096175205,
              39.77846999390379
            ],
            [
              -122.34941598899732,
              39.77840681996394
            ],
            [
              -122.34944655178369,
              39.778350169596145
            ],
            [
              -122.34940626092677,
              39.77830814889919
            ],
            [
              -122.34936295737894,
              39.778252520510016
            ],
            [
              -122.34932676904737,
              39.77819394368825
            ],
            [
              -122.34932649167557,
              39.77819335510541
            ],
            [
              -122.34928554943076,
              39.778160656195
            ],
            [
              -122.34922987332628,
              39.77810588306844
            ],
            [
              -122.34918179572216,
              39.77804698104861
            ],
            [
              -122.34914182679874,
              39.77798457520483
            ],
            [
              -122.34911039068338,
              39.77791932778736
            ],
            [
              -122.34908782095022,
              39.77785193119926
            ],
            [
              -122.3490368232552,
              39.77765913084529
            ],
            [
              -122.34902577883788,
              39.777607084657376
            ],
            [
              -122.34902002856944,
              39.77755453238967
            ],
            [
              -122.3490113304465,
              39.77740613234008
            ],
            [
              -122.34901130681361,
              39.77734548016443
            ],
            [
              -122.3490142938338,
              39.7773197934937
            ],
            [
              -122.34899729789956,
              39.77728168590489
            ],
            [
              -122.3489769415099,
              39.77721429774074
            ],
            [
              -122.34896562323316,
              39.7771456566136
            ],
            [
              -122.34896346172049,
              39.77707648226257
            ],
            [
              -122.34897047960897,
              39.777007500015735
            ],
            [
              -122.34898858092976,
              39.776900300160335
            ],
            [
              -122.3490049499487,
              39.77683143407685
            ],
            [
              -122.34903046615645,
              39.77676424455355
            ],
            [
              -122.349064855598,
              39.77669945290293
            ],
            [
              -122.34910774906264,
              39.77663775469322
            ],
            [
              -122.34915868604863,
              39.77657981228134
            ],
            [
              -122.34921711970763,
              39.77652624770256
            ],
            [
              -122.34928242271583,
              39.77647763599302
            ],
            [
              -122.34931462265345,
              39.77645603615008
            ],
            [
              -122.34938216993578,
              39.77641503661539
            ],
            [
              -122.34945460003436,
              39.77637934307844
            ],
            [
              -122.34953121542449,
              39.776349299276106
            ],
            [
              -122.34961127827924,
              39.776325194536675
            ],
            [
              -122.34969401757454,
              39.77630726099372
            ],
            [
              -122.34977863651376,
              39.77629567135091
            ],
            [
              -122.34986432020045,
              39.77629053721879
            ],
            [
              -122.34995024348534,
              39.7762919080402
            ],
            [
              -122.35003557891187,
              39.77629977061408
            ],
            [
              -122.35011950468417,
              39.7763140492226
            ],
            [
              -122.35020121258036,
              39.77633460636023
            ],
            [
              -122.35027991573523,
              39.77636124405794
            ],
            [
              -122.35035485621754,
              39.77639370578934
            ],
            [
              -122.35042531232833,
              39.776431678941044
            ],
            [
              -122.35046331221538,
              39.77645437876663
            ],
            [
              -122.35048031546195,
              39.77646479858327
            ],
            [
              -122.35052931534332,
              39.77649559835148
            ],
            [
              -122.35059363449884,
              39.77654028358195
            ],
            [
              -122.35065192327889,
              39.77658964931735
            ],
            [
              -122.35070361237278,
              39.77664321341051
            ],
            [
              -122.35073956258793,
              39.776689367636344
            ],
            [
              -122.35077920341008,
              39.77672452864123
            ],
            [
              -122.35082712692518,
              39.776776107968686
            ],
            [
              -122.35086856781669,
              39.77683092891495
            ],
            [
              -122.35089190165556,
              39.776869767719575
            ],
            [
              -122.35096155819285,
              39.77687903353337
            ],
            [
              -122.35097709620976,
              39.776881830381015
            ],
            [
              -122.35098600151497,
              39.77688188924075
            ],
            [
              -122.35104302215636,
              39.77688370091435
            ],
            [
              -122.35118512078012,
              39.776891800825126
            ],
            [
              -122.35126707710916,
              39.776899483266945
            ],
            [
              -122.35134773172135,
              39.776913086382464
            ],
            [
              -122.35142636785116,
              39.7769324892831
            ],
            [
              -122.35150228666946,
              39.77695751953838
            ],
            [
              -122.35152157183656,
              39.776965612376486
            ],
            [
              -122.35152002452152,
              39.77695631502892
            ],
            [
              -122.35151815056125,
              39.77688347556874
            ],
            [
              -122.35152645037888,
              39.77681090377873
            ],
            [
              -122.3515682531445,
              39.77658520410974
            ],
            [
              -122.35158973241325,
              39.776504627576905
            ],
            [
              -122.35167453514512,
              39.77626232820961
            ],
            [
              -122.35169731789291,
              39.776206846199436
            ],
            [
              -122.35183802093623,
              39.775909347209826
            ],
            [
              -122.35188121632515,
              39.77583299556326
            ],
            [
              -122.35199171769077,
              39.77566649630786
            ],
            [
              -122.35203612732413,
              39.775607196024815
            ],
            [
              -122.35208808810171,
              39.775551668989515
            ],
            [
              -122.3520933889719,
              39.77554706870489
            ],
            [
              -122.35209612824288,
              39.77554057045836
            ],
            [
              -122.35212167658915,
              39.77549500626877
            ],
            [
              -122.35204568459322,
              39.77548502768664
            ],
            [
              -122.35196429261525,
              39.77546799070269
            ],
            [
              -122.35188540188325,
              39.775444991715524
            ],
            [
              -122.35180974402022,
              39.775416244015894
            ],
            [
              -122.35173802066538,
              39.77538201420729
            ],
            [
              -122.35170417108439,
              39.77536214811276
            ],
            [
              -122.3517002486271,
              39.77536154349371
            ],
            [
              -122.35161730500637,
              39.775345472676264
            ],
            [
              -122.35153678835145,
              39.77532323600496
            ],
            [
              -122.3514594664977,
              39.775295045537476
            ],
            [
              -122.35138607681114,
              39.77526117010882
            ],
            [
              -122.35131731915628,
              39.77522193276753
            ],
            [
              -122.35125384922162,
              39.77517770769465
            ],
            [
              -122.35119627226678,
              39.77512891663519
            ],
            [
              -122.35114513735047,
              39.77507602487595
            ],
            [
              -122.35110093209478,
              39.77501953680818
            ],
            [
              -122.35106407803538,
              39.774959991117235
            ],
            [
              -122.35103492660211,
              39.77489795564543
            ],
            [
              -122.35101375576832,
              39.774834021976595
            ],
            [
              -122.35100645609823,
              39.774806421925916
            ],
            [
              -122.35099372412806,
              39.77474307659489
            ],
            [
              -122.35098882835851,
              39.77467908536899
            ],
            [
              -122.35099181282524,
              39.77461502411088
            ],
            [
              -122.35100265064912,
              39.774551469311845
            ],
            [
              -122.35102124427866,
              39.774488992904004
            ],
            [
              -122.35104742636881,
              39.7744281571134
            ],
            [
              -122.35108096128768,
              39.774369509400785
            ],
            [
              -122.35112154723741,
              39.77431357753506
            ],
            [
              -122.3511688189708,
              39.774260864844116
            ],
            [
              -122.35122235107848,
              39.774211845685514
            ],
            [
              -122.35128166181752,
              39.77416696117813
            ],
            [
              -122.35134621744676,
              39.77412661523271
            ],
            [
              -122.35141543703004,
              39.77409117091733
            ],
            [
              -122.35145123683294,
              39.774074671052645
            ],
            [
              -122.35145350224094,
              39.774073742373254
            ],
            [
              -122.35144648521559,
              39.77405784285855
            ],
            [
              -122.35142616100788,
              39.77398882914898
            ],
            [
              -122.35141566157824,
              39.77394192907645
            ],
            [
              -122.3514054763655,
              39.7738788899239
            ],
            [
              -122.35140300803293,
              39.77381539130063
            ],
            [
              -122.35140827837502,
              39.7737519944222
            ],
            [
              -122.35142124079022,
              39.7736892596033
            ],
            [
              -122.3514417806936,
              39.773627741305766
            ],
            [
              -122.3514697165304,
              39.773567983238145
            ],
            [
              -122.35151191728316,
              39.77348948353494
            ],
            [
              -122.35155155273239,
              39.77342547401691
            ],
            [
              -122.35159966630238,
              39.77336502362955
            ],
            [
              -122.35165572769748,
              39.77330879861517
            ],
            [
              -122.35171911903115,
              39.77325741864542
            ],
            [
              -122.35177201898392,
              39.773218818916106
            ],
            [
              -122.35183895019225,
              39.77317468116842
            ],
            [
              -122.35191128657833,
              39.77313595242293
            ],
            [
              -122.35198829696833,
              39.77310302414436
            ],
            [
              -122.35206920294785,
              39.77307622916661
            ],
            [
              -122.35215318672954,
              39.77305583832887
            ],
            [
              -122.35223939941874,
              39.773042057738195
            ],
            [
              -122.3523269695932,
              39.77303502668637
            ],
            [
              -122.35241501211067,
              39.77303481624208
            ],
            [
              -122.35250263705487,
              39.77304142853273
            ],
            [
              -122.35258895872991,
              39.77305479672273
            ],
            [
              -122.35267310461184,
              39.77307478568916
            ],
            [
              -122.35275422416733,
              39.773101193387355
            ],
            [
              -122.35283149745,
              39.77313375289302
            ],
            [
              -122.35289679711732,
              39.77316465263573
            ],
            [
              -122.35296071723653,
              39.77319797493654
            ],
            [
              -122.3529739628602,
              39.77320627860539
            ],
            [
              -122.35297611921412,
              39.773206038083394
            ],
            [
              -122.35305758712022,
              39.77320286869477
            ],
            [
              -122.35313908377142,
              39.7732055623553
            ],
            [
              -122.3532199020678,
              39.773214095693795
            ],
            [
              -122.35329934079446,
              39.77322839467148
            ],
            [
              -122.35337671070526,
              39.77324833522429
            ],
            [
              -122.35345134050243,
              39.77327374433926
            ],
            [
              -122.3534807403116,
              39.77328504423995
            ],
            [
              -122.3535585926729,
              39.773318897605186
            ],
            [
              -122.35363156864749,
              39.77335869699498
            ],
            [
              -122.35369890831791,
              39.77340402797317
            ],
            [
              -122.35375991045422,
              39.77345441850148
            ],
            [
              -122.3538139398161,
              39.77350934385472
            ],
            [
              -122.3538604337679,
              39.77356823208443
            ],
            [
              -122.35389890813794,
              39.77363046997445
            ],
            [
              -122.35392896226075,
              39.773695409426104
            ],
            [
              -122.35394685176624,
              39.77375159690365
            ],
            [
              -122.35397974739888,
              39.77375017422448
            ],
            [
              -122.35406797695975,
              39.773753233530954
            ],
            [
              -122.35410642872571,
              39.77375759047163
            ],
            [
              -122.35410711482027,
              39.773746621945016
            ],
            [
              -122.35411960410705,
              39.773681165259
            ],
            [
              -122.35414032920268,
              39.773616964784836
            ],
            [
              -122.35416909140179,
              39.77355463598592
            ],
            [
              -122.35420561495255,
              39.77349477638108
            ],
            [
              -122.3542495497012,
              39.77343795981656
            ],
            [
              -122.3543004744492,
              39.77338473096508
            ],
            [
              -122.35434207457102,
              39.77334543120636
            ],
            [
              -122.35439904389146,
              39.773296655148826
            ],
            [
              -122.35446187922746,
              39.773252375959814
            ],
            [
              -122.35452998726618,
              39.77321301173141
            ],
            [
              -122.35454949160953,
              39.77320387395517
            ],
            [
              -122.35463401062644,
              39.77311345776138
            ],
            [
              -122.35463686630824,
              39.77310393556769
            ],
            [
              -122.35464288291872,
              39.77309090284343
            ],
            [
              -122.35463303835071,
              39.77308964113835
            ],
            [
              -122.35454973001151,
              39.77307232294062
            ],
            [
              -122.35454120532403,
              39.77306983405192
            ],
            [
              -122.35446497418874,
              39.77307831765392
            ],
            [
              -122.35437137864669,
              39.77308093558741
            ],
            [
              -122.35427795607322,
              39.77307582534785
            ],
            [
              -122.35418577509134,
              39.773063045389435
            ],
            [
              -122.35410047432846,
              39.773047545237446
            ],
            [
              -122.35401814467465,
              39.773029262788235
            ],
            [
              -122.35393852416057,
              39.773004860121155
            ],
            [
              -122.35386237483486,
              39.77297457079548
            ],
            [
              -122.35379042552053,
              39.77293868471161
            ],
            [
              -122.35372336483917,
              39.7728975453362
            ],
            [
              -122.35366183461979,
              39.77285154641461
            ],
            [
              -122.35360642375582,
              39.77280112820206
            ],
            [
              -122.35355766256897,
              39.772746773249814
            ],
            [
              -122.35351601773378,
              39.77268900178628
            ],
            [
              -122.35348188781148,
              39.77262836673779
            ],
            [
              -122.35345559943593,
              39.77256544843635
            ],
            [
              -122.3534374041881,
              39.772500849065096
            ],
            [
              -122.35342747618907,
              39.772435186894846
            ],
            [
              -122.3534259104343,
              39.772369090366475
            ],
            [
              -122.35343272188531,
              39.77230319207627
            ],
            [
              -122.35344784532755,
              39.77223812272146
            ],
            [
              -122.35347113599536,
              39.77217450506395
            ],
            [
              -122.35350237095825,
              39.77211294797017
            ],
            [
              -122.35354125125554,
              39.772054040583974
            ],
            [
              -122.35358740475803,
              39.771998346688186
            ],
            [
              -122.35360800117328,
              39.771978153620395
            ],
            [
              -122.35358396685618,
              39.77196052829301
            ],
            [
              -122.35356353420597,
              39.77196449156353
            ],
            [
              -122.35347789763263,
              39.771974300382254
            ],
            [
              -122.35339142439614,
              39.771977536049725
            ],
            [
              -122.35330495971945,
              39.771974166939465
            ],
            [
              -122.35321934874177,
              39.77196422598267
            ],
            [
              -122.35313542825713,
              39.77194781034623
            ],
            [
              -122.35305401853464,
              39.77192508048293
            ],
            [
              -122.35297591530006,
              39.77189625856296
            ],
            [
              -122.35290188195778,
              39.77186162630221
            ],
            [
              -122.35283264212852,
              39.77182152220841
            ],
            [
              -122.35276887257615,
              39.77177633827219
            ],
            [
              -122.35271119659264,
              39.771726516135395
            ],
            [
              -122.35266017790599,
              39.77167254277405
            ],
            [
              -122.35261631517031,
              39.771614945738264
            ],
            [
              -122.35258003709218,
              39.77155428799551
            ],
            [
              -122.35255169824111,
              39.77149116242787
            ],
            [
              -122.35253157558432,
              39.7714261860368
            ],
            [
              -122.35251986578061,
              39.771359993912306
            ],
            [
              -122.35251668325888,
              39.771293233025354
            ],
            [
              -122.35252205910083,
              39.77122655590422
            ],
            [
              -122.35253594073787,
              39.771160614256594
            ],
            [
              -122.3525434618953,
              39.77113879221834
            ],
            [
              -122.35252918028333,
              39.771127689262634
            ],
            [
              -122.35246838038535,
              39.771075588926514
            ],
            [
              -122.35241034679446,
              39.77102025596142
            ],
            [
              -122.35236017854419,
              39.77096051898888
            ],
            [
              -122.35231843235127,
              39.77089704093486
            ],
            [
              -122.35228583288634,
              39.770840240716915
            ],
            [
              -122.35225409518495,
              39.7707763984022
            ],
            [
              -122.3522308811406,
              39.77071040783729
            ],
            [
              -122.35221688172837,
              39.77066080774004
            ],
            [
              -122.35220235435071,
              39.77059283599526
            ],
            [
              -122.35219687077175,
              39.770524076089096
            ],
            [
              -122.35220048795759,
              39.77045524267165
            ],
            [
              -122.35221316828635,
              39.77038705115503
            ],
            [
              -122.35223477994043,
              39.77032021027771
            ],
            [
              -122.35226509827753,
              39.77025541473851
            ],
            [
              -122.35230380816644,
              39.770193337976515
            ],
            [
              -122.35235050726318,
              39.77013462517204
            ],
            [
              -122.35240471019343,
              39.77007988654133
            ],
            [
              -122.35246585359769,
              39.77002969099477
            ],
            [
              -122.35253330198681,
              39.76998456022434
            ],
            [
              -122.35261870171989,
              39.76993306061432
            ],
            [
              -122.35269233077726,
              39.76989318396419
            ],
            [
              -122.35277087259001,
              39.769859346585356
            ],
            [
              -122.35285349836766,
              39.76983190553476
            ],
            [
              -122.35293933622853,
              39.769811150374046
            ],
            [
              -122.35302748039946,
              39.769797300114305
            ],
            [
              -122.35311700077281,
              39.76979050090519
            ],
            [
              -122.35320695272027,
              39.769790824492894
            ],
            [
              -122.35329638705994,
              39.76979826746312
            ],
            [
              -122.3533586864759,
              39.76980596738491
            ],
            [
              -122.35344091903495,
              39.769819281289216
            ],
            [
              -122.35352111949767,
              39.7698386157534
            ],
            [
              -122.35359854947873,
              39.76986379277059
            ],
            [
              -122.35367249609777,
              39.76989458054286
            ],
            [
              -122.3537422785422,
              39.76993069561527
            ],
            [
              -122.35380621873126,
              39.769971150264325
            ],
            [
              -122.35371608115832,
              39.76987925513794
            ],
            [
              -122.35365768879953,
              39.769834768075754
            ],
            [
              -122.35360390415492,
              39.76978990768451
            ],
            [
              -122.35355559190276,
              39.76974148080725
            ],
            [
              -122.35351314722523,
              39.76968988357581
            ],
            [
              -122.35347691730546,
              39.769635538054494
            ],
            [
              -122.35344719848777,
              39.769578888787635
            ],
            [
              -122.35342423385404,
              39.76952039916295
            ],
            [
              -122.35340099838156,
              39.769449870565644
            ],
            [
              -122.35336168633498,
              39.76939997898628
            ],
            [
              -122.35332636912607,
              39.76934418671159
            ],
            [
              -122.35329783758638,
              39.76928612828373
            ],
            [
              -122.35323773912015,
              39.76914452787019
            ],
            [
              -122.35321527580707,
              39.76908141842683
            ],
            [
              -122.35320082928808,
              39.76901692803719
            ],
            [
              -122.35319453505579,
              39.7689516616518
            ],
            [
              -122.35319645212978,
              39.76888623149866
            ],
            [
              -122.35320656250387,
              39.768821251340306
            ],
            [
              -122.35322477131585,
              39.76875733071639
            ],
            [
              -122.35325090773827,
              39.76869506922612
            ],
            [
              -122.35328472658146,
              39.76863505090382
            ],
            [
              -122.35332591059442,
              39.768577838740654
            ],
            [
              -122.35337407344126,
              39.76852396940382
            ],
            [
              -122.35341367360246,
              39.76848396963979
            ],
            [
              -122.35346764125038,
              39.76843454823019
            ],
            [
              -122.35352748016277,
              39.76838933145683
            ],
            [
              -122.35359264296592,
              39.76834873293012
            ],
            [
              -122.35366253359024,
              39.76831312401539
            ],
            [
              -122.35373651272258,
              39.76828283043624
            ],
            [
              -122.35381390365404,
              39.768258129295226
            ],
            [
              -122.3538939984697,
              39.76823924653927
            ],
            [
              -122.35397606452355,
              39.76822635489313
            ],
            [
              -122.35405935113984,
              39.76821957227958
            ],
            [
              -122.35414309647899,
              39.76821896074071
            ],
            [
              -122.35422653450567,
              39.76822452587058
            ],
            [
              -122.35430890199534,
              39.76823621676398
            ],
            [
              -122.35438944551497,
              39.76825392648208
            ],
            [
              -122.35446742831434,
              39.76827749303047
            ],
            [
              -122.35454213706463,
              39.76830670084088
            ],
            [
              -122.35461288838313,
              39.768341282742774
            ],
            [
              -122.35467903508386,
              39.76838092240721
            ],
            [
              -122.35473997209743,
              39.76842525724
            ],
            [
              -122.35479514200564,
              39.768473881698235
            ],
            [
              -122.35483014213567,
              39.768507881494926
            ],
            [
              -122.3548681521737,
              39.76854771621153
            ],
            [
              -122.35488301867417,
              39.768564554152825
            ],
            [
              -122.3549086845908,
              39.768583668732745
            ],
            [
              -122.35491322938447,
              39.768587415954244
            ],
            [
              -122.35491610225526,
              39.76858899810241
            ],
            [
              -122.35492273430654,
              39.76859057449466
            ],
            [
              -122.35500220288296,
              39.76861630390701
            ],
            [
              -122.35507800925882,
              39.768647936842875
            ],
            [
              -122.355149419188,
              39.768685166914096
            ],
            [
              -122.35521574100403,
              39.7687276335195
            ],
            [
              -122.3552763323192,
              39.76877492533748
            ],
            [
              -122.35533060624658,
              39.76882658430962
            ],
            [
              -122.35534730633276,
              39.76884418420983
            ],
            [
              -122.35539505630811,
              39.768900127174824
            ],
            [
              -122.35543539398347,
              39.76895944364096
            ],
            [
              -122.35545529453732,
              39.768997439496005
            ],
            [
              -122.35554645275279,
              39.76904436757997
            ],
            [
              -122.35555534531996,
              39.76904957372666
            ],
            [
              -122.35561810419362,
              39.7690641065558
            ],
            [
              -122.35569979926562,
              39.769090208551184
            ],
            [
              -122.35577766681936,
              39.769122535149876
            ],
            [
              -122.3558509129213,
              39.76916075675407
            ],
            [
              -122.35591879075412,
              39.769204483660715
            ],
            [
              -122.35598060823096,
              39.76925327003442
            ],
            [
              -122.35603573505185,
              39.76930661845293
            ],
            [
              -122.35604487296186,
              39.769317568231784
            ],
            [
              -122.35599689339625,
              39.76923921931911
            ],
            [
              -122.35596147502585,
              39.76917234320206
            ],
            [
              -122.35593551128859,
              39.76910293130707
            ],
            [
              -122.35591929893923,
              39.76903177706064
            ],
            [
              -122.35589464943504,
              39.76887477158209
            ],
            [
              -122.3558652552983,
              39.76880763815031
            ],
            [
              -122.35586192029533,
              39.768804535722374
            ],
            [
              -122.35581716963097,
              39.76875430119941
            ],
            [
              -122.35577846764934,
              39.768701158876944
            ],
            [
              -122.35567826896214,
              39.76854775822028
            ],
            [
              -122.35564556794432,
              39.76849143149787
            ],
            [
              -122.35561966335356,
              39.76843303717029
            ],
            [
              -122.35560077129243,
              39.76837306241721
            ],
            [
              -122.3555836721044,
              39.76830546229858
            ],
            [
              -122.35557129055269,
              39.768239204928946
            ],
            [
              -122.35556746507712,
              39.76817232728854
            ],
            [
              -122.35557223319664,
              39.768105485724114
            ],
            [
              -122.35558554809157,
              39.768039336226416
            ],
            [
              -122.35560727906422,
              39.767974527992365
            ],
            [
              -122.35563721282226,
              39.76791169705383
            ],
            [
              -122.35569911388451,
              39.767799297487215
            ],
            [
              -122.3557368991573,
              39.76773914130154
            ],
            [
              -122.35578220184745,
              39.76768216065264
            ],
            [
              -122.3558345785595,
              39.76762891321061
            ],
            [
              -122.35589351666786,
              39.767579920107345
            ],
            [
              -122.35595843933449,
              39.76753566083665
            ],
            [
              -122.35602871115434,
              39.767496568561604
            ],
            [
              -122.3561036443741,
              39.76746302587555
            ],
            [
              -122.35618250562312,
              39.76743536105793
            ],
            [
              -122.35626452309045,
              39.767413844861686
            ],
            [
              -122.35634388263867,
              39.76739958815576
            ],
            [
              -122.35640378670013,
              39.767386236235765
            ],
            [
              -122.35648991122261,
              39.76737406371607
            ],
            [
              -122.3565771804247,
              39.76736858946358
            ],
            [
              -122.356664721774,
              39.76736986821102
            ],
            [
              -122.35675166001737,
              39.76737788717347
            ],
            [
              -122.35683712593097,
              39.76739256617613
            ],
            [
              -122.35692026501033,
              39.7674137584559
            ],
            [
              -122.35700024601304,
              39.767441252128584
            ],
            [
              -122.3570762692691,
              39.76747477230719
            ],
            [
              -122.35709197363781,
              39.767483408301196
            ],
            [
              -122.35711854118911,
              39.767426879355575
            ],
            [
              -122.35715581335047,
              39.76736680504475
            ],
            [
              -122.35720056806737,
              39.7673098541903
            ],
            [
              -122.35725237051943,
              39.76725658008335
            ],
            [
              -122.35731071741922,
              39.76720750029341
            ],
            [
              -122.35737504190226,
              39.767163091640214
            ],
            [
              -122.35744471903435,
              39.76712378556172
            ],
            [
              -122.35751907188299,
              39.767089963922814
            ],
            [
              -122.35764647107186,
              39.767038364357795
            ],
            [
              -122.35773298474473,
              39.767007828257164
            ],
            [
              -122.35782328042049,
              39.76698471514455
            ],
            [
              -122.3579162922972,
              39.766969297834365
            ],
            [
              -122.35805279100792,
              39.76695259798342
            ],
            [
              -122.35809098664443,
              39.766949366222555
            ],
            [
              -122.35809720809156,
              39.76694293536325
            ],
            [
              -122.35820969764542,
              39.766838873674864
            ],
            [
              -122.3582107196626,
              39.766810358495654
            ],
            [
              -122.358221353459,
              39.76674507960189
            ],
            [
              -122.35824016303647,
              39.76668090816984
            ],
            [
              -122.35826697006276,
              39.76661845252804
            ],
            [
              -122.35830152039372,
              39.76655830473816
            ],
            [
              -122.35834348648335,
              39.76650103498263
            ],
            [
              -122.3583752189049,
              39.76646226576817
            ],
            [
              -122.35838571124441,
              39.76639510877442
            ],
            [
              -122.35840487562568,
              39.766329041131684
            ],
            [
              -122.3584325104371,
              39.766264785000054
            ],
            [
              -122.35846833825381,
              39.76620298539087
            ],
            [
              -122.35860683998548,
              39.76599298632514
            ],
            [
              -122.35864901662356,
              39.76593605269757
            ],
            [
              -122.35869814601098,
              39.765882542338595
            ],
            [
              -122.3587537653966,
              39.76583295924728
            ],
            [
              -122.35881535090499,
              39.765787770431906
            ],
            [
              -122.35888232247125,
              39.76574740151147
            ],
            [
              -122.35895404930426,
              39.765712232707365
            ],
            [
              -122.3590298558278,
              39.765682595262255
            ],
            [
              -122.35910902804358,
              39.765658768320556
            ],
            [
              -122.35919082025546,
              39.76564097629944
            ],
            [
              -122.35927446209264,
              39.76562938677528
            ],
            [
              -122.35935373943482,
              39.76562444702093
            ],
            [
              -122.35936678005665,
              39.76560748481923
            ],
            [
              -122.35948960290843,
              39.76541000326809
            ],
            [
              -122.35952838959392,
              39.765354449158956
            ],
            [
              -122.35957372232355,
              39.765301929566135
            ],
            [
              -122.35962520573855,
              39.76525290251053
            ],
            [
              -122.35990410616787,
              39.76501130406675
            ],
            [
              -122.35998119380906,
              39.764952331564615
            ],
            [
              -122.36037261332757,
              39.76468792706265
            ],
            [
              -122.36065472451494,
              39.76422937651119
            ],
            [
              -122.3606994792,
              39.76416568656437
            ],
            [
              -122.36127162441979,
              39.763446377754626
            ],
            [
              -122.36197951116392,
              39.762440283755076
            ],
            [
              -122.36220834542152,
              39.76210504798256
            ],
            [
              -122.36225336742042,
              39.7620464579116
            ],
            [
              -122.36230580370655,
              39.7619916637159
            ],
            [
              -122.36236512142348,
              39.76194122219555
            ],
            [
              -122.3626091735901,
              39.76175362567955
            ],
            [
              -122.36355532171932,
              39.76053531095786
            ],
            [
              -122.36358322375231,
              39.760387733352886
            ],
            [
              -122.36360475224258,
              39.76030792262502
            ],
            [
              -122.36363857681148,
              39.76023069353814
            ],
            [
              -122.36384138054092,
              39.759845894968365
            ],
            [
              -122.36388529731043,
              39.759774760216104
            ],
            [
              -122.36393964474095,
              39.759708054777285
            ],
            [
              -122.36470434880397,
              39.75888075945079
            ],
            [
              -122.36477162750614,
              39.75881664529416
            ],
            [
              -122.36484852816213,
              39.758759337038654
            ],
            [
              -122.36569701249485,
              39.75820009531775
            ],
            [
              -122.36603735420677,
              39.757868671774325
            ],
            [
              -122.36606599716741,
              39.75784219635517
            ],
            [
              -122.36724939923079,
              39.75680340299709
            ],
            [
              -122.3673106800557,
              39.75675476690506
            ],
            [
              -122.36737797042872,
              39.75671111852627
            ],
            [
              -122.36745059209251,
              39.7566728978106
            ],
            [
              -122.36752781305724,
              39.75664048999963
            ],
            [
              -122.36760885497844,
              39.75661422174394
            ],
            [
              -122.36769290100173,
              39.75659435781095
            ],
            [
              -122.36777910399589,
              39.756581098416405
            ],
            [
              -122.36786659509053,
              39.75657457720651
            ],
            [
              -122.36795449243324,
              39.756574859910955
            ],
            [
              -122.36804191007711,
              39.756581943680494
            ],
            [
              -122.36812796690987,
              39.75659575711558
            ],
            [
              -122.36821179553402,
              39.75661616098602
            ],
            [
              -122.36829255100908,
              39.75664294963414
            ],
            [
              -122.36836941936731,
              39.75667585304759
            ],
            [
              -122.36844162581752,
              39.7567145395806
            ],
            [
              -122.36923932341456,
              39.75718943592947
            ],
            [
              -122.36930564708486,
              39.75723315490277
            ],
            [
              -122.36936600576422,
              39.75728175023337
            ],
            [
              -122.369419800419,
              39.757334739644385
            ],
            [
              -122.36946649715556,
              39.757391597249445
            ],
            [
              -122.36950563251905,
              39.75745175877144
            ],
            [
              -122.36953681809362,
              39.75751462714232
            ],
            [
              -122.37040144021628,
              39.759556921189386
            ],
            [
              -122.37042439211531,
              39.75962195726646
            ],
            [
              -122.37043883475194,
              39.75968843458253
            ],
            [
              -122.37044462439525,
              39.759755691679345
            ],
            [
              -122.3704417034121,
              39.75982305933789
            ],
            [
              -122.37043010084149,
              39.759889867237
            ],
            [
              -122.37040993210667,
              39.75995545062346
            ],
            [
              -122.37038139786762,
              39.76001915692625
            ],
            [
              -122.37034478202533,
              39.760080352250164
            ],
            [
              -122.37030044889775,
              39.76013842768329
            ],
            [
              -122.37024883959533,
              39.7601928053561
            ],
            [
              -122.36986305236312,
              39.76055942096499
            ],
            [
              -122.36874751079665,
              39.76196590841786
            ],
            [
              -122.36785821408836,
              39.763295560208824
            ],
            [
              -122.36753525277769,
              39.76407437551566
            ],
            [
              -122.36748558006948,
              39.76515308127257
            ],
            [
              -122.36757467574122,
              39.76514582042586
            ],
            [
              -122.36766558966993,
              39.76514572676336
            ],
            [
              -122.36775602614847,
              39.76515290851222
            ],
            [
              -122.3678450102529,
              39.76516728825193
            ],
            [
              -122.36793158271483,
              39.76518871096607
            ],
            [
              -122.36839217914148,
              39.76532340972086
            ],
            [
              -122.36880722512497,
              39.765444852243405
            ],
            [
              -122.36887687763904,
              39.76546831970123
            ],
            [
              -122.36937452910696,
              39.76492827980945
            ],
            [
              -122.36942631149354,
              39.764877426777616
            ],
            [
              -122.36948415626746,
              39.76483062713887
            ],
            [
              -122.3695475335242,
              39.76478830960617
            ],
            [
              -122.36961586268167,
              39.76475086183303
            ],
            [
              -122.36968851779861,
              39.76471862686249
            ],
            [
              -122.36976483330848,
              39.76469189998493
            ],
            [
              -122.36984411011603,
              39.76467092603331
            ],
            [
              -122.36992562200122,
              39.764655897140386
            ],
            [
              -122.37000862227107,
              39.76464695097896
            ],
            [
              -122.37009235059946,
              39.76464416950073
            ],
            [
              -122.37017603999136,
              39.76464757818567
            ],
            [
              -122.37025892380831,
              39.76465714580862
            ],
            [
              -122.37034024279073,
              39.764672784725285
            ],
            [
              -122.37041925201243,
              39.76469435167507
            ],
            [
              -122.37049522770403,
              39.764721649093225
            ],
            [
              -122.37056747388264,
              39.7647544269206
            ],
            [
              -122.37130407051616,
              39.76512632388722
            ],
            [
              -122.37137013233335,
              39.765163176169146
            ],
            [
              -122.37143146733074,
              39.76520460968715
            ],
            [
              -122.37148754395793,
              39.76525026537013
            ],
            [
              -122.37153787623184,
              39.76529974755605
            ],
            [
              -122.37158202794834,
              39.76535262742073
            ],
            [
              -122.37161961646281,
              39.76540844669382
            ],
            [
              -122.37165031600658,
              39.7654667216302
            ],
            [
              -122.37167386051054,
              39.76552694720203
            ],
            [
              -122.37169004591162,
              39.765588601475365
            ],
            [
              -122.37177510380778,
              39.76601336118033
            ],
            [
              -122.37185525643783,
              39.76603282753734
            ],
            [
              -122.37194231637405,
              39.76605796298634
            ],
            [
              -122.3720254331345,
              39.76609007894804
            ],
            [
              -122.37210367007661,
              39.766128813510306
            ],
            [
              -122.37217614554409,
              39.766173730175744
            ],
            [
              -122.37261324496484,
              39.76647542799838
            ],
            [
              -122.37265971778923,
              39.76650996552633
            ],
            [
              -122.37309714560841,
              39.76685991834453
            ],
            [
              -122.37347392728414,
              39.76678402033933
            ],
            [
              -122.37408281848985,
              39.76639828561678
            ],
            [
              -122.37433166867635,
              39.76566361353529
            ],
            [
              -122.37431836137128,
              39.764844575519895
            ],
            [
              -122.3743215896751,
              39.764777516750144
            ],
            [
              -122.37433342043254,
              39.76471103574251
            ],
            [
              -122.37435373694798,
              39.76464578811106
            ],
            [
              -122.37438233884359,
              39.764582417304865
            ],
            [
              -122.37441894403607,
              39.76452154826277
            ],
            [
              -122.37446319151948,
              39.764463781250555
            ],
            [
              -122.37614970299661,
              39.76249239183401
            ],
            [
              -122.3762098925254,
              39.762430135744125
            ],
            [
              -122.37627894167473,
              39.76237362178058
            ],
            [
              -122.37806749996997,
              39.76106884384836
            ],
            [
              -122.3805621454144,
              39.75753230416774
            ],
            [
              -122.38060557360113,
              39.75747717608169
            ],
            [
              -122.3806556156113,
              39.75742549590288
            ],
            [
              -122.38071181525358,
              39.757377734742015
            ],
            [
              -122.38077366020752,
              39.75733432798356
            ],
            [
              -122.38084058669398,
              39.75729567131709
            ],
            [
              -122.38091198461456,
              39.75726211713049
            ],
            [
              -122.38098720311288,
              39.757233971297794
            ],
            [
              -122.38281748952353,
              39.756630576552645
            ],
            [
              -122.38290779628173,
              39.75660522981686
            ],
            [
              -122.38300115800263,
              39.75658767435307
            ],
            [
              -122.3830964500309,
              39.75657812163814
            ],
            [
              -122.38319252446018,
              39.756576686746186
            ],
            [
              -122.38465701018488,
              39.75661688624824
            ],
            [
              -122.38474479950081,
              39.7566227199479
            ],
            [
              -122.38483138449921,
              39.756635334862814
            ],
            [
              -122.3849158881697,
              39.75665460321815
            ],
            [
              -122.38499745458181,
              39.756680329846965
            ],
            [
              -122.3850752575535,
              39.75671225416685
            ],
            [
              -122.3851485090194,
              39.75675005281919
            ],
            [
              -122.38521646701243,
              39.75679334294416
            ],
            [
              -122.38592276626362,
              39.757291439386634
            ],
            [
              -122.38598468838907,
              39.75733973469119
            ],
            [
              -122.38604001382403,
              39.75739258531194
            ],
            [
              -122.38608818320893,
              39.75744945692571
            ],
            [
              -122.38612870952875,
              39.757509774555416
            ],
            [
              -122.38616118303719,
              39.75757292838287
            ],
            [
              -122.38618527539998,
              39.75763827991393
            ],
            [
              -122.38620074301517,
              39.7577051684335
            ],
            [
              -122.38620742947683,
              39.757772917685365
            ],
            [
              -122.38620526715751,
              39.757840842709136
            ],
            [
              -122.38619427789288,
              39.757908256765354
            ],
            [
              -122.38617457276197,
              39.75797447827859
            ],
            [
              -122.3861463509653,
              39.75803883772849
            ],
            [
              -122.38610989781174,
              39.75810068441892
            ],
            [
              -122.38606558183476,
              39.758159393056964
            ],
            [
              -122.38601385106728,
              39.75821437007505
            ],
            [
              -122.38595522851237,
              39.758265059632464
            ],
            [
              -122.38589030685587,
              39.758310949235394
            ],
            [
              -122.38581974247431,
              39.75835157491875
            ],
            [
              -122.38550749860588,
              39.75851314248467
            ],
            [
              -122.38563848562627,
              39.75869276349925
            ],
            [
              -122.38567615199756,
              39.75875076476649
            ],
            [
              -122.38570643785489,
              39.75881128664026
            ],
            [
              -122.38572906399915,
              39.758873771221175
            ],
            [
              -122.3857438218377,
              39.75893764251585
            ],
            [
              -122.38575057530792,
              39.759002311746336
            ],
            [
              -122.38574926213242,
              39.75906718277747
            ],
            [
              -122.3857398943937,
              39.75913165761226
            ],
            [
              -122.38572255842382,
              39.75919514190424
            ],
            [
              -122.38569741400924,
              39.7592570504365
            ],
            [
              -122.38566469291872,
              39.759316812516396
            ],
            [
              -122.38562469676744,
              39.759373877236534
            ],
            [
              -122.38549039792316,
              39.759545278102166
            ],
            [
              -122.3854411243449,
              39.759601565703235
            ],
            [
              -122.38538477741888,
              39.75965375073388
            ],
            [
              -122.38532192656562,
              39.759701305818226
            ],
            [
              -122.3852532069376,
              39.759743750369125
            ],
            [
              -122.38517931300049,
              39.75978065544519
            ],
            [
              -122.38510099151485,
              39.759811648085986
            ],
            [
              -122.38501903398924,
              39.75983641508134
            ],
            [
              -122.38493426868081,
              39.759854706136935
            ],
            [
              -122.38484755222437,
              39.75986633640395
            ],
            [
              -122.38475976097466,
              39.75987118834731
            ],
            [
              -122.3846717821492,
              39.75986921293347
            ],
            [
              -122.38458450486118,
              39.759860430126174
            ],
            [
              -122.38449881113347,
              39.759844928684565
            ],
            [
              -122.38445365393186,
              39.759832960017896
            ],
            [
              -122.38440171285934,
              39.76044289245781
            ],
            [
              -122.38452969327882,
              39.760584482101414
            ],
            [
              -122.38457535697786,
              39.760640694129805
            ],
            [
              -122.38461365821742,
              39.760700091257014
            ],
            [
              -122.38464422776144,
              39.76076210090612
            ],
            [
              -122.38466677090342,
              39.76082612531441
            ],
            [
              -122.38468107030805,
              39.760891547295586
            ],
            [
              -122.38468698810712,
              39.76095773618911
            ],
            [
              -122.38468446722948,
              39.761024053939785
            ],
            [
              -122.3846735319521,
              39.761089861248365
            ],
            [
              -122.38465428766688,
              39.76115452373448
            ],
            [
              -122.38439249565575,
              39.761870925674536
            ],
            [
              -122.38436541067111,
              39.76193326054689
            ],
            [
              -122.38433060470926,
              39.76199326896991
            ],
            [
              -122.38428840724178,
              39.76205038287326
            ],
            [
              -122.38423921771484,
              39.76210406158624
            ],
            [
              -122.38418350176835,
              39.76215379695633
            ],
            [
              -122.38412178682847,
              39.76219911815989
            ],
            [
              -122.38405465711463,
              39.76223959615944
            ],
            [
              -122.38398274810933,
              39.76227484776554
            ],
            [
              -122.38390674054193,
              39.762304539264434
            ],
            [
              -122.38382735394433,
              39.76232838957746
            ],
            [
              -122.38374533983911,
              39.7623461729222
            ],
            [
              -122.38366147462453,
              39.7623577209499
            ],
            [
              -122.38357655222417,
              39.76236292433944
            ],
            [
              -122.38352524524987,
              39.76236220722507
            ],
            [
              -122.38350904239527,
              39.76240987726066
            ],
            [
              -122.38347961510937,
              39.762471400135595
            ],
            [
              -122.38344259886999,
              39.76253043175332
            ],
            [
              -122.38339834231124,
              39.762586416100035
            ],
            [
              -122.38334726226607,
              39.7626388258626
            ],
            [
              -122.38328983984076,
              39.76268716739557
            ],
            [
              -122.38322661588353,
              39.76273098537103
            ],
            [
              -122.3831581858907,
              39.76276986706763
            ],
            [
              -122.3830851943975,
              39.76280344625813
            ],
            [
              -122.3830083289072,
              39.7628314066593
            ],
            [
              -122.38292831341519,
              39.76285348491102
            ],
            [
              -122.38284590158923,
              39.7628694730573
            ],
            [
              -122.38276186967016,
              39.76287922050498
            ],
            [
              -122.38267700915986,
              39.76288263544238
            ],
            [
              -122.38259211936537,
              39.76287968570418
            ],
            [
              -122.38250799986953,
              39.762870399074345
            ],
            [
              -122.38242544299908,
              39.76285486302438
            ],
            [
              -122.38234522636087,
              39.762833223889466
            ],
            [
              -122.3822681055172,
              39.762805685489845
            ],
            [
              -122.38219480686845,
              39.762772507211004
            ],
            [
              -122.38210408525535,
              39.762726736689146
            ],
            [
              -122.38201392551723,
              39.76303167827925
            ],
            [
              -122.3821506555326,
              39.763977318629706
            ],
            [
              -122.38245838841448,
              39.764424168615605
            ],
            [
              -122.38249577256165,
              39.76448574243397
            ],
            [
              -122.3825249490535,
              39.76454990401178
            ],
            [
              -122.38254562243245,
              39.76461600366386
            ],
            [
              -122.3825575833394,
              39.764683372078686
            ],
            [
              -122.38256071063478,
              39.764751327095524
            ],
            [
              -122.38255497262598,
              39.76481918061181
            ],
            [
              -122.38254042738951,
              39.764886245550784
            ],
            [
              -122.38224003976286,
              39.76594184783401
            ],
            [
              -122.38221013939662,
              39.766022592733314
            ],
            [
              -122.38195264520465,
              39.76658339458794
            ],
            [
              -122.38192046002143,
              39.76664398951373
            ],
            [
              -122.38188082528748,
              39.766701895585726
            ],
            [
              -122.38183411324415,
              39.76675656893546
            ],
            [
              -122.38178076260789,
              39.76680749605577
            ],
            [
              -122.38172127444984,
              39.76685419862411
            ],
            [
              -122.38165620749002,
              39.76689623799525
            ],
            [
              -122.38158617284977,
              39.766933219321466
            ],
            [
              -122.38151182831174,
              39.766964795261366
            ],
            [
              -122.38143387214183,
              39.76699066924234
            ],
            [
              -122.3813530365302,
              39.76701059824647
            ],
            [
              -122.38127008071412,
              39.76702439509302
            ],
            [
              -122.38118578384622,
              39.76703193019683
            ],
            [
              -122.38110093767594,
              39.76703313278538
            ],
            [
              -122.38048268897369,
              39.76701876034521
            ],
            [
              -122.38022528895738,
              39.76716779846146
            ],
            [
              -122.38020044328074,
              39.76762535211899
            ],
            [
              -122.38020045480158,
              39.768534796741974
            ],
            [
              -122.38019586951732,
              39.76860386559771
            ],
            [
              -122.38018215993819,
              39.768672211038464
            ],
            [
              -122.38015946964306,
              39.768739117157025
            ],
            [
              -122.38012803628416,
              39.76880388312087
            ],
            [
              -122.37960307113484,
              39.76973708450566
            ],
            [
              -122.37965130664821,
              39.76976023379704
            ],
            [
              -122.37971897821363,
              39.76980024404791
            ],
            [
              -122.37978128748908,
              39.76984514257825
            ],
            [
              -122.37983764391262,
              39.76989450385166
            ],
            [
              -122.37988751333843,
              39.76994786003402
            ],
            [
              -122.37993042309962,
              39.77000470542734
            ],
            [
              -122.37996596648831,
              39.77006450126231
            ],
            [
              -122.37999380661103,
              39.77012668080456
            ],
            [
              -122.38001367958212,
              39.770190654725724
            ],
            [
              -122.38002539702566,
              39.770255816688994
            ],
            [
              -122.38002884786174,
              39.770321549095684
            ],
            [
              -122.38002399936,
              39.77038722893882
            ],
            [
              -122.38001089745082,
              39.77045223370779
            ],
            [
              -122.37998966629084,
              39.77051594728867
            ],
            [
              -122.37996050708706,
              39.77057776580369
            ],
            [
              -122.3799236961907,
              39.77063710333496
            ],
            [
              -122.3798795824784,
              39.77069339747804
            ],
            [
              -122.37982858404638,
              39.77074611467257
            ],
            [
              -122.37977118424804,
              39.77079475525966
            ],
            [
              -122.37915048718395,
              39.771271852120734
            ],
            [
              -122.3786119590466,
              39.77215491356783
            ],
            [
              -122.3782468220608,
              39.77337120298151
            ],
            [
              -122.37822414464738,
              39.77343315382112
            ],
            [
              -122.3779962112799,
              39.77395870876883
            ],
            [
              -122.37876631488906,
              39.77392909939662
            ],
            [
              -122.37885226567997,
              39.773929053161496
            ],
            [
              -122.37893780837089,
              39.77393550869881
            ],
            [
              -122.37902211894358,
              39.773948403823645
            ],
            [
              -122.37910438524754,
              39.773967614319595
            ],
            [
              -122.37918381482264,
              39.77399295513512
            ],
            [
              -122.37925964253219,
              39.77402418216609
            ],
            [
              -122.37933113793302,
              39.774060994606934
            ],
            [
              -122.37939761231128,
              39.774103037848064
            ],
            [
              -122.37945842531674,
              39.774149906891466
            ],
            [
              -122.37951299113091,
              39.77420115025187
            ],
            [
              -122.37956078411061,
              39.774256274305515
            ],
            [
              -122.37960134385139,
              39.774314748044894
            ],
            [
              -122.37963427962337,
              39.7743760081938
            ],
            [
              -122.37984878446474,
              39.77483780672539
            ],
            [
              -122.37987414117958,
              39.77490237928271
            ],
            [
              -122.37989102618836,
              39.774968581141586
            ],
            [
              -122.3798992711269,
              39.77503575228506
            ],
            [
              -122.37989879376966,
              39.77510322303067
            ],
            [
              -122.37988959885033,
              39.775170320707076
            ],
            [
              -122.37987177801573,
              39.775236376360425
            ],
            [
              -122.37984550891312,
              39.77530073142382
            ],
            [
              -122.37981105341993,
              39.77536274428328
            ],
            [
              -122.37976875503378,
              39.77542179667472
            ],
            [
              -122.37971903544859,
              39.775477299848205
            ],
            [
              -122.37966239035076,
              39.77552870043809
            ],
            [
              -122.3795993844778,
              39.77557548598021
            ],
            [
              -122.37953064598803,
              39.77561719002153
            ],
            [
              -122.37945686019789,
              39.775653396771
            ],
            [
              -122.37937876274935,
              39.77568374524518
            ],
            [
              -122.37929713227511,
              39.77570793286761
            ],
            [
              -122.37921278263521,
              39.77572571848581
            ],
            [
              -122.3791965245027,
              39.77572783142064
            ],
            [
              -122.37919007678144,
              39.77574888763873
            ],
            [
              -122.37916768164573,
              39.77580931307205
            ],
            [
              -122.37913810784396,
              39.77586787170926
            ],
            [
              -122.37910161117877,
              39.77592405700408
            ],
            [
              -122.37905850733961,
              39.775977382939104
            ],
            [
              -122.37867649941157,
              39.776404386254626
            ],
            [
              -122.37850051208108,
              39.776945406773514
            ],
            [
              -122.37847435834462,
              39.777011352167385
            ],
            [
              -122.37843962970192,
              39.7770748972594
            ],
            [
              -122.37839668785766,
              39.777135380174734
            ],
            [
              -122.37834598006718,
              39.777192170932096
            ],
            [
              -122.37828803447869,
              39.7772446780057
            ],
            [
              -122.3782455676448,
              39.77727940120769
            ],
            [
              -122.3782892947609,
              39.77729374655232
            ],
            [
              -122.3783626607496,
              39.77732447980037
            ],
            [
              -122.37843190100666,
              39.777360463392554
            ],
            [
              -122.37849638638669,
              39.77740137037084
            ],
            [
              -122.37891438409765,
              39.777693374053456
            ],
            [
              -122.37942376070072,
              39.777945009168555
            ],
            [
              -122.37972684406309,
              39.77806923219352
            ],
            [
              -122.37981063428958,
              39.77810835931299
            ],
            [
              -122.37988823851055,
              39.77815446053688
            ],
            [
              -122.38032623773978,
              39.778446158396385
            ],
            [
              -122.38038917406197,
              39.77849247390555
            ],
            [
              -122.38044584634227,
              39.77854337752104
            ],
            [
              -122.38049569566738,
              39.7785983672343
            ],
            [
              -122.38053823040799,
              39.77865690073861
            ],
            [
              -122.38057303106778,
              39.77871840077714
            ],
            [
              -122.380599754421,
              39.77878226083548
            ],
            [
              -122.38061813689802,
              39.77884785112298
            ],
            [
              -122.38062799718557,
              39.778914524783616
            ],
            [
              -122.38062923801579,
              39.778981624275154
            ],
            [
              -122.38062184712638,
              39.77904848785388
            ],
            [
              -122.38060589738261,
              39.77911445610084
            ],
            [
              -122.38058154605959,
              39.77917887842508
            ],
            [
              -122.38054903329221,
              39.7792411194801
            ],
            [
              -122.3805086797077,
              39.77930056542987
            ],
            [
              -122.38046088326416,
              39.77935663000287
            ],
            [
              -122.38040611532658,
              39.779408760274265
            ],
            [
              -122.38034491601843,
              39.779456442119226
            ],
            [
              -122.38027788889517,
              39.77949920528376
            ],
            [
              -122.38020569499174,
              39.7795366280227
            ],
            [
              -122.38012904630342,
              39.77956834125944
            ],
            [
              -122.38004869876349,
              39.77959403222615
            ],
            [
              -122.37996544478753,
              39.779613447548556
            ],
            [
              -122.37964177990807,
              39.77967557841838
            ],
            [
              -122.37920346753701,
              39.77977651379453
            ],
            [
              -122.37912352522768,
              39.77979180449744
            ],
            [
              -122.37904207475528,
              39.779801233319034
            ],
            [
              -122.37895983648619,
              39.779804716868824
            ],
            [
              -122.37887753775473,
              39.77980222433763
            ],
            [
              -122.37879590643006,
              39.77979377777018
            ],
            [
              -122.37871566447802,
              39.77977945186997
            ],
            [
              -122.37863752157544,
              39.779759373338614
            ],
            [
              -122.37856216883311,
              39.77973371975515
            ],
            [
              -122.37849027268295,
              39.779702718005325
            ],
            [
              -122.3784224689837,
              39.779666642274826
            ],
            [
              -122.3780668080515,
              39.779457707548445
            ],
            [
              -122.37775748277171,
              39.77944627037208
            ],
            [
              -122.376985757851,
              39.77941801184504
            ],
            [
              -122.37651581938442,
              39.77950905591526
            ],
            [
              -122.37611270776547,
              39.779771198360926
            ],
            [
              -122.3760427994488,
              39.77981221575268
            ],
            [
              -122.37596791825304,
              39.77984762463687
            ],
            [
              -122.37588881720647,
              39.77987706892782
            ],
            [
              -122.3758062917772,
              39.77990025252182
            ],
            [
              -122.37572117187305,
              39.77991694227509
            ],
            [
              -122.37563431349514,
              39.77992697034844
            ],
            [
              -122.37554659012893,
              39.77993023589542
            ],
            [
              -122.37545888395925,
              39.779926706076445
            ],
            [
              -122.3753720769979,
              39.77991641638915
            ],
            [
              -122.37529676178129,
              39.77990140726992
            ],
            [
              -122.37517466216545,
              39.77999422775408
            ],
            [
              -122.37483322663273,
              39.780293951351446
            ],
            [
              -122.37483498060168,
              39.78030720006743
            ],
            [
              -122.37483531719639,
              39.78037330330674
            ],
            [
              -122.37482728111436,
              39.78043911562703
            ],
            [
              -122.37481094923477,
              39.78050400722457
            ],
            [
              -122.37478647782609,
              39.78056735710492
            ],
            [
              -122.37475410105158,
              39.78062855902577
            ],
            [
              -122.37471412872917,
              39.780687027298754
            ],
            [
              -122.3746669433673,
              39.78074220239442
            ],
            [
              -122.37461299650487,
              39.78079355629712
            ],
            [
              -122.37455280439053,
              39.78084059755823
            ],
            [
              -122.3744869430426,
              39.780882875999524
            ],
            [
              -122.37441604273675,
              39.78091998702153
            ],
            [
              -122.37434078197418,
              39.78095157547579
            ],
            [
              -122.3742618809884,
              39.78097733906381
            ],
            [
              -122.37418009485229,
              39.78099703123026
            ],
            [
              -122.37409620625161,
              39.781010463522655
            ],
            [
              -122.37403091209087,
              39.781015862438394
            ],
            [
              -122.37406406771336,
              39.7811177584405
            ],
            [
              -122.37444973469275,
              39.78141410870543
            ],
            [
              -122.37450716801497,
              39.78146276342027
            ],
            [
              -122.37455819486567,
              39.78151549783212
            ],
            [
              -122.37460233126508,
              39.78157181178104
            ],
            [
              -122.37463915858285,
              39.781631171155816
            ],
            [
              -122.3746683275091,
              39.78169301295931
            ],
            [
              -122.37468956136794,
              39.78175675064813
            ],
            [
              -122.37470265874238,
              39.78182177969555
            ],
            [
              -122.37470749538559,
              39.781887483325164
            ],
            [
              -122.37470402540013,
              39.78195323836062
            ],
            [
              -122.3746922816741,
              39.782018421136215
            ],
            [
              -122.37467237557014,
              39.782082413412304
            ],
            [
              -122.37464449587014,
              39.78214460823904
            ],
            [
              -122.37460890698542,
              39.782204415713366
            ],
            [
              -122.3745659464495,
              39.78226126857423
            ],
            [
              -122.37451602171743,
              39.78231462758313
            ],
            [
              -122.37445960630153,
              39.78236398663892
            ],
            [
              -122.37439723528067,
              39.782408877578305
            ],
            [
              -122.37432950022522,
              39.782448874616634
            ],
            [
              -122.37425704358616,
              39.78248359838655
            ],
            [
              -122.37418055260142,
              39.782512719536605
            ],
            [
              -122.37410075277724,
              39.782535961855295
            ],
            [
              -122.37401840100648,
              39.782553104891115
            ],
            [
              -122.37393427838894,
              39.782563986043634
            ],
            [
              -122.37384918282228,
              39.78256850210598
            ],
            [
              -122.37380550876817,
              39.7825691748584
            ],
            [
              -122.3737671572864,
              39.78272397293915
            ],
            [
              -122.37375053222368,
              39.78277864718193
            ],
            [
              -122.3735681410733,
              39.783283172710554
            ],
            [
              -122.37356814240907,
              39.783388596704725
            ],
            [
              -122.37356390447674,
              39.783454997517744
            ],
            [
              -122.37355123000265,
              39.78352075567962
            ],
            [
              -122.37353024164346,
              39.78358523469486
            ],
            [
              -122.37350114253037,
              39.78364781044754
            ],
            [
              -122.3734642143036,
              39.78370787724246
            ],
            [
              -122.37341981438706,
              39.78376485366816
            ],
            [
              -122.37339968329688,
              39.78378572545369
            ],
            [
              -122.37344507346323,
              39.78377793725523
            ],
            [
              -122.37352945227723,
              39.78376997264633
            ],
            [
              -122.37361443442029,
              39.78376835653932
            ],
            [
              -122.37369921936292,
              39.78377310415799
            ],
            [
              -122.37378300843294,
              39.783784170780116
            ],
            [
              -122.37386501233853,
              39.78380145215849
            ],
            [
              -122.37394445860247,
              39.78382478550293
            ],
            [
              -122.37402059883857,
              39.7838539510136
            ],
            [
              -122.3740927158008,
              39.783888673951346
            ],
            [
              -122.37416013013953,
              39.78392862722555
            ],
            [
              -122.37422220680071,
              39.783973434475094
            ],
            [
              -122.37427836100807,
              39.78402267361347
            ],
            [
              -122.37432806377184,
              39.78407588080457
            ],
            [
              -122.37437084687197,
              39.78413255483182
            ],
            [
              -122.37440630726925,
              39.784192161819476
            ],
            [
              -122.37449210891272,
              39.78435706123836
            ],
            [
              -122.37452078660874,
              39.784421359363115
            ],
            [
              -122.37454094339606,
              39.78448755555577
            ],
            [
              -122.37455237514162,
              39.78455497951134
            ],
            [
              -122.37455496606113,
              39.78462294849055
            ],
            [
              -122.37454868989265,
              39.78469077423318
            ],
            [
              -122.37453361016354,
              39.7847577699274
            ],
            [
              -122.37450987954814,
              39.78482325716467
            ],
            [
              -122.37425238583809,
              39.78541685903526
            ],
            [
              -122.37421800517795,
              39.7854839738917
            ],
            [
              -122.37417454329768,
              39.7855478772769
            ],
            [
              -122.37412249588375,
              39.78560784033166
            ],
            [
              -122.37406245655075,
              39.785663179137025
            ],
            [
              -122.37350455703047,
              39.786124882184865
            ],
            [
              -122.37343932935418,
              39.78617354477561
            ],
            [
              -122.37309602870016,
              39.78640434645296
            ],
            [
              -122.37302737960631,
              39.78644603994105
            ],
            [
              -122.37295368794624,
              39.78648224956481
            ],
            [
              -122.37287568696144,
              39.786512615030574
            ],
            [
              -122.37279415277527,
              39.78653683419492
            ],
            [
              -122.37270989667024,
              39.78655466607134
            ],
            [
              -122.37262375701472,
              39.78656593322826
            ],
            [
              -122.37253659092057,
              39.78657052355472
            ],
            [
              -122.37244926571373,
              39.786568391375965
            ],
            [
              -122.37236265030346,
              39.78655955790791
            ],
            [
              -122.37227760653576,
              39.786544111046084
            ],
            [
              -122.37216191785944,
              39.78651833788019
            ],
            [
              -122.3720076779017,
              39.786814712046144
            ],
            [
              -122.37301656542664,
              39.786934064240306
            ],
            [
              -122.37419429386881,
              39.78693406381152
            ],
            [
              -122.37429407013057,
              39.786938461886486
            ],
            [
              -122.37439254753751,
              39.78695159994048
            ],
            [
              -122.3756800359881,
              39.78718239767665
            ],
            [
              -122.37578830595604,
              39.78720758772983
            ],
            [
              -122.37675203776568,
              39.787485319108505
            ],
            [
              -122.37797026093595,
              39.78767247549906
            ],
            [
              -122.37804361449076,
              39.787686304873276
            ],
            [
              -122.37907360568732,
              39.78791720266098
            ],
            [
              -122.37914792256953,
              39.787936687620515
            ],
            [
              -122.37921968006764,
              39.787961226941775
            ],
            [
              -122.37989566928144,
              39.7882209496015
            ],
            [
              -122.38052871953118,
              39.78844789534881
            ],
            [
              -122.38060344705886,
              39.78847814273633
            ],
            [
              -122.38067405481667,
              39.78851379749646
            ],
            [
              -122.38073988741867,
              39.78855452868286
            ],
            [
              -122.3808003337986,
              39.788599958229334
            ],
            [
              -122.3808548328819,
              39.78864966445877
            ],
            [
              -122.38090287879342,
              39.78870318599688
            ],
            [
              -122.38094402555348,
              39.78876002605449
            ],
            [
              -122.38097789121764,
              39.78881965703851
            ],
            [
              -122.38100416142261,
              39.78888152544887
            ],
            [
              -122.38102259230463,
              39.78894505701605
            ],
            [
              -122.38103301276388,
              39.78900966203127
            ],
            [
              -122.38103532605338,
              39.789074740820254
            ],
            [
              -122.38102951067786,
              39.78913968930936
            ],
            [
              -122.38101562059414,
              39.78920390463274
            ],
            [
              -122.38099378471107,
              39.789266790728355
            ],
            [
              -122.38096420569381,
              39.78932776387074
            ],
            [
              -122.38092715808344,
              39.78938625808952
            ],
            [
              -122.38088298574915,
              39.78944173042306
            ],
            [
              -122.38083209869697,
              39.78949366595849
            ],
            [
              -122.38077496926435,
              39.789541582611704
            ],
            [
              -122.38071212773605,
              39.78958503560234
            ],
            [
              -122.38064415742205,
              39.78962362158265
            ],
            [
              -122.38025785562002,
              39.78982152316295
            ],
            [
              -122.38018644026191,
              39.78985444981643
            ],
            [
              -122.38011129758405,
              39.78988200085604
            ],
            [
              -122.38003310551454,
              39.78990392771842
            ],
            [
              -122.37995256949512,
              39.78992003258089
            ],
            [
              -122.37987041611626,
              39.78993017014647
            ],
            [
              -122.37978738656133,
              39.78993424895469
            ],
            [
              -122.37970422991924,
              39.789932232206915
            ],
            [
              -122.37962169642547,
              39.78992413809831
            ],
            [
              -122.37891028601574,
              39.789827690532285
            ],
            [
              -122.37777067186038,
              39.78971094140684
            ],
            [
              -122.37609721194313,
              39.78992521746882
            ],
            [
              -122.37601362889669,
              39.78993275791257
            ],
            [
              -122.37592949361573,
              39.78993407583158
            ],
            [
              -122.37584558268999,
              39.789929159061295
            ],
            [
              -122.37455736440091,
              39.789805422193396
            ],
            [
              -122.3740418935054,
              39.78983373039683
            ],
            [
              -122.37396049685755,
              39.78983527350217
            ],
            [
              -122.37387926614166,
              39.78983097921419
            ],
            [
              -122.37379890325738,
              39.78982088463918
            ],
            [
              -122.37372010260486,
              39.789805077002626
            ],
            [
              -122.37364354508412,
              39.789783692895405
            ],
            [
              -122.37356989221107,
              39.7897569170934
            ],
            [
              -122.37349978040106,
              39.789724980960834
            ],
            [
              -122.37343381546953,
              39.78968816045088
            ],
            [
              -122.37333167806045,
              39.78962536893034
            ],
            [
              -122.3731057405819,
              39.789663946182
            ],
            [
              -122.37279828559319,
              39.78980567221774
            ],
            [
              -122.37272371796332,
              39.78983637988978
            ],
            [
              -122.37264566077268,
              39.78986139977849
            ],
            [
              -122.37256484092605,
              39.7898804988862
            ],
            [
              -122.37248201105773,
              39.78989349935239
            ],
            [
              -122.37239794252181,
              39.789900280110146
            ],
            [
              -122.37231341820855,
              39.789900778013674
            ],
            [
              -122.3722292252529,
              39.789894988426404
            ],
            [
              -122.37214614770375,
              39.78988296526422
            ],
            [
              -122.3720649592218,
              39.789864820493165
            ],
            [
              -122.37160904459458,
              39.789744249639895
            ],
            [
              -122.37136010561335,
              39.78983466419517
            ],
            [
              -122.37101847813867,
              39.79004958705847
            ],
            [
              -122.37095432307471,
              39.790279568433846
            ],
            [
              -122.37093206427588,
              39.7903438093593
            ],
            [
              -122.37090172857424,
              39.790406051499794
            ],
            [
              -122.37086360971348,
              39.790465692114786
            ],
            [
              -122.37081807681065,
              39.79052215365482
            ],
            [
              -122.37076557078218,
              39.79057488935478
            ],
            [
              -122.37070660007481,
              39.79062338852884
            ],
            [
              -122.37064173574193,
              39.7906671815162
            ],
            [
              -122.37057160591382,
              39.79070584422943
            ],
            [
              -122.370496889715,
              39.79073900226163
            ],
            [
              -122.37041831068734,
              39.79076633451234
            ],
            [
              -122.37033662978298,
              39.790787576297376
            ],
            [
              -122.37025263799502,
              39.79080252191217
            ],
            [
              -122.37016714869691,
              39.790811026623906
            ],
            [
              -122.37008098976517,
              39.79081300807334
            ],
            [
              -122.36999499556156,
              39.79080844707236
            ],
            [
              -122.36998122139197,
              39.790806654861164
            ],
            [
              -122.36990292160102,
              39.790996426918916
            ],
            [
              -122.36996496995873,
              39.79103171035116
            ],
            [
              -122.37002859110574,
              39.79107589649145
            ],
            [
              -122.37008631745438,
              39.791124662454266
            ],
            [
              -122.37013759764585,
              39.791177542474784
            ],
            [
              -122.37018194188539,
              39.79123403149362
            ],
            [
              -122.37021892662065,
              39.79129358998036
            ],
            [
              -122.37024819858756,
              39.7913556490865
            ],
            [
              -122.370269478185,
              39.79141961607827
            ],
            [
              -122.37028256214602,
              39.791484879997846
            ],
            [
              -122.37028732548013,
              39.7915508174985
            ],
            [
              -122.37028372266802,
              39.79161679879828
            ],
            [
              -122.37024082720296,
              39.791979499152625
            ],
            [
              -122.37022892382825,
              39.79204476755858
            ],
            [
              -122.37020883429864,
              39.792108830870944
            ],
            [
              -122.37018074972573,
              39.79217107958433
            ],
            [
              -122.37014493728891,
              39.792230921456095
            ],
            [
              -122.37010173769394,
              39.79228778714107
            ],
            [
              -122.37005156193229,
              39.79234113560877
            ],
            [
              -122.36999488737104,
              39.792390459290914
            ],
            [
              -122.36993225321183,
              39.79243528891089
            ],
            [
              -122.3698642553607,
              39.792475197948775
            ],
            [
              -122.36979154075865,
              39.7925098066996
            ],
            [
              -122.36971480122642,
              39.79253878588625
            ],
            [
              -122.36963476688192,
              39.79256185979245
            ],
            [
              -122.36955219919334,
              39.792578808886304
            ],
            [
              -122.36946788373399,
              39.79258947190905
            ],
            [
              -122.36938262270729,
              39.79259374740955
            ],
            [
              -122.36893760016109,
              39.79259928220454
            ],
            [
              -122.36875345062849,
              39.79282975226236
            ],
            [
              -122.36866551946723,
              39.793039925386466
            ],
            [
              -122.36870494397226,
              39.79305193320018
            ],
            [
              -122.3687909199973,
              39.7930870684549
            ],
            [
              -122.36887131466435,
              39.79312934223035
            ],
            [
              -122.36942921294343,
              39.79345913968502
            ],
            [
              -122.36949433892872,
              39.79350167771991
            ],
            [
              -122.36955379040673,
              39.793548902265655
            ],
            [
              -122.36960700316327,
              39.793600365155505
            ],
            [
              -122.369653472187,
              39.793655577999125
            ],
            [
              -122.36969275646244,
              39.79371401681743
            ],
            [
              -122.3697244831556,
              39.79377512701493
            ],
            [
              -122.36974835115285,
              39.79383832864265
            ],
            [
              -122.36976413391932,
              39.793903021901954
            ],
            [
              -122.36977168164941,
              39.79396859283654
            ],
            [
              -122.36977092268945,
              39.794034419159
            ],
            [
              -122.36976186421856,
              39.79409987615646
            ],
            [
              -122.36974459218138,
              39.79416434261929
            ],
            [
              -122.36971927047333,
              39.79422720673673
            ],
            [
              -122.36968613938608,
              39.794287871903244
            ],
            [
              -122.36964551332765,
              39.79434576238071
            ],
            [
              -122.36959777783942,
              39.79440032876261
            ],
            [
              -122.36954338593759,
              39.79445105318835
            ],
            [
              -122.36948285381419,
              39.79449745425826
            ],
            [
              -122.36941675593854,
              39.794539091602566
            ],
            [
              -122.3693457196053,
              39.79457557006096
            ],
            [
              -122.36870201606251,
              39.79487227249653
            ],
            [
              -122.36862390305997,
              39.79490426487588
            ],
            [
              -122.36854200627201,
              39.79493001840644
            ],
            [
              -122.36845716049453,
              39.794949270574676
            ],
            [
              -122.36837023058585,
              39.794961825137314
            ],
            [
              -122.36828210265028,
              39.794967554121776
            ],
            [
              -122.36819367500503,
              39.79496639913084
            ],
            [
              -122.36810584902254,
              39.79495837193797
            ],
            [
              -122.36801951994171,
              39.79494355436713
            ],
            [
              -122.36793556774168,
              39.79492209745881
            ],
            [
              -122.36785484817119,
              39.79489421993018
            ],
            [
              -122.36777818402506,
              39.794860205945525
            ],
            [
              -122.36760295974584,
              39.79477309861135
            ],
            [
              -122.36719996414672,
              39.79557124857781
            ],
            [
              -122.36716550625285,
              39.795630817941586
            ],
            [
              -122.36647429734876,
              39.79668572229216
            ],
            [
              -122.36648986013093,
              39.797079408367054
            ],
            [
              -122.36656989928798,
              39.79709343872023
            ],
            [
              -122.36753006322186,
              39.79679841603583
            ],
            [
              -122.3682128326957,
              39.796467080390194
            ],
            [
              -122.36862809501334,
              39.796177014009665
            ],
            [
              -122.36869115116608,
              39.79613693339647
            ],
            [
              -122.368758774012,
              39.79610155890261
            ],
            [
              -122.36883037527306,
              39.79607119826169
            ],
            [
              -122.3689053320644,
              39.796046115589924
            ],
            [
              -122.3689829923127,
              39.79602652908873
            ],
            [
              -122.3690626804284,
              39.7960126091466
            ],
            [
              -122.37013258926629,
              39.795865794420585
            ],
            [
              -122.37085098758887,
              39.795577780749916
            ],
            [
              -122.37151334060758,
              39.79498411048253
            ],
            [
              -122.3715718991552,
              39.794936508404966
            ],
            [
              -122.37259021681025,
              39.79418537518722
            ],
            [
              -122.37299807537777,
              39.793759051306274
            ],
            [
              -122.37305198652129,
              39.793708090239036
            ],
            [
              -122.37311206509632,
              39.79366141394962
            ],
            [
              -122.37317774184486,
              39.79361946469737
            ],
            [
              -122.37324839446943,
              39.79358263995215
            ],
            [
              -122.37332335352957,
              39.79355128862848
            ],
            [
              -122.37340190878425,
              39.79352570777977
            ],
            [
              -122.37348331592135,
              39.793506139784064
            ],
            [
              -122.37356680360935,
              39.793492770047564
            ],
            [
              -122.37365158080534,
              39.79348572524812
            ],
            [
              -122.37373684424935,
              39.79348507213509
            ],
            [
              -122.37382178607452,
              39.79349081689686
            ],
            [
              -122.3739056014611,
              39.79350290510227
            ],
            [
              -122.37398749626126,
              39.79352122221626
            ],
            [
              -122.3740666945231,
              39.793545594684986
            ],
            [
              -122.37414244584212,
              39.79357579158015
            ],
            [
              -122.37421403247092,
              39.79361152678676
            ],
            [
              -122.37428077611946,
              39.79365246171398
            ],
            [
              -122.37434204438165,
              39.793698208502875
            ],
            [
              -122.3743972567274,
              39.79374833370132
            ],
            [
              -122.37444589000319,
              39.79380236237055
            ],
            [
              -122.37448748338926,
              39.793859782585095
            ],
            [
              -122.3745216427663,
              39.79392005028297
            ],
            [
              -122.37454804445025,
              39.793982594420626
            ],
            [
              -122.37456643825996,
              39.794046822383365
            ],
            [
              -122.37457664988844,
              39.79411212560031
            ],
            [
              -122.37457858255519,
              39.794177885310695
            ],
            [
              -122.37457221792414,
              39.79424347842661
            ],
            [
              -122.37455761627827,
              39.794308283436926
            ],
            [
              -122.37453491594935,
              39.794371686296294
            ],
            [
              -122.37391586337323,
              39.79582160315421
            ],
            [
              -122.3737489665863,
              39.796270566200924
            ],
            [
              -122.37372262942561,
              39.79633062397755
            ],
            [
              -122.37368911119846,
              39.79638851334335
            ],
            [
              -122.37364870695681,
              39.79644372468341
            ],
            [
              -122.37360177237461,
              39.79649577195697
            ],
            [
              -122.37304387460394,
              39.79705637527632
            ],
            [
              -122.37299480430327,
              39.79710147085954
            ],
            [
              -122.37294083137574,
              39.79714310044099
            ],
            [
              -122.37288236554913,
              39.7971809479893
            ],
            [
              -122.37281985066143,
              39.79721472618393
            ],
            [
              -122.37174694528943,
              39.79774223044469
            ],
            [
              -122.37173909711888,
              39.7977460440875
            ],
            [
              -122.37036578998678,
              39.798405549447246
            ],
            [
              -122.37031251321432,
              39.79842917550768
            ],
            [
              -122.36893920453186,
              39.79898968023188
            ],
            [
              -122.36886190530754,
              39.799017599879164
            ],
            [
              -122.36813229975643,
              39.79924840190116
            ],
            [
              -122.36810953906837,
              39.799255317127766
            ],
            [
              -122.36704122781744,
              39.799566669598015
            ],
            [
              -122.3682143432653,
              39.799778682444405
            ],
            [
              -122.36821825492963,
              39.7997793966694
            ],
            [
              -122.36890878708284,
              39.79990676879488
            ],
            [
              -122.36901540727364,
              39.799849420910846
            ],
            [
              -122.36909024689899,
              39.79981334671674
            ],
            [
              -122.36916941202813,
              39.79978326337993
            ],
            [
              -122.36925209930999,
              39.79975947617812
            ],
            [
              -122.36933746965457,
              39.79974222649731
            ],
            [
              -122.36942465674704,
              39.79973168938246
            ],
            [
              -122.36951277583846,
              39.79972797176127
            ],
            [
              -122.36960093272285,
              39.79973111135925
            ],
            [
              -122.36968823281076,
              39.79974107631691
            ],
            [
              -122.36977379020648,
              39.799757765513014
            ],
            [
              -122.369856736697,
              39.79978100959062
            ],
            [
              -122.36993623056182,
              39.79981057267555
            ],
            [
              -122.37001146511375,
              39.79984615476973
            ],
            [
              -122.37012578741907,
              39.79990653763572
            ],
            [
              -122.37014679192589,
              39.79988893942652
            ],
            [
              -122.3702116521164,
              39.79984439040881
            ],
            [
              -122.37028191205958,
              39.79980501383994
            ],
            [
              -122.37035688126127,
              39.799771196696824
            ],
            [
              -122.37043142702083,
              39.799744826368354
            ],
            [
              -122.37044371819782,
              39.799518163777535
            ],
            [
              -122.37045348039142,
              39.79944195962382
            ],
            [
              -122.37047435734195,
              39.799367096707805
            ],
            [
              -122.37050608091852,
              39.79929453639617
            ],
            [
              -122.37076358575419,
              39.79880003821704
            ],
            [
              -122.370795495716,
              39.79874580186208
            ],
            [
              -122.3708334731596,
              39.79869394356904
            ],
            [
              -122.3708772230322,
              39.798644866215255
            ],
            [
              -122.3709264054383,
              39.798598951072655
            ],
            [
              -122.37131260595304,
              39.798269153215166
            ],
            [
              -122.37137206527701,
              39.798223046007266
            ],
            [
              -122.37143699525052,
              39.79818156127792
            ],
            [
              -122.37150679446269,
              39.798145083271855
            ],
            [
              -122.37158081640537,
              39.79811394985944
            ],
            [
              -122.37165837546118,
              39.798088449407395
            ],
            [
              -122.37173875325358,
              39.798068818108106
            ],
            [
              -122.37182120530025,
              39.798055237792056
            ],
            [
              -122.37190496790808,
              39.79804783424385
            ],
            [
              -122.3719892652463,
              39.798046676037224
            ],
            [
              -122.37207331653175,
              39.798051773899964
            ],
            [
              -122.37215634325993,
              39.79806308061455
            ],
            [
              -122.37223757641527,
              39.7980804914554
            ],
            [
              -122.37231626359319,
              39.79810384515886
            ],
            [
              -122.37239167596874,
              39.79813292541668
            ],
            [
              -122.37246311504656,
              39.79816746287936
            ],
            [
              -122.37252991913027,
              39.79820713765079
            ],
            [
              -122.37259146945115,
              39.79825158225091
            ],
            [
              -122.37264719589919,
              39.79830038501932
            ],
            [
              -122.37269658230379,
              39.79835309392782
            ],
            [
              -122.37273917121485,
              39.79840922076719
            ],
            [
              -122.37277456814022,
              39.79846824566876
            ],
            [
              -122.37280244520011,
              39.798529621919535
            ],
            [
              -122.37282254416459,
              39.79859278102589
            ],
            [
              -122.37283467884625,
              39.79865713797901
            ],
            [
              -122.37283873682536,
              39.79872209667346
            ],
            [
              -122.37283874184637,
              39.7991177967127
            ],
            [
              -122.3728336738617,
              39.79919038334036
            ],
            [
              -122.37281852669827,
              39.79926213004951
            ],
            [
              -122.372793475613,
              39.799332206563726
            ],
            [
              -122.37272699342456,
              39.79948547660222
            ],
            [
              -122.37275407833303,
              39.7996624295862
            ],
            [
              -122.37282600878741,
              39.79972592836759
            ],
            [
              -122.37284561504511,
              39.79969145263554
            ],
            [
              -122.37288780654558,
              39.79963351213538
            ],
            [
              -122.37293717226804,
              39.79957904846377
            ],
            [
              -122.37299323475847,
              39.7995285883631
            ],
            [
              -122.3730554517991,
              39.799482619854395
            ],
            [
              -122.37312322165253,
              39.799441587517684
            ],
            [
              -122.37319588888138,
              39.79940588819265
            ],
            [
              -122.37327275068738,
              39.79937586714075
            ],
            [
              -122.37335306370801,
              39.799351814706405
            ],
            [
              -122.3734360512055,
              39.799333963509156
            ],
            [
              -122.37352091057842,
              39.799322486194136
            ],
            [
              -122.37360682112332,
              39.79931749376242
            ],
            [
              -122.37369295197138,
              39.799319034497664
            ],
            [
              -122.3737784701232,
              39.79932709349907
            ],
            [
              -122.37382558313699,
              39.79933521815197
            ],
            [
              -122.37383930378711,
              39.79918129211498
            ],
            [
              -122.37383491601086,
              39.79912635285169
            ],
            [
              -122.37383358432383,
              39.79906637203389
            ],
            [
              -122.37383915443526,
              39.79900653647824
            ],
            [
              -122.37385158242756,
              39.798947317767414
            ],
            [
              -122.37387077033462,
              39.79888918262142
            ],
            [
              -122.37389656691454,
              39.79883258921914
            ],
            [
              -122.37393624946309,
              39.79875650681261
            ],
            [
              -122.37393211378426,
              39.79874370880796
            ],
            [
              -122.37391965501259,
              39.79867900057721
            ],
            [
              -122.37391536642879,
              39.79861366630771
            ],
            [
              -122.37391928820315,
              39.79854831832582
            ],
            [
              -122.37393138355698,
              39.79848356908464
            ],
            [
              -122.37395153910796,
              39.79842002542416
            ],
            [
              -122.37397956593381,
              39.798358282883775
            ],
            [
              -122.37401520134361,
              39.79829892012104
            ],
            [
              -122.37405811134045,
              39.79824249348861
            ],
            [
              -122.3741078937522,
              39.798189531820135
            ],
            [
              -122.37416408200136,
              39.79814053147431
            ],
            [
              -122.37417564866583,
              39.798132223756966
            ],
            [
              -122.37419689112575,
              39.79808316387077
            ],
            [
              -122.3742289577636,
              39.79802679056961
            ],
            [
              -122.37429405862544,
              39.79792519101177
            ],
            [
              -122.37433621576612,
              39.797866848478066
            ],
            [
              -122.37438563394399,
              39.79781200129616
            ],
            [
              -122.37444183031911,
              39.79776118533184
            ],
            [
              -122.37450425583107,
              39.79771489706417
            ],
            [
              -122.37457230056363,
              39.797673588735094
            ],
            [
              -122.37464529970381,
              39.797637663931226
            ],
            [
              -122.37472254003711,
              39.797607473641044
            ],
            [
              -122.37480326691526,
              39.797583312825964
            ],
            [
              -122.37488669162903,
              39.797565417538756
            ],
            [
              -122.37497199911327,
              39.79755396261745
            ],
            [
              -122.37505835590966,
              39.79754905997733
            ],
            [
              -122.37514491830886,
              39.79755075751758
            ],
            [
              -122.3752308405929,
              39.79755903865336
            ],
            [
              -122.37531528329727,
              39.797573822477794
            ],
            [
              -122.37539742141158,
              39.79759496455241
            ],
            [
              -122.37547645243953,
              39.797622258318086
            ],
            [
              -122.37555160423871,
              39.79765543711305
            ],
            [
              -122.37562214256405,
              39.79769417677802
            ],
            [
              -122.37568737824117,
              39.79773809882288
            ],
            [
              -122.37574667389949,
              39.79778677412441
            ],
            [
              -122.3757994501995,
              39.79783972711857
            ],
            [
              -122.37584519149306,
              39.797896440446564
            ],
            [
              -122.37588345086179,
              39.7979563600092
            ],
            [
              -122.37591385448405,
              39.79801890038034
            ],
            [
              -122.37593610528779,
              39.79808345052637
            ],
            [
              -122.3759499858539,
              39.79814937977601
            ],
            [
              -122.37595536054117,
              39.79821604398199
            ],
            [
              -122.37595704379476,
              39.7983185403145
            ],
            [
              -122.37597062098698,
              39.79834475888381
            ],
            [
              -122.37599489239706,
              39.798409967856834
            ],
            [
              -122.3760105646661,
              39.7984767254742
            ],
            [
              -122.37601747979285,
              39.79854435882043
            ],
            [
              -122.37601556804695,
              39.79861218615068
            ],
            [
              -122.376004848673,
              39.79867952376278
            ],
            [
              -122.37598542969752,
              39.798745692888986
            ],
            [
              -122.37595750684112,
              39.79881002653811
            ],
            [
              -122.375949869595,
              39.798823094950286
            ],
            [
              -122.37597392285092,
              39.79920298255609
            ],
            [
              -122.37599716294747,
              39.79918464459435
            ],
            [
              -122.37602000212543,
              39.79914308598812
            ],
            [
              -122.3760313386533,
              39.79912056496556
            ],
            [
              -122.3760402775439,
              39.799084661558155
            ],
            [
              -122.37605993743861,
              39.799022002627424
            ],
            [
              -122.37608724893234,
              39.79896107397392
            ],
            [
              -122.37612196342009,
              39.79890243016145
            ],
            [
              -122.37616376491815,
              39.79884660495613
            ],
            [
              -122.3762122729407,
              39.798794106468414
            ],
            [
              -122.37626704596346,
              39.798745412528476
            ],
            [
              -122.37632758544254,
              39.79870096633741
            ],
            [
              -122.37639334035237,
              39.798661172433434
            ],
            [
              -122.37646371220096,
              39.79862639301024
            ],
            [
              -122.37653806047724,
              39.79859694462053
            ],
            [
              -122.37661570848061,
              39.7985730952951
            ],
            [
              -122.37669594947957,
              39.79855506210346
            ],
            [
              -122.37677805314402,
              39.79854300917829
            ],
            [
              -122.37686127219182,
              39.79853704622167
            ],
            [
              -122.37694484918978,
              39.798537227506706
            ],
            [
              -122.37702802344707,
              39.79854355138359
            ],
            [
              -122.37710562271414,
              39.79855235129368
            ],
            [
              -122.37719061319915,
              39.798565329598325
            ],
            [
              -122.37727352608499,
              39.7985847201202
            ],
            [
              -122.37735355040337,
              39.79861033320186
            ],
            [
              -122.3774299034365,
              39.79864191832303
            ],
            [
              -122.3775018383724,
              39.7986791665508
            ],
            [
              -122.37756865160911,
              39.798721713561065
            ],
            [
              -122.37762968963642,
              39.79876914320165
            ],
            [
              -122.37768435542782,
              39.79882099156245
            ],
            [
              -122.37773211428014,
              39.79887675151272
            ],
            [
              -122.3777724990438,
              39.79893587766093
            ],
            [
              -122.37780511469252,
              39.79899779168922
            ],
            [
              -122.37781608539699,
              39.79902646082788
            ],
            [
              -122.37787075026043,
              39.79902628548686
            ],
            [
              -122.37789660947467,
              39.79898324364153
            ],
            [
              -122.37793901065844,
              39.798927394234376
            ],
            [
              -122.37795542311848,
              39.798909869186765
            ],
            [
              -122.37796526099058,
              39.7988790640167
            ],
            [
              -122.37801708050051,
              39.79865357599088
            ],
            [
              -122.37803118634055,
              39.79852762323264
            ],
            [
              -122.37803007313259,
              39.79852564167264
            ],
            [
              -122.37800379129163,
              39.79846251887974
            ],
            [
              -122.37798565523359,
              39.79839771328118
            ],
            [
              -122.37797583951652,
              39.79833184870829
            ],
            [
              -122.37797443860427,
              39.79826555918446
            ],
            [
              -122.37798146595803,
              39.79819948282193
            ],
            [
              -122.37799685390772,
              39.79813425567927
            ],
            [
              -122.37802045430422,
              39.79807050563856
            ],
            [
              -122.37805203994645,
              39.7980088463615
            ],
            [
              -122.37809130676916,
              39.79794987138238
            ],
            [
              -122.37813787677057,
              39.79789414839496
            ],
            [
              -122.37819130165164,
              39.79784221378794
            ],
            [
              -122.37825106713177,
              39.79779456748203
            ],
            [
              -122.37831659789965,
              39.79775166811797
            ],
            [
              -122.37838726315118,
              39.7977139286419
            ],
            [
              -122.37846238266161,
              39.79768171233069
            ],
            [
              -122.37854123333308,
              39.79765532929528
            ],
            [
              -122.37862305615478,
              39.79763503349586
            ],
            [
              -122.37870706350873,
              39.79762102029734
            ],
            [
              -122.378848162179,
              39.79760302045881
            ],
            [
              -122.37893822212276,
              39.797595196813006
            ],
            [
              -122.37902884800359,
              39.79759459230888
            ],
            [
              -122.3791190698805,
              39.79760121341651
            ],
            [
              -122.37920792213598,
              39.79761498927239
            ],
            [
              -122.37929445380983,
              39.797635772437815
            ],
            [
              -122.37937773877621,
              39.797663340476745
            ],
            [
              -122.37945688565495,
              39.797697398336304
            ],
            [
              -122.37953104735118,
              39.79773758150431
            ],
            [
              -122.37959943012116,
              39.7977834599103
            ],
            [
              -122.37969763008707,
              39.79785655940122
            ],
            [
              -122.37975850754847,
              39.79790673214909
            ],
            [
              -122.37981246408663,
              39.79796141477399
            ],
            [
              -122.37985894166682,
              39.79802004174915
            ],
            [
              -122.37989745959779,
              39.79808200675384
            ],
            [
              -122.37994036036937,
              39.798161106464505
            ],
            [
              -122.37996725066432,
              39.798217638134425
            ],
            [
              -122.37998750977208,
              39.79827579189304
            ],
            [
              -122.38000097679668,
              39.79833510593722
            ],
            [
              -122.38001424423686,
              39.798414119323695
            ],
            [
              -122.38005399823409,
              39.79864033408871
            ],
            [
              -122.3800606625044,
              39.79869465708596
            ],
            [
              -122.38006162282905,
              39.798749217732784
            ],
            [
              -122.38005712281442,
              39.79887865593943
            ],
            [
              -122.38006695025422,
              39.79891416796746
            ],
            [
              -122.38008405797027,
              39.79887900208212
            ],
            [
              -122.38012432273297,
              39.79881664836008
            ],
            [
              -122.38017269574762,
              39.79875782345027
            ],
            [
              -122.3802286629292,
              39.79870315249144
            ],
            [
              -122.38030836307183,
              39.79863305293964
            ],
            [
              -122.38037052726203,
              39.79858369144226
            ],
            [
              -122.38043887764991,
              39.79853946287787
            ],
            [
              -122.38051270534292,
              39.79850082595389
            ],
            [
              -122.38059124464574,
              39.79846818138452
            ],
            [
              -122.38067368100137,
              39.79844186773516
            ],
            [
              -122.38075915943863,
              39.79842215791127
            ],
            [
              -122.38084679343876,
              39.79840925632824
            ],
            [
              -122.38093567412908,
              39.79840329679151
            ],
            [
              -122.38102487970814,
              39.798404341109
            ],
            [
              -122.38111348500543,
              39.79841237845005
            ],
            [
              -122.3812005710753,
              39.798427325457816
            ],
            [
              -122.38128523472703,
              39.798449027113605
            ],
            [
              -122.38137833401376,
              39.79847702685573
            ],
            [
              -122.38145496657616,
              39.79850340157759
            ],
            [
              -122.38152797610053,
              39.798535310959004
            ],
            [
              -122.38159669269285,
              39.798572462220044
            ],
            [
              -122.3816604858454,
              39.79861451448413
            ],
            [
              -122.38171877022171,
              39.79866108190549
            ],
            [
              -122.38176447031704,
              39.798701281649855
            ],
            [
              -122.3818163218667,
              39.798751520227135
            ],
            [
              -122.38186175700996,
              39.79880532846049
            ],
            [
              -122.38190036542622,
              39.79886222043106
            ],
            [
              -122.38193179844143,
              39.79892168237081
            ],
            [
              -122.38195577217729,
              39.798983177302055
            ],
            [
              -122.38197207011557,
              39.799046149886465
            ],
            [
              -122.38197375845994,
              39.799058876131056
            ],
            [
              -122.3819767540903,
              39.79906187627325
            ],
            [
              -122.38202686894117,
              39.79911765084217
            ],
            [
              -122.38206947880028,
              39.799177021293445
            ],
            [
              -122.38210415392388,
              39.79923938887132
            ],
            [
              -122.38213054458767,
              39.79930412459208
            ],
            [
              -122.3821483846146,
              39.79937057558729
            ],
            [
              -122.38215749406017,
              39.799438071687824
            ],
            [
              -122.3821577810282,
              39.79950593218255
            ],
            [
              -122.38215266210638,
              39.79954642378404
            ],
            [
              -122.38252905599707,
              39.79948630320808
            ],
            [
              -122.3826079886664,
              39.799476567972505
            ],
            [
              -122.3826877431569,
              39.79947242284571
            ],
            [
              -122.3826974585216,
              39.799472602718396
            ],
            [
              -122.38268539840045,
              39.79939311643588
            ],
            [
              -122.38266521096787,
              39.799323835301905
            ],
            [
              -122.38265454380577,
              39.79925187027976
            ],
            [
              -122.38265214419367,
              39.79922117026487
            ],
            [
              -122.38265108475335,
              39.79915703595021
            ],
            [
              -122.38265791320998,
              39.79909311306239
            ],
            [
              -122.38267256802142,
              39.7990299775096
            ],
            [
              -122.38269491713545,
              39.79896819810505
            ],
            [
              -122.38272475918036,
              39.798908331442405
            ],
            [
              -122.38276182527979,
              39.798850916881314
            ],
            [
              -122.38280578147571,
              39.798796471688334
            ],
            [
              -122.38285623173778,
              39.79874548637685
            ],
            [
              -122.38291272153155,
              39.7986984202881
            ],
            [
              -122.38297474191391,
              39.79865569745308
            ],
            [
              -122.38301668449463,
              39.79863190969547
            ],
            [
              -122.38302251687024,
              39.798625844183604
            ],
            [
              -122.38308139420452,
              39.798575915467346
            ],
            [
              -122.38314643491947,
              39.798530766296
            ],
            [
              -122.38321699014259,
              39.79849084708831
            ],
            [
              -122.38329235599114,
              39.79845655608709
            ],
            [
              -122.38332795576423,
              39.79844215620869
            ],
            [
              -122.38340213413065,
              39.79841548132906
            ],
            [
              -122.38347921599008,
              39.79839426255833
            ],
            [
              -122.38355852857376,
              39.79837868509305
            ],
            [
              -122.3836393796448,
              39.798368884892625
            ],
            [
              -122.3837210635397,
              39.798364947492765
            ],
            [
              -122.38379546281156,
              39.79836404749587
            ],
            [
              -122.38388331027026,
              39.79836638675873
            ],
            [
              -122.38397041162509,
              39.79837550473541
            ],
            [
              -122.38405588998235,
              39.798391309630844
            ],
            [
              -122.38413888478654,
              39.79841364232922
            ],
            [
              -122.3842185604831,
              39.798442277995846
            ],
            [
              -122.38429411493006,
              39.79847692834037
            ],
            [
              -122.38436478747285,
              39.79851724451907
            ],
            [
              -122.38442986660228,
              39.79856282064639
            ],
            [
              -122.38448869711723,
              39.79861319788113
            ],
            [
              -122.38454068672135,
              39.79866786904545
            ],
            [
              -122.38458531198593,
              39.798726283730694
            ],
            [
              -122.3846221236203,
              39.798787853838334
            ],
            [
              -122.38465075099546,
              39.79885195950058
            ],
            [
              -122.38467090587639,
              39.798917955320796
            ],
            [
              -122.38468320650358,
              39.79896975523534
            ],
            [
              -122.38468691312755,
              39.7989932240138
            ],
            [
              -122.38468800728063,
              39.79898820422881
            ],
            [
              -122.38471002944718,
              39.79892516764316
            ],
            [
              -122.38473983504637,
              39.79886406449049
            ],
            [
              -122.38477714584997,
              39.79880546511311
            ],
            [
              -122.384821613578,
              39.79874991648146
            ],
            [
              -122.3848728231503,
              39.79869793708891
            ],
            [
              -122.38493029656115,
              39.7986500121123
            ],
            [
              -122.38499349734147,
              39.798606588883494
            ],
            [
              -122.38506183556622,
              39.79856807271428
            ],
            [
              -122.38513467336092,
              39.7985348231135
            ],
            [
              -122.38521133085531,
              39.798507150431455
            ],
            [
              -122.38528262635016,
              39.79848763087085
            ],
            [
              -122.38583880722162,
              39.79794025831229
            ],
            [
              -122.38590384567824,
              39.79788317642936
            ],
            [
              -122.38606124569215,
              39.79775977726663
            ],
            [
              -122.38607735501695,
              39.79774747046537
            ],
            [
              -122.38623465491979,
              39.79763037127966
            ],
            [
              -122.38628484679938,
              39.79759577862203
            ],
            [
              -122.38633833360993,
              39.79756426056884
            ],
            [
              -122.38661553246291,
              39.7974135617516
            ],
            [
              -122.3866967985274,
              39.797374331661835
            ],
            [
              -122.38678313519536,
              39.797342186249125
            ],
            [
              -122.38687350850441,
              39.797317510482905
            ],
            [
              -122.38698570753536,
              39.797292110711254
            ],
            [
              -122.38705687609186,
              39.79727846696012
            ],
            [
              -122.38720647471156,
              39.797254867173216
            ],
            [
              -122.3873031613827,
              39.797243906064566
            ],
            [
              -122.38740082915412,
              39.79724132011997
            ],
            [
              -122.38749826260972,
              39.79724714152024
            ],
            [
              -122.38756216200262,
              39.79725374145234
            ],
            [
              -122.38764314495654,
              39.79726511557594
            ],
            [
              -122.38772238643517,
              39.797282302690164
            ],
            [
              -122.38779918681331,
              39.79730515105004
            ],
            [
              -122.3878728680165,
              39.79733345892708
            ],
            [
              -122.38794277950721,
              39.79736697639041
            ],
            [
              -122.38800830402833,
              39.79740540751313
            ],
            [
              -122.38807410388897,
              39.79744790719688
            ],
            [
              -122.3881462560145,
              39.79750013114206
            ],
            [
              -122.38821031351584,
              39.79755829798025
            ],
            [
              -122.38826545922974,
              39.79762166571323
            ],
            [
              -122.38829355949383,
              39.79765826553484
            ],
            [
              -122.38833198096356,
              39.79771411263887
            ],
            [
              -122.38836346775477,
              39.79777248517896
            ],
            [
              -122.38838774421667,
              39.79783287216652
            ],
            [
              -122.38840459781532,
              39.79789474497735
            ],
            [
              -122.38841388099478,
              39.79795756197893
            ],
            [
              -122.38841551246941,
              39.798020773271915
            ],
            [
              -122.38840947793632,
              39.79808382550384
            ],
            [
              -122.3884013785752,
              39.79813542556872
            ],
            [
              -122.3883881794967,
              39.798196165617824
            ],
            [
              -122.38836786583045,
              39.79825572641982
            ],
            [
              -122.38834060629978,
              39.79831361321549
            ],
            [
              -122.38830662732748,
              39.79836934515006
            ],
            [
              -122.38825600130252,
              39.79844341499075
            ],
            [
              -122.3882128135808,
              39.79851512270114
            ],
            [
              -122.38813794463513,
              39.798639840187576
            ],
            [
              -122.38809966859927,
              39.79869642694835
            ],
            [
              -122.38805464180231,
              39.79874997568478
            ],
            [
              -122.38799630692708,
              39.79881265465407
            ],
            [
              -122.38793157886504,
              39.79890204720407
            ],
            [
              -122.38792571923568,
              39.798945121995175
            ],
            [
              -122.38792531025632,
              39.79894665653648
            ],
            [
              -122.38800107165983,
              39.79893497441669
            ],
            [
              -122.38801825999116,
              39.798932461439115
            ],
            [
              -122.38927254825245,
              39.79875906300074
            ],
            [
              -122.38939716366916,
              39.79874885869283
            ],
            [
              -122.39012505655244,
              39.79872965882433
            ],
            [
              -122.3901974590452,
              39.798730058107246
            ],
            [
              -122.39026957151066,
              39.798735067856676
            ],
            [
              -122.39034090136452,
              39.79874465385225
            ],
            [
              -122.39067447521165,
              39.79880052684492
            ],
            [
              -122.3908937056711,
              39.798818071777916
            ],
            [
              -122.39096873918392,
              39.79882662290503
            ],
            [
              -122.39104253256879,
              39.79884014828952
            ],
            [
              -122.39111453267085,
              39.79885854654547
            ],
            [
              -122.39123392283166,
              39.79889354714844
            ],
            [
              -122.39133373012885,
              39.798916864112506
            ],
            [
              -122.39152799316707,
              39.798953674621366
            ],
            [
              -122.39155384306528,
              39.79895938361818
            ],
            [
              -122.3915757727341,
              39.798954085147415
            ],
            [
              -122.39165828341382,
              39.798940701342026
            ],
            [
              -122.39174207995072,
              39.79893349790833
            ],
            [
              -122.39182638613859,
              39.798932541571844
            ],
            [
              -122.39187959498206,
              39.79893589716792
            ],
            [
              -122.39190098306368,
              39.798932270319035
            ],
            [
              -122.39198995964176,
              39.79892440373544
            ],
            [
              -122.39207951249318,
              39.79892358540616
            ],
            [
              -122.39211665198559,
              39.798926183077576
            ],
            [
              -122.39220403929009,
              39.79890702004269
            ],
            [
              -122.39250593757137,
              39.798840876600835
            ],
            [
              -122.39259057285139,
              39.79882578700068
            ],
            [
              -122.39287667017422,
              39.79878618735746
            ],
            [
              -122.39297527606723,
              39.79877695192742
            ],
            [
              -122.39307460348454,
              39.79877638600615
            ],
            [
              -122.39317337548452,
              39.79878449686935
            ],
            [
              -122.39322915990753,
              39.798791563792264
            ],
            [
              -122.3933430990507,
              39.79879156374875
            ],
            [
              -122.39338822715779,
              39.79879246088603
            ],
            [
              -122.39355662551779,
              39.7987991608089
            ],
            [
              -122.39364034564862,
              39.798805612298985
            ],
            [
              -122.39372287732706,
              39.79881822902006
            ],
            [
              -122.39380345929179,
              39.798836894597464
            ],
            [
              -122.39392815829281,
              39.79887089427984
            ],
            [
              -122.39400105912974,
              39.798893659206215
            ],
            [
              -122.39404754594818,
              39.79891008576366
            ],
            [
              -122.39407014061419,
              39.798914154042734
            ],
            [
              -122.39408267382304,
              39.798916485850924
            ],
            [
              -122.39422637254948,
              39.79894408558222
            ],
            [
              -122.39434189859406,
              39.79897296518227
            ],
            [
              -122.39442558047449,
              39.79899895416566
            ],
            [
              -122.39477981535508,
              39.79907932738311
            ],
            [
              -122.39486140847785,
              39.79910126637566
            ],
            [
              -122.39489706928744,
              39.79911401806613
            ],
            [
              -122.39489896880761,
              39.799113846760534
            ],
            [
              -122.3949594682188,
              39.79911064678698
            ],
            [
              -122.39505920958446,
              39.79910976171735
            ],
            [
              -122.3951162090288,
              39.79911176169383
            ],
            [
              -122.39521898525601,
              39.799120074084506
            ],
            [
              -122.39533058421105,
              39.79913427394109
            ],
            [
              -122.39540688001549,
              39.799146694779736
            ],
            [
              -122.3954814417372,
              39.79916429947151
            ],
            [
              -122.39555367865691,
              39.79918694854274
            ],
            [
              -122.39562301847197,
              39.79921446255526
            ],
            [
              -122.39574221780202,
              39.79926706210855
            ],
            [
              -122.39580973741775,
              39.799300099329095
            ],
            [
              -122.39587307071334,
              39.79933774749613
            ],
            [
              -122.39593169009144,
              39.79937969298638
            ],
            [
              -122.39598510722077,
              39.799425586377545
            ],
            [
              -122.39598679278946,
              39.799427174752964
            ],
            [
              -122.39609325507571,
              39.7994174002473
            ],
            [
              -122.39617687123987,
              39.79941283847644
            ],
            [
              -122.39626066986173,
              39.79941446188892
            ],
            [
              -122.39634388372805,
              39.799422255621906
            ],
            [
              -122.39642575097879,
              39.79943614832044
            ],
            [
              -122.39647216526687,
              39.79944770633905
            ],
            [
              -122.39649380719933,
              39.79944718067308
            ],
            [
              -122.39658133385149,
              39.79945182678262
            ],
            [
              -122.39666781914056,
              39.799463202308196
            ],
            [
              -122.39675239569243,
              39.79948119316318
            ],
            [
              -122.39683421527428,
              39.79950561891473
            ],
            [
              -122.39691245730104,
              39.79953623459313
            ],
            [
              -122.3969863370646,
              39.79957273314857
            ],
            [
              -122.39705511360346,
              39.79961474853025
            ],
            [
              -122.39711985849151,
              39.799658543742716
            ],
            [
              -122.39718187343647,
              39.799648924882455
            ],
            [
              -122.39726848543908,
              39.79964228619489
            ],
            [
              -122.39735552400498,
              39.799642309572874
            ],
            [
              -122.39744212999436,
              39.799648994785834
            ],
            [
              -122.39752744853688,
              39.79966227584556
            ],
            [
              -122.3976106374692,
              39.79968202165748
            ],
            [
              -122.39769087564709,
              39.79970803731459
            ],
            [
              -122.39776737105022,
              39.79974006602119
            ],
            [
              -122.39783936859965,
              39.79977779162733
            ],
            [
              -122.39790615761059,
              39.799820841749415
            ],
            [
              -122.3979670788074,
              39.79986879144558
            ],
            [
              -122.39802153083112,
              39.799921167409956
            ],
            [
              -122.39804563096082,
              39.799946867265206
            ],
            [
              -122.39809157077995,
              39.800001163732105
            ],
            [
              -122.39813055287814,
              39.800058606319766
            ],
            [
              -122.39814105851956,
              39.80007853236863
            ],
            [
              -122.39846742610574,
              39.80008213259843
            ],
            [
              -122.39853988939926,
              39.800085250898235
            ],
            [
              -122.39857504453683,
              39.800087894004214
            ],
            [
              -122.39862380939117,
              39.800074799361774
            ],
            [
              -122.39877230811247,
              39.8000407996675
            ],
            [
              -122.39882169134037,
              39.800030691781686
            ],
            [
              -122.3989123513968,
              39.800014302111094
            ],
            [
              -122.39892976888335,
              39.80000009488175
            ],
            [
              -122.39899716887628,
              39.7999479952377
            ],
            [
              -122.39906134422975,
              39.79990306926864
            ],
            [
              -122.3991309603052,
              39.799863254068676
            ],
            [
              -122.39920533581437,
              39.79982893927913
            ],
            [
              -122.39928374289545,
              39.7998004607124
            ],
            [
              -122.39936541423587,
              39.799778097066024
            ],
            [
              -122.39945351347961,
              39.79975769724937
            ],
            [
              -122.39953763470461,
              39.79974166958309
            ],
            [
              -122.39962339713253,
              39.799732130243115
            ],
            [
              -122.39970996177286,
              39.79972917255036
            ],
            [
              -122.39979648178786,
              39.79973282543931
            ],
            [
              -122.39991058069147,
              39.799742025342596
            ],
            [
              -122.39999021024411,
              39.7997513168066
            ],
            [
              -122.40006839714556,
              39.799766209482094
            ],
            [
              -122.40014448064612,
              39.79978657751288
            ],
            [
              -122.40021781777011,
              39.79981224877102
            ],
            [
              -122.4002877887493,
              39.79984300631129
            ],
            [
              -122.40037428832878,
              39.799885205963136
            ],
            [
              -122.40044707594885,
              39.799924851886885
            ],
            [
              -122.40051426600563,
              39.79996999587013
            ],
            [
              -122.4005751633889,
              39.800020170886725
            ],
            [
              -122.40062913808369,
              39.800074857862064
            ],
            [
              -122.40067603838604,
              39.80012775757547
            ],
            [
              -122.40072592158107,
              39.800191245766214
            ],
            [
              -122.40076647485355,
              39.80025857154639
            ],
            [
              -122.40079720872015,
              39.800328922331445
            ],
            [
              -122.40081640932782,
              39.8003824221979
            ],
            [
              -122.40083300427933,
              39.800438136518174
            ],
            [
              -122.40084842974791,
              39.80044785006276
            ],
            [
              -122.40092597043798,
              39.800503000220594
            ],
            [
              -122.4010519705254,
              39.800604099543456
            ],
            [
              -122.40108251715084,
              39.80063069380103
            ],
            [
              -122.40108389921264,
              39.800631002250476
            ],
            [
              -122.4011624267218,
              39.800655064474164
            ],
            [
              -122.40123758369201,
              39.800684850026215
            ],
            [
              -122.40131878323983,
              39.800720949720244
            ],
            [
              -122.40138861344374,
              39.80075549143389
            ],
            [
              -122.40145389494549,
              39.80079497282442
            ],
            [
              -122.40151404240532,
              39.80083903989118
            ],
            [
              -122.40155054243273,
              39.80086843969469
            ],
            [
              -122.40160973034804,
              39.80092133725091
            ],
            [
              -122.40166151996937,
              39.80097866642289
            ],
            [
              -122.401705357529,
              39.801039814231686
            ],
            [
              -122.40174077428098,
              39.80110412686683
            ],
            [
              -122.40174638604708,
              39.801118208311266
            ],
            [
              -122.40180517388714,
              39.80116030871402
            ],
            [
              -122.40202957799553,
              39.801265154395814
            ],
            [
              -122.40215473200813,
              39.80130051778508
            ],
            [
              -122.40220213675289,
              39.80131223124957
            ],
            [
              -122.40234783921423,
              39.80127382114335
            ],
            [
              -122.40253388936951,
              39.80122160983459
            ],
            [
              -122.40273556180921,
              39.80115276978728
            ],
            [
              -122.40282854276654,
              39.80112578222436
            ],
            [
              -122.40308983081839,
              39.80106273625825
            ],
            [
              -122.40323474981511,
              39.80079294919925
            ],
            [
              -122.40327340370405,
              39.80073029579222
            ],
            [
              -122.40357380704194,
              39.80030159778894
            ],
            [
              -122.40361814138174,
              39.800245113516844
            ],
            [
              -122.40366941100173,
              39.80019223641423
            ],
            [
              -122.40372712636446,
              39.8001434713518
            ],
            [
              -122.40379073639198,
              39.80009928393748
            ],
            [
              -122.40385963372779,
              39.80006009607104
            ],
            [
              -122.40393316053587,
              39.80002628191622
            ],
            [
              -122.40401061478143,
              39.7999981643283
            ],
            [
              -122.4040912569337,
              39.79997601177185
            ],
            [
              -122.40417431702656,
              39.79996003575756
            ],
            [
              -122.4042590020095,
              39.799950388822985
            ],
            [
              -122.40434450331898,
              39.79994716307624
            ],
            [
              -122.40503109659855,
              39.79994716302639
            ],
            [
              -122.40512258342848,
              39.79995085750781
            ],
            [
              -122.40521306986264,
              39.79996190110661
            ],
            [
              -122.40530156640543,
              39.799980173058096
            ],
            [
              -122.40538710531924,
              39.80000547355327
            ],
            [
              -122.40546875120631,
              39.800037525923635
            ],
            [
              -122.40628414666823,
              39.80040022285056
            ],
            [
              -122.40635270082336,
              39.80043408368316
            ],
            [
              -122.40641688432292,
              39.80047270652233
            ],
            [
              -122.40647614298317,
              39.80051575788915
            ],
            [
              -122.40652996513978,
              39.80056286606703
            ],
            [
              -122.40657788606583,
              39.80061362431101
            ],
            [
              -122.40661949198454,
              39.80066759435952
            ],
            [
              -122.40665442364207,
              39.80072431021824
            ],
            [
              -122.40668237941,
              39.80078328218349
            ],
            [
              -122.40689698520657,
              39.801310780698515
            ],
            [
              -122.4069227245138,
              39.80139087461808
            ],
            [
              -122.40693561521552,
              39.801472791224064
            ],
            [
              -122.40697263070743,
              39.8019505244484
            ],
            [
              -122.40722768160902,
              39.80208881582194
            ],
            [
              -122.40775590489307,
              39.80219563934721
            ],
            [
              -122.40834650302278,
              39.80216892237554
            ],
            [
              -122.40843413086724,
              39.80216834432599
            ],
            [
              -122.408521395227,
              39.80217452125869
            ],
            [
              -122.40860742303245,
              39.80218739137436
            ],
            [
              -122.40869135358443,
              39.802206825909096
            ],
            [
              -122.40877234716467,
              39.802232630422616
            ],
            [
              -122.40884959343661,
              39.802264546743395
            ],
            [
              -122.40892231955209,
              39.802302255551425
            ],
            [
              -122.40898979788341,
              39.80234537957277
            ],
            [
              -122.40905135330287,
              39.802393487353875
            ],
            [
              -122.40910636993739,
              39.80244609757796
            ],
            [
              -122.40915429733055,
              39.802502683880256
            ],
            [
              -122.40919465595006,
              39.802562680114036
            ],
            [
              -122.40922704198609,
              39.80262548601463
            ],
            [
              -122.40925113139203,
              39.80269047320486
            ],
            [
              -122.40926668312741,
              39.8027569914818
            ],
            [
              -122.40927354157034,
              39.80282437532201
            ],
            [
              -122.40927163807557,
              39.802891950539994
            ],
            [
              -122.40926099166231,
              39.80295904103356
            ],
            [
              -122.40924170882492,
              39.80302497554837
            ],
            [
              -122.40902721547693,
              39.80361837713915
            ],
            [
              -122.40899893117613,
              39.80368359530057
            ],
            [
              -122.40896219908834,
              39.80374625839624
            ],
            [
              -122.40891739963931,
              39.803805717401005
            ],
            [
              -122.4088685221594,
              39.803857613418025
            ],
            [
              -122.40889903977599,
              39.80386588737498
            ],
            [
              -122.40897471568226,
              39.8038928847365
            ],
            [
              -122.40904672152915,
              39.80392530841798
            ],
            [
              -122.40981615174417,
              39.804310764001066
            ],
            [
              -122.4105205663952,
              39.80431076323246
            ],
            [
              -122.4115940587676,
              39.804267196778454
            ],
            [
              -122.41167204226302,
              39.804266712313414
            ],
            [
              -122.41174977267328,
              39.80427157841728
            ],
            [
              -122.41182663412175,
              39.80428175653486
            ],
            [
              -122.413199921664,
              39.80451255426185
            ],
            [
              -122.41328749562724,
              39.80453098374396
            ],
            [
              -122.41337212718203,
              39.8045563032391
            ],
            [
              -122.41345290780632,
              39.8045882409431
            ],
            [
              -122.41352897031449,
              39.80462645400489
            ],
            [
              -122.41359949816605,
              39.804670532206856
            ],
            [
              -122.41366373423092,
              39.8047200023681
            ],
            [
              -122.41372098891719,
              39.80477433342384
            ],
            [
              -122.41425518867119,
              39.80533863870907
            ],
            [
              -122.41578298293969,
              39.8057908167947
            ],
            [
              -122.41586052344552,
              39.80581714979494
            ],
            [
              -122.41593440367228,
              39.805849136171936
            ],
            [
              -122.4160039327449,
              39.80588647681443
            ],
            [
              -122.41606846047372,
              39.80592882254171
            ],
            [
              -122.41612738343461,
              39.805975777368694
            ],
            [
              -122.41618015061171,
              39.80602690220864
            ],
            [
              -122.41622626855006,
              39.80608171897886
            ],
            [
              -122.41626530597064,
              39.80613971507125
            ],
            [
              -122.41629689780355,
              39.80620034814554
            ],
            [
              -122.41632074860254,
              39.806263051200744
            ],
            [
              -122.4163626501647,
              39.80639685090816
            ],
            [
              -122.41637812177753,
              39.80645879671659
            ],
            [
              -122.41638603602722,
              39.80652158536834
            ],
            [
              -122.41638632391663,
              39.80658466963069
            ],
            [
              -122.41637898291584,
              39.80664749969314
            ],
            [
              -122.4163640769848,
              39.806709527959114
            ],
            [
              -122.41634173601666,
              39.80677021381871
            ],
            [
              -122.41622463887558,
              39.8070397146681
            ],
            [
              -122.41619262523993,
              39.80710272796233
            ],
            [
              -122.41615259957743,
              39.8071629554113
            ],
            [
              -122.41610496336651,
              39.80721979287166
            ],
            [
              -122.41605019443071,
              39.80727267020372
            ],
            [
              -122.41598884214608,
              39.80732105699093
            ],
            [
              -122.4159215219306,
              39.80736446786063
            ],
            [
              -122.41584890907119,
              39.80740246735327
            ],
            [
              -122.41577173194959,
              39.80743467429089
            ],
            [
              -122.41569076473574,
              39.80746076560095
            ],
            [
              -122.41560681962159,
              39.80748047955735
            ],
            [
              -122.41552073867334,
              39.807493618406205
            ],
            [
              -122.41543338538386,
              39.807500050349475
            ],
            [
              -122.41534563601026,
              39.80749971086735
            ],
            [
              -122.41525837078305,
              39.80749260336545
            ],
            [
              -122.41517246507578,
              39.8074787991406
            ],
            [
              -122.41508878062311,
              39.807458436665605
            ],
            [
              -122.41500815687606,
              39.807431720200135
            ],
            [
              -122.41479772331571,
              39.80735213588572
            ]
          ],
          [
            [
              -122.35535789184655,
              39.77104575748803
            ],
            [
              -122.35538788655487,
              39.77108120537535
            ],
            [
              -122.35545414002294,
              39.77112689250274
            ],
            [
              -122.35554844976392,
              39.771175742900716
            ],
            [
              -122.35560447989738,
              39.771207890648526
            ],
            [
              -122.35561321513391,
              39.77120897830635
            ],
            [
              -122.35555717233305,
              39.77118013723954
            ],
            [
              -122.35549139031475,
              39.77113864764014
            ],
            [
              -122.35535789184655,
              39.77104575748803
            ]
          ]
        ]
      }
    }
  ]
}