{
  "type": "FeatureCollection",
  "features": [
    {
      "type": "Feature",
      "properties": {
        "reservoir_name": "CACHUMA LAKE (BRADBURY DAM)",
        "cdec_station_id": "CCH",
        "source": "osm_tight_polygon_75m_buffer"
      },
      "geometry": {
        "type": "Polygon",
        "coordinates": [
          [
            [
              -119.98261945046411,
              34.59098401380679
            ],
            [
              -119.98261850051004,
              34.591042268221656
            ],
            [
              -119.98260955987226,
              34.591108190188876
            ],
            [
              -119.98259284637032,
              34.591173069549484
            ],
            [
              -119.9825685210551,
              34.59123628105707
            ],
            [
              -119.9825368183344,
              34.59129721553697
            ],
            [
              -119.98247581907943,
              34.59140021586457
            ],
            [
              -119.98243714621962,
              34.59145814977034
            ],
            [
              -119.98239180641781,
              34.591512677590124
            ],
            [
              -119.98234023450154,
              34.591563276363445
            ],
            [
              -119.98228292507139,
              34.591609460811036
            ],
            [
              -119.98216792499463,
              34.59169346132361
            ],
            [
              -119.9820938761249,
              34.59174156297656
            ],
            [
              -119.98189587556007,
              34.59185556376147
            ],
            [
              -119.98182503342555,
              34.59189205649002
            ],
            [
              -119.98175005932177,
              34.59192238260207
            ],
            [
              -119.98167173547706,
              34.591946225693164
            ],
            [
              -119.98146573409778,
              34.59199922617302
            ],
            [
              -119.98138942210163,
              34.592015566636896
            ],
            [
              -119.98131156118603,
              34.59202574990661
            ],
            [
              -119.98123287601298,
              34.592029681204174
            ],
            [
              -119.98115409891668,
              34.592027323939504
            ],
            [
              -119.98107596308714,
              34.59201870005111
            ],
            [
              -119.9809991957459,
              34.59200388980187
            ],
            [
              -119.9809245113769,
              34.59198303103199
            ],
            [
              -119.98085260507654,
              34.59195631787607
            ],
            [
              -119.980745604454,
              34.59191131758409
            ],
            [
              -119.98068304316239,
              34.59188207480644
            ],
            [
              -119.98062383079603,
              34.59184839935014
            ],
            [
              -119.98056842535965,
              34.59181055169486
            ],
            [
              -119.98051725540964,
              34.59176882459203
            ],
            [
              -119.9804615330869,
              34.59171920303804
            ],
            [
              -119.98041642498175,
              34.59172839388755
            ],
            [
              -119.98033525712484,
              34.59173793480964
            ],
            [
              -119.98025334170526,
              34.59174070131628
            ],
            [
              -119.98014467903529,
              34.591739859024564
            ],
            [
              -119.9798904633682,
              34.591748356656716
            ],
            [
              -119.97980267166854,
              34.591766630075064
            ],
            [
              -119.97944448945655,
              34.591883465919985
            ],
            [
              -119.97937900678906,
              34.5919069409047
            ],
            [
              -119.97912833267058,
              34.592015854789096
            ],
            [
              -119.97900240005406,
              34.59207517105775
            ],
            [
              -119.97894196178564,
              34.59210094544667
            ],
            [
              -119.97887914125127,
              34.592122474672564
            ],
            [
              -119.97881437354097,
              34.592139609624596
            ],
            [
              -119.97856337179279,
              34.59219661015861
            ],
            [
              -119.9784882698352,
              34.592210556037955
            ],
            [
              -119.97841191426929,
              34.592218595989095
            ],
            [
              -119.97833498266027,
              34.592220658666115
            ],
            [
              -119.97825815768552,
              34.59221672576434
            ],
            [
              -119.97806980424203,
              34.592199688856994
            ],
            [
              -119.97805544816083,
              34.59219870445442
            ],
            [
              -119.97812916355153,
              34.592275382775675
            ],
            [
              -119.97825116409189,
              34.592423382074436
            ],
            [
              -119.97828333414076,
              34.59246568851642
            ],
            [
              -119.9783116352497,
              34.59250984546152
            ],
            [
              -119.97841367890902,
              34.592684366219935
            ],
            [
              -119.97849243840709,
              34.59281000468781
            ],
            [
              -119.97851158439337,
              34.59284266456658
            ],
            [
              -119.97864058595319,
              34.593078663701
            ],
            [
              -119.97867755269631,
              34.59315979420466
            ],
            [
              -119.9787845550606,
              34.593449793399266
            ],
            [
              -119.97880135127956,
              34.59350297421739
            ],
            [
              -119.97881286533132,
              34.59355710797913
            ],
            [
              -119.97883714381305,
              34.59370668596468
            ],
            [
              -119.97888553876503,
              34.59385898322032
            ],
            [
              -119.97892311728499,
              34.59395211047355
            ],
            [
              -119.97893575146365,
              34.593986428805735
            ],
            [
              -119.97897375242286,
              34.594100428511624
            ],
            [
              -119.97899128616554,
              34.594165348557745
            ],
            [
              -119.97900101624107,
              34.59423137966686
            ],
            [
              -119.97900284834115,
              34.59429788196079
            ],
            [
              -119.9789967646928,
              34.59436421099382
            ],
            [
              -119.97898282423137,
              34.59442972399773
            ],
            [
              -119.97896116203013,
              34.59449378611059
            ],
            [
              -119.97893198799203,
              34.59455577652899
            ],
            [
              -119.9788955848162,
              34.594615094524194
            ],
            [
              -119.97885230525917,
              34.59467116526368
            ],
            [
              -119.97880256871667,
              34.59472344538182
            ],
            [
              -119.97874156886773,
              34.59478144568155
            ],
            [
              -119.97868843342232,
              34.59482740914221
            ],
            [
              -119.97863030859263,
              34.5948690387943
            ],
            [
              -119.97856770908503,
              34.59490596599354
            ],
            [
              -119.9785011892329,
              34.594937863736824
            ],
            [
              -119.97843133808787,
              34.59496444955807
            ],
            [
              -119.97835877420339,
              34.59498548802975
            ],
            [
              -119.97828414015687,
              34.59500079284783
            ],
            [
              -119.97820809685932,
              34.59501022848172
            ],
            [
              -119.9781313177022,
              34.59501371137454
            ],
            [
              -119.97805448259395,
              34.595011210683076
            ],
            [
              -119.97797827193874,
              34.595002748551074
            ],
            [
              -119.97792527152025,
              34.594994748509016
            ],
            [
              -119.97784583178074,
              34.594979332892656
            ],
            [
              -119.97776864732735,
              34.59495744239582
            ],
            [
              -119.977694487822,
              34.59492929530396
            ],
            [
              -119.97762409276076,
              34.59489517229157
            ],
            [
              -119.9775581640994,
              34.59485541362314
            ],
            [
              -119.97749735925346,
              34.59481041576001
            ],
            [
              -119.9774422845425,
              34.59476062740675
            ],
            [
              -119.97738928462796,
              34.59470762712947
            ],
            [
              -119.97733819283533,
              34.594650699364195
            ],
            [
              -119.97729459465796,
              34.59458965835951
            ],
            [
              -119.97721759536104,
              34.59446765786727
            ],
            [
              -119.97718417257525,
              34.594407738038825
            ],
            [
              -119.9771579765549,
              34.594345408093886
            ],
            [
              -119.9771297107919,
              34.59426581562099
            ],
            [
              -119.97705286750727,
              34.5941020482455
            ],
            [
              -119.97695811394085,
              34.59398507538883
            ],
            [
              -119.97695552251162,
              34.59398167769474
            ],
            [
              -119.97695093459046,
              34.593996184669116
            ],
            [
              -119.97692163995018,
              34.594060912894754
            ],
            [
              -119.97688450329984,
              34.59412282805697
            ],
            [
              -119.97683991310986,
              34.59418128245872
            ],
            [
              -119.97678833582525,
              34.59423566460466
            ],
            [
              -119.97673031098658,
              34.59428540559826
            ],
            [
              -119.97664631098259,
              34.594350405981906
            ],
            [
              -119.9765869607104,
              34.594392127026076
            ],
            [
              -119.97652307605219,
              34.59442898509443
            ],
            [
              -119.97645523756364,
              34.59446064523299
            ],
            [
              -119.97638406173392,
              34.59448681972431
            ],
            [
              -119.97631019538295,
              34.5945072707023
            ],
            [
              -119.97624586125305,
              34.594519598761856
            ],
            [
              -119.9762503668055,
              34.59453326520461
            ],
            [
              -119.97626813395026,
              34.59460047003538
            ],
            [
              -119.9762775463442,
              34.594668820424744
            ],
            [
              -119.97627850641703,
              34.59473760799078
            ],
            [
              -119.9762710041977,
              34.594806119818884
            ],
            [
              -119.97625511741856,
              34.59487364585048
            ],
            [
              -119.97623101071073,
              34.59493948624211
            ],
            [
              -119.97619893389856,
              34.595002958618664
            ],
            [
              -119.9761592194112,
              34.5950634051457
            ],
            [
              -119.97609121995211,
              34.595155405505544
            ],
            [
              -119.97605207945311,
              34.59520358144125
            ],
            [
              -119.97600808409072,
              34.59524880220303
            ],
            [
              -119.97595955842486,
              34.59529073418264
            ],
            [
              -119.97590686043853,
              34.59532906803368
            ],
            [
              -119.97583786032965,
              34.59537506832861
            ],
            [
              -119.97577369679797,
              34.59541374646908
            ],
            [
              -119.9757052966281,
              34.59544709230641
            ],
            [
              -119.97563330565535,
              34.59547479098562
            ],
            [
              -119.97555840362209,
              34.59549658097228
            ],
            [
              -119.97548129775926,
              34.59551225652217
            ],
            [
              -119.97540271610818,
              34.59552166962404
            ],
            [
              -119.975323400646,
              34.595524731397354
            ],
            [
              -119.9752441002793,
              34.595521412931504
            ],
            [
              -119.97520395596362,
              34.5955164714139
            ],
            [
              -119.9751759730407,
              34.5955519750716
            ],
            [
              -119.97510873552216,
              34.59564963080999
            ],
            [
              -119.97498380183787,
              34.59584113764524
            ],
            [
              -119.9749711848717,
              34.59586244204634
            ],
            [
              -119.97492428154064,
              34.59603074795495
            ],
            [
              -119.97490008584742,
              34.596100308186394
            ],
            [
              -119.9748670315855,
              34.59616732926916
            ],
            [
              -119.97482549798353,
              34.59623104223277
            ],
            [
              -119.97478212058365,
              34.596289812331754
            ],
            [
              -119.97468400877099,
              34.596453334445094
            ],
            [
              -119.97465137830338,
              34.596502485201874
            ],
            [
              -119.97457537892333,
              34.59660648560462
            ],
            [
              -119.97451186735013,
              34.59668141772412
            ],
            [
              -119.97426686821008,
              34.596932418953706
            ],
            [
              -119.9742633011168,
              34.596936047658126
            ],
            [
              -119.97416430144442,
              34.5970360481531
            ],
            [
              -119.97410795119772,
              34.5970873565417
            ],
            [
              -119.97389495133326,
              34.59726235753778
            ],
            [
              -119.97388718295339,
              34.59726865561276
            ],
            [
              -119.973772182991,
              34.59736065614507
            ],
            [
              -119.97376904421814,
              34.59736315381613
            ],
            [
              -119.97351004427139,
              34.59756815500997
            ],
            [
              -119.97349678403673,
              34.59757841951612
            ],
            [
              -119.97338978400582,
              34.59765942000043
            ],
            [
              -119.97333777512259,
              34.59769562118524
            ],
            [
              -119.97328230733623,
              34.597728122359115
            ],
            [
              -119.97320228939296,
              34.59777098927554
            ],
            [
              -119.97311524121369,
              34.5978188181253
            ],
            [
              -119.97304886210821,
              34.59785165563738
            ],
            [
              -119.97297902565298,
              34.59787915612606
            ],
            [
              -119.972906357583,
              34.5979010731848
            ],
            [
              -119.97283150900665,
              34.597917210434595
            ],
            [
              -119.97275515057132,
              34.597927423283735
            ],
            [
              -119.97267796645393,
              34.59793162022351
            ],
            [
              -119.97260064823034,
              34.597929763648104
            ],
            [
              -119.97252388867832,
              34.597921870191755
            ],
            [
              -119.97236288740197,
              34.597898870074154
            ],
            [
              -119.97228525635626,
              34.59788453109874
            ],
            [
              -119.97220967904114,
              34.59786401869273
            ],
            [
              -119.97213687158154,
              34.59783752721872
            ],
            [
              -119.97206752385529,
              34.597805307693406
            ],
            [
              -119.97200229295585,
              34.597767665408846
            ],
            [
              -119.97194179696585,
              34.59772495703958
            ],
            [
              -119.9718866091004,
              34.597677587262815
            ],
            [
              -119.97183725227549,
              34.59762600492377
            ],
            [
              -119.97179419415349,
              34.597570698782455
            ],
            [
              -119.97175784271177,
              34.59751219288233
            ],
            [
              -119.9717285423775,
              34.597451041584655
            ],
            [
              -119.97170657076443,
              34.597387824315476
            ],
            [
              -119.97169213604295,
              34.59732314007528
            ],
            [
              -119.97168537496815,
              34.59725760176322
            ],
            [
              -119.97168635158467,
              34.5971918303695
            ],
            [
              -119.97169505662062,
              34.59712644909146
            ],
            [
              -119.97171140757607,
              34.59706207742852
            ],
            [
              -119.97173524950534,
              34.59699932531242
            ],
            [
              -119.97176635648599,
              34.59693878732793
            ],
            [
              -119.97180443375993,
              34.59688103707938
            ],
            [
              -119.97188043436675,
              34.59677803748166
            ],
            [
              -119.97190302582813,
              34.596749105339775
            ],
            [
              -119.97198802634483,
              34.596646105782355
            ],
            [
              -119.97203718545734,
              34.59659248103134
            ],
            [
              -119.97209255048706,
              34.596543165271285
            ],
            [
              -119.97232968426948,
              34.59635198260908
            ],
            [
              -119.97244852283622,
              34.59621469209541
            ],
            [
              -119.97249986314995,
              34.596161295971996
            ],
            [
              -119.9725668001033,
              34.59609846969907
            ],
            [
              -119.9725975570846,
              34.59605683952722
            ],
            [
              -119.97264316700355,
              34.59596826529158
            ],
            [
              -119.97266895141416,
              34.59592293205774
            ],
            [
              -119.97269872641574,
              34.59587930308035
            ],
            [
              -119.97282541247387,
              34.59570876617754
            ],
            [
              -119.97295306472647,
              34.59553080063712
            ],
            [
              -119.97303077467352,
              34.59541483512357
            ],
            [
              -119.97307832691025,
              34.595274059376095
            ],
            [
              -119.97313375272527,
              34.5950932497161
            ],
            [
              -119.9731973460696,
              34.59485455296519
            ],
            [
              -119.97325606420748,
              34.594597551732335
            ],
            [
              -119.97327868886474,
              34.594522419657615
            ],
            [
              -119.973331690109,
              34.594381419931835
            ],
            [
              -119.97335883862885,
              34.5943198900265
            ],
            [
              -119.97339306311763,
              34.59426082268934
            ],
            [
              -119.97352306444917,
              34.594061823385076
            ],
            [
              -119.97356443708375,
              34.59400528984525
            ],
            [
              -119.97361228912904,
              34.59395236833234
            ],
            [
              -119.97368594280017,
              34.59387871528137
            ],
            [
              -119.97380222132782,
              34.59374526060002
            ],
            [
              -119.97383820286117,
              34.59368229388251
            ],
            [
              -119.97388463724118,
              34.5936121173739
            ],
            [
              -119.973940774633,
              34.59354697044531
            ],
            [
              -119.97401380640417,
              34.59347203417783
            ],
            [
              -119.97415210708185,
              34.59326995669669
            ],
            [
              -119.97423539432442,
              34.59307692121333
            ],
            [
              -119.97426589569126,
              34.59301584280688
            ],
            [
              -119.97432383694532,
              34.592914209924494
            ],
            [
              -119.97432191008438,
              34.59291374991224
            ],
            [
              -119.9742508102186,
              34.592890634426965
            ],
            [
              -119.97418263168387,
              34.592862128685105
            ],
            [
              -119.9741179704631,
              34.59282848187019
            ],
            [
              -119.97405739179055,
              34.59278998810638
            ],
            [
              -119.97400142521079,
              34.59274698388735
            ],
            [
              -119.97395055994946,
              34.59269984513459
            ],
            [
              -119.97389756004831,
              34.59264584485461
            ],
            [
              -119.97385049015251,
              34.59259280415759
            ],
            [
              -119.97380988073189,
              34.592536229453444
            ],
            [
              -119.97377611673652,
              34.592476657050206
            ],
            [
              -119.97374951822205,
              34.59241465167203
            ],
            [
              -119.97373033731618,
              34.59235080110559
            ],
            [
              -119.97371875582907,
              34.59228571062794
            ],
            [
              -119.9737148835305,
              34.59221999726864
            ],
            [
              -119.97371488389342,
              34.59218299725
            ],
            [
              -119.97371891542286,
              34.59211596069728
            ],
            [
              -119.9737297112137,
              34.59205651134262
            ],
            [
              -119.97366095851396,
              34.59204330639523
            ],
            [
              -119.97358813386872,
              34.592023201718774
            ],
            [
              -119.97351791244856,
              34.5919975333832
            ],
            [
              -119.97345091420189,
              34.59196652800098
            ],
            [
              -119.97338773061965,
              34.59193045930259
            ],
            [
              -119.97332891951297,
              34.59188964571972
            ],
            [
              -119.97327500008846,
              34.59184444757387
            ],
            [
              -119.97323700010948,
              34.59180944738391
            ],
            [
              -119.97318424771055,
              34.59175553193305
            ],
            [
              -119.97313845581395,
              34.59169742885229
            ],
            [
              -119.9731055947256,
              34.59164457674211
            ],
            [
              -119.97307640702601,
              34.59168413208136
            ],
            [
              -119.97302896923247,
              34.59179586297288
            ],
            [
              -119.97299567639114,
              34.5918626285152
            ],
            [
              -119.9729808998057,
              34.59188827886584
            ],
            [
              -119.97295498185743,
              34.59198068510864
            ],
            [
              -119.97292888197664,
              34.592054413147615
            ],
            [
              -119.97289283142541,
              34.59212521486129
            ],
            [
              -119.97283183217029,
              34.592228215189
            ],
            [
              -119.97279349897904,
              34.592285694016695
            ],
            [
              -119.97274860281857,
              34.59233982587843
            ],
            [
              -119.97269756733169,
              34.59239009996695
            ],
            [
              -119.97264087409678,
              34.59243604187722
            ],
            [
              -119.97257905808348,
              34.592477218083395
            ],
            [
              -119.97251270260469,
              34.592513240029874
            ],
            [
              -119.97244243381212,
              34.59254376779813
            ],
            [
              -119.97236891478764,
              34.59256851331446
            ],
            [
              -119.97229283928588,
              34.59258724306864
            ],
            [
              -119.97221492518737,
              34.592599780317585
            ],
            [
              -119.97212292447746,
              34.59261078044198
            ],
            [
              -119.97204279920815,
              34.592617048741126
            ],
            [
              -119.9719623169198,
              34.59261676805909
            ],
            [
              -119.97188225842353,
              34.592609941117985
            ],
            [
              -119.97180340041893,
              34.59259663414943
            ],
            [
              -119.97172650795822,
              34.592576976252
            ],
            [
              -119.97165232702348,
              34.59255115813872
            ],
            [
              -119.97158432661121,
              34.59252415796327
            ],
            [
              -119.97153812699936,
              34.59250339885925
            ],
            [
              -119.97152708532131,
              34.59251756789497
            ],
            [
              -119.97138893591037,
              34.5926776322497
            ],
            [
              -119.97129650659511,
              34.59279153623559
            ],
            [
              -119.97128535821606,
              34.59280492389594
            ],
            [
              -119.97113296821513,
              34.59298329130821
            ],
            [
              -119.97098612277043,
              34.593197846641125
            ],
            [
              -119.97097492411454,
              34.59321370240925
            ],
            [
              -119.97081392543633,
              34.5934347032627
            ],
            [
              -119.97077677994726,
              34.59348123460453
            ],
            [
              -119.97073512204236,
              34.59352507510394
            ],
            [
              -119.97068923533458,
              34.59356592628081
            ],
            [
              -119.97056723540872,
              34.59366592685077
            ],
            [
              -119.97056431362,
              34.59366830977233
            ],
            [
              -119.97032031373962,
              34.59386631090787
            ],
            [
              -119.97028242164599,
              34.59389517771734
            ],
            [
              -119.97006972208953,
              34.5940472487672
            ],
            [
              -119.96988101782668,
              34.59418331519694
            ],
            [
              -119.96980594675824,
              34.59423139281265
            ],
            [
              -119.96940920604058,
              34.59445624675408
            ],
            [
              -119.96923851601032,
              34.594553145484724
            ],
            [
              -119.96907589351908,
              34.59468446577328
            ],
            [
              -119.96901031466336,
              34.594732039414076
            ],
            [
              -119.96893897651368,
              34.594773560660585
            ],
            [
              -119.96874797581867,
              34.5948725613739
            ],
            [
              -119.96873563581039,
              34.594878832232865
            ],
            [
              -119.96846863476682,
              34.59501183320677
            ],
            [
              -119.96838264459427,
              34.59504909969872
            ],
            [
              -119.9682296437555,
              34.595106100161566
            ],
            [
              -119.96817071641657,
              34.59512581106201
            ],
            [
              -119.96800271535754,
              34.5951758114964
            ],
            [
              -119.96794294324306,
              34.59519148629199
            ],
            [
              -119.96788189360507,
              34.59520332472275
            ],
            [
              -119.96771389234996,
              34.595230325001225
            ],
            [
              -119.96764137144902,
              34.59523920965374
            ],
            [
              -119.96756817945383,
              34.595242683516176
            ],
            [
              -119.96749490551527,
              34.59524071862535
            ],
            [
              -119.96742213944403,
              34.595233330796674
            ],
            [
              -119.96735046696266,
              34.59522057949694
            ],
            [
              -119.96717546563951,
              34.59518257926781
            ],
            [
              -119.96708257779606,
              34.5951574108572
            ],
            [
              -119.966894334734,
              34.59509586994768
            ],
            [
              -119.96664468422019,
              34.59505655498162
            ],
            [
              -119.96641573972953,
              34.59504708146332
            ],
            [
              -119.9660463173385,
              34.59503522848614
            ],
            [
              -119.96596695336457,
              34.59502946788424
            ],
            [
              -119.96563195067702,
              34.59499146771778
            ],
            [
              -119.96563007857267,
              34.594991253533486
            ],
            [
              -119.96537007648826,
              34.59496125340023
            ],
            [
              -119.96530212424113,
              34.5949509746837
            ],
            [
              -119.96523546466844,
              34.59493598649713
            ],
            [
              -119.96514791336084,
              34.594912973071345
            ],
            [
              -119.9651321799232,
              34.59493473124839
            ],
            [
              -119.96508272357727,
              34.59498962949048
            ],
            [
              -119.96502172377028,
              34.59505062979464
            ],
            [
              -119.96496411258116,
              34.5951024840054
            ],
            [
              -119.96493451718047,
              34.59512409944978
            ],
            [
              -119.96492616934933,
              34.59515021457333
            ],
            [
              -119.96489628321983,
              34.595215516619476
            ],
            [
              -119.96485840791065,
              34.59527791981495
            ],
            [
              -119.96481294778643,
              34.59533675790047
            ],
            [
              -119.96476038819546,
              34.59539140267885
            ],
            [
              -119.96470129028826,
              34.59544127072228
            ],
            [
              -119.96465529027742,
              34.59547627093091
            ],
            [
              -119.964594198118,
              34.595518403179334
            ],
            [
              -119.96452844134866,
              34.59555542353251
            ],
            [
              -119.9644586431461,
              34.59558698114458
            ],
            [
              -119.96438546499066,
              34.59561277694004
            ],
            [
              -119.96430960039706,
              34.59563256644837
            ],
            [
              -119.96407503713941,
              34.59568351679793
            ],
            [
              -119.9640572479069,
              34.59568775886356
            ],
            [
              -119.96398311951185,
              34.59574578237191
            ],
            [
              -119.96397491647353,
              34.59576559622724
            ],
            [
              -119.9639381461875,
              34.59583079790335
            ],
            [
              -119.96381893564212,
              34.59601578246162
            ],
            [
              -119.96378502813835,
              34.596091276185774
            ],
            [
              -119.96375288492942,
              34.596153192909355
            ],
            [
              -119.96374311255742,
              34.59616780223408
            ],
            [
              -119.96376716898956,
              34.596184168416364
            ],
            [
              -119.96382614807088,
              34.5962284513866
            ],
            [
              -119.96387963260308,
              34.596277272898185
            ],
            [
              -119.96392711427552,
              34.596330168965416
            ],
            [
              -119.96396814182438,
              34.59638663687851
            ],
            [
              -119.96400232532163,
              34.59644613998085
            ],
            [
              -119.96402933988107,
              34.596508112769186
            ],
            [
              -119.96405934054086,
              34.59658911254377
            ],
            [
              -119.96407860418269,
              34.59665164374916
            ],
            [
              -119.9640905671895,
              34.596715409281984
            ],
            [
              -119.96409512045501,
              34.596779827670005
            ],
            [
              -119.9640922224412,
              34.5968443114864
            ],
            [
              -119.9640818995576,
              34.59690827270632
            ],
            [
              -119.96406424592128,
              34.59697112806911
            ],
            [
              -119.96403942249904,
              34.59703230439707
            ],
            [
              -119.96400765564019,
              34.59709124382227
            ],
            [
              -119.96396923501308,
              34.59714740887398
            ],
            [
              -119.96390823546486,
              34.597227409195575
            ],
            [
              -119.96386164262906,
              34.59728227893129
            ],
            [
              -119.9638087035966,
              34.597333060506564
            ],
            [
              -119.9637499395151,
              34.59737925400091
            ],
            [
              -119.96368592887998,
              34.597420404660305
            ],
            [
              -119.96361730183952,
              34.59745610737435
            ],
            [
              -119.9635183014091,
              34.59750210772038
            ],
            [
              -119.96345150065463,
              34.597529901057676
            ],
            [
              -119.96338190705693,
              34.59755252835407
            ],
            [
              -119.96331010341233,
              34.59756980012086
            ],
            [
              -119.96318010247782,
              34.59759580037287
            ],
            [
              -119.96311308407927,
              34.59760677431427
            ],
            [
              -119.96304519134843,
              34.59761308064036
            ],
            [
              -119.96297768259012,
              34.597614656969704
            ],
            [
              -119.96299679867145,
              34.59763471302346
            ],
            [
              -119.9630430858497,
              34.597688483446525
            ],
            [
              -119.96308280859205,
              34.597745731454175
            ],
            [
              -119.96311558792453,
              34.59780591089199
            ],
            [
              -119.96314111111214,
              34.59786844763819
            ],
            [
              -119.9631591346428,
              34.5979327450807
            ],
            [
              -119.96316948655108,
              34.59799818980878
            ],
            [
              -119.96317206805948,
              34.59806415746496
            ],
            [
              -119.96316685452138,
              34.59813001870147
            ],
            [
              -119.96315389565683,
              34.59819514518432
            ],
            [
              -119.96313331507912,
              34.598258915587856
            ],
            [
              -119.96310530911587,
              34.59832072152228
            ],
            [
              -119.9630701449369,
              34.598379973338105
            ],
            [
              -119.96302815800571,
              34.59843610575168
            ],
            [
              -119.96297974887968,
              34.598488583238336
            ],
            [
              -119.96292537938893,
              34.59853690514171
            ],
            [
              -119.96286556823057,
              34.598580610450384
            ],
            [
              -119.96280088602028,
              34.598619282196346
            ],
            [
              -119.96273194984843,
              34.59865255143326
            ],
            [
              -119.96262494933595,
              34.598698551789234
            ],
            [
              -119.96255321466086,
              34.59872560710748
            ],
            [
              -119.9625667162464,
              34.598746320593854
            ],
            [
              -119.96259794735217,
              34.598808264382114
            ],
            [
              -119.96262159385996,
              34.598872464363495
            ],
            [
              -119.9626374225124,
              34.59893828729397
            ],
            [
              -119.96265242329511,
              34.599022287154774
            ],
            [
              -119.96266119014199,
              34.599120997274945
            ],
            [
              -119.96266119077978,
              34.59918599724233
            ],
            [
              -119.96265697617766,
              34.59925454350345
            ],
            [
              -119.96264437448829,
              34.599322382662855
            ],
            [
              -119.96262351569685,
              34.59938881485595
            ],
            [
              -119.96259461497446,
              34.5994531547315
            ],
            [
              -119.96255797045902,
              34.59951473852213
            ],
            [
              -119.96251396018013,
              34.599572930892286
            ],
            [
              -119.96246303815985,
              34.59962713149293
            ],
            [
              -119.96240572972907,
              34.599676781155345
            ],
            [
              -119.9623367297343,
              34.59973078147197
            ],
            [
              -119.96227378139183,
              34.599775268982896
            ],
            [
              -119.96220571152381,
              34.59981426039839
            ],
            [
              -119.9621332190692,
              34.59984735535121
            ],
            [
              -119.96205704838154,
              34.59987421401876
            ],
            [
              -119.9619779815853,
              34.599894560612796
            ],
            [
              -119.96189683054477,
              34.59990818621136
            ],
            [
              -119.96181442852729,
              34.59991495090423
            ],
            [
              -119.9617316216465,
              34.599914785229714
            ],
            [
              -119.96164062090642,
              34.59991078523529
            ],
            [
              -119.96156615410375,
              34.59990467476566
            ],
            [
              -119.9614926755108,
              34.599892957111734
            ],
            [
              -119.96142080129307,
              34.599875730532894
            ],
            [
              -119.96135113416165,
              34.59985313948444
            ],
            [
              -119.96128425831853,
              34.59982537340609
            ],
            [
              -119.96122073455761,
              34.59979266513349
            ],
            [
              -119.9611610955618,
              34.59975528894544
            ],
            [
              -119.96111346050968,
              34.59972249096314
            ],
            [
              -119.96106704212178,
              34.599719865761216
            ],
            [
              -119.96098355179582,
              34.59970787040054
            ],
            [
              -119.96090201265199,
              34.59968879004306
            ],
            [
              -119.9608233015135,
              34.59966282986673
            ],
            [
              -119.96074826479092,
              34.59963026903092
            ],
            [
              -119.96067969376914,
              34.59959254925489
            ],
            [
              -119.9606629141613,
              34.59965526707686
            ],
            [
              -119.96063687561758,
              34.599720396701436
            ],
            [
              -119.96060298593387,
              34.5997830078549
            ],
            [
              -119.96056159432628,
              34.599842455327995
            ],
            [
              -119.96051312732098,
              34.59989812651181
            ],
            [
              -119.9604580843593,
              34.599949447710976
            ],
            [
              -119.96039703265149,
              34.59999589005577
            ],
            [
              -119.96033060133158,
              34.60003697495251
            ],
            [
              -119.96025947497436,
              34.60007227901576
            ],
            [
              -119.96018438654073,
              34.60010143843161
            ],
            [
              -119.9601163861413,
              34.60012443862402
            ],
            [
              -119.96003761686559,
              34.600147272796825
            ],
            [
              -119.95995644156808,
              34.60016334367608
            ],
            [
              -119.95991322814076,
              34.60016811759927
            ],
            [
              -119.95991007573905,
              34.6002188198019
            ],
            [
              -119.95989809752672,
              34.60028449219842
            ],
            [
              -119.95987838069544,
              34.60034887508731
            ],
            [
              -119.95984838141291,
              34.6004298752423
            ],
            [
              -119.95982100083783,
              34.600492575368186
            ],
            [
              -119.95978628216844,
              34.60055273955992
            ],
            [
              -119.95974456327832,
              34.60060978228669
            ],
            [
              -119.95969625017096,
              34.600663148395164
            ],
            [
              -119.95964181302908,
              34.60071231851256
            ],
            [
              -119.95958178163883,
              34.600756814101544
            ],
            [
              -119.9595167402341,
              34.600796202117685
            ],
            [
              -119.9594473218105,
              34.60083009922422
            ],
            [
              -119.95937832148415,
              34.60086009945545
            ],
            [
              -119.95930140590218,
              34.600889439820314
            ],
            [
              -119.95922123050435,
              34.600912039043465
            ],
            [
              -119.9591386566971,
              34.60092765431661
            ],
            [
              -119.95905457165765,
              34.60093611786712
            ],
            [
              -119.9589698788014,
              34.600937338760914
            ],
            [
              -119.95888548807493,
              34.60093130387953
            ],
            [
              -119.95880230617881,
              34.600918078061014
            ],
            [
              -119.95865591422978,
              34.600888221863094
            ],
            [
              -119.95844754079212,
              34.60084829991936
            ],
            [
              -119.95843393158214,
              34.60084531254626
            ],
            [
              -119.9583829330429,
              34.60087699240649
            ],
            [
              -119.95832037573808,
              34.60090900935562
            ],
            [
              -119.95825921013657,
              34.60093433149726
            ],
            [
              -119.95825921111141,
              34.60103299719631
            ],
            [
              -119.9582571463121,
              34.6010810082924
            ],
            [
              -119.9582362139782,
              34.60132403316104
            ],
            [
              -119.95823621459675,
              34.6013869972366
            ],
            [
              -119.95823086292567,
              34.60146421007285
            ],
            [
              -119.9582148764739,
              34.60154041155346
            ],
            [
              -119.95818846462274,
              34.60161460349693
            ],
            [
              -119.95812746581642,
              34.601755603819726
            ],
            [
              -119.95808860186628,
              34.60183076097412
            ],
            [
              -119.95803904765992,
              34.60190148815964
            ],
            [
              -119.957962048164,
              34.60199748856264
            ],
            [
              -119.95791683610277,
              34.60204850235791
            ],
            [
              -119.95786605403093,
              34.602095797510515
            ],
            [
              -119.95781014679673,
              34.602138959708206
            ],
            [
              -119.95774960414786,
              34.60217761084328
            ],
            [
              -119.95768495644131,
              34.602211412325026
            ],
            [
              -119.95761676999732,
              34.60224006804598
            ],
            [
              -119.95754564213817,
              34.60226332697605
            ],
            [
              -119.95749264179611,
              34.60227832710817
            ],
            [
              -119.95741748842052,
              34.60229632354632
            ],
            [
              -119.95734059810026,
              34.60230829474732
            ],
            [
              -119.9572626756472,
              34.60231413097668
            ],
            [
              -119.9571844353351,
              34.60231377873594
            ],
            [
              -119.9571065943518,
              34.60230724125298
            ],
            [
              -119.95702986622466,
              34.60229457845262
            ],
            [
              -119.95695495427947,
              34.60227590640716
            ],
            [
              -119.95688254519311,
              34.60225139627246
            ],
            [
              -119.95682729143742,
              34.602227358445276
            ],
            [
              -119.9567909411484,
              34.60223567838485
            ],
            [
              -119.95676543073186,
              34.60227021590842
            ],
            [
              -119.9567260815254,
              34.602318655402556
            ],
            [
              -119.9566818249663,
              34.60236410723023
            ],
            [
              -119.95663299107017,
              34.602406232454285
            ],
            [
              -119.95654199108817,
              34.60247823287372
            ],
            [
              -119.95649543091383,
              34.60251236111487
            ],
            [
              -119.95641143079517,
              34.60256936147697
            ],
            [
              -119.95638214321914,
              34.60258832951272
            ],
            [
              -119.95619114278514,
              34.60270633029869
            ],
            [
              -119.95611331627285,
              34.60274891184335
            ],
            [
              -119.95603012606698,
              34.60278387912064
            ],
            [
              -119.95587012517078,
              34.60284187959561
            ],
            [
              -119.95585546725115,
              34.60284705278908
            ],
            [
              -119.95575646667528,
              34.60288105307219
            ],
            [
              -119.95570705857524,
              34.60289587629008
            ],
            [
              -119.9556743106581,
              34.602933024264644
            ],
            [
              -119.95562170936283,
              34.6029819414192
            ],
            [
              -119.95556363087249,
              34.60302642082954
            ],
            [
              -119.95550062015342,
              34.60306604512596
            ],
            [
              -119.95543326845593,
              34.60310044249567
            ],
            [
              -119.955166267268,
              34.603222443419114
            ],
            [
              -119.95513833118554,
              34.60323463154292
            ],
            [
              -119.9550649600715,
              34.603265158326394
            ],
            [
              -119.95495883648202,
              34.60333050109174
            ],
            [
              -119.95488454951239,
              34.60339902982929
            ],
            [
              -119.95482627196803,
              34.603447600568664
            ],
            [
              -119.954762353147,
              34.603491049583766
            ],
            [
              -119.95469344832306,
              34.60352893144371
            ],
            [
              -119.95462026388847,
              34.6035608577902
            ],
            [
              -119.95448226315014,
              34.60361385821628
            ],
            [
              -119.95447707121235,
              34.60361583400161
            ],
            [
              -119.95441607088098,
              34.60363883418762
            ],
            [
              -119.95434240780747,
              34.60366311246861
            ],
            [
              -119.95426624573804,
              34.60368137317768
            ],
            [
              -119.95418830178758,
              34.60369344437732
            ],
            [
              -119.95410930984993,
              34.60369921240819
            ],
            [
              -119.95403001368737,
              34.603698622959485
            ],
            [
              -119.95394601300427,
              34.603694622962045
            ],
            [
              -119.95386826441892,
              34.603687823299076
            ],
            [
              -119.95379165744158,
              34.60367491163594
            ],
            [
              -119.9537168931994,
              34.60365600614281
            ],
            [
              -119.95364465595323,
              34.603631279846866
            ],
            [
              -119.9535756068348,
              34.60360095904873
            ],
            [
              -119.95351037779558,
              34.60356532125116
            ],
            [
              -119.95344956582262,
              34.60352469261917
            ],
            [
              -119.95339372747469,
              34.603479444994676
            ],
            [
              -119.95334337378841,
              34.60342999249315
            ],
            [
              -119.95329896560125,
              34.6033767877134
            ],
            [
              -119.95326090933388,
              34.60332031759503
            ],
            [
              -119.95323090963838,
              34.603270317399954
            ],
            [
              -119.95320352376721,
              34.60321952451235
            ],
            [
              -119.95318128180442,
              34.60316704162754
            ],
            [
              -119.9531643343844,
              34.603113224210325
            ],
            [
              -119.95314833492625,
              34.6030522240782
            ],
            [
              -119.95313485853376,
              34.60298430589317
            ],
            [
              -119.95312980734452,
              34.60291560650847
            ],
            [
              -119.95313323373911,
              34.602846838615214
            ],
            [
              -119.95314510215103,
              34.60277871561347
            ],
            [
              -119.95316528943673,
              34.60271194421144
            ],
            [
              -119.9531935861537,
              34.602647217094116
            ],
            [
              -119.95321533588638,
              34.60260442002606
            ],
            [
              -119.95332138855669,
              34.60235603896214
            ],
            [
              -119.95335808149862,
              34.60228375930633
            ],
            [
              -119.95340465079222,
              34.6022154796834
            ],
            [
              -119.95343499630737,
              34.60217646448846
            ],
            [
              -119.95351051514312,
              34.60201118125348
            ],
            [
              -119.95353800345913,
              34.60195801804192
            ],
            [
              -119.95360000424468,
              34.60185101837543
            ],
            [
              -119.95364345728287,
              34.60178557304154
            ],
            [
              -119.9538944591921,
              34.60145257436735
            ],
            [
              -119.95392126312596,
              34.60141925425778
            ],
            [
              -119.95400526358506,
              34.60132125469223
            ],
            [
              -119.95406023845197,
              34.601263962204044
            ],
            [
              -119.95412237927202,
              34.60121191794735
            ],
            [
              -119.95419095813659,
              34.601165731549195
            ],
            [
              -119.95438195766057,
              34.60105073232462
            ],
            [
              -119.95446266261104,
              34.601007896078904
            ],
            [
              -119.95456166218041,
              34.60096189642489
            ],
            [
              -119.95461791509653,
              34.60093807665892
            ],
            [
              -119.95464168855462,
              34.600928951528005
            ],
            [
              -119.95470880291936,
              34.600887901175234
            ],
            [
              -119.95473391892892,
              34.60086398132802
            ],
            [
              -119.95476154940101,
              34.60083896234199
            ],
            [
              -119.95501354970268,
              34.60062196354098
            ],
            [
              -119.95505233395488,
              34.6005907084066
            ],
            [
              -119.95516105642685,
              34.60050872144789
            ],
            [
              -119.95530132413019,
              34.60039320758045
            ],
            [
              -119.95535958752097,
              34.600349632852485
            ],
            [
              -119.95544358740229,
              34.600292633214536
            ],
            [
              -119.9555159476528,
              34.60024879783659
            ],
            [
              -119.95559368206908,
              34.60021178433514
            ],
            [
              -119.95567585407693,
              34.60018203865877
            ],
            [
              -119.95576147364046,
              34.600159919190595
            ],
            [
              -119.95578158761343,
              34.60015570930962
            ],
            [
              -119.9558392742558,
              34.60002729036476
            ],
            [
              -119.95587247603413,
              34.5998591243636
            ],
            [
              -119.95588919251239,
              34.59979450749057
            ],
            [
              -119.95591346136813,
              34.599731549637234
            ],
            [
              -119.95594505051821,
              34.59967085282534
            ],
            [
              -119.95599005106791,
              34.59959485306731
            ],
            [
              -119.95602780934436,
              34.59953813728137
            ],
            [
              -119.95607195810776,
              34.59948466972725
            ],
            [
              -119.95612209209459,
              34.599434941195106
            ],
            [
              -119.95617775110411,
              34.599389408152824
            ],
            [
              -119.95623222094432,
              34.59935267221863
            ],
            [
              -119.9561714316217,
              34.59928395318892
            ],
            [
              -119.95614118909299,
              34.59924729788534
            ],
            [
              -119.95610059861585,
              34.599194453156635
            ],
            [
              -119.95606809394589,
              34.599157001795774
            ],
            [
              -119.9560223180318,
              34.599098027510834
            ],
            [
              -119.95598417446894,
              34.59903545018384
            ],
            [
              -119.95595407345927,
              34.598969942808935
            ],
            [
              -119.95593233870767,
              34.598902209890305
            ],
            [
              -119.9559192039415,
              34.59883297986529
            ],
            [
              -119.95591481039764,
              34.598762997270214
            ],
            [
              -119.95591481084901,
              34.59871699724717
            ],
            [
              -119.95591875222593,
              34.59865071498747
            ],
            [
              -119.95593053702784,
              34.598585072045154
            ],
            [
              -119.95595005157688,
              34.59852070151788
            ],
            [
              -119.95597710764625,
              34.59845822422994
            ],
            [
              -119.95601144427613,
              34.59839824274478
            ],
            [
              -119.95605236689296,
              34.59834183644931
            ],
            [
              -119.95604868471437,
              34.59833593394817
            ],
            [
              -119.95601833775855,
              34.59827213677221
            ],
            [
              -119.95599596406012,
              34.59820612532244
            ],
            [
              -119.95598179388281,
              34.59813857902532
            ],
            [
              -119.9559759730538,
              34.59807019310314
            ],
            [
              -119.9559785614635,
              34.59800167141847
            ],
            [
              -119.95598953245003,
              34.597933719229474
            ],
            [
              -119.95600877307459,
              34.59786703593107
            ],
            [
              -119.95603608528445,
              34.5978023078565
            ],
            [
              -119.95607118795252,
              34.59774020121333
            ],
            [
              -119.9561137197712,
              34.59768135522677
            ],
            [
              -119.95616324297197,
              34.59762637556065
            ],
            [
              -119.95620124309217,
              34.59758837575014
            ],
            [
              -119.95625360189129,
              34.59754081979991
            ],
            [
              -119.9563111907317,
              34.59749759524677
            ],
            [
              -119.95637348796836,
              34.59745909361615
            ],
            [
              -119.95643992931038,
              34.597425663652764
            ],
            [
              -119.9565099129322,
              34.59739760816206
            ],
            [
              -119.95658280492475,
              34.59737518126755
            ],
            [
              -119.95665794503718,
              34.597358586109095
            ],
            [
              -119.95673465265692,
              34.59734797300308
            ],
            [
              -119.95700965050509,
              34.59732097332957
            ],
            [
              -119.95710317309778,
              34.59731734547323
            ],
            [
              -119.95709946730457,
              34.59730249616395
            ],
            [
              -119.95709102912448,
              34.59723565264151
            ],
            [
              -119.95709066221288,
              34.597168446591596
            ],
            [
              -119.95709837017954,
              34.59710154279022
            ],
            [
              -119.95711407676112,
              34.597035603022
            ],
            [
              -119.95713762657599,
              34.59697127953418
            ],
            [
              -119.95716878666208,
              34.59690920858493
            ],
            [
              -119.95719978706089,
              34.59685520875165
            ],
            [
              -119.95723838201175,
              34.59679582219402
            ],
            [
              -119.9572839410321,
              34.596739911439805
            ],
            [
              -119.95733601060873,
              34.596688033030084
            ],
            [
              -119.9573940724246,
              34.59664070336644
            ],
            [
              -119.95745754851852,
              34.59659839357088
            ],
            [
              -119.9575258070382,
              34.59656152479652
            ],
            [
              -119.95759816852987,
              34.596530464035624
            ],
            [
              -119.9576739127014,
              34.59650552046679
            ],
            [
              -119.95775228559178,
              34.596486942377645
            ],
            [
              -119.95786628476613,
              34.59646494259291
            ],
            [
              -119.95795268852063,
              34.596452269096886
            ],
            [
              -119.95804023748258,
              34.59644733028748
            ],
            [
              -119.95812423680253,
              34.596446330330295
            ],
            [
              -119.95819404960609,
              34.596447967483236
            ],
            [
              -119.95826343838407,
              34.596454528160294
            ],
            [
              -119.95833189628877,
              34.59646596443862
            ],
            [
              -119.95852289483018,
              34.596504964207256
            ],
            [
              -119.95857387622729,
              34.596516835974725
            ],
            [
              -119.95862266468053,
              34.59652962195023
            ],
            [
              -119.95862669641349,
              34.596518834164684
            ],
            [
              -119.95865679780036,
              34.59645919755029
            ],
            [
              -119.95869365046416,
              34.596402211383854
            ],
            [
              -119.95873691735261,
              34.596348396835864
            ],
            [
              -119.95878620275396,
              34.59629824606952
            ],
            [
              -119.95884105591621,
              34.59625221773974
            ],
            [
              -119.95900105588206,
              34.59613021846608
            ],
            [
              -119.95905487587643,
              34.596092598812014
            ],
            [
              -119.95911241530423,
              34.596058953573916
            ],
            [
              -119.95916072846063,
              34.596033213078414
            ],
            [
              -119.95931978801137,
              34.59590150385816
            ],
            [
              -119.95939549271989,
              34.59584613087517
            ],
            [
              -119.95947596658092,
              34.59579423677526
            ],
            [
              -119.95968583299991,
              34.59563430507656
            ],
            [
              -119.95970267887691,
              34.595615686112225
            ],
            [
              -119.95978704450852,
              34.59551036813636
            ],
            [
              -119.95981999185194,
              34.59539316599268
            ],
            [
              -119.95982084545932,
              34.59538855675766
            ],
            [
              -119.95982084683166,
              34.59524899721113
            ],
            [
              -119.95982629631398,
              34.5951710924675
            ],
            [
              -119.95983429686994,
              34.59511409249217
            ],
            [
              -119.95984761851552,
              34.5950479971738
            ],
            [
              -119.95986879056112,
              34.59498331785083
            ],
            [
              -119.95989760480606,
              34.59492069050787
            ],
            [
              -119.95993377790643,
              34.59486073095116
            ],
            [
              -119.95997695416187,
              34.59480402875355
            ],
            [
              -119.96002670901358,
              34.59475114145751
            ],
            [
              -119.96008255321924,
              34.5947025890931
            ],
            [
              -119.96014393766418,
              34.594658849064864
            ],
            [
              -119.96021025876063,
              34.59462035145779
            ],
            [
              -119.96028086438287,
              34.594587474808726
            ],
            [
              -119.96037286392301,
              34.59454947510688
            ],
            [
              -119.96044864445327,
              34.5945220448853
            ],
            [
              -119.96052739026499,
              34.59450109098048
            ],
            [
              -119.96059538978749,
              34.59448609112198
            ],
            [
              -119.96066470450782,
              34.59447343977185
            ],
            [
              -119.96073508539682,
              34.59446581062006
            ],
            [
              -119.96080600138127,
              34.594463261233194
            ],
            [
              -119.96102881595874,
              34.5944632613871
            ],
            [
              -119.96105277323616,
              34.594459981533404
            ],
            [
              -119.96118588133238,
              34.59428884438802
            ],
            [
              -119.96139158511463,
              34.59399951691802
            ],
            [
              -119.96142915596577,
              34.59395145407889
            ],
            [
              -119.9615102225977,
              34.59385679651039
            ],
            [
              -119.96138309754875,
              34.59380888013227
            ],
            [
              -119.96130272533641,
              34.59377400464696
            ],
            [
              -119.96122752624372,
              34.59373197301137
            ],
            [
              -119.9608131641211,
              34.59347151610557
            ],
            [
              -119.96049887570324,
              34.59328097824291
            ],
            [
              -119.96045916080203,
              34.59325530662947
            ],
            [
              -119.96044424666506,
              34.59324503786939
            ],
            [
              -119.96043814250709,
              34.59324545406021
            ],
            [
              -119.96034515198926,
              34.59324740096867
            ],
            [
              -119.96025249643456,
              34.59324059532244
            ],
            [
              -119.96015349564264,
              34.593228595267036
            ],
            [
              -119.96007008185792,
              34.59321478341046
            ],
            [
              -119.95998885656981,
              34.593193874753496
            ],
            [
              -119.95991070014212,
              34.593166095914825
            ],
            [
              -119.95983645967466,
              34.59313174797589
            ],
            [
              -119.95976693982135,
              34.59309120321742
            ],
            [
              -119.95970289406854,
              34.59304490108419
            ],
            [
              -119.95962689398979,
              34.592983900734616
            ],
            [
              -119.95957299686472,
              34.592936251286325
            ],
            [
              -119.95952490801838,
              34.59288452538306
            ],
            [
              -119.95948307577406,
              34.592829205266796
            ],
            [
              -119.95944789012216,
              34.592770806687525
            ],
            [
              -119.95941967908462,
              34.592709874094865
            ],
            [
              -119.95939870565715,
              34.592646975561934
            ],
            [
              -119.9593851653579,
              34.59258269748902
            ],
            [
              -119.95937716585776,
              34.592529697410455
            ],
            [
              -119.95937253305048,
              34.592489040088594
            ],
            [
              -119.95936931733549,
              34.5924473705351
            ],
            [
              -119.95930485157704,
              34.59243821461111
            ],
            [
              -119.95923429058129,
              34.59242272556796
            ],
            [
              -119.95916568294153,
              34.59240209016898
            ],
            [
              -119.95910611403245,
              34.592379006574255
            ],
            [
              -119.95903649976786,
              34.59242627115145
            ],
            [
              -119.95894077776292,
              34.59248226121112
            ],
            [
              -119.95884877740546,
              34.59252826154733
            ],
            [
              -119.95877638430733,
              34.592560462576
            ],
            [
              -119.95848474825183,
              34.59267493690442
            ],
            [
              -119.95832191307251,
              34.5927525182851
            ],
            [
              -119.95821699977687,
              34.59279456547884
            ],
            [
              -119.95811099914505,
              34.592829565773684
            ],
            [
              -119.95803767179213,
              34.59285049882942
            ],
            [
              -119.95796227447528,
              34.592865587265464
            ],
            [
              -119.95788548672544,
              34.592874695093705
            ],
            [
              -119.95780800060624,
              34.59287774022732
            ],
            [
              -119.95770899980317,
              34.59287774026835
            ],
            [
              -119.9576474367166,
              34.59287581970771
            ],
            [
              -119.9575862235775,
              34.592870068941735
            ],
            [
              -119.95752220993582,
              34.592862023570476
            ],
            [
              -119.95752070102294,
              34.592862186871805
            ],
            [
              -119.95750771270984,
              34.59286344014101
            ],
            [
              -119.95723292594936,
              34.59294996001421
            ],
            [
              -119.95706929455378,
              34.59301282906317
            ],
            [
              -119.95696145799417,
              34.593046829352225
            ],
            [
              -119.95679345685764,
              34.593088829735024
            ],
            [
              -119.9567859550873,
              34.5930906728003
            ],
            [
              -119.95664095409509,
              34.59312567312238
            ],
            [
              -119.95660459050178,
              34.593133703790954
            ],
            [
              -119.95642641821104,
              34.593169437744415
            ],
            [
              -119.95653646176093,
              34.59323622244685
            ],
            [
              -119.95662323701104,
              34.593297002388525
            ],
            [
              -119.95677568453597,
              34.593419830999075
            ],
            [
              -119.95685150803044,
              34.59347214900945
            ],
            [
              -119.95693460134765,
              34.59353824289197
            ],
            [
              -119.9571256014418,
              34.59371324194004
            ],
            [
              -119.9571586870059,
              34.593745533919154
            ],
            [
              -119.95725768721948,
              34.59384853339052
            ],
            [
              -119.95728488822635,
              34.5938785029109
            ],
            [
              -119.957421888753,
              34.5940385021371
            ],
            [
              -119.95744620662471,
              34.59406857826799
            ],
            [
              -119.95750720697288,
              34.59414857790553
            ],
            [
              -119.95755965556646,
              34.59422892807812
            ],
            [
              -119.95759765602004,
              34.59429792782393
            ],
            [
              -119.9576265377808,
              34.59435778471816
            ],
            [
              -119.9576483928911,
              34.594419644620594
            ],
            [
              -119.95766302255124,
              34.59448294488152
            ],
            [
              -119.95767029367977,
              34.59454710974921
            ],
            [
              -119.95767014012462,
              34.59461155560655
            ],
            [
              -119.95766256326527,
              34.59467569627933
            ],
            [
              -119.95764763200093,
              34.59473894836784
            ],
            [
              -119.95762548212434,
              34.59480073655327
            ],
            [
              -119.9575963150874,
              34.594860498830634
            ],
            [
              -119.95756039616934,
              34.594917691620736
            ],
            [
              -119.95751805206426,
              34.59497179471438
            ],
            [
              -119.95746966791,
              34.59502231600434
            ],
            [
              -119.95741568378554,
              34.59506879596151
            ],
            [
              -119.95734668379066,
              34.59512279627809
            ],
            [
              -119.9572871212144,
              34.59516511467874
            ],
            [
              -119.95722292149911,
              34.59520250979092
            ],
            [
              -119.95715467752888,
              34.595234636266774
            ],
            [
              -119.95708301953928,
              34.59526119741421
            ],
            [
              -119.95700860929699,
              34.595281947937266
            ],
            [
              -119.95693213398792,
              34.59529669620142
            ],
            [
              -119.9568542998706,
              34.595305306003695
            ],
            [
              -119.95677582575354,
              34.5953076978305
            ],
            [
              -119.95669743635631,
              34.595303849592106
            ],
            [
              -119.95661985561624,
              34.59529379682662
            ],
            [
              -119.95654380000227,
              34.59527763237185
            ],
            [
              -119.95640679900119,
              34.59524263215283
            ],
            [
              -119.95633054183345,
              34.59521966210084
            ],
            [
              -119.9562574161922,
              34.59519054996005
            ],
            [
              -119.95622107074031,
              34.595174194520965
            ],
            [
              -119.95615290709979,
              34.59516526274454
            ],
            [
              -119.9561364985045,
              34.59520349748152
            ],
            [
              -119.95609896875975,
              34.595268196418296
            ],
            [
              -119.95605335405126,
              34.595329239579186
            ],
            [
              -119.95600016873988,
              34.595385938604984
            ],
            [
              -119.95593116891588,
              34.5954519389447
            ],
            [
              -119.9558733845946,
              34.595501813613645
            ],
            [
              -119.95580974528532,
              34.595546549814514
            ],
            [
              -119.95574091589211,
              34.5955856801359
            ],
            [
              -119.95566761554909,
              34.59561879573674
            ],
            [
              -119.95559061010675,
              34.59564555061824
            ],
            [
              -119.95551070412988,
              34.595665665239096
            ],
            [
              -119.95542873249092,
              34.59567892943656
            ],
            [
              -119.95534555164663,
              34.595685204622384
            ],
            [
              -119.95525455091378,
              34.595688204684016
            ],
            [
              -119.95517931317801,
              34.59568781841531
            ],
            [
              -119.95510443732856,
              34.59568171124556
            ],
            [
              -119.9550305581498,
              34.59566993494955
            ],
            [
              -119.95495830197615,
              34.59565258936385
            ],
            [
              -119.9548882813816,
              34.59562982154048
            ],
            [
              -119.95482108998615,
              34.595601824500136
            ],
            [
              -119.95475729742299,
              34.595568835595714
            ],
            [
              -119.95469744450884,
              34.59553113449998
            ],
            [
              -119.95465844441121,
              34.59550413433772
            ],
            [
              -119.9545988929717,
              34.59545856179295
            ],
            [
              -119.95458260845349,
              34.59544335525604
            ],
            [
              -119.95456080440577,
              34.595454257307836
            ],
            [
              -119.9544846610246,
              34.59548792099505
            ],
            [
              -119.95440464728486,
              34.59551475289937
            ],
            [
              -119.95432165650936,
              34.59553445345067
            ],
            [
              -119.95423661526092,
              34.595546802697676
            ],
            [
              -119.95415047299717,
              34.59555166276381
            ],
            [
              -119.95413636236644,
              34.595551223923884
            ],
            [
              -119.9541326590882,
              34.59556798668342
            ],
            [
              -119.95411765958136,
              34.59562098675582
            ],
            [
              -119.95409412478158,
              34.59568823257302
            ],
            [
              -119.95406230305994,
              34.595753104025064
            ],
            [
              -119.95402253592768,
              34.59581490487095
            ],
            [
              -119.95397525017374,
              34.595872971823695
            ],
            [
              -119.95392095328494,
              34.59592668166946
            ],
            [
              -119.95386022799958,
              34.59597545795639
            ],
            [
              -119.95379372605365,
              34.59601877718198
            ],
            [
              -119.95366372569801,
              34.59609477770145
            ],
            [
              -119.9536041135333,
              34.59612651329752
            ],
            [
              -119.95354139918834,
              34.59615385657658
            ],
            [
              -119.95347605474109,
              34.59617660171214
            ],
            [
              -119.95344268737841,
              34.596186831164836
            ],
            [
              -119.95344163209218,
              34.59618745931394
            ],
            [
              -119.95342002895102,
              34.5962080338722
            ],
            [
              -119.95338052720119,
              34.59624306555639
            ],
            [
              -119.95337622770892,
              34.5962466173403
            ],
            [
              -119.953368167683,
              34.59635732327071
            ],
            [
              -119.95336816838685,
              34.596428997235904
            ],
            [
              -119.95336739582405,
              34.59645837952488
            ],
            [
              -119.95335939731906,
              34.59661037950202
            ],
            [
              -119.95335262234012,
              34.596672632615196
            ],
            [
              -119.95333892032417,
              34.59673410175481
            ],
            [
              -119.9533184084888,
              34.59679426099764
            ],
            [
              -119.95329126231664,
              34.5968525956267
            ],
            [
              -119.95325771405437,
              34.5969086065351
            ],
            [
              -119.95321438280976,
              34.59697324911156
            ],
            [
              -119.95318414409122,
              34.59702969567429
            ],
            [
              -119.95313960448046,
              34.59710105636687
            ],
            [
              -119.95308514198747,
              34.59716754390105
            ],
            [
              -119.95304614215256,
              34.59720954409927
            ],
            [
              -119.95299642285491,
              34.59725816281541
            ],
            [
              -119.95294139039802,
              34.59730269599038
            ],
            [
              -119.95288153338458,
              34.59734274823148
            ],
            [
              -119.95281738325497,
              34.59737796392982
            ],
            [
              -119.95274950956887,
              34.597408030417746
            ],
            [
              -119.95267851494829,
              34.59743268074512
            ],
            [
              -119.95260502972675,
              34.59745169604963
            ],
            [
              -119.95252970635275,
              34.59746490750016
            ],
            [
              -119.9524532135963,
              34.597472197795895
            ],
            [
              -119.95237623061111,
              34.59747350220787
            ],
            [
              -119.95229944090373,
              34.59746880915381
            ],
            [
              -119.95222352626492,
              34.59745816030096
            ],
            [
              -119.95214052562073,
              34.59744316021542
            ],
            [
              -119.95206561952975,
              34.597426506980845
            ],
            [
              -119.95199296032538,
              34.59740405590699
            ],
            [
              -119.95192320265761,
              34.597376009274804
            ],
            [
              -119.9518569750322,
              34.597342619780505
            ],
            [
              -119.95179487414784,
              34.5973041882586
            ],
            [
              -119.9517374595196,
              34.597261060971384
            ],
            [
              -119.95168524843783,
              34.59721362648887
            ],
            [
              -119.95162424853663,
              34.59715262616981
            ],
            [
              -119.95157645314539,
              34.59709977314669
            ],
            [
              -119.9515351205924,
              34.59704331674922
            ],
            [
              -119.95150064511864,
              34.596983795491134
            ],
            [
              -119.95146964554436,
              34.596922795278516
            ],
            [
              -119.95144188927242,
              34.596859525400596
            ],
            [
              -119.95142188192129,
              34.596794286105805
            ],
            [
              -119.95140982195346,
              34.59672772459288
            ],
            [
              -119.95139722746126,
              34.596622762038876
            ],
            [
              -119.9513794486317,
              34.596530771340596
            ],
            [
              -119.95135001082232,
              34.5963968709664
            ],
            [
              -119.95133769318069,
              34.59630700871772
            ],
            [
              -119.95133406979797,
              34.59624177643412
            ],
            [
              -119.95132514341815,
              34.59620959338726
            ],
            [
              -119.95132222490739,
              34.59620324867194
            ],
            [
              -119.95129636584234,
              34.596136925893425
            ],
            [
              -119.95127890413784,
              34.596068753533594
            ],
            [
              -119.95127002546965,
              34.59599945657066
            ],
            [
              -119.95126982423639,
              34.59592977194063
            ],
            [
              -119.95127830255636,
              34.59586044070044
            ],
            [
              -119.95129537024596,
              34.595792200147
            ],
            [
              -119.95132084577976,
              34.595725775976625
            ],
            [
              -119.95134669813454,
              34.59567662746189
            ],
            [
              -119.9513419216915,
              34.595653251202684
            ],
            [
              -119.9513368393545,
              34.59557799727426
            ],
            [
              -119.95133683995294,
              34.595516997243756
            ],
            [
              -119.95134082892523,
              34.59545031551993
            ],
            [
              -119.95135275557939,
              34.59538428475673
            ],
            [
              -119.95137250347591,
              34.595319549506115
            ],
            [
              -119.95139987983008,
              34.595256741672394
            ],
            [
              -119.95145388067994,
              34.59514974196196
            ],
            [
              -119.95148528795188,
              34.59509463919181
            ],
            [
              -119.95152256839852,
              34.595042099263864
            ],
            [
              -119.95156541904622,
              34.594992549147676
            ],
            [
              -119.95163819112415,
              34.594915947630504
            ],
            [
              -119.9516601045948,
              34.594892263614156
            ],
            [
              -119.95170691194998,
              34.59478770917866
            ],
            [
              -119.95170911264492,
              34.59477773313039
            ],
            [
              -119.95172284111136,
              34.594726933152
            ],
            [
              -119.95170238703157,
              34.594703960971586
            ],
            [
              -119.95166199793455,
              34.594648015797894
            ],
            [
              -119.95162831228237,
              34.594589113943336
            ],
            [
              -119.9516016432499,
              34.594527803041714
            ],
            [
              -119.95158223877387,
              34.59446465312358
            ],
            [
              -119.95156723932132,
              34.594403652997485
            ],
            [
              -119.95155433365728,
              34.59433131260218
            ],
            [
              -119.95155095590631,
              34.59425824256691
            ],
            [
              -119.9515571455964,
              34.59418529853053
            ],
            [
              -119.95156514611219,
              34.59413229855726
            ],
            [
              -119.9515799673675,
              34.59406338202105
            ],
            [
              -119.95160333017046,
              34.59399610313264
            ],
            [
              -119.95163234421378,
              34.59393659743688
            ],
            [
              -119.95162163898195,
              34.59391910201159
            ],
            [
              -119.95159259147967,
              34.59385719426392
            ],
            [
              -119.95157103202475,
              34.59379322775129
            ],
            [
              -119.95154803276473,
              34.59370922756372
            ],
            [
              -119.95153351095621,
              34.59363934147347
            ],
            [
              -119.95152792510196,
              34.59356858172076
            ],
            [
              -119.9515313366896,
              34.593497727497336
            ],
            [
              -119.95154370812858,
              34.59342755903333
            ],
            [
              -119.95156490316536,
              34.593358849005426
            ],
            [
              -119.95158790370304,
              34.59329784912468
            ],
            [
              -119.95161721978073,
              34.59323225526827
            ],
            [
              -119.95165457631894,
              34.59316951815203
            ],
            [
              -119.95169957323081,
              34.593110309657064
            ],
            [
              -119.951751728608,
              34.593055263873275
            ],
            [
              -119.95181048388237,
              34.59300497030886
            ],
            [
              -119.95187520980807,
              34.59295996757736
            ],
            [
              -119.95191568859504,
              34.592937283247394
            ],
            [
              -119.95191363769585,
              34.59293298788587
            ],
            [
              -119.95188735261614,
              34.59289127403767
            ],
            [
              -119.95185695398087,
              34.59283736723327
            ],
            [
              -119.95183240540241,
              34.592781458641575
            ],
            [
              -119.95180649962991,
              34.59271323847408
            ],
            [
              -119.95178002731149,
              34.592650899101066
            ],
            [
              -119.95175630077729,
              34.592584244190284
            ],
            [
              -119.95174097653812,
              34.592515926780116
            ],
            [
              -119.9517342165954,
              34.592446669185016
            ],
            [
              -119.95173609239995,
              34.59237720365817
            ],
            [
              -119.9517465840977,
              34.592308264649425
            ],
            [
              -119.95176558074017,
              34.592240581039995
            ],
            [
              -119.9517928814587,
              34.592174868436175
            ],
            [
              -119.9518281975889,
              34.59211182160345
            ],
            [
              -119.95187115572341,
              34.59205210712101
            ],
            [
              -119.95187532907154,
              34.59204746731803
            ],
            [
              -119.95182498210886,
              34.59192740642754
            ],
            [
              -119.95180125145,
              34.591859547621794
            ],
            [
              -119.95178621663237,
              34.59179001089918
            ],
            [
              -119.9517727625112,
              34.59170120805493
            ],
            [
              -119.95174678027648,
              34.59156374668871
            ],
            [
              -119.9517076302438,
              34.5914996429287
            ],
            [
              -119.95167875066552,
              34.59144684423945
            ],
            [
              -119.95165544738464,
              34.59139219347046
            ],
            [
              -119.95163907711134,
              34.59134782034638
            ],
            [
              -119.9515834680178,
              34.59125884459234
            ],
            [
              -119.95150641418178,
              34.59132584839141
            ],
            [
              -119.95147866506679,
              34.59135200557012
            ],
            [
              -119.95147641957102,
              34.59137154760321
            ],
            [
              -119.95146394477536,
              34.59142823159384
            ],
            [
              -119.95144094556014,
              34.59151223170366
            ],
            [
              -119.95142113485474,
              34.591571798530744
            ],
            [
              -119.95139482862434,
              34.59162962018769
            ],
            [
              -119.95136224673078,
              34.59168521338363
            ],
            [
              -119.95132366149124,
              34.59173811345288
            ],
            [
              -119.9512316620836,
              34.59185211393381
            ],
            [
              -119.9511887925503,
              34.5919004462632
            ],
            [
              -119.9511409125021,
              34.59194544681355
            ],
            [
              -119.95108839866838,
              34.591986761503954
            ],
            [
              -119.95103593807688,
              34.59202451374786
            ],
            [
              -119.95101448740536,
              34.592078936202114
            ],
            [
              -119.951003127332,
              34.59212348136155
            ],
            [
              -119.95100312795701,
              34.59218699722587
            ],
            [
              -119.95099579085165,
              34.59227735453459
            ],
            [
              -119.95097255449286,
              34.592419779546255
            ],
            [
              -119.95097276586787,
              34.592442372955645
            ],
            [
              -119.9509806724512,
              34.59249879333978
            ],
            [
              -119.95100224708276,
              34.59255512572504
            ],
            [
              -119.95109756488044,
              34.59275385061473
            ],
            [
              -119.95112036667187,
              34.59280798334281
            ],
            [
              -119.95115440961435,
              34.59290138087317
            ],
            [
              -119.95120976588183,
              34.59303296259487
            ],
            [
              -119.9512319888191,
              34.59309529642683
            ],
            [
              -119.95126198970465,
              34.59319729618697
            ],
            [
              -119.95127748598642,
              34.59326473411098
            ],
            [
              -119.95130048727914,
              34.59340273389289
            ],
            [
              -119.95130790376365,
              34.59347873329541
            ],
            [
              -119.95130491992248,
              34.59355493982955
            ],
            [
              -119.9512979205595,
              34.59361993984366
            ],
            [
              -119.9512878806879,
              34.59368124666265
            ],
            [
              -119.95127110266436,
              34.59374153721382
            ],
            [
              -119.95124772710822,
              34.59380030613983
            ],
            [
              -119.95121794994051,
              34.593857060836484
            ],
            [
              -119.95118202074245,
              34.59391132558198
            ],
            [
              -119.95109002148045,
              34.5940363260693
            ],
            [
              -119.95103616614466,
              34.5941007669705
            ],
            [
              -119.95097120144487,
              34.594169599241056
            ],
            [
              -119.95088133853261,
              34.59428129916306
            ],
            [
              -119.950833122599,
              34.59433522349734
            ],
            [
              -119.95077868038277,
              34.594384929977956
            ],
            [
              -119.95071854811779,
              34.594429929005564
            ],
            [
              -119.9506533180867,
              34.5944697773474
            ],
            [
              -119.95058363278719,
              34.5945040825033
            ],
            [
              -119.95051017860347,
              34.594532506571966
            ],
            [
              -119.95043367904522,
              34.594554769579474
            ],
            [
              -119.95035488762082,
              34.594570652237245
            ],
            [
              -119.95027458041511,
              34.594579998102084
            ],
            [
              -119.95016757956736,
              34.59458799820964
            ],
            [
              -119.95008521051847,
              34.59459070416552
            ],
            [
              -119.95000293091357,
              34.59458653361874
            ],
            [
              -119.9499215781089,
              34.59457552901178
            ],
            [
              -119.94984198002824,
              34.59455780233698
            ],
            [
              -119.94976494673658,
              34.594533533996945
            ],
            [
              -119.94969126219561,
              34.59450297096832
            ],
            [
              -119.94962167628492,
              34.59446642428832
            ],
            [
              -119.9495568971701,
              34.59442426588908
            ],
            [
              -119.9494975840956,
              34.59437692481234
            ],
            [
              -119.94944434067548,
              34.594324882842905
            ],
            [
              -119.94939770875064,
              34.59426866960533
            ],
            [
              -119.9493581628746,
              34.59420885717368
            ],
            [
              -119.9493261054845,
              34.59414605424946
            ],
            [
              -119.94930410586373,
              34.594096054092034
            ],
            [
              -119.94928115184445,
              34.594035052185106
            ],
            [
              -119.94926526680771,
              34.59397253029699
            ],
            [
              -119.9492422678981,
              34.59385453008976
            ],
            [
              -119.94923556265465,
              34.5938112907526
            ],
            [
              -119.94921256455721,
              34.593612290502726
            ],
            [
              -119.94921076726384,
              34.59356201510633
            ],
            [
              -119.94916504736993,
              34.59351809964452
            ],
            [
              -119.94903055866718,
              34.59339115172899
            ],
            [
              -119.94902268243067,
              34.593396843336215
            ],
            [
              -119.94897006600976,
              34.593431804134525
            ],
            [
              -119.94887006577146,
              34.59349280454314
            ],
            [
              -119.94880040236494,
              34.59353091260678
            ],
            [
              -119.94872639861438,
              34.593562940640155
            ],
            [
              -119.94858747014904,
              34.59361577279143
            ],
            [
              -119.94853570653022,
              34.59370562804521
            ],
            [
              -119.94849803702861,
              34.5937635717579
            ],
            [
              -119.94845373260826,
              34.593818211772536
            ],
            [
              -119.9484032131714,
              34.593869030213334
            ],
            [
              -119.9483469575285,
              34.59391554542411
            ],
            [
              -119.94827095749845,
              34.59397254576669
            ],
            [
              -119.948204632843,
              34.59401728503549
            ],
            [
              -119.94813301294126,
              34.59405604176022
            ],
            [
              -119.94805688356905,
              34.59408839071777
            ],
            [
              -119.94797707998154,
              34.594113976987714
            ],
            [
              -119.94789447774882,
              34.59413251984667
            ],
            [
              -119.94781047713151,
              34.59414751999652
            ],
            [
              -119.94773189206661,
              34.59415826868456
            ],
            [
              -119.94765241484453,
              34.59416263915933
            ],
            [
              -119.94757280064842,
              34.59416058989216
            ],
            [
              -119.94749380596335,
              34.59415214035402
            ],
            [
              -119.9474161813876,
              34.59413737083052
            ],
            [
              -119.94734066450015,
              34.59411642165902
            ],
            [
              -119.9472679728517,
              34.594089491895076
            ],
            [
              -119.94716797226981,
              34.59404749162223
            ],
            [
              -119.94709636616865,
              34.59401355102395
            ],
            [
              -119.94702926554874,
              34.59397381023357
            ],
            [
              -119.94696735495452,
              34.59392867468013
            ],
            [
              -119.94691126597975,
              34.59387860482866
            ],
            [
              -119.94686157082403,
              34.59382411148246
            ],
            [
              -119.94683615955947,
              34.59378945682915
            ],
            [
              -119.94679400387166,
              34.59388330528493
            ],
            [
              -119.94674817754674,
              34.59396728672639
            ],
            [
              -119.94660015825896,
              34.594195607245524
            ],
            [
              -119.94654643342686,
              34.59428387082399
            ],
            [
              -119.94648170743068,
              34.594441400300575
            ],
            [
              -119.94647875585012,
              34.59444842174856
            ],
            [
              -119.94651677199066,
              34.594484699286376
            ],
            [
              -119.94657777212957,
              34.594548698959294
            ],
            [
              -119.9466259294977,
              34.59460489464704
            ],
            [
              -119.94666691936614,
              34.594664852203024
            ],
            [
              -119.9467003158863,
              34.5947279487432
            ],
            [
              -119.94672577209245,
              34.59479352877211
            ],
            [
              -119.94674302350678,
              34.59486091099251
            ],
            [
              -119.9467518908878,
              34.59492939538294
            ],
            [
              -119.94675228209309,
              34.59499827047008
            ],
            [
              -119.94674419303755,
              34.59506682071999
            ],
            [
              -119.9467277077366,
              34.59513433397164
            ],
            [
              -119.94672149276882,
              34.59515087722889
            ],
            [
              -119.94672861696044,
              34.59516075672363
            ],
            [
              -119.9467878397283,
              34.59524958980268
            ],
            [
              -119.9469083632977,
              34.59541275839607
            ],
            [
              -119.94694409429724,
              34.595466465689704
            ],
            [
              -119.94697379287466,
              34.59552262956952
            ],
            [
              -119.94701979360454,
              34.59562162924556
            ],
            [
              -119.94704594369688,
              34.59568794443615
            ],
            [
              -119.94706368777916,
              34.59575613549039
            ],
            [
              -119.9470728367718,
              34.595825475848166
            ],
            [
              -119.94707329317272,
              34.5958952267021
            ],
            [
              -119.94706505209734,
              34.59596464486917
            ],
            [
              -119.94704820133137,
              34.59603299070932
            ],
            [
              -119.94702292039646,
              34.596099536006086
            ],
            [
              -119.94698947863834,
              34.59616357172582
            ],
            [
              -119.94694823235764,
              34.59622441557244
            ],
            [
              -119.9468872328091,
              34.59630441589413
            ],
            [
              -119.94684026014944,
              34.59635968855303
            ],
            [
              -119.94678684824234,
              34.59641080655242
            ],
            [
              -119.94672753091689,
              34.596457258978084
            ],
            [
              -119.9466629010287,
              34.59649858154628
            ],
            [
              -119.94659360453447,
              34.596534361244466
            ],
            [
              -119.94652033403582,
              34.596564240459465
            ],
            [
              -119.9464438218566,
              34.59658792055204
            ],
            [
              -119.94636483272312,
              34.59660516484197
            ],
            [
              -119.94628415612057,
              34.5966158009738
            ],
            [
              -119.94620259840148,
              34.596619722639666
            ],
            [
              -119.94612097472599,
              34.59661689064196
            ],
            [
              -119.94604010091376,
              34.59660733328519
            ],
            [
              -119.9458720995944,
              34.596580333138235
            ],
            [
              -119.94579992469096,
              34.596565891317894
            ],
            [
              -119.94572963319037,
              34.59654609114634
            ],
            [
              -119.94547063144076,
              34.59646209060364
            ],
            [
              -119.9454086213207,
              34.59643948300963
            ],
            [
              -119.94534908980611,
              34.59641270421583
            ],
            [
              -119.94524208927373,
              34.596359703875656
            ],
            [
              -119.94515950819238,
              34.59631288631854
            ],
            [
              -119.94510633478124,
              34.59627404103897
            ],
            [
              -119.9450728303292,
              34.59634544534735
            ],
            [
              -119.94503361608633,
              34.59641653112473
            ],
            [
              -119.94498061665242,
              34.596499531409016
            ],
            [
              -119.9449377654862,
              34.596559037818835
            ],
            [
              -119.94488777368906,
              34.59661460468325
            ],
            [
              -119.94483116638814,
              34.59666564829699
            ],
            [
              -119.94476853820669,
              34.59671163246823
            ],
            [
              -119.94470054701823,
              34.59675207415152
            ],
            [
              -119.94466575482389,
              34.596770608397485
            ],
            [
              -119.94467428175412,
              34.596782378573614
            ],
            [
              -119.94470927574235,
              34.59684401755573
            ],
            [
              -119.94473659040911,
              34.596908255853634
            ],
            [
              -119.94475594838002,
              34.596974441182965
            ],
            [
              -119.94476715307238,
              34.59704190148751
            ],
            [
              -119.94477009069205,
              34.597109951763144
            ],
            [
              -119.9447647313896,
              34.597177901013474
            ],
            [
              -119.94475673194552,
              34.59723490103829
            ],
            [
              -119.94474398405613,
              34.59729880823603
            ],
            [
              -119.94472389555376,
              34.59736141260883
            ],
            [
              -119.94469665098369,
              34.597422138982935
            ],
            [
              -119.94466250063857,
              34.59748042943731
            ],
            [
              -119.94462175825943,
              34.597535748429564
            ],
            [
              -119.94457479815352,
              34.59758758771644
            ],
            [
              -119.94452205175591,
              34.59763547102345
            ],
            [
              -119.94446400366579,
              34.5976789584208
            ],
            [
              -119.94440118719444,
              34.597717650365496
            ],
            [
              -119.94433417946546,
              34.597751191372325
            ],
            [
              -119.94426359611234,
              34.59777927328018
            ],
            [
              -119.94419008562214,
              34.59780163808336
            ],
            [
              -119.94411432337722,
              34.59781808030237
            ],
            [
              -119.94403700544981,
              34.597828448871795
            ],
            [
              -119.94395884220633,
              34.59783264852841
            ],
            [
              -119.94388055178035,
              34.59783064068651
            ],
            [
              -119.94384877908317,
              34.597828562122075
            ],
            [
              -119.94383966734402,
              34.59784008969732
            ],
            [
              -119.9437406678232,
              34.59795109020517
            ],
            [
              -119.94368690728433,
              34.59800524760873
            ],
            [
              -119.94362665395637,
              34.598054510582195
            ],
            [
              -119.9435126538898,
              34.598138511092216
            ],
            [
              -119.94342131080862,
              34.598196795757254
            ],
            [
              -119.94335819107071,
              34.59823148338811
            ],
            [
              -119.94335819164559,
              34.598289997236776
            ],
            [
              -119.94335435118509,
              34.59835543879309
            ],
            [
              -119.94334286460547,
              34.59842026520124
            ],
            [
              -119.94332383987147,
              34.59848386704351
            ],
            [
              -119.94329745581331,
              34.59854564641257
            ],
            [
              -119.94326396044603,
              34.59860502253245
            ],
            [
              -119.94322366863858,
              34.59866143721835
            ],
            [
              -119.94317695915423,
              34.59871436012417
            ],
            [
              -119.94312427109041,
              34.598763293728474
            ],
            [
              -119.94306609975091,
              34.59880777801171
            ],
            [
              -119.94300299198997,
              34.59884739478106
            ],
            [
              -119.94293554107131,
              34.59888177160205
            ],
            [
              -119.94286754076774,
              34.598912771836794
            ],
            [
              -119.94279234138132,
              34.598943014127414
            ],
            [
              -119.94271379816155,
              34.59896674340298
            ],
            [
              -119.94263273353279,
              34.598983711193014
            ],
            [
              -119.9425714570772,
              34.598991138559384
            ],
            [
              -119.94257185004606,
              34.59900225083602
            ],
            [
              -119.9425710168616,
              34.599058339977155
            ],
            [
              -119.94256456083825,
              34.5991141787331
            ],
            [
              -119.94255252645056,
              34.59916938234167
            ],
            [
              -119.94252252748957,
              34.59928038248445
            ],
            [
              -119.94249788097443,
              34.599352516036674
            ],
            [
              -119.94244388208942,
              34.59948251632118
            ],
            [
              -119.94241817548236,
              34.59953668993784
            ],
            [
              -119.94239605989554,
              34.59957797310038
            ],
            [
              -119.94234961811974,
              34.59971205865181
            ],
            [
              -119.94232316208004,
              34.59977612523948
            ],
            [
              -119.94228908645749,
              34.59983768140207
            ],
            [
              -119.94224773324657,
              34.59989610931038
            ],
            [
              -119.94217173376036,
              34.599992109709056
            ],
            [
              -119.94213120455099,
              34.60003883779419
            ],
            [
              -119.94208601756819,
              34.6000825473885
            ],
            [
              -119.94197901773668,
              34.600177547903016
            ],
            [
              -119.94191725000891,
              34.6002269110285
            ],
            [
              -119.94184955706298,
              34.60027064005259
            ],
            [
              -119.94177668685282,
              34.600308251797195
            ],
            [
              -119.94170881944862,
              34.60033555863257
            ],
            [
              -119.94168420395822,
              34.600448887740875
            ],
            [
              -119.94168021387296,
              34.6004704353493
            ],
            [
              -119.94168021473797,
              34.60055869073424
            ],
            [
              -119.94168910032154,
              34.600590381551775
            ],
            [
              -119.94169844748325,
              34.60062873282061
            ],
            [
              -119.94175945018301,
              34.60092273228185
            ],
            [
              -119.94176976844258,
              34.60099675304875
            ],
            [
              -119.94177016838131,
              34.60107126318067
            ],
            [
              -119.94176316950262,
              34.60118526317043
            ],
            [
              -119.94175964729685,
              34.6012223917385
            ],
            [
              -119.94173836718127,
              34.60138801923001
            ],
            [
              -119.9417314415122,
              34.60147460072565
            ],
            [
              -119.94172998565233,
              34.60149009383565
            ],
            [
              -119.94170698774049,
              34.601703093882655
            ],
            [
              -119.94170517149843,
              34.60171803829161
            ],
            [
              -119.94169017258227,
              34.60182903833614
            ],
            [
              -119.94168872589464,
              34.601839065129866
            ],
            [
              -119.94165772786015,
              34.6020410652355
            ],
            [
              -119.94164062883763,
              34.602117223447735
            ],
            [
              -119.9416131017842,
              34.60219126327782
            ],
            [
              -119.94157020231646,
              34.60228677732951
            ],
            [
              -119.94150934998675,
              34.602458755922726
            ],
            [
              -119.94149748131781,
              34.60248954668822
            ],
            [
              -119.94147351118788,
              34.60254695016747
            ],
            [
              -119.94142220242784,
              34.602730322187405
            ],
            [
              -119.94140222627944,
              34.60278937278236
            ],
            [
              -119.94137585882427,
              34.60284668300208
            ],
            [
              -119.94134331715406,
              34.60290178096438
            ],
            [
              -119.94127531783639,
              34.60300478132848
            ],
            [
              -119.94124358767966,
              34.60304878988442
            ],
            [
              -119.94121991910677,
              34.60307658728028
            ],
            [
              -119.94122342641276,
              34.603082484617445
            ],
            [
              -119.94125059847289,
              34.60314155058701
            ],
            [
              -119.94127097867673,
              34.60320245710181
            ],
            [
              -119.94128438877135,
              34.60326467149469
            ],
            [
              -119.94129071146095,
              34.603327649659136
            ],
            [
              -119.94128989143324,
              34.603390840807705
            ],
            [
              -119.94128193584376,
              34.603453692289065
            ],
            [
              -119.94126691425376,
              34.60351565442127
            ],
            [
              -119.94125091474247,
              34.603568654500165
            ],
            [
              -119.94122697898491,
              34.60363378642288
            ],
            [
              -119.9411952396328,
              34.60369659666073
            ],
            [
              -119.94115601875936,
              34.603756447815464
            ],
            [
              -119.94110971436264,
              34.6038127325161
            ],
            [
              -119.94105679632726,
              34.603864879582865
            ],
            [
              -119.94099780165634,
              34.603912359823674
            ],
            [
              -119.94093332902222,
              34.60395469140464
            ],
            [
              -119.94086403269127,
              34.6039914447401
            ],
            [
              -119.9407906158842,
              34.6040222468523
            ],
            [
              -119.94067661525318,
              34.60406424719431
            ],
            [
              -119.94060834642958,
              34.604086419480005
            ],
            [
              -119.94053794832989,
              34.604103441418154
            ],
            [
              -119.94050745321364,
              34.60410841422399
            ],
            [
              -119.94050636768822,
              34.60411018368188
            ],
            [
              -119.9404383683323,
              34.60421018404519
            ],
            [
              -119.94039261641242,
              34.60426991919601
            ],
            [
              -119.94033956600526,
              34.60432537440946
            ],
            [
              -119.94027979792163,
              34.604375942530616
            ],
            [
              -119.94019579790267,
              34.60443994291186
            ],
            [
              -119.94013394694865,
              34.60448260483458
            ],
            [
              -119.94006731739053,
              34.60452002530461
            ],
            [
              -119.93999655643817,
              34.60455184083188
            ],
            [
              -119.939922351435,
              34.604577742370395
            ],
            [
              -119.93984542318114,
              34.60459747832017
            ],
            [
              -119.93968542204632,
              34.604631478643846
            ],
            [
              -119.93959995576687,
              34.60464567110394
            ],
            [
              -119.93943277992868,
              34.604665833107745
            ],
            [
              -119.93918941471357,
              34.6047115720512
            ],
            [
              -119.93899065621972,
              34.60475209572098
            ],
            [
              -119.9389741695607,
              34.60475530759037
            ],
            [
              -119.9389172029969,
              34.604765891601424
            ],
            [
              -119.93889952718156,
              34.604944204391316
            ],
            [
              -119.93889516288239,
              34.60497785599557
            ],
            [
              -119.93886516469944,
              34.60516485610207
            ],
            [
              -119.93885787227809,
              34.60520224414765
            ],
            [
              -119.93884679340034,
              34.605250415249905
            ],
            [
              -119.93884084270121,
              34.60540368454053
            ],
            [
              -119.93883317008957,
              34.60547686764428
            ],
            [
              -119.9388159355388,
              34.605548929734105
            ],
            [
              -119.93878934268443,
              34.605619019253886
            ],
            [
              -119.9387363436584,
              34.605736019536096
            ],
            [
              -119.93870342057295,
              34.60579881765336
            ],
            [
              -119.93866298344933,
              34.605858539932456
            ],
            [
              -119.93858698401627,
              34.60595854033361
            ],
            [
              -119.93853312001599,
              34.60602119672115
            ],
            [
              -119.93847099793058,
              34.606078389427275
            ],
            [
              -119.93838699798323,
              34.60614738982014
            ],
            [
              -119.93832665842775,
              34.606192258778016
            ],
            [
              -119.93826123449735,
              34.60623195864338
            ],
            [
              -119.93819137126216,
              34.606266097976466
            ],
            [
              -119.93812237093555,
              34.60629609820759
            ],
            [
              -119.93804626005665,
              34.60632517250987
            ],
            [
              -119.93796694707173,
              34.60634764641418
            ],
            [
              -119.93788526668575,
              34.606363283399155
            ],
            [
              -119.9378020785208,
              34.60637191889654
            ],
            [
              -119.9378018448272,
              34.6063719231989
            ],
            [
              -119.93776078760594,
              34.60644213805245
            ],
            [
              -119.93772458643994,
              34.60649734430153
            ],
            [
              -119.9376405871253,
              34.60661234474719
            ],
            [
              -119.93760188196481,
              34.606660543628536
            ],
            [
              -119.9375583322335,
              34.60670582837429
            ],
            [
              -119.93751025716301,
              34.60674786702616
            ],
            [
              -119.93743425719016,
              34.606808867378454
            ],
            [
              -119.93737402398241,
              34.60685267587335
            ],
            [
              -119.93730888646594,
              34.60689139079952
            ],
            [
              -119.93723947221594,
              34.60692463914872
            ],
            [
              -119.93716645001537,
              34.60695210058113
            ],
            [
              -119.9370905234114,
              34.60697351051197
            ],
            [
              -119.93701242393638,
              34.60698866266087
            ],
            [
              -119.93693290405949,
              34.6069974110395
            ],
            [
              -119.93685272993628,
              34.60699967135833
            ],
            [
              -119.93677267402656,
              34.60699542183872
            ],
            [
              -119.93669350765131,
              34.60698470342291
            ],
            [
              -119.93661599356062,
              34.60696761937949
            ],
            [
              -119.9365408785843,
              34.60694433430843
            ],
            [
              -119.93646888643578,
              34.606915072555104
            ],
            [
              -119.93640071073902,
              34.606880116048664
            ],
            [
              -119.93633700834515,
              34.60683980158556
            ],
            [
              -119.93627839300378,
              34.606794517584426
            ],
            [
              -119.9362254294494,
              34.60674470034359
            ],
            [
              -119.93617862796047,
              34.60669082983716
            ],
            [
              -119.93613843944318,
              34.606633425090536
            ],
            [
              -119.93610043980063,
              34.606572424846696
            ],
            [
              -119.93606817918852,
              34.60651396512099
            ],
            [
              -119.93604278014578,
              34.60645323609825
            ],
            [
              -119.93602447232601,
              34.606390786914936
            ],
            [
              -119.93601342125974,
              34.606327182260735
            ],
            [
              -119.93600972685829,
              34.60626299727233
            ],
            [
              -119.93600972742757,
              34.60620499724349
            ],
            [
              -119.93601318039765,
              34.60614295107537
            ],
            [
              -119.93602350890401,
              34.606081429149654
            ],
            [
              -119.93604062567127,
              34.60602095123276
            ],
            [
              -119.9360737445043,
              34.60592421211004
            ],
            [
              -119.93608573062818,
              34.60588226212762
            ],
            [
              -119.93608573202953,
              34.605739997202974
            ],
            [
              -119.93608947643487,
              34.60567539108099
            ],
            [
              -119.9361124783743,
              34.60547739113565
            ],
            [
              -119.93613089229167,
              34.6053857158032
            ],
            [
              -119.93617689377771,
              34.60522571602688
            ],
            [
              -119.93619582490749,
              34.60517043237095
            ],
            [
              -119.9362347863831,
              34.60507271172056
            ],
            [
              -119.93624753312393,
              34.60500133387503
            ],
            [
              -119.9362537410451,
              34.6048298866037
            ],
            [
              -119.93625374162664,
              34.60477041663543
            ],
            [
              -119.93621121835439,
              34.60464284313139
            ],
            [
              -119.93616762345202,
              34.60452900928354
            ],
            [
              -119.9360752124333,
              34.60432178036963
            ],
            [
              -119.93605193810392,
              34.604260857920394
            ],
            [
              -119.9360357262355,
              34.60419839030033
            ],
            [
              -119.93602819745416,
              34.604145335279696
            ],
            [
              -119.93598262425911,
              34.60404967974324
            ],
            [
              -119.93596213803231,
              34.60400139428932
            ],
            [
              -119.9359311387069,
              34.603918394057246
            ],
            [
              -119.93591281530472,
              34.60386029246942
            ],
            [
              -119.9359008018587,
              34.60380107533113
            ],
            [
              -119.93589519320744,
              34.603741210190634
            ],
            [
              -119.93589603362017,
              34.603681169711486
            ],
            [
              -119.93590331644754,
              34.60362142794065
            ],
            [
              -119.9359183172702,
              34.60353642799812
            ],
            [
              -119.93592966092584,
              34.603485757936824
            ],
            [
              -119.93596066199231,
              34.603371758084826
            ],
            [
              -119.93598194092714,
              34.603308184726544
            ],
            [
              -119.93601061464881,
              34.60324662971428
            ],
            [
              -119.93604640991936,
              34.60318767958327
            ],
            [
              -119.93608898564435,
              34.60313189604647
            ],
            [
              -119.93617298611665,
              34.603032896481906
            ],
            [
              -119.93621876917418,
              34.602983879913076
            ],
            [
              -119.93626978727916,
              34.60293853514396
            ],
            [
              -119.93632561187833,
              34.602897243063694
            ],
            [
              -119.93638577404668,
              34.602860350518846
            ],
            [
              -119.9366437720341,
              34.6027168104077
            ],
            [
              -119.93672801340043,
              34.60266468632171
            ],
            [
              -119.93674538838867,
              34.60259855167987
            ],
            [
              -119.9367665555107,
              34.60253370672462
            ],
            [
              -119.93679540313069,
              34.60247091956754
            ],
            [
              -119.93682348748585,
              34.60242434176837
            ],
            [
              -119.93675511651665,
              34.60242934795708
            ],
            [
              -119.93666706253978,
              34.60242792813337
            ],
            [
              -119.93657970466548,
              34.60241868148015
            ],
            [
              -119.93648070388404,
              34.60240368140055
            ],
            [
              -119.93639963272253,
              34.60238782843242
            ],
            [
              -119.93632093465607,
              34.60236523320592
            ],
            [
              -119.93626748408553,
              34.60234463179145
            ],
            [
              -119.93624638902546,
              34.602345280869415
            ],
            [
              -119.93616567697636,
              34.60234446588129
            ],
            [
              -119.93608545585757,
              34.60233707111401
            ],
            [
              -119.93600650828198,
              34.602323168707734
            ],
            [
              -119.93592960443753,
              34.60230289428913
            ],
            [
              -119.9358554945729,
              34.60227644564825
            ],
            [
              -119.93578490167798,
              34.60224408080877
            ],
            [
              -119.93571851443012,
              34.60220611551073
            ],
            [
              -119.93565698047536,
              34.60216292013011
            ],
            [
              -119.93560090011006,
              34.60211491606527
            ],
            [
              -119.93555082042457,
              34.60206257162585
            ],
            [
              -119.9355072299661,
              34.60200639746382
            ],
            [
              -119.93547055397272,
              34.601946941591514
            ],
            [
              -119.93544115022547,
              34.60188478403528
            ],
            [
              -119.93541930555823,
              34.60182053117673
            ],
            [
              -119.9354052330601,
              34.60175480983707
            ],
            [
              -119.93539906999729,
              34.60168826116183
            ],
            [
              -119.93540087647463,
              34.601621534366195
            ],
            [
              -119.9354088773784,
              34.6015295343737
            ],
            [
              -119.93541830261734,
              34.601464890999296
            ],
            [
              -119.935435208093,
              34.601401297776505
            ],
            [
              -119.93545943683483,
              34.60133934511579
            ],
            [
              -119.93549076388328,
              34.601279608195
            ],
            [
              -119.93552889837854,
              34.60122264161944
            ],
            [
              -119.93557348626169,
              34.601168974272966
            ],
            [
              -119.93562411356228,
              34.60111910440793
            ],
            [
              -119.93568031024175,
              34.601073495019534
            ],
            [
              -119.935794310175,
              34.60098949552957
            ],
            [
              -119.9358557922213,
              34.600948426214
            ],
            [
              -119.93592178462136,
              34.600912460031125
            ],
            [
              -119.93599167010579,
              34.600881933392024
            ],
            [
              -119.93625791570992,
              34.60077892723318
            ],
            [
              -119.9364962670526,
              34.60066018527192
            ],
            [
              -119.93658879600379,
              34.60062050586219
            ],
            [
              -119.93684539374408,
              34.60052712142149
            ],
            [
              -119.93688610491492,
              34.60050676590305
            ],
            [
              -119.93703456261483,
              34.60041405857985
            ],
            [
              -119.93710134171893,
              34.600355480781
            ],
            [
              -119.93716556818066,
              34.600304939902855
            ],
            [
              -119.93723603803046,
              34.60026044980601
            ],
            [
              -119.93745803735635,
              34.600135450674884
            ],
            [
              -119.93751900639228,
              34.6001042669866
            ],
            [
              -119.93758304586039,
              34.60007762163057
            ],
            [
              -119.9376496629451,
              34.600055719654314
            ],
            [
              -119.93771834499643,
              34.60003872960265
            ],
            [
              -119.93788120372515,
              34.60000480078755
            ],
            [
              -119.9379253520823,
              34.599979402777436
            ],
            [
              -119.93793130949632,
              34.5999740127712
            ],
            [
              -119.93795162085344,
              34.59995327626403
            ],
            [
              -119.93791689185447,
              34.599731298786814
            ],
            [
              -119.93788097352602,
              34.59954035475532
            ],
            [
              -119.93785146587561,
              34.59939084206299
            ],
            [
              -119.93784833922967,
              34.59937360374619
            ],
            [
              -119.93780234183625,
              34.599095603309486
            ],
            [
              -119.93779540247697,
              34.59902996789669
            ],
            [
              -119.93778740415287,
              34.59885796775825
            ],
            [
              -119.93778900460964,
              34.59878240718866
            ],
            [
              -119.93780079822905,
              34.59870746691157
            ],
            [
              -119.93780712428914,
              34.59867956860601
            ],
            [
              -119.93779545766317,
              34.5986453455481
            ],
            [
              -119.93777880288982,
              34.598586543256616
            ],
            [
              -119.93776856369186,
              34.598526746192675
            ],
            [
              -119.93776482184163,
              34.59846643198803
            ],
            [
              -119.93776382307682,
              34.59834043191868
            ],
            [
              -119.93776746550738,
              34.59827211907359
            ],
            [
              -119.93777943811081,
              34.59820446036471
            ],
            [
              -119.93779255450542,
              34.598161360053815
            ],
            [
              -119.93779032085116,
              34.59815573136621
            ],
            [
              -119.93776205535781,
              34.598066221334854
            ],
            [
              -119.93772130325847,
              34.59794549958075
            ],
            [
              -119.93768917942813,
              34.59787636215858
            ],
            [
              -119.93766850794914,
              34.59782604693567
            ],
            [
              -119.93765268158592,
              34.597774544114024
            ],
            [
              -119.9375986834575,
              34.59756454366622
            ],
            [
              -119.93759407825416,
              34.59754525915935
            ],
            [
              -119.93757907887398,
              34.59747725902933
            ],
            [
              -119.93756835375754,
              34.59740922692984
            ],
            [
              -119.93756602607911,
              34.597340646190496
            ],
            [
              -119.93757211981186,
              34.59727222374667
            ],
            [
              -119.93758657212058,
              34.597204664900225
            ],
            [
              -119.93760923401028,
              34.59713866604936
            ],
            [
              -119.9376398718627,
              34.59707490751011
            ],
            [
              -119.93767816984536,
              34.597014046503745
            ],
            [
              -119.9377237331677,
              34.596956710382365
            ],
            [
              -119.937754733321,
              34.596921710541636
            ],
            [
              -119.93775575797379,
              34.59692055625343
            ],
            [
              -119.93788475860295,
              34.596775556915574
            ],
            [
              -119.93793251912061,
              34.59672679002766
            ],
            [
              -119.93798554434215,
              34.5966818971238
            ],
            [
              -119.93804337697668,
              34.596641265354016
            ],
            [
              -119.93810551827704,
              34.596605245120244
            ],
            [
              -119.93818396103731,
              34.59656413047984
            ],
            [
              -119.93833269163372,
              34.596447890171206
            ],
            [
              -119.93839459885538,
              34.596404124716535
            ],
            [
              -119.93847361659016,
              34.596353675197506
            ],
            [
              -119.93855143097625,
              34.59628542857934
            ],
            [
              -119.9386177842155,
              34.596233400636294
            ],
            [
              -119.9386907511888,
              34.59618782855956
            ],
            [
              -119.93882689145182,
              34.5961123057853
            ],
            [
              -119.93884611696382,
              34.59610158207483
            ],
            [
              -119.93880850015478,
              34.596063321785465
            ],
            [
              -119.93876171613385,
              34.59600398250836
            ],
            [
              -119.9387227010985,
              34.595940919329095
            ],
            [
              -119.93869188376408,
              34.59587482524315
            ],
            [
              -119.93863708486862,
              34.595736024839134
            ],
            [
              -119.9386160069151,
              34.595672200011094
            ],
            [
              -119.93860257781064,
              34.595606976568746
            ],
            [
              -119.93859692627285,
              34.5955409797638
            ],
            [
              -119.93859910646054,
              34.59547484226022
            ],
            [
              -119.93860909745528,
              34.59540919806929
            ],
            [
              -119.93862680346257,
              34.59534467647177
            ],
            [
              -119.93865205473094,
              34.59528189598543
            ],
            [
              -119.93868374698997,
              34.595223059098366
            ],
            [
              -119.93867215936145,
              34.595157879361935
            ],
            [
              -119.93866833895488,
              34.59509146344265
            ],
            [
              -119.93867243015187,
              34.5950250585531
            ],
            [
              -119.93868439332327,
              34.59495930761297
            ],
            [
              -119.93870411262559,
              34.594894847209005
            ],
            [
              -119.93873139712318,
              34.59483230143179
            ],
            [
              -119.93876598263743,
              34.59477227583344
            ],
            [
              -119.93880753430521,
              34.594715351565036
            ],
            [
              -119.9388556498213,
              34.59466207975014
            ],
            [
              -119.93890986333405,
              34.59461297614922
            ],
            [
              -119.93896964995558,
              34.59456851616646
            ],
            [
              -119.93903443084403,
              34.59452913024716
            ],
            [
              -119.93908503067956,
              34.59450143044206
            ],
            [
              -119.93915703170684,
              34.594466258494755
            ],
            [
              -119.93923300253782,
              34.59443735594407
            ],
            [
              -119.93931214756076,
              34.59441502547232
            ],
            [
              -119.93933067873255,
              34.59441149514766
            ],
            [
              -119.93930874837174,
              34.59437117093168
            ],
            [
              -119.93927597269342,
              34.59430059399692
            ],
            [
              -119.93925293570558,
              34.59422743113346
            ],
            [
              -119.9392399257402,
              34.59415259813181
            ],
            [
              -119.93923192646933,
              34.594076598041575
            ],
            [
              -119.93922894530245,
              34.59400760779622
            ],
            [
              -119.93923449143757,
              34.59393872603837
            ],
            [
              -119.9392485069707,
              34.5938706716615
            ],
            [
              -119.93927084560647,
              34.59380415492221
            ],
            [
              -119.93930127418608,
              34.59373987002769
            ],
            [
              -119.93933947512126,
              34.59367848789063
            ],
            [
              -119.93938504970961,
              34.593620649127374
            ],
            [
              -119.93943752229622,
              34.59356695737235
            ],
            [
              -119.93946727645442,
              34.59354217981542
            ],
            [
              -119.93947550335355,
              34.5934754565045
            ],
            [
              -119.93949050412516,
              34.59339545656431
            ],
            [
              -119.93950575134917,
              34.593333465986326
            ],
            [
              -119.93952794157221,
              34.59327292612121
            ],
            [
              -119.93955688031147,
              34.59321436751965
            ],
            [
              -119.93959231394412,
              34.59315830336805
            ],
            [
              -119.93963393192999,
              34.59310522499128
            ],
            [
              -119.93968136953372,
              34.59305559754697
            ],
            [
              -119.93973195040356,
              34.593011812827235
            ],
            [
              -119.93972608814903,
              34.59296404439643
            ],
            [
              -119.93972544178413,
              34.59290149819197
            ],
            [
              -119.93973179144841,
              34.59283917050256
            ],
            [
              -119.93974508272417,
              34.59277759533319
            ],
            [
              -119.9397652017206,
              34.592717300240295
            ],
            [
              -119.93978020205142,
              34.59267930031874
            ],
            [
              -119.93980918204788,
              34.59261662236312
            ],
            [
              -119.93984553620474,
              34.59255663033872
            ],
            [
              -119.93988890602131,
              34.592499915820795
            ],
            [
              -119.93993886381874,
              34.59244703806413
            ],
            [
              -119.93999491695757,
              34.59239851848852
            ],
            [
              -119.94005651269612,
              34.592354835537385
            ],
            [
              -119.9401230436409,
              34.59231641996004
            ],
            [
              -119.94019385373623,
              34.5922836505645
            ],
            [
              -119.94023285353985,
              34.59226765069024
            ],
            [
              -119.940301718622,
              34.59224259571238
            ],
            [
              -119.94037307833909,
              34.59222288479167
            ],
            [
              -119.94044632776917,
              34.59220868501798
            ],
            [
              -119.9405208459723,
              34.59220011676276
            ],
            [
              -119.94059600125404,
              34.59219725265872
            ],
            [
              -119.94085499915315,
              34.592197252765466
            ],
            [
              -119.94087068260207,
              34.592197377232075
            ],
            [
              -119.94098879003295,
              34.5921992520671
            ],
            [
              -119.9409984629911,
              34.592191610826625
            ],
            [
              -119.94105985114761,
              34.59215164934104
            ],
            [
              -119.94112557346656,
              34.59211671865454
            ],
            [
              -119.9411950291788,
              34.592087138065786
            ],
            [
              -119.94126758339077,
              34.592063177968136
            ],
            [
              -119.94134257288775,
              34.592045057378115
            ],
            [
              -119.94141931219603,
              34.59203294193362
            ],
            [
              -119.94149709984839,
              34.59202694237988
            ],
            [
              -119.94156251024891,
              34.592024497169234
            ],
            [
              -119.94154003018565,
              34.59194630308937
            ],
            [
              -119.94152571992394,
              34.59188343491493
            ],
            [
              -119.94151866264168,
              34.59181972937702
            ],
            [
              -119.94151892157156,
              34.59175575742109
            ],
            [
              -119.94152649437613,
              34.59169209237899
            ],
            [
              -119.94154131316955,
              34.591629304830626
            ],
            [
              -119.94156324512653,
              34.59156795749036
            ],
            [
              -119.94159209367324,
              34.59150860016377
            ],
            [
              -119.94160125066105,
              34.591493942589985
            ],
            [
              -119.9415619687115,
              34.59147274713959
            ],
            [
              -119.94150034086246,
              34.5914319764231
            ],
            [
              -119.94144375661651,
              34.591386479178304
            ],
            [
              -119.9413927438186,
              34.5913366798313
            ],
            [
              -119.9413477783372,
              34.591283042940155
            ],
            [
              -119.94130927962541,
              34.5912260688611
            ],
            [
              -119.94127760680816,
              34.59116628908069
            ],
            [
              -119.9412530553324,
              34.591104261257655
            ],
            [
              -119.94122605601736,
              34.59102296104895
            ],
            [
              -119.94120866726756,
              34.59095836361441
            ],
            [
              -119.94119900257213,
              34.590892669330074
            ],
            [
              -119.94119715460826,
              34.59082650827835
            ],
            [
              -119.9412031410814,
              34.59076051501699
            ],
            [
              -119.94121690455621,
              34.590695322493
            ],
            [
              -119.94124090537866,
              34.59060732260756
            ],
            [
              -119.94126117714424,
              34.59054641573936
            ],
            [
              -119.94128823780518,
              34.59048734052455
            ],
            [
              -119.94132185085557,
              34.59043061323951
            ],
            [
              -119.94136172252783,
              34.59037672964027
            ],
            [
              -119.94137848862798,
              34.59035821040148
            ],
            [
              -119.94136610857628,
              34.59035209853542
            ],
            [
              -119.94135742671324,
              34.590347362970704
            ],
            [
              -119.94132066879645,
              34.5903364216942
            ],
            [
              -119.94119066791706,
              34.59029442142297
            ],
            [
              -119.941116269644,
              34.59026677044738
            ],
            [
              -119.94104557554924,
              34.590233123097164
            ],
            [
              -119.94097929007401,
              34.590193814657304
            ],
            [
              -119.94091807372652,
              34.590149236823514
            ],
            [
              -119.94086253649985,
              34.59009983379881
            ],
            [
              -119.94081323179367,
              34.590046097867045
            ],
            [
              -119.94077065089992,
              34.58998856448717
            ],
            [
              -119.9407352181074,
              34.58992780695734
            ],
            [
              -119.9407072864744,
              34.58986443070203
            ],
            [
              -119.94068713431098,
              34.58979906723897
            ],
            [
              -119.94067496240638,
              34.589732367886214
            ],
            [
              -119.94067089202888,
              34.58966499727183
            ],
            [
              -119.94067089250944,
              34.589615997247414
            ],
            [
              -119.94067503714061,
              34.58954802739065
            ],
            [
              -119.94068742764541,
              34.58948074700771
            ],
            [
              -119.94070665870677,
              34.589418950423855
            ],
            [
              -119.94069957973534,
              34.589407432506995
            ],
            [
              -119.9405925810092,
              34.5892134317921
            ],
            [
              -119.94056176182806,
              34.58914899057206
            ],
            [
              -119.94053076242463,
              34.58907299034557
            ],
            [
              -119.94050535657588,
              34.58899593740191
            ],
            [
              -119.9404911207902,
              34.5889169437093
            ],
            [
              -119.94048412141318,
              34.58885194363109
            ],
            [
              -119.94048101213352,
              34.58880317272294
            ],
            [
              -119.94048001262266,
              34.588753172691405
            ],
            [
              -119.94048277722631,
              34.58868535372861
            ],
            [
              -119.94049375231958,
              34.58861810600542
            ],
            [
              -119.94051282721162,
              34.5885521076366
            ],
            [
              -119.94053980953571,
              34.588488024137014
            ],
            [
              -119.94057442718959,
              34.58842650171077
            ],
            [
              -119.94061633108024,
              34.58836816073515
            ],
            [
              -119.94066509864444,
              34.58831358950511
            ],
            [
              -119.94072023811033,
              34.58826333830122
            ],
            [
              -119.94078119345663,
              34.58821791384104
            ],
            [
              -119.94084735001967,
              34.58817777416972
            ],
            [
              -119.94091804069139,
              34.5881433240416
            ],
            [
              -119.94099255264634,
              34.58811491083895
            ],
            [
              -119.94107013452917,
              34.58809282106934
            ],
            [
              -119.94115000403089,
              34.58807727747684
            ],
            [
              -119.94123135577682,
              34.58806843679616
            ],
            [
              -119.94131336944717,
              34.5880663881723
            ],
            [
              -119.94139521804834,
              34.58807115226176
            ],
            [
              -119.94147607625133,
              34.588082681024304
            ],
            [
              -119.94155512871345,
              34.58810085820741
            ],
            [
              -119.94162412821964,
              34.588119858086934
            ],
            [
              -119.94169917842076,
              34.5881439822172
            ],
            [
              -119.94187517730577,
              34.588208981794594
            ],
            [
              -119.9419338874231,
              34.588233162884464
            ],
            [
              -119.94202575922928,
              34.58823062850747
            ],
            [
              -119.9421086142559,
              34.58823181994088
            ],
            [
              -119.94219089726954,
              34.58823994559979
            ],
            [
              -119.94227176196823,
              34.58825492190868
            ],
            [
              -119.94235037663704,
              34.58827659483128
            ],
            [
              -119.9424259327017,
              34.588304741454884
            ],
            [
              -119.94249765304468,
              34.58833907228293
            ],
            [
              -119.94256479999747,
              34.5883792342123
            ],
            [
              -119.94262668292748,
              34.588424814165016
            ],
            [
              -119.94268266534124,
              34.58847534333655
            ],
            [
              -119.94272066540282,
              34.58851334313781
            ],
            [
              -119.94274181770518,
              34.58853677698767
            ],
            [
              -119.9427490079308,
              34.58853623329774
            ],
            [
              -119.94280996295062,
              34.58853539884645
            ],
            [
              -119.94284720377371,
              34.58853603836022
            ],
            [
              -119.94288295376478,
              34.58853216852163
            ],
            [
              -119.94295783959423,
              34.58852694483656
            ],
            [
              -119.94303298900587,
              34.588527433259635
            ],
            [
              -119.94310776630732,
              34.588533629658535
            ],
            [
              -119.94318153895377,
              34.5885454816168
            ],
            [
              -119.9432536828985,
              34.5885628888774
            ],
            [
              -119.94332078242232,
              34.588581888756444
            ],
            [
              -119.94339763791275,
              34.58860731631709
            ],
            [
              -119.94347098824636,
              34.588639044168175
            ],
            [
              -119.94354008063576,
              34.58867674669064
            ],
            [
              -119.94360420598974,
              34.58872003694789
            ],
            [
              -119.94366270619015,
              34.588768470656696
            ],
            [
              -119.9437149808462,
              34.588821550746594
            ],
            [
              -119.94372313148641,
              34.588831791159514
            ],
            [
              -119.94372711850802,
              34.58883361413108
            ],
            [
              -119.94375427343161,
              34.5887745194371
            ],
            [
              -119.94379242033254,
              34.58871193765621
            ],
            [
              -119.94383819968904,
              34.58865295996184
            ],
            [
              -119.943884199931,
              34.58859996019909
            ],
            [
              -119.94395645053386,
              34.588527845000314
            ],
            [
              -119.94400945060225,
              34.5884818452531
            ],
            [
              -119.94406502630821,
              34.58843794316228
            ],
            [
              -119.9441253437335,
              34.58839855357682
            ],
            [
              -119.94418986924734,
              34.588364024973124
            ],
            [
              -119.94430886875577,
              34.58830672539802
            ],
            [
              -119.9443799240772,
              34.58827626253337
            ],
            [
              -119.9444542421728,
              34.58825169483863
            ],
            [
              -119.94453111001218,
              34.588233258022015
            ],
            [
              -119.94460979010383,
              34.58822112897026
            ],
            [
              -119.94468952757055,
              34.5882154240516
            ],
            [
              -119.94477052691799,
              34.588212924104965
            ],
            [
              -119.94485247695823,
              34.588213796369196
            ],
            [
              -119.94493390911035,
              34.58822145355561
            ],
            [
              -119.94501400412908,
              34.588235818628355
            ],
            [
              -119.94509195622055,
              34.5882567470671
            ],
            [
              -119.94516698114859,
              34.58828402832093
            ],
            [
              -119.94523832412375,
              34.58831738792647
            ],
            [
              -119.94525105203898,
              34.58832405734852
            ],
            [
              -119.94524349978289,
              34.58830106745319
            ],
            [
              -119.94523008133346,
              34.588234678649144
            ],
            [
              -119.94522471564146,
              34.58816751518749
            ],
            [
              -119.94522507251224,
              34.588158754300885
            ],
            [
              -119.94522433958697,
              34.58815685874524
            ],
            [
              -119.94520777381875,
              34.58809381488669
            ],
            [
              -119.94519855322035,
              34.588029751852105
            ],
            [
              -119.94519676182138,
              34.58796525358089
            ],
            [
              -119.9451982726435,
              34.587914858984995
            ],
            [
              -119.94518759656185,
              34.587842909320536
            ],
            [
              -119.94518168703172,
              34.587774550716844
            ],
            [
              -119.94518418003213,
              34.5877060486474
            ],
            [
              -119.94519504990016,
              34.58763810770436
            ],
            [
              -119.94521418481138,
              34.587571426706575
            ],
            [
              -119.9452413879308,
              34.587506691511784
            ],
            [
              -119.94527637943845,
              34.58744456796225
            ],
            [
              -119.94531879940797,
              34.58738569503625
            ],
            [
              -119.94536821150943,
              34.58733067827602
            ],
            [
              -119.94543741173074,
              34.58726127862131
            ],
            [
              -119.94549180699138,
              34.587211914167995
            ],
            [
              -119.94555182872885,
              34.587167231597746
            ],
            [
              -119.94561689062306,
              34.58712766738329
            ],
            [
              -119.94568635712307,
              34.58709360799895
            ],
            [
              -119.94575954965524,
              34.58706538614565
            ],
            [
              -119.94583575325147,
              34.587043277501294
            ],
            [
              -119.94591422353297,
              34.58702749802799
            ],
            [
              -119.94599419398115,
              34.58701820186269
            ],
            [
              -119.94607488342473,
              34.58701547981166
            ],
            [
              -119.94615550366974,
              34.587019358463586
            ],
            [
              -119.94626190281042,
              34.587028858431054
            ],
            [
              -119.94633110213287,
              34.58703753038589
            ],
            [
              -119.94639915024634,
              34.587051068151766
            ],
            [
              -119.94644547345247,
              34.5870638383637
            ],
            [
              -119.94645129410017,
              34.58706377605466
            ],
            [
              -119.94653625390133,
              34.58707022467545
            ],
            [
              -119.94661993750336,
              34.58708396480711
            ],
            [
              -119.94670143253623,
              34.58710484664521
            ],
            [
              -119.94677985048963,
              34.587132642522086
            ],
            [
              -119.94685433639945,
              34.58716704938878
            ],
            [
              -119.9469240781685,
              34.58720769211899
            ],
            [
              -119.947049798936,
              34.5872894028148
            ],
            [
              -119.94717078378447,
              34.58734974774888
            ],
            [
              -119.94720308682892,
              34.58736672562175
            ],
            [
              -119.94738242468812,
              34.587465933717965
            ],
            [
              -119.94746213814382,
              34.587489538175134
            ],
            [
              -119.9474840325875,
              34.58749440361077
            ],
            [
              -119.9475619890251,
              34.58751524467631
            ],
            [
              -119.9475714300367,
              34.58751866582423
            ],
            [
              -119.947608840703,
              34.58751715615194
            ],
            [
              -119.94767744014655,
              34.58751725617948
            ],
            [
              -119.9477575260456,
              34.587520627195964
            ],
            [
              -119.94783682672393,
              34.58753047424905
            ],
            [
              -119.94786594893571,
              34.58753655261282
            ],
            [
              -119.94780197186118,
              34.58748281883968
            ],
            [
              -119.9477329719192,
              34.58741781849043
            ],
            [
              -119.94768750755692,
              34.58737093902803
            ],
            [
              -119.94764725912327,
              34.58732090439611
            ],
            [
              -119.94761254493405,
              34.58726811031856
            ],
            [
              -119.94758363953306,
              34.58721297434303
            ],
            [
              -119.9475536400138,
              34.58714797413136
            ],
            [
              -119.94752829621049,
              34.58708353348981
            ],
            [
              -119.94751088372207,
              34.587017317634036
            ],
            [
              -119.94750157763212,
              34.58694999243955
            ],
            [
              -119.94750047150411,
              34.58688223493592
            ],
            [
              -119.94750757644145,
              34.586814726498496
            ],
            [
              -119.94751457684862,
              34.586772726524075
            ],
            [
              -119.94752892098647,
              34.586709257033654
            ],
            [
              -119.9475505242695,
              34.5866472095204
            ],
            [
              -119.94757918944167,
              34.586587150483645
            ],
            [
              -119.94761465477258,
              34.58652962826648
            ],
            [
              -119.9476565964479,
              34.58647516804947
            ],
            [
              -119.94770463152612,
              34.586424267055875
            ],
            [
              -119.9477583214351,
              34.58637739001213
            ],
            [
              -119.94781717597664,
              34.58633496490509
            ],
            [
              -119.94787506936389,
              34.58630068783671
            ],
            [
              -119.94786640640265,
              34.586284611436845
            ],
            [
              -119.9478418985265,
              34.58622453009741
            ],
            [
              -119.94782430784394,
              34.58616281343862
            ],
            [
              -119.94781378922502,
              34.586100004873266
            ],
            [
              -119.94781090408678,
              34.58604551216655
            ],
            [
              -119.9478024562074,
              34.58603114681013
            ],
            [
              -119.94767245775797,
              34.58579514594105
            ],
            [
              -119.94764308115168,
              34.58573411314708
            ],
            [
              -119.94762100887662,
              34.58567100969528
            ],
            [
              -119.9475372154392,
              34.58537894273326
            ],
            [
              -119.94747177606963,
              34.58523700730631
            ],
            [
              -119.94728859277905,
              34.58530618938826
            ],
            [
              -119.94728045965242,
              34.58530921672597
            ],
            [
              -119.94702137515482,
              34.58540425062693
            ],
            [
              -119.94681886304566,
              34.58548113313674
            ],
            [
              -119.94678704973066,
              34.5854925412589
            ],
            [
              -119.94664204887866,
              34.585541541668555
            ],
            [
              -119.946544661812,
              34.58556867789492
            ],
            [
              -119.94636056196005,
              34.5856095147647
            ],
            [
              -119.94632153975151,
              34.58562678692159
            ],
            [
              -119.94630233947898,
              34.585635016952594
            ],
            [
              -119.9460733383392,
              34.58573001769631
            ],
            [
              -119.94599417844098,
              34.585758631173825
            ],
            [
              -119.94591180801366,
              34.585780172238
            ],
            [
              -119.94582714791845,
              34.585794400068565
            ],
            [
              -119.94570514697936,
              34.585809400236194
            ],
            [
              -119.94563102863725,
              34.585815672849144
            ],
            [
              -119.94555652755555,
              34.58581633555466
            ],
            [
              -119.94548226322115,
              34.58581138284145
            ],
            [
              -119.94544867034753,
              34.58580656565383
            ],
            [
              -119.94541318811049,
              34.58584807671985
            ],
            [
              -119.94536188126065,
              34.585902058008166
            ],
            [
              -119.9453042156356,
              34.58595145460988
            ],
            [
              -119.9450832156231,
              34.586122455618806
            ],
            [
              -119.94503738438351,
              34.58615536472646
            ],
            [
              -119.94498872572639,
              34.586185369316844
            ],
            [
              -119.94488172541206,
              34.5862463697384
            ],
            [
              -119.94482617252905,
              34.58627538646842
            ],
            [
              -119.94469617198429,
              34.58633738692984
            ],
            [
              -119.94462365888448,
              34.58636809289982
            ],
            [
              -119.94454780895946,
              34.586392674322525
            ],
            [
              -119.94441080806806,
              34.58643067465882
            ],
            [
              -119.94433577554047,
              34.586448240545856
            ],
            [
              -119.94425905992092,
              34.58645981073696
            ],
            [
              -119.9441813599974,
              34.58646527984054
            ],
            [
              -119.94410338352448,
              34.58646459803864
            ],
            [
              -119.9440258407761,
              34.58645777154081
            ],
            [
              -119.94394943807555,
              34.58644486252752
            ],
            [
              -119.94391143778691,
              34.58643686247959
            ],
            [
              -119.94383148070959,
              34.586416370057286
            ],
            [
              -119.94375447845782,
              34.58638921937914
            ],
            [
              -119.94368123924559,
              34.586355695418106
            ],
            [
              -119.94361253178758,
              34.58631615004092
            ],
            [
              -119.94354907723047,
              34.58627099831476
            ],
            [
              -119.94349154158343,
              34.586220714150414
            ],
            [
              -119.94344052872789,
              34.58616582532789
            ],
            [
              -119.94339657407905,
              34.586106907956626
            ],
            [
              -119.94333557457884,
              34.58601490757401
            ],
            [
              -119.94330057318912,
              34.585955374024806
            ],
            [
              -119.94327278311964,
              34.585893293760236
            ],
            [
              -119.9432524710511,
              34.5858292625541
            ],
            [
              -119.94323983189746,
              34.58576389490179
            ],
            [
              -119.94323498693608,
              34.585697818122895
            ],
            [
              -119.94323798264445,
              34.58563166634093
            ],
            [
              -119.9432487902549,
              34.58556607439772
            ],
            [
              -119.9432777668771,
              34.585437616930946
            ],
            [
              -119.9432878964565,
              34.58538903484035
            ],
            [
              -119.94325651614923,
              34.58537968730245
            ],
            [
              -119.94318368335834,
              34.5853509988379
            ],
            [
              -119.94304668259885,
              34.58528999844287
            ],
            [
              -119.94304364221716,
              34.585288637823126
            ],
            [
              -119.94281464095913,
              34.58518563715651
            ],
            [
              -119.94274505387784,
              34.585150508899225
            ],
            [
              -119.94268004603836,
              34.58510982018077
            ],
            [
              -119.94261609699906,
              34.58506547584841
            ],
            [
              -119.94260479749252,
              34.585060782200564
            ],
            [
              -119.94246109953808,
              34.585014177508185
            ],
            [
              -119.94235530354608,
              34.58499977596261
            ],
            [
              -119.94230641149406,
              34.58499184722769
            ],
            [
              -119.94228156649542,
              34.58498716335462
            ],
            [
              -119.94212119528581,
              34.58498963060437
            ],
            [
              -119.9420464331323,
              34.58498794929788
            ],
            [
              -119.94197217007684,
              34.58498062114817
            ],
            [
              -119.94189902835983,
              34.584967707556096
            ],
            [
              -119.94182762082576,
              34.58494931672217
            ],
            [
              -119.94175854578766,
              34.58492560273999
            ],
            [
              -119.9416923820137,
              34.58489676430497
            ],
            [
              -119.94162968387755,
              34.58486304304947
            ],
            [
              -119.94153868353374,
              34.5848090427127
            ],
            [
              -119.94147099721478,
              34.584764191213644
            ],
            [
              -119.94144917349709,
              34.584746275713286
            ],
            [
              -119.94134646264328,
              34.5847754135417
            ],
            [
              -119.94125243127948,
              34.58480675739693
            ],
            [
              -119.94119494393378,
              34.58482388254652
            ],
            [
              -119.9411360699027,
              34.5848374066959
            ],
            [
              -119.94107506946277,
              34.584849406812516
            ],
            [
              -119.94099379021962,
              34.5848618417433
            ],
            [
              -119.94091140777411,
              34.58486742118301
            ],
            [
              -119.9408287652824,
              34.584866088027006
            ],
            [
              -119.94074670856254,
              34.58485785591859
            ],
            [
              -119.94066607743717,
              34.58484280910961
            ],
            [
              -119.94058769713779,
              34.58482110159798
            ],
            [
              -119.94051236985796,
              34.584792955551585
            ],
            [
              -119.94044086654282,
              34.58475865903435
            ],
            [
              -119.94037391899816,
              34.58471856305778
            ],
            [
              -119.94031221240058,
              34.58467307798836
            ],
            [
              -119.94025637828456,
              34.58462266934738
            ],
            [
              -119.94020237837199,
              34.58456866906507
            ],
            [
              -119.94015240251684,
              34.584513127930435
            ],
            [
              -119.94010956033414,
              34.58445364916352
            ],
            [
              -119.94007430151923,
              34.58439085710701
            ],
            [
              -119.9400469961628,
              34.58432541088163
            ],
            [
              -119.94002793086675,
              34.58425799746713
            ],
            [
              -119.94001730573656,
              34.58418932449101
            ],
            [
              -119.94001030646828,
              34.5841133244072
            ],
            [
              -119.94000852695369,
              34.584036538636674
            ],
            [
              -119.94001729355989,
              34.58396008177714
            ],
            [
              -119.94004993791108,
              34.58378312446576
            ],
            [
              -119.94000515259657,
              34.58375846003129
            ],
            [
              -119.93994698982168,
              34.583723270399254
            ],
            [
              -119.93989280242043,
              34.58368397895323
            ],
            [
              -119.93984301193531,
              34.58364089135843
            ],
            [
              -119.93979800570142,
              34.58359434281159
            ],
            [
              -119.93976800580316,
              34.5835603426446
            ],
            [
              -119.93972113308948,
              34.58350089782982
            ],
            [
              -119.93968205696324,
              34.5834377150952
            ],
            [
              -119.93965120840784,
              34.583371491331995
            ],
            [
              -119.93962892765579,
              34.58330295697178
            ],
            [
              -119.93961546043668,
              34.58323286792974
            ],
            [
              -119.93961095526785,
              34.58316199726698
            ],
            [
              -119.93961095553257,
              34.58313499725351
            ],
            [
              -119.93961563769219,
              34.58306276279743
            ],
            [
              -119.93962962908164,
              34.582991356172556
            ],
            [
              -119.93965276934343,
              34.58292159565948
            ],
            [
              -119.93968479328063,
              34.58285428067322
            ],
            [
              -119.93972533389694,
              34.582790182602416
            ],
            [
              -119.93980844948015,
              34.58267432597409
            ],
            [
              -119.93982714579062,
              34.582643063776125
            ],
            [
              -119.93984594137008,
              34.58259321591049
            ],
            [
              -119.93984266501934,
              34.58249114997757
            ],
            [
              -119.93978102541048,
              34.58229008111397
            ],
            [
              -119.93976489357017,
              34.58222362773322
            ],
            [
              -119.93973579558521,
              34.582062172271144
            ],
            [
              -119.93967709978831,
              34.58179466173331
            ],
            [
              -119.93966618808876,
              34.58172376349176
            ],
            [
              -119.93965620915621,
              34.581611987371865
            ],
            [
              -119.93963849008985,
              34.58155214735195
            ],
            [
              -119.93958374133132,
              34.58155146911159
            ],
            [
              -119.93950810590196,
              34.5815446784431
            ],
            [
              -119.93943356210616,
              34.58153209836916
            ],
            [
              -119.93930456112558,
              34.58150509820768
            ],
            [
              -119.93922754163907,
              34.58148559019775
            ],
            [
              -119.93915321905406,
              34.581459904320454
            ],
            [
              -119.93908231578664,
              34.58142829024261
            ],
            [
              -119.93902831552107,
              34.581401290069564
            ],
            [
              -119.9389595533922,
              34.58136283367286
            ],
            [
              -119.93889586396985,
              34.58131880519405
            ],
            [
              -119.93883790464794,
              34.5812696590941
            ],
            [
              -119.9387862736714,
              34.581215902657384
            ],
            [
              -119.93874150396093,
              34.581158090755196
            ],
            [
              -119.93870405761275,
              34.581096820118134
            ],
            [
              -119.93867432112903,
              34.58103272317646
            ],
            [
              -119.93865932143119,
              34.580994723065906
            ],
            [
              -119.93864028019463,
              34.58093612991496
            ],
            [
              -119.9386112863948,
              34.580918793019976
            ],
            [
              -119.93854926600604,
              34.580873101657936
            ],
            [
              -119.93851126597355,
              34.58084210148141
            ],
            [
              -119.93845316530204,
              34.58078941883074
            ],
            [
              -119.93842471109042,
              34.58075740509299
            ],
            [
              -119.9384059396884,
              34.58077660215372
            ],
            [
              -119.9383511572471,
              34.580822787064555
            ],
            [
              -119.93829128554053,
              34.58086442704172
            ],
            [
              -119.93819928534751,
              34.5809224274239
            ],
            [
              -119.93818903657298,
              34.58092878418415
            ],
            [
              -119.93797257964661,
              34.58106086020157
            ],
            [
              -119.93784675317863,
              34.58114763749118
            ],
            [
              -119.9376683871789,
              34.58127106447432
            ],
            [
              -119.93766853491069,
              34.58127159967934
            ],
            [
              -119.93767026378326,
              34.58127926459522
            ],
            [
              -119.93771983663927,
              34.58134843513656
            ],
            [
              -119.93775639391485,
              34.581405495801135
            ],
            [
              -119.9377907650745,
              34.581465962703945
            ],
            [
              -119.93788056068686,
              34.58158647653518
            ],
            [
              -119.9379358309464,
              34.58167453804538
            ],
            [
              -119.93800483186087,
              34.581807537575536
            ],
            [
              -119.9380232710926,
              34.58184634093283
            ],
            [
              -119.93808427217027,
              34.58198734049461
            ],
            [
              -119.93810816484628,
              34.58205284902236
            ],
            [
              -119.93812392531694,
              34.582120020091736
            ],
            [
              -119.93814692656875,
              34.58225401987611
            ],
            [
              -119.9381550378936,
              34.58234899729073
            ],
            [
              -119.93815503908965,
              34.58247099722996
            ],
            [
              -119.93815009569546,
              34.58254522494899
            ],
            [
              -119.93813532385947,
              34.582618554389704
            ],
            [
              -119.93811090233307,
              34.58269009807722
            ],
            [
              -119.93806490328491,
              34.58280109831945
            ],
            [
              -119.93804703032741,
              34.582840233582786
            ],
            [
              -119.93796303166647,
              34.583008234033095
            ],
            [
              -119.93793755717402,
              34.58305422825496
            ],
            [
              -119.93785505254058,
              34.583189566904544
            ],
            [
              -119.93776847231308,
              34.58342422952863
            ],
            [
              -119.93774112517072,
              34.58348704843508
            ],
            [
              -119.93770641605266,
              34.583547328717756
            ],
            [
              -119.93765404457747,
              34.58362778458312
            ],
            [
              -119.93762196479135,
              34.58368915567635
            ],
            [
              -119.93758809517298,
              34.58374638145076
            ],
            [
              -119.937547859452,
              34.58380071461977
            ],
            [
              -119.93750161531239,
              34.58385167216001
            ],
            [
              -119.93747161540702,
              34.58388167230956
            ],
            [
              -119.93739249878017,
              34.58395034369885
            ],
            [
              -119.93733149875945,
              34.58399634397434
            ],
            [
              -119.93726843987668,
              34.58403932354905
            ],
            [
              -119.93720050561626,
              34.58407687888594
            ],
            [
              -119.93712837545019,
              34.58410863435583
            ],
            [
              -119.93705277082076,
              34.58413427233926
            ],
            [
              -119.93697444792433,
              34.5841535364036
            ],
            [
              -119.93689419014753,
              34.58416623386807
            ],
            [
              -119.93681280023134,
              34.58417223773113
            ],
            [
              -119.93673109224153,
              34.58417148794089
            ],
            [
              -119.93664988342566,
              34.58416399199575
            ],
            [
              -119.93656998603848,
              34.58414982486955
            ],
            [
              -119.93649219921701,
              34.58412912826158
            ],
            [
              -119.93641730098706,
              34.58410210917929
            ],
            [
              -119.93634604048086,
              34.58406903786764
            ],
            [
              -119.93627913044375,
              34.58403024510601
            ],
            [
              -119.93621724010517,
              34.58398611889945
            ],
            [
              -119.93616098848456,
              34.58393710059778
            ],
            [
              -119.9361109382002,
              34.58388368048087
            ],
            [
              -119.93606758984174,
              34.58382639285462
            ],
            [
              -119.93601359026624,
              34.58374639251823
            ],
            [
              -119.93597735032583,
              34.5836857585742
            ],
            [
              -119.93594862082688,
              34.58362243208267
            ],
            [
              -119.9359276895817,
              34.58355704748617
            ],
            [
              -119.9359147662734,
              34.583490259845135
            ],
            [
              -119.9359099803556,
              34.583422738275004
            ],
            [
              -119.93591337975649,
              34.58335515924253
            ],
            [
              -119.93592138046144,
              34.58328315925994
            ],
            [
              -119.93593377416711,
              34.58321265923697
            ],
            [
              -119.93595507309182,
              34.58314363014871
            ],
            [
              -119.93598504048686,
              34.583076839218094
            ],
            [
              -119.93599800400409,
              34.58305203990449
            ],
            [
              -119.93602066402406,
              34.58296189588056
            ],
            [
              -119.9360546521109,
              34.58274367026607
            ],
            [
              -119.93605837195213,
              34.582722449334966
            ],
            [
              -119.9360628133115,
              34.58269966439448
            ],
            [
              -119.93605753587067,
              34.582664555646915
            ],
            [
              -119.93603963678255,
              34.58258750856923
            ],
            [
              -119.93603430552636,
              34.582561915175965
            ],
            [
              -119.93600038317494,
              34.58237801081629
            ],
            [
              -119.9359463898519,
              34.58230476316207
            ],
            [
              -119.93591212382744,
              34.582253383579015
            ],
            [
              -119.93584889384267,
              34.582147998806356
            ],
            [
              -119.93578298100027,
              34.58204638208951
            ],
            [
              -119.93574747166022,
              34.58202461467081
            ],
            [
              -119.93554147117665,
              34.5818796138039
            ],
            [
              -119.93548101671355,
              34.58183247230194
            ],
            [
              -119.93542666372197,
              34.581780496372446
            ],
            [
              -119.93537897429688,
              34.58172422353806
            ],
            [
              -119.9353384416172,
              34.581664235758055
            ],
            [
              -119.93530548484564,
              34.58160115340964
            ],
            [
              -119.93528044479457,
              34.58153562887188
            ],
            [
              -119.93526358040178,
              34.58146833977887
            ],
            [
              -119.93525506605344,
              34.581399982011575
            ],
            [
              -119.93525498978134,
              34.58133126250118
            ],
            [
              -119.93526335235354,
              34.581262891918215
            ],
            [
              -119.93528006726702,
              34.58119557732295
            ],
            [
              -119.93531106817336,
              34.58109657747733
            ],
            [
              -119.93533678302111,
              34.581029193283705
            ],
            [
              -119.93541278441849,
              34.580861193688044
            ],
            [
              -119.9354240225563,
              34.58083769978538
            ],
            [
              -119.93547587309195,
              34.580734960807746
            ],
            [
              -119.93553525065465,
              34.58061263113345
            ],
            [
              -119.93554526402659,
              34.580465122071466
            ],
            [
              -119.93554679739653,
              34.5804469254269
            ],
            [
              -119.9355617988569,
              34.580297925452584
            ],
            [
              -119.93557335238813,
              34.580227814210154
            ],
            [
              -119.93559370666266,
              34.580159086583045
            ],
            [
              -119.93562263848153,
              34.58009249614465
            ],
            [
              -119.9356598305981,
              34.58002877303305
            ],
            [
              -119.93570487519736,
              34.57996861594541
            ],
            [
              -119.9358198758628,
              34.57983161654235
            ],
            [
              -119.93584067623225,
              34.57980794797233
            ],
            [
              -119.93597767683099,
              34.57965894867002
            ],
            [
              -119.93602873914718,
              34.57960868275982
            ],
            [
              -119.93609882192473,
              34.57954613281559
            ],
            [
              -119.93610355158246,
              34.579519805803464
            ],
            [
              -119.93606972618363,
              34.57946550635662
            ],
            [
              -119.9360374585037,
              34.579407033198756
            ],
            [
              -119.9360120537201,
              34.579346288853245
            ],
            [
              -119.93599374166739,
              34.57928382290364
            ],
            [
              -119.9359826880074,
              34.57922020050849
            ],
            [
              -119.93597899273104,
              34.57915599728805
            ],
            [
              -119.93597899380929,
              34.57904599723331
            ],
            [
              -119.93598296761968,
              34.578979435034846
            ],
            [
              -119.93599484907696,
              34.578913520282086
            ],
            [
              -119.93601452260204,
              34.57884889406922
            ],
            [
              -119.93604179683031,
              34.57878618495651
            ],
            [
              -119.93607640647372,
              34.57872600285685
            ],
            [
              -119.93611801490142,
              34.57866893310382
            ],
            [
              -119.9361662174145,
              34.57861553075898
            ],
            [
              -119.93622054518242,
              34.5785663152134
            ],
            [
              -119.93628046980331,
              34.57852176513631
            ],
            [
              -119.93634540844326,
              34.578482313819826
            ],
            [
              -119.93641472950506,
              34.57844834496495
            ],
            [
              -119.93642480195454,
              34.57844446159343
            ],
            [
              -119.93640973039957,
              34.578433187165565
            ],
            [
              -119.93635552469146,
              34.57838376430045
            ],
            [
              -119.93630747665125,
              34.57833016050577
            ],
            [
              -119.93626147687081,
              34.578273160239156
            ],
            [
              -119.93622078194721,
              34.578217023372154
            ],
            [
              -119.93618684436849,
              34.57815789335288
            ],
            [
              -119.93615998253495,
              34.578096324960114
            ],
            [
              -119.93614044845778,
              34.57803289584916
            ],
            [
              -119.93612842539532,
              34.577968201131995
            ],
            [
              -119.9361240261341,
              34.57790284779359
            ],
            [
              -119.9361272919313,
              34.57783744899687
            ],
            [
              -119.93612945808283,
              34.577824565470415
            ],
            [
              -119.9360547320602,
              34.577723363832376
            ],
            [
              -119.9359794519711,
              34.577630449923745
            ],
            [
              -119.93595591796449,
              34.577628811282246
            ],
            [
              -119.93587768216761,
              34.57761694362352
            ],
            [
              -119.9358012124298,
              34.57759883956498
            ],
            [
              -119.93572723358915,
              34.57757467070995
            ],
            [
              -119.93565644687179,
              34.57754466614852
            ],
            [
              -119.93558952324462,
              34.577509110285874
            ],
            [
              -119.935527097055,
              34.57746834014638
            ],
            [
              -119.93546976001791,
              34.57742274217878
            ],
            [
              -119.93541805560706,
              34.57737274859303
            ],
            [
              -119.93537247390346,
              34.57731883326325
            ],
            [
              -119.93533344695025,
              34.577261507235775
            ],
            [
              -119.93528744740846,
              34.577185506937894
            ],
            [
              -119.93525393224645,
              34.57712224894636
            ],
            [
              -119.93522839858213,
              34.57705649178259
            ],
            [
              -119.9352111131228,
              34.57698892234947
            ],
            [
              -119.93520225641296,
              34.57692024647937
            ],
            [
              -119.93520192094918,
              34.57685118156081
            ],
            [
              -119.93521011021453,
              34.57678244904463
            ],
            [
              -119.93521626852544,
              34.57675738308912
            ],
            [
              -119.93502814721167,
              34.57660169546484
            ],
            [
              -119.93499540691525,
              34.576572968400725
            ],
            [
              -119.9348858869093,
              34.57647106656675
            ],
            [
              -119.9346773952462,
              34.576284790242525
            ],
            [
              -119.93453559776201,
              34.57618269561509
            ],
            [
              -119.93448141494524,
              34.5761399182956
            ],
            [
              -119.93443219654068,
              34.57609321614872
            ],
            [
              -119.93429589599269,
              34.57595123545264
            ],
            [
              -119.93419531159084,
              34.57586973962625
            ],
            [
              -119.93416247194186,
              34.575841544525936
            ],
            [
              -119.93396942855578,
              34.57566589148844
            ],
            [
              -119.93388757222908,
              34.57560557603098
            ],
            [
              -119.93383370885766,
              34.57556204200987
            ],
            [
              -119.93378492084307,
              34.575514590431915
            ],
            [
              -119.93362492124868,
              34.57534358956661
            ],
            [
              -119.93356125388281,
              34.57526466006936
            ],
            [
              -119.9334183110079,
              34.57505725037202
            ],
            [
              -119.93334059947728,
              34.574956480541964
            ],
            [
              -119.933099008655,
              34.57465052851318
            ],
            [
              -119.93304874003513,
              34.57457726579673
            ],
            [
              -119.93295674099998,
              34.57442126519579
            ],
            [
              -119.9329176190776,
              34.574342757599425
            ],
            [
              -119.93285289932746,
              34.57418549142318
            ],
            [
              -119.93276773452892,
              34.57409216324389
            ],
            [
              -119.93273354492104,
              34.57411197777579
            ],
            [
              -119.93270983791191,
              34.57413830095989
            ],
            [
              -119.93266534188098,
              34.57430320378843
            ],
            [
              -119.93266448975858,
              34.574306326939464
            ],
            [
              -119.9326476070822,
              34.574367528807784
            ],
            [
              -119.93260722710066,
              34.57459458349763
            ],
            [
              -119.93260090655193,
              34.57501833903256
            ],
            [
              -119.9325951201295,
              34.57509071633536
            ],
            [
              -119.93258024868423,
              34.57519296441863
            ],
            [
              -119.93255116182594,
              34.57544119304398
            ],
            [
              -119.93254034180178,
              34.5755033165611
            ],
            [
              -119.93252259997456,
              34.57556434174452
            ],
            [
              -119.9324980893878,
              34.57562374212977
            ],
            [
              -119.93246702148045,
              34.57568100526834
            ],
            [
              -119.9324521073012,
              34.57570281604724
            ],
            [
              -119.9324576054939,
              34.575712201284965
            ],
            [
              -119.93248373725666,
              34.57576953483213
            ],
            [
              -119.93250348303957,
              34.57582859053358
            ],
            [
              -119.93256448498202,
              34.57604959003807
            ],
            [
              -119.93257828059205,
              34.57611363815444
            ],
            [
              -119.9325845661618,
              34.57617848673608
            ],
            [
              -119.93258328341634,
              34.57624353473726
            ],
            [
              -119.9325744442271,
              34.576308179262554
            ],
            [
              -119.93254537044794,
              34.57645646293181
            ],
            [
              -119.9325312152836,
              34.57653573619136
            ],
            [
              -119.93251527234659,
              34.57660194295286
            ],
            [
              -119.93249142257383,
              34.576666503625255
            ],
            [
              -119.93245990396652,
              34.57672877389614
            ],
            [
              -119.93242103106232,
              34.57678813230979
            ],
            [
              -119.93237519179696,
              34.576843986469264
            ],
            [
              -119.93232284363302,
              34.576895778948874
            ],
            [
              -119.93226450899498,
              34.5769429928574
            ],
            [
              -119.93220077005556,
              34.576985156996905
            ],
            [
              -119.93213226292582,
              34.57702185056568
            ],
            [
              -119.93205967130662,
              34.57705270735801
            ],
            [
              -119.93198371966517,
              34.577077419419254
            ],
            [
              -119.9319051660044,
              34.57709574011941
            ],
            [
              -119.93187520692699,
              34.577101408093164
            ],
            [
              -119.93187329090816,
              34.57710651490262
            ],
            [
              -119.93184717221123,
              34.57715969406587
            ],
            [
              -119.93179417293656,
              34.57725569435095
            ],
            [
              -119.93175205208756,
              34.57732199701518
            ],
            [
              -119.93170131875725,
              34.57738403685629
            ],
            [
              -119.93164259618958,
              34.577441051709314
            ],
            [
              -119.93152859633686,
              34.577540052252964
            ],
            [
              -119.93146974206888,
              34.57758632345197
            ],
            [
              -119.93140562525403,
              34.577627533882904
            ],
            [
              -119.93133687924464,
              34.57766327645943
            ],
            [
              -119.93127286463363,
              34.577689624810276
            ],
            [
              -119.93126446009823,
              34.57773526666956
            ],
            [
              -119.93124394797803,
              34.57780118422367
            ],
            [
              -119.93122094851513,
              34.577862184343054
            ],
            [
              -119.9311969462087,
              34.57791731168951
            ],
            [
              -119.93116726044548,
              34.5779705120294
            ],
            [
              -119.93112926086943,
              34.57803151223343
            ],
            [
              -119.93109197091152,
              34.57808518301925
            ],
            [
              -119.93104889946859,
              34.578135806207456
            ],
            [
              -119.93100040796314,
              34.57818295699443
            ],
            [
              -119.93094690330213,
              34.578226239714304
            ],
            [
              -119.93080190321903,
              34.578333240362966
            ],
            [
              -119.93074335118894,
              34.57837258703162
            ],
            [
              -119.93068066074699,
              34.57840729880702
            ],
            [
              -119.93058866038923,
              34.578453299142886
            ],
            [
              -119.93052135114466,
              34.57848348617157
            ],
            [
              -119.93045092080322,
              34.578508328876005
            ],
            [
              -119.93037798796047,
              34.57852760905897
            ],
            [
              -119.93027898726685,
              34.57854960926561
            ],
            [
              -119.93020509630625,
              34.57856302975109
            ],
            [
              -119.93013002126727,
              34.57857073961846
            ],
            [
              -119.93008883125795,
              34.57857179266552
            ],
            [
              -119.93007261348434,
              34.57874668099505
            ],
            [
              -119.93006039248552,
              34.57882224110622
            ],
            [
              -119.93003795971501,
              34.5788961819026
            ],
            [
              -119.9300174556762,
              34.57895056355985
            ],
            [
              -119.92994366080819,
              34.57916141185272
            ],
            [
              -119.92991963282843,
              34.579253522514406
            ],
            [
              -119.92991654094247,
              34.57926489822951
            ],
            [
              -119.92985239791585,
              34.579491730654006
            ],
            [
              -119.92985449995457,
              34.57950095587215
            ],
            [
              -119.9299513367594,
              34.57963051535719
            ],
            [
              -119.92998770867872,
              34.57967837265214
            ],
            [
              -119.9300114601735,
              34.579711705573274
            ],
            [
              -119.930049460481,
              34.579768705335525
            ],
            [
              -119.93008629469557,
              34.57983140149315
            ],
            [
              -119.930115124106,
              34.5798969025145
            ],
            [
              -119.93013564193369,
              34.57996451143443
            ],
            [
              -119.9301476298376,
              34.58003350885707
            ],
            [
              -119.93015096023855,
              34.58010316061042
            ],
            [
              -119.93014559767745,
              34.58017272555819
            ],
            [
              -119.93013859816472,
              34.580222725579944
            ],
            [
              -119.93012603063868,
              34.580286026889375
            ],
            [
              -119.93010626248808,
              34.58034805733498
            ],
            [
              -119.93007947184158,
              34.580408257916744
            ],
            [
              -119.93004590011381,
              34.58046608612361
            ],
            [
              -119.93000584983044,
              34.580521020822566
            ],
            [
              -119.92995968190216,
              34.58057256695497
            ],
            [
              -119.92990781237278,
              34.58062025999822
            ],
            [
              -119.92985070867009,
              34.580663670152006
            ],
            [
              -119.9297888853937,
              34.58070240621175
            ],
            [
              -119.92972289967757,
              34.58073611909437
            ],
            [
              -119.92965334616923,
              34.58076450498418
            ],
            [
              -119.9295808516708,
              34.58078730807118
            ],
            [
              -119.9295060694901,
              34.580804322856466
            ],
            [
              -119.92940608140306,
              34.58082289996289
            ],
            [
              -119.92940564818217,
              34.58082455237478
            ],
            [
              -119.92937993373455,
              34.580889794034064
            ],
            [
              -119.92934635199866,
              34.580952542380345
            ],
            [
              -119.92930524924797,
              34.581012150359314
            ],
            [
              -119.92925704931446,
              34.58106800329831
            ],
            [
              -119.92920224921853,
              34.581119525245
            ],
            [
              -119.92914924927237,
              34.58116452549575
            ],
            [
              -119.92908876677754,
              34.58121094079206
            ],
            [
              -119.92902293266499,
              34.581252074165576
            ],
            [
              -119.92889293226742,
              34.58132507467326
            ],
            [
              -119.92881699760112,
              34.581362907291485
            ],
            [
              -119.92873655411633,
              34.58139371296944
            ],
            [
              -119.92865254882362,
              34.58141712904833
            ],
            [
              -119.92856597066788,
              34.58143287986255
            ],
            [
              -119.92833696892131,
              34.581463880197916
            ],
            [
              -119.92825505809358,
              34.58147148400894
            ],
            [
              -119.92817263778332,
              34.581472223233796
            ],
            [
              -119.9281457295919,
              34.5814713410197
            ],
            [
              -119.9280088409045,
              34.5816592463899
            ],
            [
              -119.92782970901374,
              34.58194020452324
            ],
            [
              -119.92779789071311,
              34.5819857241045
            ],
            [
              -119.92776188962242,
              34.58202905982249
            ],
            [
              -119.92771296261597,
              34.58208330552277
            ],
            [
              -119.9276542689647,
              34.58218005468127
            ],
            [
              -119.92763261656675,
              34.58221338401878
            ],
            [
              -119.92747161802808,
              34.58244538487713
            ],
            [
              -119.92743015015942,
              34.58249910275767
            ],
            [
              -119.9273827478411,
              34.58254935063847
            ],
            [
              -119.92732983271654,
              34.58259568155317
            ],
            [
              -119.9272718754692,
              34.58263768337687
            ],
            [
              -119.92720939163583,
              34.58267498249225
            ],
            [
              -119.92714293702072,
              34.58270724711316
            ],
            [
              -119.92702093644284,
              34.582760247521186
            ],
            [
              -119.92695322494754,
              34.58278646741661
            ],
            [
              -119.92688289896992,
              34.582807458292535
            ],
            [
              -119.92681054739671,
              34.582823044376994
            ],
            [
              -119.92673677607759,
              34.58283309515598
            ],
            [
              -119.92666220275188,
              34.58283752646646
            ],
            [
              -119.92664309583009,
              34.58283721328322
            ],
            [
              -119.92659832286465,
              34.58287306704128
            ],
            [
              -119.92644790161992,
              34.58298167308459
            ],
            [
              -119.92643349491635,
              34.58300328340011
            ],
            [
              -119.92639652618122,
              34.58305344816792
            ],
            [
              -119.92635442899281,
              34.583100767698056
            ],
            [
              -119.92630752152229,
              34.583144884338715
            ],
            [
              -119.92625615829975,
              34.58318546464562
            ],
            [
              -119.92607068252599,
              34.58331974653409
            ],
            [
              -119.92594238894466,
              34.583436815218754
            ],
            [
              -119.92591117833013,
              34.5834620499315
            ],
            [
              -119.92593253004281,
              34.58352988975581
            ],
            [
              -119.92595453087165,
              34.58362188956979
            ],
            [
              -119.92596559604429,
              34.5836824794304
            ],
            [
              -119.92596997943843,
              34.583743649186594
            ],
            [
              -119.92596764499588,
              34.58380489585428
            ],
            [
              -119.92595861189741,
              34.583865715815776
            ],
            [
              -119.92594295440571,
              34.583925608961096
            ],
            [
              -119.92592080125507,
              34.5839840828001
            ],
            [
              -119.92589880167526,
              34.584034082916894
            ],
            [
              -119.92586581277452,
              34.58409847646044
            ],
            [
              -119.92582495351355,
              34.58415970529191
            ],
            [
              -119.9257766615064,
              34.584217113607195
            ],
            [
              -119.92572145398032,
              34.584270086521144
            ],
            [
              -119.92565992223606,
              34.584318056653736
            ],
            [
              -119.92559272531506,
              34.58436051020736
            ],
            [
              -119.92552058294073,
              34.58439699247036
            ],
            [
              -119.92544426780947,
              34.58442711268752
            ],
            [
              -119.92536459731441,
              34.58445054824583
            ],
            [
              -119.92528759679118,
              34.584469548419285
            ],
            [
              -119.9252051101071,
              34.584486097196816
            ],
            [
              -119.92512099265642,
              34.58449547924121
            ],
            [
              -119.92503615222306,
              34.58449759330158
            ],
            [
              -119.92495150439412,
              34.58449241656214
            ],
            [
              -119.9248679626783,
              34.58448000488848
            ],
            [
              -119.92478642864668,
              34.58446049222467
            ],
            [
              -119.92470778220235,
              34.58443408914771
            ],
            [
              -119.92453978116785,
              34.584369088724685
            ],
            [
              -119.92448207337569,
              34.58434440265048
            ],
            [
              -119.92442691961048,
              34.5843160024818
            ],
            [
              -119.9242876469621,
              34.584237765615576
            ],
            [
              -119.92427112700364,
              34.584280080356216
            ],
            [
              -119.92424145529085,
              34.58433738611223
            ],
            [
              -119.92420552459883,
              34.584392186578604
            ],
            [
              -119.92416364069787,
              34.58444401538417
            ],
            [
              -119.92412266068595,
              34.5844899847553
            ],
            [
              -119.9241103558464,
              34.58451947057289
            ],
            [
              -119.92408234655016,
              34.58457768564998
            ],
            [
              -119.92404793830251,
              34.58463350497684
            ],
            [
              -119.92400742688923,
              34.5846864486892
            ],
            [
              -119.92393042732473,
              34.5847774490884
            ],
            [
              -119.92388967649241,
              34.58482162524496
            ],
            [
              -119.92384467505505,
              34.58486288314232
            ],
            [
              -119.92363866842342,
              34.58503680800669
            ],
            [
              -119.92359519625705,
              34.58508485660909
            ],
            [
              -119.9235449683946,
              34.58513512062685
            ],
            [
              -119.92348911652141,
              34.58518114673311
            ],
            [
              -119.92342816070739,
              34.58522250634334
            ],
            [
              -119.92336266855189,
              34.5852588143256
            ],
            [
              -119.92329324989821,
              34.58528973258697
            ],
            [
              -119.92322055115478,
              34.58531497322203
            ],
            [
              -119.92304455005117,
              34.58536797367986
            ],
            [
              -119.92295174991624,
              34.58539086799583
            ],
            [
              -119.92285632637152,
              34.58540452094656
            ],
            [
              -119.92272732535942,
              34.58541652109396
            ],
            [
              -119.9226378243598,
              34.58542075375364
            ],
            [
              -119.922548301391,
              34.58541685172148
            ],
            [
              -119.92246425014996,
              34.58540934721087
            ],
            [
              -119.92238805661731,
              34.58544475036776
            ],
            [
              -119.92203790160279,
              34.58560835607745
            ],
            [
              -119.92196629353782,
              34.58563808231626
            ],
            [
              -119.92196384562234,
              34.58563897707583
            ],
            [
              -119.92196044775848,
              34.58566035618828
            ],
            [
              -119.92194417705855,
              34.58572013740336
            ],
            [
              -119.92190617810137,
              34.58583513759544
            ],
            [
              -119.92188115035566,
              34.58589843357689
            ],
            [
              -119.92184871103208,
              34.58595938483721
            ],
            [
              -119.92180917515925,
              34.58601739942853
            ],
            [
              -119.92176292668854,
              34.586071913922055
            ],
            [
              -119.92171041476551,
              34.58612239888027
            ],
            [
              -119.92165214936838,
              34.58616836399886
            ],
            [
              -119.92158869635526,
              34.586209362868715
            ],
            [
              -119.92152067196882,
              34.58624499731177
            ],
            [
              -119.92144873685123,
              34.58627492124815
            ],
            [
              -119.9213735896281,
              34.58629884405754
            ],
            [
              -119.921295960123,
              34.58631653340198
            ],
            [
              -119.92121660226917,
              34.586327817482314
            ],
            [
              -119.92113628678696,
              34.58633258670704
            ],
            [
              -119.92105579369805,
              34.58633079475662
            ],
            [
              -119.9209759047494,
              34.58632245903346
            ],
            [
              -119.92089739582035,
              34.58630766049297
            ],
            [
              -119.92082102938679,
              34.58628654285718
            ],
            [
              -119.92074754711552,
              34.58625931121902
            ],
            [
              -119.92060254627356,
              34.58619831082257
            ],
            [
              -119.92057201194605,
              34.58618397668692
            ],
            [
              -119.9205640291687,
              34.58624305350139
            ],
            [
              -119.92055141149761,
              34.586307787616136
            ],
            [
              -119.92053126720569,
              34.58637120563162
            ],
            [
              -119.92052094665942,
              34.586398276635215
            ],
            [
              -119.92052689211077,
              34.58644661182475
            ],
            [
              -119.92053104261097,
              34.58650792035449
            ],
            [
              -119.92052844681635,
              34.58656928736261
            ],
            [
              -119.92050544913072,
              34.586805287398874
            ],
            [
              -119.92049450405891,
              34.586873718131145
            ],
            [
              -119.92047150504064,
              34.58697671823262
            ],
            [
              -119.92045340733367,
              34.58704035501384
            ],
            [
              -119.9204279591173,
              34.587102247758615
            ],
            [
              -119.92039539854127,
              34.587161817221755
            ],
            [
              -119.92035603032063,
              34.5872185059001
            ],
            [
              -119.92031022288447,
              34.58727178325013
            ],
            [
              -119.92009622371215,
              34.587496784331464
            ],
            [
              -119.9200884065312,
              34.58750487501041
            ],
            [
              -119.91998240689317,
              34.58761287554168
            ],
            [
              -119.91992913975255,
              34.58766203258612
            ],
            [
              -119.9197428492829,
              34.587817909424494
            ],
            [
              -119.91962032866633,
              34.587973978946934
            ],
            [
              -119.91956184012636,
              34.58803947476654
            ],
            [
              -119.91929312441974,
              34.58830525048442
            ],
            [
              -119.91906928026269,
              34.5885359389714
            ],
            [
              -119.91906580520117,
              34.58853949555635
            ],
            [
              -119.9188218060259,
              34.58878749677852
            ],
            [
              -119.91878847000582,
              34.588819302430416
            ],
            [
              -119.91878515665435,
              34.588822271561774
            ],
            [
              -119.91872941950685,
              34.58891061085478
            ],
            [
              -119.91871847263151,
              34.58892737996823
            ],
            [
              -119.91871285176398,
              34.588935707297146
            ],
            [
              -119.91868607656134,
              34.58901654037413
            ],
            [
              -119.91866478060646,
              34.589071503008874
            ],
            [
              -119.91862914267517,
              34.58915154404466
            ],
            [
              -119.91856482723122,
              34.589454759194915
            ],
            [
              -119.91856019402034,
              34.58947481669201
            ],
            [
              -119.9185381948507,
              34.589562816794
            ],
            [
              -119.91851890071186,
              34.5896249548637
            ],
            [
              -119.91849256830128,
              34.58968529978163
            ],
            [
              -119.91845943493819,
              34.589743307657734
            ],
            [
              -119.91841979924068,
              34.58979845566461
            ],
            [
              -119.91837401843463,
              34.589850246749876
            ],
            [
              -119.91821245761483,
              34.590015899303886
            ],
            [
              -119.91812777872155,
              34.590187865662145
            ],
            [
              -119.9181111872635,
              34.59021925702596
            ],
            [
              -119.91792118976596,
              34.59055525804908
            ],
            [
              -119.91791130695704,
              34.59057212181306
            ],
            [
              -119.91773530901432,
              34.59086212275974
            ],
            [
              -119.91770603941296,
              34.59090618294132
            ],
            [
              -119.91753804080754,
              34.591138183833486
            ],
            [
              -119.91753578605332,
              34.59114127876756
            ],
            [
              -119.91740678709621,
              34.59131727945165
            ],
            [
              -119.91736119984097,
              34.591373013707695
            ],
            [
              -119.91730913612328,
              34.591424722406316
            ],
            [
              -119.9172511121417,
              34.591471892856546
            ],
            [
              -119.91718770319369,
              34.59151405736305
            ],
            [
              -119.91711953797159,
              34.591550797863654
            ],
            [
              -119.91704729232929,
              34.59158175007457
            ],
            [
              -119.91697168258082,
              34.59160660710259
            ],
            [
              -119.91689345839788,
              34.591625122488175
            ],
            [
              -119.91681339537642,
              34.591637112649195
            ],
            [
              -119.91673228734606,
              34.59164245870148
            ],
            [
              -119.91661028636142,
              34.591645458775304
            ],
            [
              -119.91653089955783,
              34.591644219253375
            ],
            [
              -119.91645203301348,
              34.59163661377559
            ],
            [
              -119.91637443139564,
              34.59162271415284
            ],
            [
              -119.9162988274272,
              34.59160265162608
            ],
            [
              -119.916225934968,
              34.59157661562708
            ],
            [
              -119.91615644227387,
              34.59154485198966
            ],
            [
              -119.91609100549782,
              34.59150766062838
            ],
            [
              -119.91603700531898,
              34.59147366041895
            ],
            [
              -119.91599953120011,
              34.59144745950605
            ],
            [
              -119.91598728019356,
              34.59145530447383
            ],
            [
              -119.91593675875806,
              34.59148518684898
            ],
            [
              -119.91559375763136,
              34.591672188166406
            ],
            [
              -119.91556522341268,
              34.59168705533885
            ],
            [
              -119.91536622263145,
              34.59178605606321
            ],
            [
              -119.91533154166979,
              34.5918023693538
            ],
            [
              -119.91507254047352,
              34.591917370232174
            ],
            [
              -119.91500242355916,
              34.591945036676364
            ],
            [
              -119.9149294463922,
              34.59196707139358
            ],
            [
              -119.91485426863301,
              34.591983275204605
            ],
            [
              -119.91477756983541,
              34.5919935016374
            ],
            [
              -119.91470004330344,
              34.59199765825121
            ],
            [
              -119.91462238982407,
              34.591995707472236
            ],
            [
              -119.9145453113321,
              34.59198766693331
            ],
            [
              -119.91446950456462,
              34.59197360931461
            ],
            [
              -119.91439565476254,
              34.59195366168655
            ],
            [
              -119.91399165200028,
              34.59182666086704
            ],
            [
              -119.91392153568262,
              34.59180145485526
            ],
            [
              -119.91385457497398,
              34.59177093983488
            ],
            [
              -119.9137913560652,
              34.591735382942886
            ],
            [
              -119.91373243238829,
              34.591695095454014
            ],
            [
              -119.9135714321131,
              34.59157409474483
            ],
            [
              -119.9135150714918,
              34.591527382850884
            ],
            [
              -119.91346448883296,
              34.59147634768327
            ],
            [
              -119.91342016646813,
              34.59142147589847
            ],
            [
              -119.91338252702982,
              34.591363290737036
            ],
            [
              -119.91335192942194,
              34.59130234703385
            ],
            [
              -119.91332866539753,
              34.59123922592727
            ],
            [
              -119.91331295677747,
              34.59117452931739
            ],
            [
              -119.9133049533357,
              34.59110887412641
            ],
            [
              -119.91330473137167,
              34.59104288641579
            ],
            [
              -119.91331229298345,
              34.5909771954163
            ],
            [
              -119.91332756604861,
              34.5909124275279
            ],
            [
              -119.91335040491234,
              34.590849200346746
            ],
            [
              -119.91338059177727,
              34.59078811677612
            ],
            [
              -119.91341783878082,
              34.590729759277444
            ],
            [
              -119.91346179074054,
              34.59067468431649
            ],
            [
              -119.91349279089359,
              34.59063968447579
            ],
            [
              -119.91354360565434,
              34.59058788444615
            ],
            [
              -119.91360034798556,
              34.59054047969009
            ],
            [
              -119.91366246503799,
              34.590497932070576
            ],
            [
              -119.91372935159941,
              34.590460656126815
            ],
            [
              -119.91380035599138,
              34.590429015035646
            ],
            [
              -119.91387478641828,
              34.590403317073374
            ],
            [
              -119.91393079526028,
              34.59038661273775
            ],
            [
              -119.9142781660551,
              34.590230895223804
            ],
            [
              -119.91442996205467,
              34.590146891923496
            ],
            [
              -119.91453056375995,
              34.59008281867775
            ],
            [
              -119.91449351645763,
              34.5900650353199
            ],
            [
              -119.91442825121507,
              34.59002614330568
            ],
            [
              -119.91436792648366,
              34.58998213256851
            ],
            [
              -119.91431312692632,
              34.589933429662246
            ],
            [
              -119.91425912700079,
              34.58988042938275
            ],
            [
              -119.91420844211495,
              34.58982515708686
            ],
            [
              -119.91416487610162,
              34.58976587883573
            ],
            [
              -119.91412888803428,
              34.5897032192894
            ],
            [
              -119.91410588835892,
              34.58965721913114
            ],
            [
              -119.91408002738824,
              34.58959776615176
            ],
            [
              -119.91406099378527,
              34.589536575560146
            ],
            [
              -119.91404895392934,
              34.58947418229243
            ],
            [
              -119.91404401305856,
              34.58941113179754
            ],
            [
              -119.91404621435045,
              34.58934797526879
            ],
            [
              -119.91405553854493,
              34.58928526482515
            ],
            [
              -119.91407190411337,
              34.58922354868473
            ],
            [
              -119.91409516797177,
              34.58916336637208
            ],
            [
              -119.91412512673213,
              34.58910524400184
            ],
            [
              -119.91416151848107,
              34.58904968967944
            ],
            [
              -119.91421724653587,
              34.58897336744263
            ],
            [
              -119.91416377326098,
              34.588934949532444
            ],
            [
              -119.91407893643533,
              34.58887924840019
            ],
            [
              -119.91402484269472,
              34.58884041685137
            ],
            [
              -119.91397506900879,
              34.588797816607354
            ],
            [
              -119.91392999787105,
              34.588751775041395
            ],
            [
              -119.9138899756351,
              34.588702645971956
            ],
            [
              -119.91383597597175,
              34.58862964564744
            ],
            [
              -119.9137964323566,
              34.58856955107764
            ],
            [
              -119.91376443893255,
              34.58850645775201
            ],
            [
              -119.91374032363122,
              34.58844101240864
            ],
            [
              -119.9137243336276,
              34.588373885893574
            ],
            [
              -119.91371663280698,
              34.58830576628413
            ],
            [
              -119.91371730008588,
              34.588237351835666
            ],
            [
              -119.91372632860386,
              34.588169343824056
            ],
            [
              -119.91373432899826,
              34.58812834385693
            ],
            [
              -119.91375000322935,
              34.58806653852206
            ],
            [
              -119.9137725852155,
              34.58800621311899
            ],
            [
              -119.91380187773382,
              34.58794789446774
            ],
            [
              -119.91383762496001,
              34.58789209186232
            ],
            [
              -119.91387951470287,
              34.587839292623116
            ],
            [
              -119.91392718113096,
              34.58778995784132
            ],
            [
              -119.91398020796782,
              34.58774451835244
            ],
            [
              -119.91403813212733,
              34.58770337097396
            ],
            [
              -119.91410044775793,
              34.58766687504021
            ],
            [
              -119.91416661066032,
              34.58763534926453
            ],
            [
              -119.91435660974062,
              34.58755434989212
            ],
            [
              -119.91441945810568,
              34.58753028748931
            ],
            [
              -119.91448454455023,
              34.58751071302486
            ],
            [
              -119.91455140149877,
              34.58749576711907
            ],
            [
              -119.91458405622414,
              34.58748968242189
            ],
            [
              -119.91458766040286,
              34.58748135162039
            ],
            [
              -119.9145961963049,
              34.587462510607665
            ],
            [
              -119.91465019723573,
              34.58734851089651
            ],
            [
              -119.91468283520062,
              34.587288413792756
            ],
            [
              -119.91472239397078,
              34.587231230665935
            ],
            [
              -119.91476849754767,
              34.587177505009905
            ],
            [
              -119.91482070773048,
              34.587127747455995
            ],
            [
              -119.9148785282813,
              34.58708243092008
            ],
            [
              -119.91495452820782,
              34.587028431254474
            ],
            [
              -119.91501350943032,
              34.586990265618205
            ],
            [
              -119.91507646804874,
              34.58695672631266
            ],
            [
              -119.91528246719432,
              34.58685772704677
            ],
            [
              -119.9153511550873,
              34.586828223300266
            ],
            [
              -119.91542291025782,
              34.5868042268932
            ],
            [
              -119.91571290840515,
              34.58672022762662
            ],
            [
              -119.91572483730462,
              34.586716857556866
            ],
            [
              -119.91593662186382,
              34.58665853023906
            ],
            [
              -119.91601981526861,
              34.586615318258524
            ],
            [
              -119.91597752687409,
              34.58657777463232
            ],
            [
              -119.91593053192689,
              34.58652723806532
            ],
            [
              -119.91588950474973,
              34.58647326367623
            ],
            [
              -119.91579050550786,
              34.58632826306243
            ],
            [
              -119.91575709867685,
              34.58627370518932
            ],
            [
              -119.91573810656091,
              34.586234176901385
            ],
            [
              -119.91569055683294,
              34.58619622032415
            ],
            [
              -119.91567434602854,
              34.58618291309406
            ],
            [
              -119.91559734599244,
              34.58611791272863
            ],
            [
              -119.91554476458444,
              34.586068996204965
            ],
            [
              -119.91549815191745,
              34.586016102080414
            ],
            [
              -119.91545794526948,
              34.58595972657239
            ],
            [
              -119.91542452181928,
              34.58590039855745
            ],
            [
              -119.91539819510798,
              34.5858386746095
            ],
            [
              -119.91537921209839,
              34.5857751337783
            ],
            [
              -119.91536775085835,
              34.585710372157045
            ],
            [
              -119.91536391889113,
              34.58564499729016
            ],
            [
              -119.91536392008736,
              34.58552299722989
            ],
            [
              -119.91536781405146,
              34.585457107794404
            ],
            [
              -119.91537945752344,
              34.58539184632575
            ],
            [
              -119.91541965438263,
              34.58522381726475
            ],
            [
              -119.91541827632624,
              34.58519986014231
            ],
            [
              -119.91541320268173,
              34.58505712490491
            ],
            [
              -119.91540891653365,
              34.58504440435975
            ],
            [
              -119.91539310038375,
              34.58498832470741
            ],
            [
              -119.91538311464585,
              34.584931335006004
            ],
            [
              -119.91536111635227,
              34.584752334773896
            ],
            [
              -119.91535694195221,
              34.58468009782251
            ],
            [
              -119.9153621254844,
              34.584607905594055
            ],
            [
              -119.91537660755658,
              34.584536584920336
            ],
            [
              -119.91540660859455,
              34.58442558506351
            ],
            [
              -119.91543069238762,
              34.584354812185914
            ],
            [
              -119.9154639300764,
              34.58428662211271
            ],
            [
              -119.91550219116408,
              34.584218990063036
            ],
            [
              -119.91550305527043,
              34.58421438066345
            ],
            [
              -119.9155242901528,
              34.58414738152398
            ],
            [
              -119.91555370570192,
              34.58408253202321
            ],
            [
              -119.91559099287645,
              34.58402051343147
            ],
            [
              -119.91572099410315,
              34.58382951412597
            ],
            [
              -119.91574631910622,
              34.58379478697771
            ],
            [
              -119.91583529303482,
              34.5836806695165
            ],
            [
              -119.91602627038591,
              34.5834282097193
            ],
            [
              -119.91611628156616,
              34.58329449930155
            ],
            [
              -119.91611951509775,
              34.58327930239779
            ],
            [
              -119.91611996925742,
              34.58323257125175
            ],
            [
              -119.91612198871547,
              34.58319021185448
            ],
            [
              -119.9161349448212,
              34.58303907463034
            ],
            [
              -119.91613494580818,
              34.58293846827154
            ],
            [
              -119.91612726894681,
              34.58271193542846
            ],
            [
              -119.91612883420686,
              34.5826471145271
            ],
            [
              -119.91613790300433,
              34.58258271602306
            ],
            [
              -119.91614008338216,
              34.58257181467774
            ],
            [
              -119.91611262569467,
              34.58241720735692
            ],
            [
              -119.91611083009073,
              34.58240650201244
            ],
            [
              -119.9160958309838,
              34.582311501868105
            ],
            [
              -119.91608942749953,
              34.582247034827375
            ],
            [
              -119.91609050586969,
              34.582182356754124
            ],
            [
              -119.9160990561964,
              34.58211806026163
            ],
            [
              -119.91611500012007,
              34.582054734465615
            ],
            [
              -119.91617600190531,
              34.581859734769886
            ],
            [
              -119.91619730299969,
              34.58180230301019
            ],
            [
              -119.91622830360917,
              34.58173030317444
            ],
            [
              -119.91625740710305,
              34.581671590289595
            ],
            [
              -119.91629304088063,
              34.58161539408423
            ],
            [
              -119.91633489072284,
              34.58156221007623
            ],
            [
              -119.91638258760156,
              34.58151250722192
            ],
            [
              -119.916435710934,
              34.58146672378127
            ],
            [
              -119.91649379229128,
              34.58142526345358
            ],
            [
              -119.91672650446361,
              34.5812743157735
            ],
            [
              -119.91673132172204,
              34.58126148791563
            ],
            [
              -119.9168153231889,
              34.58108248836447
            ],
            [
              -119.91684964367745,
              34.58101919406837
            ],
            [
              -119.91689162858833,
              34.58095914328594
            ],
            [
              -119.9169408354945,
              34.58090296879409
            ],
            [
              -119.91699674587124,
              34.580851262522465
            ],
            [
              -119.91705877056036,
              34.580804569316356
            ],
            [
              -119.91714277044095,
              34.58074756967807
            ],
            [
              -119.91720942796742,
              34.580706834982045
            ],
            [
              -119.91744642719992,
              34.58057683589525
            ],
            [
              -119.91754608734206,
              34.580530138336464
            ],
            [
              -119.91761233730494,
              34.58050398711045
            ],
            [
              -119.91780055601508,
              34.580424570195895
            ],
            [
              -119.91794596888822,
              34.5803459044697
            ],
            [
              -119.9180935119525,
              34.580265678241105
            ],
            [
              -119.91831112110006,
              34.58013834413184
            ],
            [
              -119.9183274361718,
              34.58012904081554
            ],
            [
              -119.91852543554965,
              34.58001904158398
            ],
            [
              -119.91857663572684,
              34.57999280885703
            ],
            [
              -119.91863003320348,
              34.579969766956815
            ],
            [
              -119.91887403192499,
              34.57987376772107
            ],
            [
              -119.9189330671196,
              34.579852852623425
            ],
            [
              -119.91899390610571,
              34.5798358373211
            ],
            [
              -119.9189980052184,
              34.57983483754215
            ],
            [
              -119.91897791540396,
              34.57977033669328
            ],
            [
              -119.91895718789529,
              34.579709053680176
            ],
            [
              -119.91893966548469,
              34.57964561775071
            ],
            [
              -119.91892960110482,
              34.579581081988124
            ],
            [
              -119.91892708805837,
              34.57951604478708
            ],
            [
              -119.91893214962934,
              34.57945110919035
            ],
            [
              -119.91894473886796,
              34.57938687729724
            ],
            [
              -119.91896473902648,
              34.579323944680716
            ],
            [
              -119.91899196464242,
              34.5792628948652
            ],
            [
              -119.91902616325885,
              34.57920429391608
            ],
            [
              -119.91904916349122,
              34.57916929403925
            ],
            [
              -119.91909056632342,
              34.57911301489332
            ],
            [
              -119.9191383979584,
              34.57906033766233
            ],
            [
              -119.91919220379371,
              34.57901176298857
            ],
            [
              -119.91925147245101,
              34.57896775252288
            ],
            [
              -119.91931564063634,
              34.578928724537214
            ],
            [
              -119.9193840984938,
              34.57889504994972
            ],
            [
              -119.91945619540131,
              34.57886704879978
            ],
            [
              -119.9195312461541,
              34.57884498720652
            ],
            [
              -119.91960853747639,
              34.57882907483994
            ],
            [
              -119.91968733479997,
              34.57881946292831
            ],
            [
              -119.91976688924507,
              34.578816242821055
            ],
            [
              -119.919846444737,
              34.57881944512074
            ],
            [
              -119.91994544393629,
              34.57882744509691
            ],
            [
              -119.92001700021278,
              34.578835884475204
            ],
            [
              -119.92008737467533,
              34.578849521663706
            ],
            [
              -119.92015601653479,
              34.578868249929734
            ],
            [
              -119.92022238856146,
              34.57889192269501
            ],
            [
              -119.92028597128947,
              34.57892035468282
            ],
            [
              -119.92040097071842,
              34.578977354317004
            ],
            [
              -119.9204692838919,
              34.579015203291476
            ],
            [
              -119.92053265168903,
              34.57905853969829
            ],
            [
              -119.92059043230869,
              34.579106924622536
            ],
            [
              -119.92076134160891,
              34.579265239698074
            ],
            [
              -119.92086379926242,
              34.57934770519873
            ],
            [
              -119.92092394081513,
              34.57940167303974
            ],
            [
              -119.92097665128006,
              34.57946071729267
            ],
            [
              -119.92099081565866,
              34.579480834025055
            ],
            [
              -119.92099330606382,
              34.57947999663898
            ],
            [
              -119.9210629464976,
              34.57945956376042
            ],
            [
              -119.92113453408396,
              34.57944441848791
            ],
            [
              -119.92137853228033,
              34.57940241891092
            ],
            [
              -119.92141346324638,
              34.579397058741115
            ],
            [
              -119.92166546132377,
              34.5793630591091
            ],
            [
              -119.92171642804318,
              34.57935753767373
            ],
            [
              -119.92206395417402,
              34.57932905209456
            ],
            [
              -119.92232850810335,
              34.57929727623943
            ],
            [
              -119.92239984446718,
              34.57927710682188
            ],
            [
              -119.9223989849688,
              34.579259997276765
            ],
            [
              -119.92239898560595,
              34.57919499724456
            ],
            [
              -119.92240267170193,
              34.57913088428424
            ],
            [
              -119.92241369546285,
              34.57906734978659
            ],
            [
              -119.9224319574181,
              34.57900496694535
            ],
            [
              -119.92245729279657,
              34.57894429856293
            ],
            [
              -119.92248947301384,
              34.578885891973115
            ],
            [
              -119.9225282077349,
              34.578830274103154
            ],
            [
              -119.92257314749384,
              34.57877794672018
            ],
            [
              -119.92262388684705,
              34.57872938190456
            ],
            [
              -119.92267996803133,
              34.57868501779109
            ],
            [
              -119.9227408850938,
              34.57864525461647
            ],
            [
              -119.92280608845644,
              34.57861045110876
            ],
            [
              -119.92287498987433,
              34.57858092125118
            ],
            [
              -119.92294696774232,
              34.57855693144977
            ],
            [
              -119.92302137270278,
              34.57853869812999
            ],
            [
              -119.92309753350347,
              34.578526385784535
            ],
            [
              -119.92319653274063,
              34.578514385918936
            ],
            [
              -119.92328091370808,
              34.578507832604416
            ],
            [
              -119.92336566145987,
              34.57850854465094
            ],
            [
              -119.92344986405469,
              34.57851651439527
            ],
            [
              -119.92346557112987,
              34.578519388449756
            ],
            [
              -119.92359672854131,
              34.57828708061663
            ],
            [
              -119.92362982683483,
              34.57823458581509
            ],
            [
              -119.92366835323163,
              34.57818468864389
            ],
            [
              -119.92377186984167,
              34.578062746391765
            ],
            [
              -119.92375707608677,
              34.57803952565804
            ],
            [
              -119.92372707642718,
              34.577986525459444
            ],
            [
              -119.92369643043848,
              34.5779245619828
            ],
            [
              -119.92367334766507,
              34.57786039444182
            ],
            [
              -119.92365805464911,
              34.57779465264679
            ],
            [
              -119.92365070147432,
              34.57772798185807
            ],
            [
              -119.92365136029352,
              34.577661036452646
            ],
            [
              -119.92366002462114,
              34.57759447350134
            ],
            [
              -119.92367660939763,
              34.577528946319596
            ],
            [
              -119.92370095182515,
              34.577465098055235
            ],
            [
              -119.92373281296604,
              34.57740355537609
            ],
            [
              -119.92377188008864,
              34.57734492231925
            ],
            [
              -119.92381776973744,
              34.57728977436275
            ],
            [
              -119.92387003149702,
              34.57723865277748
            ],
            [
              -119.9239310315903,
              34.57718465307032
            ],
            [
              -119.92399714202382,
              34.57713233631154
            ],
            [
              -119.92406991019843,
              34.57708646175278
            ],
            [
              -119.92414842348272,
              34.57704760472798
            ],
            [
              -119.92420142323141,
              34.57702460490508
            ],
            [
              -119.92427299905758,
              34.576997104246274
            ],
            [
              -119.92434744892714,
              34.576975444099396
            ],
            [
              -119.92442407812405,
              34.57695982658091
            ],
            [
              -119.92450217159798,
              34.576950397421584
            ],
            [
              -119.92458100063615,
              34.57694724460669
            ],
            [
              -119.92466429705611,
              34.57694724464894
            ],
            [
              -119.92486963237654,
              34.57693738144392
            ],
            [
              -119.92493793821554,
              34.576936466706215
            ],
            [
              -119.9250060976561,
              34.576940275186175
            ],
            [
              -119.92507363414634,
              34.57694878025538
            ],
            [
              -119.92530263235032,
              34.57698578005313
            ],
            [
              -119.92535045646983,
              34.57699474731678
            ],
            [
              -119.92538759392927,
              34.577002687080714
            ],
            [
              -119.92554320371532,
              34.577000355840475
            ],
            [
              -119.92561861813302,
              34.577002107646834
            ],
            [
              -119.92574861707827,
              34.57701010763582
            ],
            [
              -119.92586015783667,
              34.57702341831272
            ],
            [
              -119.92595023769698,
              34.57703947911235
            ],
            [
              -119.92610968565283,
              34.577054702825414
            ],
            [
              -119.92617862284827,
              34.57706438772811
            ],
            [
              -119.92616293713787,
              34.577046467919075
            ],
            [
              -119.92613293729185,
              34.5770084677436
            ],
            [
              -119.92609074264536,
              34.576948506641244
            ],
            [
              -119.92605620336724,
              34.576885283120035
            ],
            [
              -119.9260296835134,
              34.57681946360913
            ],
            [
              -119.92601146260606,
              34.57675174189998
            ],
            [
              -119.92600173268791,
              34.5766828318333
            ],
            [
              -119.92600059629889,
              34.5766134597743
            ],
            [
              -119.92600806539598,
              34.57654435695611
            ],
            [
              -119.92602406122819,
              34.57647625177213
            ],
            [
              -119.926039061689,
              34.576426251846
            ],
            [
              -119.92606134770378,
              34.576364664226915
            ],
            [
              -119.92609060839722,
              34.576305106960696
            ],
            [
              -119.92612657893466,
              34.57624811906165
            ],
            [
              -119.92616893375693,
              34.576194216289224
            ],
            [
              -119.92621728952696,
              34.57614388648042
            ],
            [
              -119.92633982990401,
              34.57602810786651
            ],
            [
              -119.92633130558247,
              34.576025638742976
            ],
            [
              -119.92626565775731,
              34.57600870584147
            ],
            [
              -119.92615554850121,
              34.576020980285904
            ],
            [
              -119.92601088692426,
              34.5760417754413
            ],
            [
              -119.92590137099337,
              34.576051287913856
            ],
            [
              -119.92577136994652,
              34.57605528799909
            ],
            [
              -119.92569404417652,
              34.57605463802044
            ],
            [
              -119.92561004349417,
              34.57605063802273
            ],
            [
              -119.92553428049581,
              34.57604408794846
            ],
            [
              -119.92545958441303,
              34.57603172962465
            ],
            [
              -119.92538660465164,
              34.57601367049347
            ],
            [
              -119.9253159756947,
              34.575990067559786
            ],
            [
              -119.92524831158639,
              34.57596112602603
            ],
            [
              -119.92518420059287,
              34.57592709750809
            ],
            [
              -119.92513820041549,
              34.57590009733937
            ],
            [
              -119.92507508336817,
              34.575859048650976
            ],
            [
              -119.92501714256797,
              34.57581307363177
            ],
            [
              -119.92496493763826,
              34.57576261633928
            ],
            [
              -119.92491897279886,
              34.57570816412325
            ],
            [
              -119.92487969199598,
              34.57565024291815
            ],
            [
              -119.92484747461461,
              34.575589412163296
            ],
            [
              -119.92482263181459,
              34.57552625939904
            ],
            [
              -119.92480540352574,
              34.57546139459196
            ],
            [
              -119.92479595613095,
              34.57539544424315
            ],
            [
              -119.92479438085996,
              34.57532904533707
            ],
            [
              -119.92479966972921,
              34.57527357117366
            ],
            [
              -119.92472321332339,
              34.57522756753488
            ],
            [
              -119.92441431544245,
              34.5750553156786
            ],
            [
              -119.9243570425679,
              34.57502028024903
            ],
            [
              -119.92430367716669,
              34.57498125131556
            ],
            [
              -119.92420273640843,
              34.574900675439515
            ],
            [
              -119.92398831009473,
              34.57474410960609
            ],
            [
              -119.92355585667225,
              34.57447500564964
            ],
            [
              -119.92351061338252,
              34.57444470493911
            ],
            [
              -119.92333561300943,
              34.574318704191
            ],
            [
              -119.92328968811319,
              34.57428296986019
            ],
            [
              -119.92326791370246,
              34.574264666652354
            ],
            [
              -119.92323171838694,
              34.57424288391969
            ],
            [
              -119.92319093678087,
              34.57424343820708
            ],
            [
              -119.92311421806029,
              34.57423849136979
            ],
            [
              -119.92303840237541,
              34.57422759582024
            ],
            [
              -119.92296416238624,
              34.57421084822624
            ],
            [
              -119.92289215677184,
              34.57418839717676
            ],
            [
              -119.92280815623025,
              34.574158396981886
            ],
            [
              -119.9227384962551,
              34.574130201947824
            ],
            [
              -119.92267238232856,
              34.57409667037472
            ],
            [
              -119.92261041023093,
              34.57405810443105
            ],
            [
              -119.9225531384164,
              34.57401485165213
            ],
            [
              -119.92250108298047,
              34.57396730180806
            ],
            [
              -119.92245471300907,
              34.57391588339124
            ],
            [
              -119.92241444635161,
              34.57386105975476
            ],
            [
              -119.92238064585574,
              34.573803324936826
            ],
            [
              -119.92236464606964,
              34.573772324827786
            ],
            [
              -119.92233785871127,
              34.57371282709739
            ],
            [
              -119.9223179402431,
              34.57365151249739
            ],
            [
              -119.92230506647641,
              34.57358892227015
            ],
            [
              -119.92229935103582,
              34.573525608917265
            ],
            [
              -119.92230084435674,
              34.573462131322295
            ],
            [
              -119.9223095332409,
              34.57339904981741
            ],
            [
              -119.92232534097323,
              34.5733369212371
            ],
            [
              -119.92234812799974,
              34.57327629400292
            ],
            [
              -119.92237769315999,
              34.57321770328254
            ],
            [
              -119.92241377546311,
              34.573161666265754
            ],
            [
              -119.92244410444839,
              34.573119469945695
            ],
            [
              -119.92232983887241,
              34.57297247332352
            ],
            [
              -119.9223001618762,
              34.57293113278832
            ],
            [
              -119.92222416250343,
              34.57281613231147
            ],
            [
              -119.92219647862048,
              34.57277017459023
            ],
            [
              -119.92203648055875,
              34.572477173518955
            ],
            [
              -119.92201165693643,
              34.572426305461036
            ],
            [
              -119.92197684517149,
              34.572345687072755
            ],
            [
              -119.92186524071582,
              34.572105005000566
            ],
            [
              -119.92185421959175,
              34.57207974739283
            ],
            [
              -119.92183714121579,
              34.57203803049964
            ],
            [
              -119.92176095278971,
              34.571956603380976
            ],
            [
              -119.9217167404314,
              34.571904445282364
            ],
            [
              -119.92167866205415,
              34.57184907524772
            ],
            [
              -119.92164705602877,
              34.57179098532168
            ],
            [
              -119.92161605650047,
              34.57172598510535
            ],
            [
              -119.92158676998311,
              34.57165250766301
            ],
            [
              -119.92156782886221,
              34.571576742777076
            ],
            [
              -119.92155282964397,
              34.57149274263852
            ],
            [
              -119.92154491821293,
              34.57142493989853
            ],
            [
              -119.92154529907535,
              34.571356822801945
            ],
            [
              -119.921553968341,
              34.571289083493426
            ],
            [
              -119.92157083790066,
              34.57122241027729
            ],
            [
              -119.92159573632222,
              34.57115748062349
            ],
            [
              -119.92162841059337,
              34.57109495428397
            ],
            [
              -119.92166852869322,
              34.571035466589
            ],
            [
              -119.92171568296662,
              34.57097962199171
            ],
            [
              -119.92177668321429,
              34.57091462230082
            ],
            [
              -119.9218257213649,
              34.57086708143426
            ],
            [
              -119.92187985919782,
              34.57082349119332
            ],
            [
              -119.92191978661107,
              34.57079681598684
            ],
            [
              -119.92194064465485,
              34.57074247666566
            ],
            [
              -119.9219870703002,
              34.57053188852164
            ],
            [
              -119.92198707068229,
              34.57049299723679
            ],
            [
              -119.92198974420504,
              34.57043837670177
            ],
            [
              -119.92199774619553,
              34.570384113638184
            ],
            [
              -119.92200103086239,
              34.570367472171924
            ],
            [
              -119.92197413439374,
              34.570334368452194
            ],
            [
              -119.92194756917118,
              34.570302027907964
            ],
            [
              -119.92189865493154,
              34.570260807905946
            ],
            [
              -119.92186801185215,
              34.57027422770009
            ],
            [
              -119.92168616364228,
              34.57039645403633
            ],
            [
              -119.92161379406689,
              34.570439881354766
            ],
            [
              -119.92127079288674,
              34.570622882655286
            ],
            [
              -119.92123773701431,
              34.57063961408066
            ],
            [
              -119.92087073548821,
              34.570815615386344
            ],
            [
              -119.92082754782393,
              34.570834916461585
            ],
            [
              -119.92046154600375,
              34.57098691764964
            ],
            [
              -119.9204300291453,
              34.57099931658847
            ],
            [
              -119.92010202734409,
              34.57112131757728
            ],
            [
              -119.9199970132344,
              34.5711534198699
            ],
            [
              -119.91984302733238,
              34.571190795214044
            ],
            [
              -119.91954956819892,
              34.57129859672639
            ],
            [
              -119.91948634687986,
              34.571319261002586
            ],
            [
              -119.91942126747732,
              34.571335505920935
            ],
            [
              -119.91937771159273,
              34.57134476159197
            ],
            [
              -119.91930919716039,
              34.57137901891813
            ],
            [
              -119.91929990412766,
              34.571405222888124
            ],
            [
              -119.91927403337394,
              34.571466951992804
            ],
            [
              -119.91924107699641,
              34.57152632604468
            ],
            [
              -119.9192013430357,
              34.5715827900519
            ],
            [
              -119.91915520288717,
              34.57163581622262
            ],
            [
              -119.91910308782984,
              34.571684908898774
            ],
            [
              -119.9190454849953,
              34.571729609189404
            ],
            [
              -119.91898293281442,
              34.57176949926018
            ],
            [
              -119.9189160159846,
              34.571804206239435
            ],
            [
              -119.91884536000424,
              34.571833405703735
            ],
            [
              -119.91877162532562,
              34.57185682471059
            ],
            [
              -119.91869550118138,
              34.57187424435003
            ],
            [
              -119.91861769914131,
              34.57188550179093
            ],
            [
              -119.9185389464607,
              34.57189049180334
            ],
            [
              -119.91845997928188,
              34.5718891677421
            ],
            [
              -119.91838153575246,
              34.571881541983004
            ],
            [
              -119.91830434912512,
              34.5718676858071
            ],
            [
              -119.91822914090304,
              34.57184772873443
            ],
            [
              -119.91815661409501,
              34.57182185731317
            ],
            [
              -119.91808744664384,
              34.571790313375956
            ],
            [
              -119.9180222850887,
              34.571753391779005
            ],
            [
              -119.91789154592023,
              34.57167135915488
            ],
            [
              -119.9178244370808,
              34.57168661115902
            ],
            [
              -119.91775363316215,
              34.57169993463676
            ],
            [
              -119.91768167866542,
              34.57170800488985
            ],
            [
              -119.91741467655166,
              34.57172800515726
            ],
            [
              -119.9173280146194,
              34.57173067355676
            ],
            [
              -119.91724149901214,
              34.571725727936105
            ],
            [
              -119.91715610467146,
              34.57171322402611
            ],
            [
              -119.9170727939028,
              34.57169330273174
            ],
            [
              -119.91699250553053,
              34.57166618854408
            ],
            [
              -119.91691614431761,
              34.57163218701057
            ],
            [
              -119.91687872251701,
              34.57161333953292
            ],
            [
              -119.9167453637922,
              34.57158359025854
            ],
            [
              -119.91649991499057,
              34.57153653950181
            ],
            [
              -119.91631043333156,
              34.57152178481727
            ],
            [
              -119.91624387967283,
              34.57151430839325
            ],
            [
              -119.91617829341817,
              34.571502334953145
            ],
            [
              -119.91581229065802,
              34.571422334468295
            ],
            [
              -119.91573792714857,
              34.571402895096156
            ],
            [
              -119.91566614344565,
              34.57137767874998
            ],
            [
              -119.91552786881299,
              34.57132252002881
            ],
            [
              -119.91521386587624,
              34.57123415307932
            ],
            [
              -119.91510387656498,
              34.57120450380965
            ],
            [
              -119.91481307643636,
              34.57112588900828
            ],
            [
              -119.91474833497138,
              34.5711214380335
            ],
            [
              -119.91470224625309,
              34.57111685424678
            ],
            [
              -119.91467519584546,
              34.571124059285815
            ],
            [
              -119.9146020133471,
              34.571167253637505
            ],
            [
              -119.91455896618822,
              34.571210977298534
            ],
            [
              -119.91452233936138,
              34.57127621196887
            ],
            [
              -119.91447695426967,
              34.57133849354373
            ],
            [
              -119.9143899682982,
              34.571444508934
            ],
            [
              -119.91436391386895,
              34.57151927580444
            ],
            [
              -119.91433836253776,
              34.57161406638943
            ],
            [
              -119.9143211589105,
              34.57166749470832
            ],
            [
              -119.91429873241184,
              34.57171958081409
            ],
            [
              -119.914222733669,
              34.571875581221214
            ],
            [
              -119.91419167384952,
              34.571931778244185
            ],
            [
              -119.9141545380587,
              34.57198539350436
            ],
            [
              -119.91410153844315,
              34.572054393783546
            ],
            [
              -119.91405120007306,
              34.57211282627066
            ],
            [
              -119.9139936554765,
              34.572166514508865
            ],
            [
              -119.91396265550325,
              34.57219251465484
            ],
            [
              -119.9138986082935,
              34.57224081615919
            ],
            [
              -119.91382873517017,
              34.572283233225654
            ],
            [
              -119.91375382257739,
              34.57231928843065
            ],
            [
              -119.91365482209582,
              34.57236128875646
            ],
            [
              -119.91358295294262,
              34.57238823611337
            ],
            [
              -119.91350827603948,
              34.57240932242513
            ],
            [
              -119.91343148808362,
              34.572424350965846
            ],
            [
              -119.91335330546899,
              34.57243318152563
            ],
            [
              -119.91327445760209,
              34.57243573171863
            ],
            [
              -119.91319568009665,
              34.57243197775184
            ],
            [
              -119.91311770791,
              34.57242195464712
            ],
            [
              -119.91304126848605,
              34.57240575591445
            ],
            [
              -119.91296707496778,
              34.57238353267951
            ],
            [
              -119.91289581954375,
              34.57235549227368
            ],
            [
              -119.91282816698981,
              34.57232189629959
            ],
            [
              -119.91275216666456,
              34.57227989603419
            ],
            [
              -119.91268940546921,
              34.57224150213176
            ],
            [
              -119.91263136082395,
              34.572198328676464
            ],
            [
              -119.9125785626741,
              34.572150769845024
            ],
            [
              -119.91253149306175,
              34.572099259852514
            ],
            [
              -119.91249058172457,
              34.57204426898765
            ],
            [
              -119.91245620217266,
              34.57198629931886
            ],
            [
              -119.9124286682786,
              34.57192588011024
            ],
            [
              -119.91240823141204,
              34.571863562989144
            ],
            [
              -119.91239507814554,
              34.57179991690975
            ],
            [
              -119.91238932855127,
              34.57173552295826
            ],
            [
              -119.91239103510563,
              34.57167096904771
            ],
            [
              -119.91239657367773,
              34.57160530505765
            ],
            [
              -119.91240405837037,
              34.57126583822783
            ],
            [
              -119.91240405942733,
              34.571157997233335
            ],
            [
              -119.91240880038865,
              34.571085305970485
            ],
            [
              -119.91243980270076,
              34.570848306059666
            ],
            [
              -119.91245003299025,
              34.57079222421102
            ],
            [
              -119.91246591252823,
              34.570737049511536
            ],
            [
              -119.91248732944426,
              34.57068317062502
            ],
            [
              -119.91252576090658,
              34.57059862316998
            ],
            [
              -119.91260399824748,
              34.57039930902605
            ],
            [
              -119.91262512227331,
              34.570351664352266
            ],
            [
              -119.91265050911609,
              34.570305465321375
            ],
            [
              -119.91268843406982,
              34.57024280765157
            ],
            [
              -119.9127871281348,
              34.57006001220626
            ],
            [
              -119.91267087524042,
              34.570010304012584
            ],
            [
              -119.9126540246788,
              34.57000289133016
            ],
            [
              -119.91257002422034,
              34.56996489108425
            ],
            [
              -119.91252942629527,
              34.56994488230523
            ],
            [
              -119.91241596048818,
              34.56999502828348
            ],
            [
              -119.91235229170708,
              34.57002030369908
            ],
            [
              -119.91229849829905,
              34.57003933836027
            ],
            [
              -119.91209308457958,
              34.57015719910263
            ],
            [
              -119.91195961505639,
              34.57025022379709
            ],
            [
              -119.91179896177168,
              34.57039061546027
            ],
            [
              -119.91168016864525,
              34.57051924084464
            ],
            [
              -119.91163260730397,
              34.570566168113594
            ],
            [
              -119.91158010555078,
              34.57060934116508
            ],
            [
              -119.91152309452337,
              34.57064840546091
            ],
            [
              -119.91146204239166,
              34.570683040203384
            ],
            [
              -119.91117204131638,
              34.57083204127876
            ],
            [
              -119.91115040639897,
              34.57084277777415
            ],
            [
              -119.91098340570312,
              34.57092277836778
            ],
            [
              -119.91093820761655,
              34.57094288917948
            ],
            [
              -119.91067120627747,
              34.57105289004136
            ],
            [
              -119.9106208971526,
              34.57107188680268
            ],
            [
              -119.91052340438127,
              34.57110544998438
            ],
            [
              -119.9105273531893,
              34.57114335043945
            ],
            [
              -119.91052656672366,
              34.57120819737726
            ],
            [
              -119.91051826930142,
              34.57127268335209
            ],
            [
              -119.91050253732023,
              34.57133621448054
            ],
            [
              -119.91049061660073,
              34.57136831379172
            ],
            [
              -119.9105287959186,
              34.571422811659076
            ],
            [
              -119.91056158705062,
              34.57148217621546
            ],
            [
              -119.91058730180653,
              34.57154388058101
            ],
            [
              -119.91060570029404,
              34.57160734915463
            ],
            [
              -119.91061661086836,
              34.57167198987681
            ],
            [
              -119.91062461156703,
              34.57174498978846
            ],
            [
              -119.91062791328861,
              34.5718122501702
            ],
            [
              -119.91062310870787,
              34.57187944855736
            ],
            [
              -119.91061024548159,
              34.57194591813418
            ],
            [
              -119.9105894512338,
              34.572010999315324
            ],
            [
              -119.9105609322902,
              34.57207404629107
            ],
            [
              -119.91052497163138,
              34.57213443343595
            ],
            [
              -119.91048192608541,
              34.572191561516945
            ],
            [
              -119.91043222278758,
              34.57224486364007
            ],
            [
              -119.91037635494226,
              34.57229381087596
            ],
            [
              -119.9103148769289,
              34.5723379175087
            ],
            [
              -119.91026087682873,
              34.57237291773603
            ],
            [
              -119.91020155983531,
              34.572407947631504
            ],
            [
              -119.91013870451964,
              34.5724384651746
            ],
            [
              -119.91011849193441,
              34.572446367684215
            ],
            [
              -119.91012067270078,
              34.57245848383959
            ],
            [
              -119.91013567402197,
              34.57259648367337
            ],
            [
              -119.91013891233243,
              34.57264995360584
            ],
            [
              -119.91013702326144,
              34.572703467782
            ],
            [
              -119.91013002408557,
              34.57278746778711
            ],
            [
              -119.91012089069473,
              34.5728518554115
            ],
            [
              -119.91010434021602,
              34.57291522279541
            ],
            [
              -119.91008052495646,
              34.572976986731135
            ],
            [
              -119.91004966408634,
              34.57303657876715
            ],
            [
              -119.91001204162276,
              34.573093450440034
            ],
            [
              -119.909968003816,
              34.57314707832234
            ],
            [
              -119.90991795596321,
              34.57319696884032
            ],
            [
              -119.90983395611461,
              34.5732729692465
            ],
            [
              -119.90977716787523,
              34.57331955044604
            ],
            [
              -119.90971514541187,
              34.5733613155059
            ],
            [
              -119.90964848311145,
              34.573397864168456
            ],
            [
              -119.90957781982968,
              34.573428846166976
            ],
            [
              -119.9095038327684,
              34.573453964582704
            ],
            [
              -119.90942723098544,
              34.57347297869057
            ],
            [
              -119.90934874859893,
              34.57348570626638
            ],
            [
              -119.90926913775141,
              34.573492025333316
            ],
            [
              -119.90918916140109,
              34.57349187533111
            ],
            [
              -119.9091095860095,
              34.57348525769635
            ],
            [
              -119.90903117419555,
              34.573472235848875
            ],
            [
              -119.90900139517966,
              34.57346472217017
            ],
            [
              -119.90900233243592,
              34.57348440045242
            ],
            [
              -119.90900128533089,
              34.573554322616864
            ],
            [
              -119.90899328634188,
              34.5736573226193
            ],
            [
              -119.9089857435783,
              34.57371525782882
            ],
            [
              -119.90897219488987,
              34.5737724401641
            ],
            [
              -119.90895274100458,
              34.573828444449475
            ],
            [
              -119.908927526559,
              34.5738828542677
            ],
            [
              -119.90887352735973,
              34.57398585455808
            ],
            [
              -119.90883363960498,
              34.574051820681476
            ],
            [
              -119.90878529786396,
              34.574113798121914
            ],
            [
              -119.90872907801649,
              34.57417104853733
            ],
            [
              -119.90866107814578,
              34.57423304886697
            ],
            [
              -119.9086033190766,
              34.57428069808255
            ],
            [
              -119.908540103003,
              34.57432334523202
            ],
            [
              -119.9084720602075,
              34.574360565104726
            ],
            [
              -119.90839986910015,
              34.57439198660164
            ],
            [
              -119.90832424945417,
              34.57441729643549
            ],
            [
              -119.90824595522928,
              34.57443624225472
            ],
            [
              -119.90816576705411,
              34.574448635159705
            ],
            [
              -119.90808448444237,
              34.5744543515863
            ],
            [
              -119.9080029178209,
              34.57445333453798
            ],
            [
              -119.90792188044863,
              34.57444559415424
            ],
            [
              -119.90784218030751,
              34.574431207609464
            ],
            [
              -119.90776461204595,
              34.574410318343496
            ],
            [
              -119.90772661178679,
              34.57439831826608
            ],
            [
              -119.90764948418811,
              34.57437010849279
            ],
            [
              -119.90757628328446,
              34.574335472426434
            ],
            [
              -119.90751890749691,
              34.57430138474074
            ],
            [
              -119.90744883496255,
              34.574299609560796
            ],
            [
              -119.9073690954037,
              34.57429104821109
            ],
            [
              -119.90729075955792,
              34.57427604451396
            ],
            [
              -119.90721458627893,
              34.57425474381212
            ],
            [
              -119.90714131346986,
              34.57422735244859
            ],
            [
              -119.90707165093491,
              34.57419413576754
            ],
            [
              -119.90700627350266,
              34.57415541554386
            ],
            [
              -119.9069458144889,
              34.5741115668658
            ],
            [
              -119.9068908595613,
              34.57406301450128
            ],
            [
              -119.90684194106595,
              34.57401022878288
            ],
            [
              -119.90678992313678,
              34.57394797726912
            ],
            [
              -119.9067160792081,
              34.573929159446394
            ],
            [
              -119.90664145719799,
              34.57390320973787
            ],
            [
              -119.90657345678659,
              34.573876209562165
            ],
            [
              -119.90650029326802,
              34.57384326248185
            ],
            [
              -119.90643156636408,
              34.57380432388689
            ],
            [
              -119.90636799064616,
              34.573759798634555
            ],
            [
              -119.90631022712405,
              34.573710149668
            ],
            [
              -119.90625887637313,
              34.57365589320264
            ],
            [
              -119.90621447229007,
              34.573597593358635
            ],
            [
              -119.90617747654207,
              34.57353585629526
            ],
            [
              -119.90612347724512,
              34.573432855929255
            ],
            [
              -119.90610138390977,
              34.5733860121355
            ],
            [
              -119.90610044361695,
              34.573383475681105
            ],
            [
              -119.90609629014875,
              34.57338135790926
            ],
            [
              -119.90602998163006,
              34.57333924716172
            ],
            [
              -119.90596922299399,
              34.573291751745636
            ],
            [
              -119.905914650442,
              34.57323936899042
            ],
            [
              -119.90586683539718,
              34.57318264740056
            ],
            [
              -119.9058446224476,
              34.57314952999482
            ],
            [
              -119.90580988248357,
              34.57314678347397
            ],
            [
              -119.90573202725724,
              34.573134236683615
            ],
            [
              -119.90565600997826,
              34.57311550383401
            ],
            [
              -119.90558254723871,
              34.5730907615135
            ],
            [
              -119.9054915466767,
              34.573055761285694
            ],
            [
              -119.90542197728655,
              34.57302555725157
            ],
            [
              -119.90535623740033,
              34.57298996492676
            ],
            [
              -119.90529493507495,
              34.57294931352211
            ],
            [
              -119.90523863731985,
              34.57290397904211
            ],
            [
              -119.90521201036313,
              34.57287796790669
            ],
            [
              -119.90516730682151,
              34.57287746155776
            ],
            [
              -119.90508874083748,
              34.57287025178031
            ],
            [
              -119.90501138503008,
              34.572856794993
            ],
            [
              -119.90493596363835,
              34.57283721718342
            ],
            [
              -119.90486318278953,
              34.5728117016468
            ],
            [
              -119.90479372388727,
              34.57278048726991
            ],
            [
              -119.90472823723194,
              34.57274386629431
            ],
            [
              -119.90463623691561,
              34.57268686594209
            ],
            [
              -119.90457011621628,
              34.57264120711248
            ],
            [
              -119.9045101746572,
              34.57259004369056
            ],
            [
              -119.90445707853075,
              34.5725339444025
            ],
            [
              -119.90441141803281,
              34.57247353283998
            ],
            [
              -119.9043424185851,
              34.57237053240942
            ],
            [
              -119.90430607111688,
              34.57230914019574
            ],
            [
              -119.90427740793827,
              34.57224502459544
            ],
            [
              -119.90425672234319,
              34.572178841706005
            ],
            [
              -119.90424422598883,
              34.57211126877807
            ],
            [
              -119.90424004673051,
              34.572042997285024
            ],
            [
              -119.90424004732884,
              34.571981841552855
            ],
            [
              -119.9041203345982,
              34.57192437934519
            ],
            [
              -119.90383002418537,
              34.571797784832654
            ],
            [
              -119.90380281467442,
              34.57178536694587
            ],
            [
              -119.90364981388237,
              34.57171236647547
            ],
            [
              -119.90357691815797,
              34.57167316794844
            ],
            [
              -119.9034654391754,
              34.57160598028782
            ],
            [
              -119.90338783079383,
              34.571835803500505
            ],
            [
              -119.90336391578633,
              34.571895685096
            ],
            [
              -119.90333335632624,
              34.5719534618207
            ],
            [
              -119.90329641855087,
              34.572008630480305
            ],
            [
              -119.90325342415001,
              34.57206071059386
            ],
            [
              -119.90320474756439,
              34.572109248578556
            ],
            [
              -119.9031507476636,
              34.5721582488399
            ],
            [
              -119.9030960463258,
              34.57220339807168
            ],
            [
              -119.90303643249018,
              34.57224407014697
            ],
            [
              -119.90297243953397,
              34.572279901159085
            ],
            [
              -119.90290464001804,
              34.57231057051528
            ],
            [
              -119.90283364056413,
              34.572335803805515
            ],
            [
              -119.90276007642701,
              34.5723553752578
            ],
            [
              -119.90268460581032,
              34.57236910975839
            ],
            [
              -119.90260790397697,
              34.57237688441881
            ],
            [
              -119.9025306572071,
              34.572378629675406
            ],
            [
              -119.9024535566571,
              34.572374329911845
            ],
            [
              -119.90236955598024,
              34.572366329881696
            ],
            [
              -119.90229397894745,
              34.572356144017185
            ],
            [
              -119.90221988685657,
              34.572340149715245
            ],
            [
              -119.90214793064825,
              34.5723184874942
            ],
            [
              -119.90207874249715,
              34.57229134766819
            ],
            [
              -119.90201293025746,
              34.57225896867513
            ],
            [
              -119.90195107212226,
              34.57222163498171
            ],
            [
              -119.90189371154375,
              34.57217967458412
            ],
            [
              -119.90184135245846,
              34.57213345612622
            ],
            [
              -119.90179445485997,
              34.572083385660704
            ],
            [
              -119.9017494550391,
              34.57203038540594
            ],
            [
              -119.90170896430187,
              34.57197767476318
            ],
            [
              -119.90167452931193,
              34.57192209721996
            ],
            [
              -119.9016464441604,
              34.57186412745391
            ],
            [
              -119.90163963676245,
              34.57184794852363
            ],
            [
              -119.90159938805829,
              34.57190832237179
            ],
            [
              -119.90156267472507,
              34.571958172288966
            ],
            [
              -119.90152089754795,
              34.57200521548667
            ],
            [
              -119.90147436823335,
              34.57204910095802
            ],
            [
              -119.90142343394666,
              34.572089501256436
            ],
            [
              -119.90132443387417,
              34.57216150169633
            ],
            [
              -119.90126382245259,
              34.57220152795573
            ],
            [
              -119.901198895448,
              34.572236619474936
            ],
            [
              -119.9011302380357,
              34.572266459976944
            ],
            [
              -119.90105846901503,
              34.572290780511246
            ],
            [
              -119.90098423523199,
              34.57230936187802
            ],
            [
              -119.90090820574902,
              34.57232203660392
            ],
            [
              -119.90083106581436,
              34.57232869045164
            ],
            [
              -119.9007535106856,
              34.57232926344958
            ],
            [
              -119.90067623936295,
              34.57232375043251
            ],
            [
              -119.90057723856907,
              34.572312750384384
            ],
            [
              -119.9004970954984,
              34.57230045183417
            ],
            [
              -119.90041883295622,
              34.572281608489675
            ],
            [
              -119.90034323004069,
              34.572256407934425
            ],
            [
              -119.90027103937189,
              34.57222510103746
            ],
            [
              -119.90020297959907,
              34.57218799945594
            ],
            [
              -119.9001397282464,
              34.57214547253229
            ],
            [
              -119.90008191496797,
              34.57209794361739
            ],
            [
              -119.90003011527942,
              34.57204588585579
            ],
            [
              -119.89998484482909,
              34.57198981747549
            ],
            [
              -119.89994655426474,
              34.57193029662874
            ],
            [
              -119.89991562474782,
              34.57186791583551
            ],
            [
              -119.89989236415957,
              34.57180329608483
            ],
            [
              -119.8998770040366,
              34.571737080652795
            ],
            [
              -119.89986969726671,
              34.571669928698704
            ],
            [
              -119.89987051656749,
              34.57160250870318
            ],
            [
              -119.89987945376346,
              34.57153549181356
            ],
            [
              -119.89989445450354,
              34.57145849187527
            ],
            [
              -119.89990989978962,
              34.57139735311216
            ],
            [
              -119.89993210329065,
              34.571337655094794
            ],
            [
              -119.89996087531202,
              34.57127990781152
            ],
            [
              -119.89996818320539,
              34.571268391843184
            ],
            [
              -119.89996952688347,
              34.57123141732997
            ],
            [
              -119.89997458958823,
              34.571161814550756
            ],
            [
              -119.8999615029605,
              34.570980212902924
            ],
            [
              -119.89996158136573,
              34.57089871891505
            ],
            [
              -119.89997351852259,
              34.57081782532347
            ],
            [
              -119.89998951920843,
              34.57074582539406
            ],
            [
              -119.90001357226703,
              34.57066557011768
            ],
            [
              -119.90004929427253,
              34.570588345507126
            ],
            [
              -119.9001102951126,
              34.57047734583558
            ],
            [
              -119.90014294519783,
              34.57042427421774
            ],
            [
              -119.90018111665287,
              34.57037378626779
            ],
            [
              -119.90022451306473,
              34.570326274026534
            ],
            [
              -119.90037651354227,
              34.57017427478419
            ],
            [
              -119.9004915149569,
              34.57005927430405
            ],
            [
              -119.90053197625025,
              34.570021748283104
            ],
            [
              -119.90057569875889,
              34.56998681484502
            ],
            [
              -119.90081169863407,
              34.56981181590255
            ],
            [
              -119.90087004534614,
              34.56977240822568
            ],
            [
              -119.90116804465042,
              34.569589409446024
            ],
            [
              -119.90117924605677,
              34.56958265192634
            ],
            [
              -119.90130967414495,
              34.56950536170327
            ],
            [
              -119.90127866081586,
              34.56947631096625
            ],
            [
              -119.90123366360822,
              34.56943024001271
            ],
            [
              -119.90119371604202,
              34.569381086783665
            ],
            [
              -119.9010882583003,
              34.56923817523442
            ],
            [
              -119.90093523210287,
              34.56903413827911
            ],
            [
              -119.90050039210892,
              34.56859567140275
            ],
            [
              -119.90035384325027,
              34.56846004460273
            ],
            [
              -119.90013856419107,
              34.56826505717844
            ],
            [
              -119.89993785235937,
              34.568114303498035
            ],
            [
              -119.89988038432348,
              34.56806660727189
            ],
            [
              -119.89982894034412,
              34.56801441644364
            ],
            [
              -119.89952394134482,
              34.56767141475392
            ],
            [
              -119.89948282923359,
              34.56762049828876
            ],
            [
              -119.89929253749406,
              34.56735999908698
            ],
            [
              -119.89924575486882,
              34.56730554674894
            ],
            [
              -119.89910124302594,
              34.56720267343799
            ],
            [
              -119.89891746183983,
              34.56708501877337
            ],
            [
              -119.89858031011595,
              34.566887145737255
            ],
            [
              -119.89855374220276,
              34.56687087467341
            ],
            [
              -119.8983627415934,
              34.56674887392506
            ],
            [
              -119.89829646417328,
              34.56670164418353
            ],
            [
              -119.8982366719557,
              34.5666488225249
            ],
            [
              -119.89798467231185,
              34.56640082121985
            ],
            [
              -119.8979421482539,
              34.566355150209844
            ],
            [
              -119.89790448445311,
              34.566306647215804
            ],
            [
              -119.89763848633027,
              34.565929645588724
            ],
            [
              -119.8976071207781,
              34.56587905790944
            ],
            [
              -119.89757168442578,
              34.565878723608385
            ],
            [
              -119.89745744051496,
              34.565870992675045
            ],
            [
              -119.89722043862584,
              34.565840992530575
            ],
            [
              -119.89714792939432,
              34.56582901360983
            ],
            [
              -119.8970770265822,
              34.565811659995646
            ],
            [
              -119.89700831110166,
              34.565789073867
            ],
            [
              -119.8967723096172,
              34.56570107329432
            ],
            [
              -119.8966870684873,
              34.56566414607665
            ],
            [
              -119.8965049496097,
              34.56557356326706
            ],
            [
              -119.89642323516978,
              34.56553522030915
            ],
            [
              -119.89634081069055,
              34.565505945465816
            ],
            [
              -119.89631607892507,
              34.56556791213989
            ],
            [
              -119.89622635449916,
              34.56582148816978
            ],
            [
              -119.89627423699086,
              34.56587411162524
            ],
            [
              -119.89632723723544,
              34.5659391113198
            ],
            [
              -119.89636348481197,
              34.56598790524123
            ],
            [
              -119.89638787083453,
              34.566027989085406
            ],
            [
              -119.89650912907679,
              34.56613059152237
            ],
            [
              -119.89657819480374,
              34.56619717889922
            ],
            [
              -119.89662915037874,
              34.56625330345197
            ],
            [
              -119.89687638969126,
              34.56648757735865
            ],
            [
              -119.8969338400507,
              34.566548768312956
            ],
            [
              -119.89698244588783,
              34.566614996935904
            ],
            [
              -119.89704344642493,
              34.56670999654949
            ],
            [
              -119.89708663811324,
              34.566789158970955
            ],
            [
              -119.8971316388513,
              34.56688815865291
            ],
            [
              -119.89715277853384,
              34.566941228539754
            ],
            [
              -119.89716854584915,
              34.566995561730415
            ],
            [
              -119.89720754732691,
              34.567159561400985
            ],
            [
              -119.8972190883314,
              34.5672247085098
            ],
            [
              -119.89722291035429,
              34.567290475483105
            ],
            [
              -119.89721897709333,
              34.56735623796769
            ],
            [
              -119.89720732587037,
              34.567421371651534
            ],
            [
              -119.8971843267788,
              34.56751737175655
            ],
            [
              -119.89716460592966,
              34.56758252071656
            ],
            [
              -119.8971371649907,
              34.56764572863388
            ],
            [
              -119.89710227498446,
              34.56770637119002
            ],
            [
              -119.89706028051174,
              34.567763849403704
            ],
            [
              -119.89701159634824,
              34.56781759554732
            ],
            [
              -119.89695670334821,
              34.56786707875472
            ],
            [
              -119.89689614369536,
              34.56791181026497
            ],
            [
              -119.89683051554753,
              34.567951348250084
            ],
            [
              -119.89666251498727,
              34.5680423488923
            ],
            [
              -119.8965853670623,
              34.5680793261271
            ],
            [
              -119.89650380698706,
              34.56810912802528
            ],
            [
              -119.89641880637377,
              34.56813139955879
            ],
            [
              -119.89632304981264,
              34.568151806755175
            ],
            [
              -119.89624978763928,
              34.56817178738486
            ],
            [
              -119.89617116455803,
              34.568189685011106
            ],
            [
              -119.89609077612084,
              34.56820100933462
            ],
            [
              -119.89600942335493,
              34.568205647513615
            ],
            [
              -119.89592791689742,
              34.568203553330136
            ],
            [
              -119.89581343861578,
              34.568195867636675
            ],
            [
              -119.89576374601272,
              34.568207831804905
            ],
            [
              -119.89566892737022,
              34.56822093139995
            ],
            [
              -119.89539346756426,
              34.5682453165127
            ],
            [
              -119.89534806680392,
              34.56829399588031
            ],
            [
              -119.89529202156608,
              34.56834306265688
            ],
            [
              -119.89523033801758,
              34.56838725916523
            ],
            [
              -119.89516363168511,
              34.568426144371074
            ],
            [
              -119.89509256822028,
              34.5684593302406
            ],
            [
              -119.89501785675718,
              34.56848648561274
            ],
            [
              -119.89494024283557,
              34.56850733950406
            ],
            [
              -119.89478824177233,
              34.56854133982207
            ],
            [
              -119.89471679946183,
              34.56855451040013
            ],
            [
              -119.89464421877483,
              34.56856233832025
            ],
            [
              -119.89457108239169,
              34.56856476073884
            ],
            [
              -119.89431908034834,
              34.5685637608331
            ],
            [
              -119.89424164412631,
              34.568560409189615
            ],
            [
              -119.89416494091168,
              34.56855099926734
            ],
            [
              -119.89408966179664,
              34.56853561584842
            ],
            [
              -119.89401648504169,
              34.56851439753584
            ],
            [
              -119.89394606996393,
              34.56848753550471
            ],
            [
              -119.89387905099645,
              34.568455271779506
            ],
            [
              -119.8938160319717,
              34.56841789705353
            ],
            [
              -119.89375758068094,
              34.568375748069464
            ],
            [
              -119.89370422375819,
              34.568329204585304
            ],
            [
              -119.89365644193543,
              34.568278685952514
            ],
            [
              -119.8936146657112,
              34.56822464733761
            ],
            [
              -119.8935792714721,
              34.56816757562088
            ],
            [
              -119.89355057810188,
              34.568107985009576
            ],
            [
              -119.89352884410869,
              34.56804641240478
            ],
            [
              -119.89351426529632,
              34.56798341256388
            ],
            [
              -119.89349926610838,
              34.56789641242414
            ],
            [
              -119.89349215986852,
              34.56783568922788
            ],
            [
              -119.89349170283349,
              34.56777468333151
            ],
            [
              -119.89349789871365,
              34.56771389194094
            ],
            [
              -119.8935106969973,
              34.56765381051277
            ],
            [
              -119.89352999336299,
              34.56759492871628
            ],
            [
              -119.89355563053009,
              34.56753772644257
            ],
            [
              -119.89360063122264,
              34.567449726684444
            ],
            [
              -119.89361952522272,
              34.567415471462
            ],
            [
              -119.89368385312261,
              34.567306954873345
            ],
            [
              -119.89368670416543,
              34.567293691915175
            ],
            [
              -119.89370242240346,
              34.56723556480119
            ],
            [
              -119.89372426707686,
              34.56717880843301
            ],
            [
              -119.89380026850658,
              34.5670078088374
            ],
            [
              -119.89383445061597,
              34.56694192257063
            ],
            [
              -119.89387687877249,
              34.56687940296272
            ],
            [
              -119.8939270753591,
              34.56682095377419
            ],
            [
              -119.89398447531586,
              34.56676723294472
            ],
            [
              -119.89404843250104,
              34.56671884518727
            ],
            [
              -119.89411822696471,
              34.56667633518143
            ],
            [
              -119.89423222658789,
              34.56661433561818
            ],
            [
              -119.89430762382176,
              34.56657794726155
            ],
            [
              -119.89435142238035,
              34.56656171367927
            ],
            [
              -119.89435101586787,
              34.566561255755666
            ],
            [
              -119.89431071305216,
              34.566505246430445
            ],
            [
              -119.8942771208327,
              34.56644628559699
            ],
            [
              -119.89423912136849,
              34.56637028533585
            ],
            [
              -119.89420864919823,
              34.56629799237817
            ],
            [
              -119.89418825779825,
              34.566223312060885
            ],
            [
              -119.89417820888568,
              34.56614720298059
            ],
            [
              -119.89417568804811,
              34.566107223571734
            ],
            [
              -119.89415194149744,
              34.56603391682998
            ],
            [
              -119.89413651427286,
              34.56597635530599
            ],
            [
              -119.89412721095299,
              34.565917900471675
            ],
            [
              -119.89412410234372,
              34.565858997296644
            ],
            [
              -119.8941241037249,
              34.56571799722744
            ],
            [
              -119.89412752849786,
              34.56565618828978
            ],
            [
              -119.894137772877,
              34.56559489756382
            ],
            [
              -119.8941547509652,
              34.56553463887022
            ],
            [
              -119.89421575257633,
              34.56535563918128
            ],
            [
              -119.89422216182382,
              34.56533777870754
            ],
            [
              -119.89425562636958,
              34.56524902718994
            ],
            [
              -119.89429866412239,
              34.56507282297437
            ],
            [
              -119.89434320216233,
              34.564869506169934
            ],
            [
              -119.89435804563574,
              34.56481479274096
            ],
            [
              -119.8943783213918,
              34.56476128571074
            ],
            [
              -119.89440832197322,
              34.564692285869974
            ],
            [
              -119.89444617322008,
              34.56461908662392
            ],
            [
              -119.89454517438574,
              34.5644550871565
            ],
            [
              -119.89459143142571,
              34.56438827734751
            ],
            [
              -119.8946465745957,
              34.56432625386076
            ],
            [
              -119.89473057485935,
              34.5642422542794
            ],
            [
              -119.89479690273481,
              34.56418343719197
            ],
            [
              -119.89487120863159,
              34.56413155638843
            ],
            [
              -119.89506220819533,
              34.564013557172835
            ],
            [
              -119.89514311002706,
              34.563969504393015
            ],
            [
              -119.89522974588884,
              34.56393368252198
            ],
            [
              -119.89534028785319,
              34.563894567783514
            ],
            [
              -119.89556528633968,
              34.56380327764223
            ],
            [
              -119.89562494055524,
              34.56378147245604
            ],
            [
              -119.89568650734691,
              34.56376367356931
            ],
            [
              -119.89588450601221,
              34.563713674021926
            ],
            [
              -119.89597783334894,
              34.563694987819524
            ],
            [
              -119.89616046086597,
              34.56366770524491
            ],
            [
              -119.89617775395435,
              34.56362749972706
            ],
            [
              -119.89626388942845,
              34.563456168224974
            ],
            [
              -119.89634955654998,
              34.56326600998378
            ],
            [
              -119.89638227154002,
              34.563203280224535
            ],
            [
              -119.89642247555854,
              34.5631436036492
            ],
            [
              -119.89646975767467,
              34.56308759019639
            ],
            [
              -119.89659175816887,
              34.562957590814605
            ],
            [
              -119.89662528008655,
              34.562924148230046
            ],
            [
              -119.89678878373594,
              34.562771309047385
            ],
            [
              -119.89676434091551,
              34.562702583888985
            ],
            [
              -119.89673115642775,
              34.562624501140135
            ],
            [
              -119.89664547993767,
              34.562506904630546
            ],
            [
              -119.89660596698397,
              34.56246448596691
            ],
            [
              -119.89656031544055,
              34.56241017247551
            ],
            [
              -119.89652130205177,
              34.56235242658015
            ],
            [
              -119.89648930067813,
              34.56229180167257
            ],
            [
              -119.89646461798023,
              34.56222887873366
            ],
            [
              -119.89644749048061,
              34.562164260765556
            ],
            [
              -119.89643808229742,
              34.562098567012875
            ],
            [
              -119.8964364835725,
              34.56203242702821
            ],
            [
              -119.89644270960811,
              34.56196647463902
            ],
            [
              -119.89645670072099,
              34.561901341873536
            ],
            [
              -119.89647832281511,
              34.56183765290396
            ],
            [
              -119.89650736866733,
              34.56177601806504
            ],
            [
              -119.89656036941555,
              34.56167801835029
            ],
            [
              -119.89659688393301,
              34.56161856003132
            ],
            [
              -119.89664030501041,
              34.561562368837144
            ],
            [
              -119.89669020972666,
              34.56150999205141
            ],
            [
              -119.89674611201484,
              34.56146193980557
            ],
            [
              -119.89675980479413,
              34.561452285476186
            ],
            [
              -119.89677914721211,
              34.5614106622545
            ],
            [
              -119.896779147879,
              34.56134299721091
            ],
            [
              -119.89678411362748,
              34.5612686028229
            ],
            [
              -119.89679894901849,
              34.5611951128734
            ],
            [
              -119.8968234736807,
              34.56112342073752
            ],
            [
              -119.89685231865559,
              34.56105396674849
            ],
            [
              -119.89685186411911,
              34.561052904025956
            ],
            [
              -119.89683303721712,
              34.560990622397284
            ],
            [
              -119.89682143940826,
              34.56092714381057
            ],
            [
              -119.89681717535215,
              34.56086304119181
            ],
            [
              -119.8968202835171,
              34.56079889309794
            ],
            [
              -119.89683073583355,
              34.560735278494995
            ],
            [
              -119.89684843794792,
              34.5606727715327
            ],
            [
              -119.89687323007499,
              34.56061193636254
            ],
            [
              -119.89690488844036,
              34.56055332204609
            ],
            [
              -119.89694312730083,
              34.560497457599666
            ],
            [
              -119.89695259520367,
              34.560485040830805
            ],
            [
              -119.89695415659152,
              34.560462039686996
            ],
            [
              -119.89695415740141,
              34.56037933296315
            ],
            [
              -119.89694182257145,
              34.560209911959454
            ],
            [
              -119.89693832328385,
              34.56018331544204
            ],
            [
              -119.89688151820539,
              34.56004129938835
            ],
            [
              -119.89686339240487,
              34.55998901608023
            ],
            [
              -119.89685040787846,
              34.559935696150134
            ],
            [
              -119.89683393101504,
              34.5598504421117
            ],
            [
              -119.89679326591103,
              34.559723776640965
            ],
            [
              -119.89673933504358,
              34.55960242979285
            ],
            [
              -119.89673001573927,
              34.55960062949518
            ],
            [
              -119.89665328117403,
              34.55957897791114
            ],
            [
              -119.89657951906258,
              34.55955113973979
            ],
            [
              -119.89650945608788,
              34.55951738923497
            ],
            [
              -119.89644378248781,
              34.55947805889705
            ],
            [
              -119.89638314525467,
              34.55943353619715
            ],
            [
              -119.89632814176137,
              34.55938425975956
            ],
            [
              -119.89627931387588,
              34.55933071504038
            ],
            [
              -119.89623714262328,
              34.55927342954473
            ],
            [
              -119.89620204344693,
              34.55921296762967
            ],
            [
              -119.89617436211618,
              34.559149924944165
            ],
            [
              -119.89615437132035,
              34.55908492256075
            ],
            [
              -119.89614226798287,
              34.55901860085676
            ],
            [
              -119.89613817132197,
              34.55895161320554
            ],
            [
              -119.89614212167693,
              34.558884619539484
            ],
            [
              -119.89615408011136,
              34.55881827984871
            ],
            [
              -119.89616941248877,
              34.55875495302658
            ],
            [
              -119.8961067602892,
              34.558609860509954
            ],
            [
              -119.89606433406783,
              34.55852180447464
            ],
            [
              -119.89596286247766,
              34.55833023812404
            ],
            [
              -119.89592525204165,
              34.55824361772866
            ],
            [
              -119.89588035777254,
              34.558112835258385
            ],
            [
              -119.89576750347604,
              34.5577960430728
            ],
            [
              -119.89575105633772,
              34.557741644760476
            ],
            [
              -119.89574011718827,
              34.55768630560457
            ],
            [
              -119.89572938030898,
              34.55761300999977
            ],
            [
              -119.8956822583463,
              34.55751215823588
            ],
            [
              -119.89559645769562,
              34.55744585733006
            ],
            [
              -119.89553833851284,
              34.55739609924253
            ],
            [
              -119.89548667430883,
              34.557341685002555
            ],
            [
              -119.89544200675086,
              34.557283185122444
            ],
            [
              -119.89540480414603,
              34.55722121294985
            ],
            [
              -119.89537545653151,
              34.55715641823679
            ],
            [
              -119.89535427158596,
              34.557089480327015
            ],
            [
              -119.89534147140415,
              34.55702110103321
            ],
            [
              -119.89533719016914,
              34.55695199727864
            ],
            [
              -119.89533719079579,
              34.55688799724722
            ],
            [
              -119.89533831571686,
              34.556852548795085
            ],
            [
              -119.89534631695331,
              34.556726548786386
            ],
            [
              -119.8953473102998,
              34.556713366273996
            ],
            [
              -119.8953773136711,
              34.55636936630457
            ],
            [
              -119.8953842939226,
              34.556317419236045
            ],
            [
              -119.89539610600528,
              34.55626607387575
            ],
            [
              -119.8954951093065,
              34.55591107435376
            ],
            [
              -119.89550210681175,
              34.55588786599799
            ],
            [
              -119.89558338024194,
              34.55563728037226
            ],
            [
              -119.89558514359484,
              34.55563122385847
            ],
            [
              -119.8955717665126,
              34.55561879998613
            ],
            [
              -119.89552552265754,
              34.55556652652869
            ],
            [
              -119.89548554100091,
              34.555510829913125
            ],
            [
              -119.89546706689526,
              34.555478366281605
            ],
            [
              -119.89540002025275,
              34.555465152472166
            ],
            [
              -119.89532624538377,
              34.55544429046567
            ],
            [
              -119.89525521080016,
              34.55541770395288
            ],
            [
              -119.89495020903901,
              34.55528870311507
            ],
            [
              -119.89487912283786,
              34.55525480796781
            ],
            [
              -119.89464312177492,
              34.555128807167485
            ],
            [
              -119.89457842598108,
              34.55509044734531
            ],
            [
              -119.89451855019827,
              34.55504705986675
            ],
            [
              -119.89428954995265,
              34.55486405881779
            ],
            [
              -119.89421770818382,
              34.554798606476034
            ],
            [
              -119.89411870839791,
              34.55469560594841
            ],
            [
              -119.89406987476775,
              34.554639056799914
            ],
            [
              -119.8940639487638,
              34.55463044345716
            ],
            [
              -119.89402920409144,
              34.55463642942195
            ],
            [
              -119.89398988074973,
              34.55464629826524
            ],
            [
              -119.89395399157456,
              34.55468502823477
            ],
            [
              -119.89389910842236,
              34.55473353193914
            ],
            [
              -119.8938387334268,
              34.55477734213017
            ],
            [
              -119.89373973325462,
              34.55484234254931
            ],
            [
              -119.8936985537022,
              34.55486767703264
            ],
            [
              -119.89359955341826,
              34.55492467742407
            ],
            [
              -119.89353268094828,
              34.55495933760164
            ],
            [
              -119.89346207789256,
              34.554988497047354
            ],
            [
              -119.89338840324908,
              34.55501188358919
            ],
            [
              -119.89331234468769,
              34.55502927893855
            ],
            [
              -119.89316734363115,
              34.55505627920386
            ],
            [
              -119.89306594211763,
              34.55506968664725
            ],
            [
              -119.89283471151347,
              34.55508802577651
            ],
            [
              -119.89266480532855,
              34.55520551450585
            ],
            [
              -119.89260985463777,
              34.55524034911402
            ],
            [
              -119.89255153597418,
              34.55527120885551
            ],
            [
              -119.8923145349924,
              34.555385209699274
            ],
            [
              -119.89222608006118,
              34.555422014537804
            ],
            [
              -119.89213289235126,
              34.55544969408828
            ],
            [
              -119.89201631828415,
              34.55547784982037
            ],
            [
              -119.89186785789254,
              34.555609326080365
            ],
            [
              -119.89181555201165,
              34.555651674496175
            ],
            [
              -119.89175887441336,
              34.555689979426106
            ],
            [
              -119.89165987418491,
              34.55575097983199
            ],
            [
              -119.8916076150728,
              34.55578064361738
            ],
            [
              -119.8915527333481,
              34.55580686588931
            ],
            [
              -119.89129600540538,
              34.5559187734227
            ],
            [
              -119.89110249718357,
              34.55606624075015
            ],
            [
              -119.89105074601898,
              34.55611073738941
            ],
            [
              -119.89085968487431,
              34.55632683033259
            ],
            [
              -119.8907570655615,
              34.556448559360035
            ],
            [
              -119.89075694030551,
              34.55644877361695
            ],
            [
              -119.89068904577589,
              34.556582986337354
            ],
            [
              -119.89067887348406,
              34.55665278986553
            ],
            [
              -119.89065661100791,
              34.55672923923972
            ],
            [
              -119.89059582318404,
              34.55689496285792
            ],
            [
              -119.89055777046384,
              34.55721016406143
            ],
            [
              -119.89053748199856,
              34.557306717147185
            ],
            [
              -119.89043848501431,
              34.557634717637015
            ],
            [
              -119.89042137381468,
              34.557683523836516
            ],
            [
              -119.89039987784606,
              34.55773112822612
            ],
            [
              -119.89024551435203,
              34.55803733051542
            ],
            [
              -119.8901895653945,
              34.558250827758094
            ],
            [
              -119.89017686903823,
              34.55831431262593
            ],
            [
              -119.89016852047729,
              34.55835005167992
            ],
            [
              -119.89006952393608,
              34.55872005215168
            ],
            [
              -119.89005882963265,
              34.558755461575316
            ],
            [
              -119.89002783046224,
              34.55884746173303
            ],
            [
              -119.8900054337447,
              34.55890413507191
            ],
            [
              -119.88986906286317,
              34.559203759032364
            ],
            [
              -119.88981668321915,
              34.55932038030077
            ],
            [
              -119.8897847830614,
              34.5593818885361
            ],
            [
              -119.88974568465726,
              34.55944048440595
            ],
            [
              -119.88958568589092,
              34.559654485252025
            ],
            [
              -119.88958357549173,
              34.55965729256311
            ],
            [
              -119.88947351699655,
              34.55980289971097
            ],
            [
              -119.88940969212045,
              34.55995978125182
            ],
            [
              -119.8893788053893,
              34.56006960450207
            ],
            [
              -119.88932175243131,
              34.56034085239631
            ],
            [
              -119.88931096166102,
              34.56038383669096
            ],
            [
              -119.88923496406348,
              34.56064383706363
            ],
            [
              -119.88921024377784,
              34.560712326178574
            ],
            [
              -119.88917691745544,
              34.560778272088044
            ],
            [
              -119.8890277585489,
              34.56103444049908
            ],
            [
              -119.88901785213632,
              34.561066141974116
            ],
            [
              -119.88899365375343,
              34.561130246429016
            ],
            [
              -119.88896188367693,
              34.561192047312694
            ],
            [
              -119.88873552143984,
              34.56157791981905
            ],
            [
              -119.88867967128819,
              34.561689622224826
            ],
            [
              -119.88859389969733,
              34.56194434500647
            ],
            [
              -119.88856821474236,
              34.56200815272496
            ],
            [
              -119.88853499049644,
              34.56206953241898
            ],
            [
              -119.88849455600551,
              34.562127876166
            ],
            [
              -119.88831371155554,
              34.56236109894269
            ],
            [
              -119.88811685110656,
              34.56262051621141
            ],
            [
              -119.88803118078904,
              34.56275291759211
            ],
            [
              -119.88798589202877,
              34.562814720855066
            ],
            [
              -119.88793288377815,
              34.56287216945473
            ],
            [
              -119.88769268107231,
              34.56310548293796
            ],
            [
              -119.88760541369126,
              34.563192751022584
            ],
            [
              -119.88754949118291,
              34.563243231572415
            ],
            [
              -119.8874876806421,
              34.563288771394525
            ],
            [
              -119.88742061666767,
              34.56332890293133
            ],
            [
              -119.88710761560255,
              34.56349690412116
            ],
            [
              -119.88705285069958,
              34.56352384805919
            ],
            [
              -119.88699571377059,
              34.56354717882074
            ],
            [
              -119.8867897126315,
              34.56362317943745
            ],
            [
              -119.88672367209132,
              34.5636447489149
            ],
            [
              -119.88638766993233,
              34.56374074975457
            ],
            [
              -119.88632026619337,
              34.56375735812256
            ],
            [
              -119.8862513853539,
              34.56376910860949
            ],
            [
              -119.88618153800488,
              34.563775914112206
            ],
            [
              -119.88593753606187,
              34.56379091432991
            ],
            [
              -119.88587700171499,
              34.56379277249556
            ],
            [
              -119.88550299868463,
              34.563792772646906
            ],
            [
              -119.88543992782745,
              34.56379075531581
            ],
            [
              -119.8850809249176,
              34.563767755276196
            ],
            [
              -119.88500246171454,
              34.56375955165476
            ],
            [
              -119.88478946003131,
              34.56372855149257
            ],
            [
              -119.8847063577301,
              34.56371271780166
            ],
            [
              -119.88462570368041,
              34.563689803290245
            ],
            [
              -119.88445555798202,
              34.56363308807971
            ],
            [
              -119.88429258060806,
              34.563584009679836
            ],
            [
              -119.88422786290992,
              34.56356187814196
            ],
            [
              -119.88399886149588,
              34.5634738775689
            ],
            [
              -119.88393226239708,
              34.56344513437092
            ],
            [
              -119.88386913658626,
              34.56341145167123
            ],
            [
              -119.8837401360935,
              34.563335451196586
            ],
            [
              -119.88367934801374,
              34.563295921408944
            ],
            [
              -119.8834503475157,
              34.56313192043385
            ],
            [
              -119.88341748530574,
              34.56310705752073
            ],
            [
              -119.88320348507682,
              34.56293605654027
            ],
            [
              -119.88315644170137,
              34.56289518942161
            ],
            [
              -119.8831136841538,
              34.56285121766624
            ],
            [
              -119.88301468447449,
              34.56274021711877
            ],
            [
              -119.88296793923355,
              34.562681669830866
            ],
            [
              -119.88292878435809,
              34.56261942832329
            ],
            [
              -119.88282261336332,
              34.562426853297424
            ],
            [
              -119.8827726849509,
              34.562373191454384
            ],
            [
              -119.88273123011528,
              34.56232431187489
            ],
            [
              -119.88269515272768,
              34.56227259583979
            ],
            [
              -119.88266473444595,
              34.562218447112514
            ],
            [
              -119.88254282555846,
              34.561973680045
            ],
            [
              -119.88246829308568,
              34.56184147160919
            ],
            [
              -119.88234692732664,
              34.56163129853401
            ],
            [
              -119.882332960801,
              34.561605763841875
            ],
            [
              -119.88229183881793,
              34.56152622998416
            ],
            [
              -119.88218372449566,
              34.561422643206214
            ],
            [
              -119.88215677269584,
              34.56139541802793
            ],
            [
              -119.88205543100224,
              34.56128743019952
            ],
            [
              -119.8819262098027,
              34.56117096037689
            ],
            [
              -119.88187292333357,
              34.561117702022024
            ],
            [
              -119.88182649336366,
              34.56106021828901
            ],
            [
              -119.88178740584806,
              34.56099911084308
            ],
            [
              -119.88173340646803,
              34.56090311048553
            ],
            [
              -119.88170546396924,
              34.56084696954956
            ],
            [
              -119.88168372502686,
              34.560788980418884
            ],
            [
              -119.88166836510287,
              34.56072961117656
            ],
            [
              -119.88165950816744,
              34.56066934104481
            ],
            [
              -119.88165250889841,
              34.56059334096177
            ],
            [
              -119.88165063403008,
              34.5605187018421
            ],
            [
              -119.88165872242922,
              34.560444347095526
            ],
            [
              -119.88167667535518,
              34.56037118417752
            ],
            [
              -119.88169823844663,
              34.56030290315607
            ],
            [
              -119.88171180613601,
              34.560238995171716
            ],
            [
              -119.88170803785258,
              34.56022863212362
            ],
            [
              -119.88161597879974,
              34.56008558455942
            ],
            [
              -119.88158681469945,
              34.560035383004646
            ],
            [
              -119.88156274691792,
              34.55998336503207
            ],
            [
              -119.88149779714773,
              34.55982355091124
            ],
            [
              -119.88138159235884,
              34.55960186417379
            ],
            [
              -119.88134355166748,
              34.55951264881469
            ],
            [
              -119.88129755282782,
              34.559374648460995
            ],
            [
              -119.88127867872049,
              34.55930309638706
            ],
            [
              -119.88124741319936,
              34.55914346995762
            ],
            [
              -119.88121238210498,
              34.55903608893291
            ],
            [
              -119.88120127287296,
              34.55899758638862
            ],
            [
              -119.88117616534942,
              34.558897698469586
            ],
            [
              -119.88116569671531,
              34.558879993894855
            ],
            [
              -119.8810680531422,
              34.55874028687796
            ],
            [
              -119.88099795647078,
              34.55865786476276
            ],
            [
              -119.88098726315992,
              34.558644976978854
            ],
            [
              -119.88079626406422,
              34.55840897587504
            ],
            [
              -119.88075134040466,
              34.55834642746983
            ],
            [
              -119.8807148052968,
              34.55828024590962
            ],
            [
              -119.88068708223011,
              34.5582111983604
            ],
            [
              -119.88064908319932,
              34.55809619806753
            ],
            [
              -119.88063348486708,
              34.558039505593264
            ],
            [
              -119.88062383468163,
              34.5579819136758
            ],
            [
              -119.88062020406775,
              34.55792384864817
            ],
            [
              -119.88062261988905,
              34.5578657403449
            ],
            [
              -119.88063762145622,
              34.55770574036648
            ],
            [
              -119.8806479101593,
              34.5576391376389
            ],
            [
              -119.88066613700535,
              34.55757370837506
            ],
            [
              -119.88069212203659,
              34.557510098505986
            ],
            [
              -119.88072560870633,
              34.557448935999844
            ],
            [
              -119.88079460947718,
              34.55733793637071
            ],
            [
              -119.8808334284221,
              34.55728218609845
            ],
            [
              -119.88087847980455,
              34.55722974270148
            ],
            [
              -119.8809293552481,
              34.55718108154848
            ],
            [
              -119.88098559358703,
              34.55713664372343
            ],
            [
              -119.88104668504666,
              34.55709683202753
            ],
            [
              -119.88111207586437,
              34.557062007328355
            ],
            [
              -119.88118117330885,
              34.55703248528889
            ],
            [
              -119.88125335105295,
              34.557008533506554
            ],
            [
              -119.88132795485059,
              34.55699036908766
            ],
            [
              -119.88140430846676,
              34.55697815667975
            ],
            [
              -119.8814817198069,
              34.55697200697922
            ],
            [
              -119.88155948718976,
              34.5569719757281
            ],
            [
              -119.88176448552524,
              34.55697997574672
            ],
            [
              -119.88185797543075,
              34.55698810433183
            ],
            [
              -119.88194971736299,
              34.55700506584328
            ],
            [
              -119.88214071594447,
              34.557050065565114
            ],
            [
              -119.88221495122376,
              34.5570707876715
            ],
            [
              -119.88228644537534,
              34.557097298560464
            ],
            [
              -119.88235454065725,
              34.55712935433355
            ],
            [
              -119.88241861059481,
              34.5571666600796
            ],
            [
              -119.88247806574418,
              34.557208872587914
            ],
            [
              -119.8825323591148,
              34.55725560350549
            ],
            [
              -119.88258099120185,
              34.55730642290965
            ],
            [
              -119.88262351458147,
              34.55736086326317
            ],
            [
              -119.88267751496844,
              34.55743786293229
            ],
            [
              -119.88271603463731,
              34.557499973134284
            ],
            [
              -119.88274660392611,
              34.557565039573745
            ],
            [
              -119.8827688966066,
              34.55763236791614
            ],
            [
              -119.88278267476964,
              34.557701239688264
            ],
            [
              -119.88279123490564,
              34.55776400961721
            ],
            [
              -119.88283970659073,
              34.55791925481828
            ],
            [
              -119.88287700451451,
              34.55801456949195
            ],
            [
              -119.88294701316511,
              34.558192920816154
            ],
            [
              -119.88298253214357,
              34.55825803788396
            ],
            [
              -119.88299534869047,
              34.55828284354737
            ],
            [
              -119.88303718292296,
              34.558368502678654
            ],
            [
              -119.88305904156917,
              34.55839190668253
            ],
            [
              -119.88311136758992,
              34.558444232337266
            ],
            [
              -119.88315536062343,
              34.558492462548884
            ],
            [
              -119.88319397060003,
              34.55854375092515
            ],
            [
              -119.88322688884959,
              34.55859768745041
            ],
            [
              -119.8832538522019,
              34.55865384093804
            ],
            [
              -119.88327464509065,
              34.558711762477614
            ],
            [
              -119.88332484727187,
              34.558878605860244
            ],
            [
              -119.88334853892157,
              34.558922039831266
            ],
            [
              -119.88337683780618,
              34.558981202313156
            ],
            [
              -119.88345167847334,
              34.55916213193937
            ],
            [
              -119.8834717049496,
              34.55919627494485
            ],
            [
              -119.88352005443475,
              34.55926017971608
            ],
            [
              -119.88363515824325,
              34.55936065114912
            ],
            [
              -119.8837120902682,
              34.559402613953736
            ],
            [
              -119.88375500906795,
              34.55942307059076
            ],
            [
              -119.88381112711613,
              34.5594279932087
            ],
            [
              -119.8838393767382,
              34.55943088384047
            ],
            [
              -119.88419837386694,
              34.5594728836485
            ],
            [
              -119.88430406795766,
              34.55949121330633
            ],
            [
              -119.88449106428158,
              34.559534492025556
            ],
            [
              -119.8845235766184,
              34.559539001051135
            ],
            [
              -119.88479829419883,
              34.55954213179269
            ],
            [
              -119.88494602329017,
              34.55953963857141
            ],
            [
              -119.88504725822227,
              34.55952228402485
            ],
            [
              -119.88512407409469,
              34.55951224331964
            ],
            [
              -119.8853804723914,
              34.559489012750376
            ],
            [
              -119.88569963123656,
              34.5594323316327
            ],
            [
              -119.88599882838531,
              34.55937534198845
            ],
            [
              -119.8861021012244,
              34.559327214922504
            ],
            [
              -119.88614040173124,
              34.559310457224164
            ],
            [
              -119.88644540019297,
              34.55918545820423
            ],
            [
              -119.8865061960702,
              34.559163045417144
            ],
            [
              -119.88665819516183,
              34.55911304583721
            ],
            [
              -119.8866721878689,
              34.55910856565711
            ],
            [
              -119.8867791519096,
              34.55907524907607
            ],
            [
              -119.88698581554,
              34.559003081022276
            ],
            [
              -119.88699874192874,
              34.55899750654049
            ],
            [
              -119.88710080309986,
              34.558887080643984
            ],
            [
              -119.88714712295295,
              34.558823557133756
            ],
            [
              -119.88714392223496,
              34.55881928945421
            ],
            [
              -119.88710448226908,
              34.558760329543794
            ],
            [
              -119.88704348290375,
              34.55865732914665
            ],
            [
              -119.88701181907177,
              34.558596483278826
            ],
            [
              -119.88698750845519,
              34.55853336489379
            ],
            [
              -119.8869105104937,
              34.55829336429542
            ],
            [
              -119.88689106362885,
              34.55821369667316
            ],
            [
              -119.88686906484348,
              34.5580836964671
            ],
            [
              -119.88686337094525,
              34.558039511911474
            ],
            [
              -119.88684037343836,
              34.55778051163383
            ],
            [
              -119.88683898274131,
              34.55776098550215
            ],
            [
              -119.88683098418812,
              34.55761198537651
            ],
            [
              -119.88683114442816,
              34.5575491707466
            ],
            [
              -119.88683835379585,
              34.557486639790255
            ],
            [
              -119.88687618292931,
              34.557267078900594
            ],
            [
              -119.8868761861104,
              34.556942699261825
            ],
            [
              -119.88687317619474,
              34.55687646701475
            ],
            [
              -119.8868424617284,
              34.55680058241902
            ],
            [
              -119.88681877548049,
              34.55672934088692
            ],
            [
              -119.88677147128661,
              34.556549030223906
            ],
            [
              -119.88674113892766,
              34.55649874160987
            ],
            [
              -119.8867131587737,
              34.556447034346576
            ],
            [
              -119.8866905118777,
              34.55639356982708
            ],
            [
              -119.88667335739544,
              34.55633872380843
            ],
            [
              -119.88658936027402,
              34.556014723116675
            ],
            [
              -119.88657877122881,
              34.55596482177314
            ],
            [
              -119.88655645664788,
              34.55583020675864
            ],
            [
              -119.8864678853317,
              34.55558683627233
            ],
            [
              -119.88646073280822,
              34.55556597641856
            ],
            [
              -119.886437938608,
              34.55549519243307
            ],
            [
              -119.88630119760458,
              34.555231106763216
            ],
            [
              -119.88627001766038,
              34.55516018882245
            ],
            [
              -119.88624858936873,
              34.55508683683385
            ],
            [
              -119.88623717992388,
              34.55501196552732
            ],
            [
              -119.88623027100007,
              34.55492991259983
            ],
            [
              -119.88620196340283,
              34.55471381528436
            ],
            [
              -119.88619720831531,
              34.554640997300375
            ],
            [
              -119.8861972098034,
              34.55448899722599
            ],
            [
              -119.88619768921367,
              34.55446585275944
            ],
            [
              -119.88620421157394,
              34.554308421615154
            ],
            [
              -119.88620421281094,
              34.55418202988302
            ],
            [
              -119.88616926809175,
              34.55407031789923
            ],
            [
              -119.88615658742859,
              34.554015462502505
            ],
            [
              -119.88611107696153,
              34.553945199726186
            ],
            [
              -119.88608055327339,
              34.553892769703175
            ],
            [
              -119.88605559497206,
              34.5538383613175
            ],
            [
              -119.88603638713997,
              34.55378237806696
            ],
            [
              -119.88601338783684,
              34.55370237788287
            ],
            [
              -119.88600976604867,
              34.55368919559448
            ],
            [
              -119.8859405147626,
              34.55342493785247
            ],
            [
              -119.88588766378221,
              34.55327916769637
            ],
            [
              -119.88587126496762,
              34.55322625316046
            ],
            [
              -119.88586008538493,
              34.55317241564294
            ],
            [
              -119.88582757619243,
              34.55296622644002
            ],
            [
              -119.88579139633777,
              34.552840379304634
            ],
            [
              -119.88577808856584,
              34.55278327611292
            ],
            [
              -119.88577076404678,
              34.552725437719914
            ],
            [
              -119.88575576599838,
              34.552523437522524
            ],
            [
              -119.88575422923424,
              34.55248199732872
            ],
            [
              -119.88575423184788,
              34.55221499719808
            ],
            [
              -119.8857572436131,
              34.552157022942595
            ],
            [
              -119.88578024577492,
              34.55193602298738
            ],
            [
              -119.88578969851447,
              34.551876393454855
            ],
            [
              -119.88580552133881,
              34.55181769539243
            ],
            [
              -119.88582758891746,
              34.551760393689804
            ],
            [
              -119.88588432757368,
              34.55163296695401
            ],
            [
              -119.88595641790998,
              34.551454642389
            ],
            [
              -119.88598157991571,
              34.55140029994339
            ],
            [
              -119.88601229932625,
              34.55134795010284
            ],
            [
              -119.88608930011266,
              34.55122995051543
            ],
            [
              -119.88611473645588,
              34.551193706245435
            ],
            [
              -119.88631273795767,
              34.550930707291265
            ],
            [
              -119.8863492999526,
              34.550886196160214
            ],
            [
              -119.88639002691168,
              34.550844233412406
            ],
            [
              -119.88659722336422,
              34.55064735144278
            ],
            [
              -119.88678325383343,
              34.55045103954818
            ],
            [
              -119.88684218066167,
              34.55039541635617
            ],
            [
              -119.88701718082851,
              34.55024741718214
            ],
            [
              -119.88704676118746,
              34.55022363300128
            ],
            [
              -119.88723776114794,
              34.5500776338677
            ],
            [
              -119.88732163503468,
              34.55002154152846
            ],
            [
              -119.88742583320398,
              34.54996080918613
            ],
            [
              -119.88759706628333,
              34.54980744485339
            ],
            [
              -119.88765094296967,
              34.54976346592249
            ],
            [
              -119.88770950842334,
              34.54972380211204
            ],
            [
              -119.88777225975986,
              34.54968879399866
            ],
            [
              -119.88801600070472,
              34.549566007664914
            ],
            [
              -119.88803110790182,
              34.54952928856613
            ],
            [
              -119.88806271362174,
              34.54947112349838
            ],
            [
              -119.88810080529021,
              34.54941568253641
            ],
            [
              -119.88814504365881,
              34.549363459424264
            ],
            [
              -119.88819503474019,
              34.54931491924755
            ],
            [
              -119.88825033331719,
              34.54927049429173
            ],
            [
              -119.88838033322794,
              34.54917549487017
            ],
            [
              -119.88844059527706,
              34.54913549127167
            ],
            [
              -119.88850515605861,
              34.5491003779924
            ],
            [
              -119.88857343786738,
              34.549070469230806
            ],
            [
              -119.88881779027939,
              34.548975394227185
            ],
            [
              -119.88894565572755,
              34.54891447424007
            ],
            [
              -119.88916179422459,
              34.54878738206499
            ],
            [
              -119.8893035203897,
              34.54869348890414
            ],
            [
              -119.88934265635241,
              34.54866911821041
            ],
            [
              -119.88952565585,
              34.54856211893992
            ],
            [
              -119.88958609694933,
              34.548529980709745
            ],
            [
              -119.88974139183128,
              34.54845517926771
            ],
            [
              -119.8898909667128,
              34.548365271206876
            ],
            [
              -119.88998753000587,
              34.548315345311636
            ],
            [
              -119.89007905350141,
              34.54827507514148
            ],
            [
              -119.89031292652525,
              34.54810561378715
            ],
            [
              -119.89038764004674,
              34.54805751134446
            ],
            [
              -119.89046857880656,
              34.54801688544434
            ],
            [
              -119.89059857819726,
              34.54795988588082
            ],
            [
              -119.89063052001995,
              34.5479466130449
            ],
            [
              -119.89092051849957,
              34.54783261395104
            ],
            [
              -119.89092411023572,
              34.54783121087222
            ],
            [
              -119.89116110897935,
              34.54773921160648
            ],
            [
              -119.89118581412933,
              34.54773003178468
            ],
            [
              -119.89142515498072,
              34.547645015197716
            ],
            [
              -119.89155261235841,
              34.54759304246173
            ],
            [
              -119.89162074204485,
              34.54755283491409
            ],
            [
              -119.89164685708248,
              34.5475380459023
            ],
            [
              -119.89191385619726,
              34.54739304692375
            ],
            [
              -119.89193960016408,
              34.547379627072736
            ],
            [
              -119.89209159957244,
              34.54730362762669
            ],
            [
              -119.89217385423741,
              34.547267625253205
            ],
            [
              -119.89226052443492,
              34.54723959839686
            ],
            [
              -119.89235048506777,
              34.54721991088178
            ],
            [
              -119.8925574835347,
              34.547184911235
            ],
            [
              -119.89256360946753,
              34.54718389562767
            ],
            [
              -119.89272360827549,
              34.54715789589305
            ],
            [
              -119.89282364414379,
              34.547146897250386
            ],
            [
              -119.89302964250219,
              34.54713489742915
            ],
            [
              -119.89304571087504,
              34.54713409299225
            ],
            [
              -119.89318074966214,
              34.54712843700291
            ],
            [
              -119.89327374984799,
              34.54711383128978
            ],
            [
              -119.8932972844729,
              34.54710169408215
            ],
            [
              -119.89336431918893,
              34.547073833923335
            ],
            [
              -119.89344831872488,
              34.5470428341748
            ],
            [
              -119.89350497718256,
              34.54702399268147
            ],
            [
              -119.89356317859381,
              34.54700870650048
            ],
            [
              -119.89377717710758,
              34.54695970695565
            ],
            [
              -119.893861906053,
              34.54694426271037
            ],
            [
              -119.89394813693538,
              34.546936342608625
            ],
            [
              -119.89403489665285,
              34.54693603602631
            ],
            [
              -119.89412120613659,
              34.546943346421976
            ],
            [
              -119.89420609139839,
              34.54695819129785
            ],
            [
              -119.89428859452137,
              34.54698040313075
            ],
            [
              -119.89457424414067,
              34.54707145403066
            ],
            [
              -119.89470289497375,
              34.54710179096472
            ],
            [
              -119.89497731976174,
              34.54712747250055
            ],
            [
              -119.895203662281,
              34.54713358992801
            ],
            [
              -119.89530915902435,
              34.547142135916566
            ],
            [
              -119.89550815744529,
              34.547169135781004
            ],
            [
              -119.8955756300631,
              34.547180727988426
            ],
            [
              -119.89564168145347,
              34.54719698533803
            ],
            [
              -119.89579644608948,
              34.54724103831368
            ],
            [
              -119.89587586379656,
              34.547243846004065
            ],
            [
              -119.89592326645845,
              34.5472466669984
            ],
            [
              -119.89611426491655,
              34.54726266694744
            ],
            [
              -119.89619259578043,
              34.54727242340721
            ],
            [
              -119.89642159399115,
              34.54731042319667
            ],
            [
              -119.89649423513444,
              34.54732537193231
            ],
            [
              -119.8965649170954,
              34.54734576083607
            ],
            [
              -119.89663304614331,
              34.54737141864018
            ],
            [
              -119.89669804999066,
              34.54740212981796
            ],
            [
              -119.8968430493206,
              34.54747812933406
            ],
            [
              -119.89691274160073,
              34.547519035533234
            ],
            [
              -119.89697688728792,
              34.5475657425916
            ],
            [
              -119.89722788705075,
              34.547768741433316
            ],
            [
              -119.89728648656421,
              34.54782143990407
            ],
            [
              -119.89733801744441,
              34.54787897328506
            ],
            [
              -119.89738190102608,
              34.54794069552164
            ],
            [
              -119.89745090166404,
              34.548050695081166
            ],
            [
              -119.89748859052175,
              34.54812006979587
            ],
            [
              -119.8975166184789,
              34.54819250945514
            ],
            [
              -119.89754553212734,
              34.548284843854475
            ],
            [
              -119.89760270785479,
              34.54829427684711
            ],
            [
              -119.89771285857891,
              34.54831918475394
            ],
            [
              -119.8980028565399,
              34.54840318421721
            ],
            [
              -119.89807686295246,
              34.548428044309894
            ],
            [
              -119.89821486210009,
              34.54848104396517
            ],
            [
              -119.89827093183887,
              34.54850479369166
            ],
            [
              -119.89832462273957,
              34.54853204812946
            ],
            [
              -119.8984766220896,
              34.54861604759902
            ],
            [
              -119.89855241233627,
              34.54866342781006
            ],
            [
              -119.89866741206777,
              34.54874442732634
            ],
            [
              -119.89873013684037,
              34.54879357103592
            ],
            [
              -119.89875331115833,
              34.54881602231314
            ],
            [
              -119.89877094301227,
              34.548815960981855
            ],
            [
              -119.89885329771064,
              34.54882260188746
            ],
            [
              -119.89893441766861,
              34.54883610333366
            ],
            [
              -119.8990134702712,
              34.548856326740705
            ],
            [
              -119.89908964412152,
              34.54888306453467
            ],
            [
              -119.8991621573683,
              34.548916042277824
            ],
            [
              -119.89923026573057,
              34.5489549214854
            ],
            [
              -119.89929327013647,
              34.54899930309947
            ],
            [
              -119.89935052389839,
              34.54904873158483
            ],
            [
              -119.89941852396848,
              34.549113731238386
            ],
            [
              -119.89946583938952,
              34.549163490747674
            ],
            [
              -119.8995073188321,
              34.54921669575874
            ],
            [
              -119.89954259817749,
              34.5492728792362
            ],
            [
              -119.89957136772968,
              34.549331547998776
            ],
            [
              -119.89959337493416,
              34.54939218704825
            ],
            [
              -119.89965165771395,
              34.5495851830982
            ],
            [
              -119.89967278017978,
              34.549647766537
            ],
            [
              -119.89976045710885,
              34.54976809411206
            ],
            [
              -119.89980328270784,
              34.549835101255084
            ],
            [
              -119.89987928360188,
              34.549972100749464
            ],
            [
              -119.89988093807362,
              34.54997510240479
            ],
            [
              -119.89994993890457,
              34.550101101943824
            ],
            [
              -119.89995147027038,
              34.55010391537033
            ],
            [
              -119.90004971019698,
              34.550285507495964
            ],
            [
              -119.9000917244336,
              34.55036222794571
            ],
            [
              -119.90030137455715,
              34.550726403504164
            ],
            [
              -119.90030454776561,
              34.55073198092281
            ],
            [
              -119.900426549166,
              34.55094898011459
            ],
            [
              -119.9004379172723,
              34.5509701407624
            ],
            [
              -119.90046999353316,
              34.55103271474883
            ],
            [
              -119.90061617797515,
              34.55121650790238
            ],
            [
              -119.9007297961093,
              34.55133588835389
            ],
            [
              -119.90087830165605,
              34.551488300848575
            ],
            [
              -119.90101574105562,
              34.55162872706575
            ],
            [
              -119.90107454181262,
              34.55169708155322
            ],
            [
              -119.90118054244265,
              34.55183808092116
            ],
            [
              -119.90122000577499,
              34.55189691667133
            ],
            [
              -119.90125220153128,
              34.55195870788596
            ],
            [
              -119.90127681048226,
              34.552022841919616
            ],
            [
              -119.9012935886181,
              34.552088682897065
            ],
            [
              -119.90130826598215,
              34.55216490680359
            ],
            [
              -119.90137962977731,
              34.55228528645814
            ],
            [
              -119.90145888042,
              34.55239255381601
            ],
            [
              -119.90150199956514,
              34.552458981956825
            ],
            [
              -119.9015359057937,
              34.55252897104074
            ],
            [
              -119.90156017695345,
              34.55260164971041
            ],
            [
              -119.90162917928455,
              34.55286464914347
            ],
            [
              -119.90164383455802,
              34.55294175755639
            ],
            [
              -119.90165246734256,
              34.55301426711069
            ],
            [
              -119.90174996226254,
              34.55332128137373
            ],
            [
              -119.90176919657347,
              34.55340117155906
            ],
            [
              -119.90180019832282,
              34.55358817126627
            ],
            [
              -119.9018075103614,
              34.55366280120405
            ],
            [
              -119.9018047984749,
              34.5537376423161
            ],
            [
              -119.90179209592915,
              34.5538117758117
            ],
            [
              -119.90176770975768,
              34.553913257883764
            ],
            [
              -119.90174961602153,
              34.55404485803371
            ],
            [
              -119.90173368809914,
              34.55416233494676
            ],
            [
              -119.90172322004662,
              34.55421827471272
            ],
            [
              -119.90169442838057,
              34.5543385648641
            ],
            [
              -119.90173837827845,
              34.55451723936493
            ],
            [
              -119.9017483721525,
              34.55456749138947
            ],
            [
              -119.90175376348645,
              34.55461822339945
            ],
            [
              -119.90176255621667,
              34.55476357340263
            ],
            [
              -119.90177131479952,
              34.55476287840939
            ],
            [
              -119.90185607761956,
              34.55476345414752
            ],
            [
              -119.90194031186974,
              34.554771294826374
            ],
            [
              -119.90202311035144,
              34.55478631600113
            ],
            [
              -119.90210358132836,
              34.554808355893385
            ],
            [
              -119.90218085812985,
              34.55483717713341
            ],
            [
              -119.90223485781969,
              34.554860176984114
            ],
            [
              -119.90230260013139,
              34.55489251443144
            ],
            [
              -119.9023662936877,
              34.554930064038416
            ],
            [
              -119.90242535451732,
              34.55497248153577
            ],
            [
              -119.90247924112118,
              34.5550193780232
            ],
            [
              -119.90252745943714,
              34.555070323534736
            ],
            [
              -119.90256956736967,
              34.555124850980704
            ],
            [
              -119.90260517884353,
              34.555182460429954
            ],
            [
              -119.90263396734359,
              34.55524262369327
            ],
            [
              -119.90265566890895,
              34.55530478916586
            ],
            [
              -119.90267008455349,
              34.55536838688465
            ],
            [
              -119.90267708209075,
              34.55543283375374
            ],
            [
              -119.90267659734656,
              34.555497538890506
            ],
            [
              -119.9026686347479,
              34.555561909043064
            ],
            [
              -119.90264563596223,
              34.55568790913375
            ],
            [
              -119.90263096095413,
              34.55574905202502
            ],
            [
              -119.90260953836349,
              34.555808815986595
            ],
            [
              -119.90258155046821,
              34.55586669246579
            ],
            [
              -119.90252727551925,
              34.555965456744005
            ],
            [
              -119.90246243808882,
              34.55609709893429
            ],
            [
              -119.90245450523891,
              34.556128575638304
            ],
            [
              -119.90245374798586,
              34.55613420606514
            ],
            [
              -119.9025024026846,
              34.556249846561535
            ],
            [
              -119.90252489277194,
              34.55631307776847
            ],
            [
              -119.902555893692,
              34.556419077521205
            ],
            [
              -119.9025692268913,
              34.556474828447605
            ],
            [
              -119.90259037010269,
              34.5565880564925
            ],
            [
              -119.90264118963475,
              34.556659593831874
            ],
            [
              -119.90269177607657,
              34.55674368695825
            ],
            [
              -119.90275916204882,
              34.55687845666107
            ],
            [
              -119.90279780919045,
              34.55688678184816
            ],
            [
              -119.90287010057048,
              34.556908541484894
            ],
            [
              -119.90293959707743,
              34.55693583113778
            ],
            [
              -119.90301659664823,
              34.55696983091748
            ],
            [
              -119.90308422684801,
              34.55700325617652
            ],
            [
              -119.9031476504603,
              34.55704191611661
            ],
            [
              -119.90320627751716,
              34.55708545112488
            ],
            [
              -119.90325956266537,
              34.557133456240365
            ],
            [
              -119.90330701023944,
              34.557185484920836
            ],
            [
              -119.90334817887239,
              34.55724105319629
            ],
            [
              -119.90338268560134,
              34.557299644170605
            ],
            [
              -119.90341020943039,
              34.557360712829535
            ],
            [
              -119.90343049431674,
              34.557423691110266
            ],
            [
              -119.90344335155304,
              34.55748799318544
            ],
            [
              -119.90344866152326,
              34.55755302091231
            ],
            [
              -119.90344637481591,
              34.55761816939678
            ],
            [
              -119.90343651268452,
              34.557682832620074
            ],
            [
              -119.9034191668504,
              34.55774640907595
            ],
            [
              -119.90339449865014,
              34.55780830736599
            ],
            [
              -119.9033554993405,
              34.55789230757418
            ],
            [
              -119.90332564645256,
              34.557948770072336
            ],
            [
              -119.90328970014903,
              34.55800274773946
            ],
            [
              -119.90324795938326,
              34.558053791643474
            ],
            [
              -119.90320077130293,
              34.55810147725152
            ],
            [
              -119.90314852836313,
              34.55814540796088
            ],
            [
              -119.90309166506243,
              34.55818521839778
            ],
            [
              -119.9030306543293,
              34.55822057745628
            ],
            [
              -119.90298794200055,
              34.55824300154549
            ],
            [
              -119.90282203354283,
              34.55841681166789
            ],
            [
              -119.90281735218014,
              34.55842166988962
            ],
            [
              -119.902732217309,
              34.55850919248603
            ],
            [
              -119.90260827850642,
              34.55866157791669
            ],
            [
              -119.90255313753934,
              34.55876398425476
            ],
            [
              -119.90253722432139,
              34.55879181436084
            ],
            [
              -119.90236302738629,
              34.559079328356255
            ],
            [
              -119.90230041202015,
              34.55925209085997
            ],
            [
              -119.90227839694684,
              34.55930481643749
            ],
            [
              -119.90225120044526,
              34.5593558602077
            ],
            [
              -119.90221900782583,
              34.55940487435267
            ],
            [
              -119.90212603962196,
              34.55953346748253
            ],
            [
              -119.90192432532828,
              34.55986026705515
            ],
            [
              -119.90180006250043,
              34.56010879730655
            ],
            [
              -119.90170825134996,
              34.560323955428764
            ],
            [
              -119.9016736229123,
              34.56039275991679
            ],
            [
              -119.90163004635909,
              34.56045799116403
            ],
            [
              -119.90144153066674,
              34.56070671630415
            ],
            [
              -119.90137565229882,
              34.56079588610553
            ],
            [
              -119.90126882628462,
              34.56100214606194
            ],
            [
              -119.9012417513346,
              34.56104930212355
            ],
            [
              -119.90121035691281,
              34.5610945883726
            ],
            [
              -119.90112635754309,
              34.56120558881599
            ],
            [
              -119.90112277648828,
              34.56121027807235
            ],
            [
              -119.90096630646616,
              34.5614133188786
            ],
            [
              -119.90088897080557,
              34.561526349371256
            ],
            [
              -119.90074885965564,
              34.56173869467268
            ],
            [
              -119.90073310848558,
              34.56176880775196
            ],
            [
              -119.90074279929172,
              34.561807935157546
            ],
            [
              -119.90079550670684,
              34.56190402332664
            ],
            [
              -119.90085127266816,
              34.561963702173514
            ],
            [
              -119.9008913058225,
              34.56201052324113
            ],
            [
              -119.90092639600005,
              34.5620599838168
            ],
            [
              -119.90098012871567,
              34.56214366485198
            ],
            [
              -119.90107134804778,
              34.562273581786364
            ],
            [
              -119.90111330340072,
              34.56234200725356
            ],
            [
              -119.90114561260299,
              34.56241392605406
            ],
            [
              -119.90116785914161,
              34.562488411103914
            ],
            [
              -119.90120686070134,
              34.562660410769844
            ],
            [
              -119.9012145809995,
              34.56270134624137
            ],
            [
              -119.90125088122481,
              34.56294205870047
            ],
            [
              -119.90126666766231,
              34.56302414415032
            ],
            [
              -119.90142162487204,
              34.56338077187924
            ],
            [
              -119.9015491220524,
              34.5635854355504
            ],
            [
              -119.90157784806352,
              34.5636367052468
            ],
            [
              -119.90163357436384,
              34.563748155909984
            ],
            [
              -119.90175787367227,
              34.56397475952383
            ],
            [
              -119.90177148033571,
              34.5640010273894
            ],
            [
              -119.90181302186926,
              34.56408615199449
            ],
            [
              -119.90195561101312,
              34.56429663808748
            ],
            [
              -119.90199485284654,
              34.5643627820367
            ],
            [
              -119.90210885438354,
              34.564584781259384
            ],
            [
              -119.9021104014141,
              34.564587814345415
            ],
            [
              -119.90218237979698,
              34.56472989910997
            ],
            [
              -119.902311550278,
              34.56496372231308
            ],
            [
              -119.90244751514756,
              34.56520080764745
            ],
            [
              -119.90249658579867,
              34.56526472794498
            ],
            [
              -119.90250433595781,
              34.56527502654141
            ],
            [
              -119.90277133763362,
              34.56563702493632
            ],
            [
              -119.90277970654014,
              34.565648630785574
            ],
            [
              -119.90295631670493,
              34.56589921101693
            ],
            [
              -119.90304723665412,
              34.566009673457955
            ],
            [
              -119.9030545351797,
              34.56601869566041
            ],
            [
              -119.90327553628927,
              34.5662966943725
            ],
            [
              -119.90328872092485,
              34.56631383516005
            ],
            [
              -119.90350134813094,
              34.56659965905281
            ],
            [
              -119.90375287721525,
              34.56684771694891
            ],
            [
              -119.90377047457956,
              34.56686568715105
            ],
            [
              -119.90403047520198,
              34.56714068575312
            ],
            [
              -119.90403332773407,
              34.56714372056678
            ],
            [
              -119.90414732802586,
              34.56726571995023
            ],
            [
              -119.904154763698,
              34.56727380214781
            ],
            [
              -119.9043577788506,
              34.56749794385695
            ],
            [
              -119.90443411934014,
              34.567570466846135
            ],
            [
              -119.90467409057935,
              34.56779175045844
            ],
            [
              -119.9047224185045,
              34.56784120883692
            ],
            [
              -119.90477633696914,
              34.567805968197405
            ],
            [
              -119.90511562924276,
              34.567457277498114
            ],
            [
              -119.90516040861188,
              34.56741498704312
            ],
            [
              -119.90520928244962,
              34.56737592196371
            ],
            [
              -119.90557990889766,
              34.56710340401589
            ],
            [
              -119.90569252285243,
              34.56701873854622
            ],
            [
              -119.90576730253467,
              34.566954110487586
            ],
            [
              -119.90577830190112,
              34.5669329906239
            ],
            [
              -119.90588430324081,
              34.56674999119445
            ],
            [
              -119.90592051804208,
              34.56669431472435
            ],
            [
              -119.90596286443866,
              34.56664168172593
            ],
            [
              -119.90601097174418,
              34.5665925529164
            ],
            [
              -119.90606441884695,
              34.5665473583385
            ],
            [
              -119.90616441883488,
              34.566470358793765
            ],
            [
              -119.90618997820309,
              34.566451489939936
            ],
            [
              -119.90653719357364,
              34.56620578422726
            ],
            [
              -119.9067634153565,
              34.56602499328211
            ],
            [
              -119.90681664689463,
              34.56598601011498
            ],
            [
              -119.90694520829324,
              34.565899816014394
            ],
            [
              -119.90717305783552,
              34.56569358859499
            ],
            [
              -119.90726992400516,
              34.56560268413313
            ],
            [
              -119.90741055073404,
              34.565439005433525
            ],
            [
              -119.90746395663537,
              34.56536589108801
            ],
            [
              -119.90753312049611,
              34.56518984178306
            ],
            [
              -119.9075497951026,
              34.56514089513202
            ],
            [
              -119.90760511839751,
              34.56489631854229
            ],
            [
              -119.90760511910759,
              34.564823539025774
            ],
            [
              -119.90758548668495,
              34.564811529134936
            ],
            [
              -119.90752745356258,
              34.56476836611894
            ],
            [
              -119.9074746642829,
              34.56472081889493
            ],
            [
              -119.90742760064099,
              34.56466932142254
            ],
            [
              -119.90738669217215,
              34.564614343714304
            ],
            [
              -119.90734069254424,
              34.56454534342679
            ],
            [
              -119.90730680988493,
              34.56448833573628
            ],
            [
              -119.90727954797563,
              34.56442894790267
            ],
            [
              -119.90725914772149,
              34.56436770474839
            ],
            [
              -119.90724578938843,
              34.564305147490664
            ],
            [
              -119.90723959101044,
              34.564241828958515
            ],
            [
              -119.90724060734738,
              34.56417830870729
            ],
            [
              -119.90724760828942,
              34.564082308706496
            ],
            [
              -119.90725658251344,
              34.56401522335495
            ],
            [
              -119.90727360145014,
              34.5639492131982
            ],
            [
              -119.90729849530187,
              34.56388493674439
            ],
            [
              -119.90733101571342,
              34.56382303520499
            ],
            [
              -119.90736372463682,
              34.56376841220872
            ],
            [
              -119.90733179379409,
              34.56367631921913
            ],
            [
              -119.90732229825137,
              34.56364635813482
            ],
            [
              -119.9072992989485,
              34.563566357950414
            ],
            [
              -119.90728396344585,
              34.563494654224975
            ],
            [
              -119.90711305832657,
              34.56346843588829
            ],
            [
              -119.9070343226047,
              34.56345298478347
            ],
            [
              -119.90695782119846,
              34.56343116494082
            ],
            [
              -119.90688430485555,
              34.563403190489296
            ],
            [
              -119.90681449502799,
              34.563369335956146
            ],
            [
              -119.90674907679153,
              34.56332993357274
            ],
            [
              -119.9066886921226,
              34.563285370014036
            ],
            [
              -119.9066339335979,
              34.56323608260366
            ],
            [
              -119.90658533857932,
              34.5631825550221
            ],
            [
              -119.90654338394052,
              34.563125312559876
            ],
            [
              -119.90650848138752,
              34.56306491696233
            ],
            [
              -119.90648097341865,
              34.56300196091685
            ],
            [
              -119.9064611299641,
              34.56293706223631
            ],
            [
              -119.90644914573744,
              34.562870857796085
            ],
            [
              -119.90644513832562,
              34.56280399728402
            ],
            [
              -119.9064451391875,
              34.562715997240666
            ],
            [
              -119.90645020126759,
              34.56264088771099
            ],
            [
              -119.90646532328243,
              34.56256670901923
            ],
            [
              -119.90648832406573,
              34.56248270912949
            ],
            [
              -119.906509696332,
              34.562419208280566
            ],
            [
              -119.90653844534079,
              34.56235773210492
            ],
            [
              -119.90657429753912,
              34.562298865526564
            ],
            [
              -119.9066169117917,
              34.56224316863876
            ],
            [
              -119.90666588262717,
              34.56219117137521
            ],
            [
              -119.90672074409638,
              34.56214336846808
            ],
            [
              -119.90678097420592,
              34.56210021474101
            ],
            [
              -119.90684599988496,
              34.56206212078189
            ],
            [
              -119.90691520243766,
              34.56202944903655
            ],
            [
              -119.90698792342974,
              34.56200251036046
            ],
            [
              -119.90706347095302,
              34.56198156106123
            ],
            [
              -119.90714112620822,
              34.561966800460254
            ],
            [
              -119.90722015034368,
              34.56195836899637
            ],
            [
              -119.90729979148465,
              34.56195634688975
            ],
            [
              -119.90737105416798,
              34.56195741458199
            ],
            [
              -119.9073939746066,
              34.56194820033692
            ],
            [
              -119.90745224445875,
              34.561927054690166
            ],
            [
              -119.90751232704939,
              34.56190972531913
            ],
            [
              -119.90754000132316,
              34.561902730747086
            ],
            [
              -119.90760599431817,
              34.56173208622735
            ],
            [
              -119.90762814780193,
              34.561681765738015
            ],
            [
              -119.90766949841948,
              34.56159828589498
            ],
            [
              -119.90769591632214,
              34.56153092198372
            ],
            [
              -119.90769462640174,
              34.56152410597508
            ],
            [
              -119.90768970852041,
              34.56147093792084
            ],
            [
              -119.90767471178953,
              34.56113493765628
            ],
            [
              -119.90767415552202,
              34.56110999728395
            ],
            [
              -119.90767415563755,
              34.56109815799674
            ],
            [
              -119.9076667600528,
              34.56106682160712
            ],
            [
              -119.9076591839756,
              34.56100287982917
            ],
            [
              -119.90765898227498,
              34.56093863182652
            ],
            [
              -119.90766615675717,
              34.56087465835355
            ],
            [
              -119.90768064255334,
              34.560811537681865
            ],
            [
              -119.90770230870669,
              34.56074984037303
            ],
            [
              -119.90779431060734,
              34.560527840858015
            ],
            [
              -119.90781840745218,
              34.56047659358144
            ],
            [
              -119.90785640800948,
              34.56040459378574
            ],
            [
              -119.90786435560533,
              34.56039000870533
            ],
            [
              -119.9079863572244,
              34.560173009361904
            ],
            [
              -119.90799471741727,
              34.560158588176655
            ],
            [
              -119.9080407179688,
              34.56008158842405
            ],
            [
              -119.90807582465159,
              34.56002887293015
            ],
            [
              -119.90811646164985,
              34.55997895071149
            ],
            [
              -119.9082694623796,
              34.559807951495245
            ],
            [
              -119.90831840076687,
              34.55975835373914
            ],
            [
              -119.90837279308788,
              34.55971281011241
            ],
            [
              -119.90843215109705,
              34.55967172942363
            ],
            [
              -119.90849594197826,
              34.559635480420354
            ],
            [
              -119.90856359312757,
              34.55960438847954
            ],
            [
              -119.90863449729271,
              34.55957873268694
            ],
            [
              -119.90870801802406,
              34.5595587433322
            ],
            [
              -119.90878299616297,
              34.559541567132165
            ],
            [
              -119.90894354328715,
              34.55947548416232
            ],
            [
              -119.90895302731822,
              34.559471985369605
            ],
            [
              -119.9089647586491,
              34.559435576629895
            ],
            [
              -119.90899510310098,
              34.559369822895356
            ],
            [
              -119.90903354974877,
              34.559307036919314
            ],
            [
              -119.90906435002802,
              34.55926263708348
            ],
            [
              -119.90910409085534,
              34.55921093009422
            ],
            [
              -119.90914932963504,
              34.55916241376184
            ],
            [
              -119.90919969441603,
              34.559117486974806
            ],
            [
              -119.9092460691652,
              34.55908299190356
            ],
            [
              -119.90925777219572,
              34.55902076876078
            ],
            [
              -119.9092790023937,
              34.55895387204803
            ],
            [
              -119.90930838657017,
              34.558889121014886
            ],
            [
              -119.909345616897,
              34.558827193949995
            ],
            [
              -119.90939030335754,
              34.55876873955844
            ],
            [
              -119.90944197783259,
              34.558714370166484
            ],
            [
              -119.9095688781385,
              34.558594070789
            ],
            [
              -119.90965234464062,
              34.55852558874643
            ],
            [
              -119.90977579225556,
              34.55843794207065
            ],
            [
              -119.90981218006793,
              34.55839266877693
            ],
            [
              -119.9098639569963,
              34.55834043013455
            ],
            [
              -119.90987266123032,
              34.558333249583974
            ],
            [
              -119.9098715917847,
              34.558297761124585
            ],
            [
              -119.90987539315242,
              34.55815836108101
            ],
            [
              -119.90988053434174,
              34.558096393166785
            ],
            [
              -119.90989253128355,
              34.55803507756642
            ],
            [
              -119.90991128260534,
              34.557974932311026
            ],
            [
              -119.90994167772612,
              34.55789317845013
            ],
            [
              -119.90994146225843,
              34.55789135177773
            ],
            [
              -119.90994185892222,
              34.557822427176895
            ],
            [
              -119.90994956004184,
              34.557708327171774
            ],
            [
              -119.90995693714832,
              34.55764793111077
            ],
            [
              -119.90997083561467,
              34.557588326426725
            ],
            [
              -119.90999114327518,
              34.55752999409139
            ],
            [
              -119.91001744383009,
              34.55746549422971
            ],
            [
              -119.91004601789977,
              34.55740514308061
            ],
            [
              -119.91008144921553,
              34.55734733435458
            ],
            [
              -119.91012341180776,
              34.5572925998708
            ],
            [
              -119.91017151962382,
              34.557241443165346
            ],
            [
              -119.9102253300797,
              34.55719433485918
            ],
            [
              -119.91024777755275,
              34.557178121897664
            ],
            [
              -119.91025975761558,
              34.557144111754496
            ],
            [
              -119.91029247388602,
              34.55701576172533
            ],
            [
              -119.91031046358337,
              34.55695796011659
            ],
            [
              -119.91033454795392,
              34.55690169726624
            ],
            [
              -119.91036453909551,
              34.556847412098456
            ],
            [
              -119.91040020302668,
              34.556795528108026
            ],
            [
              -119.9104476069434,
              34.55673314738186
            ],
            [
              -119.91049220009853,
              34.556663671285264
            ],
            [
              -119.91053393602222,
              34.55660580950608
            ],
            [
              -119.9105824293641,
              34.55655167405874
            ],
            [
              -119.91063719797602,
              34.55650180317335
            ],
            [
              -119.91069769732216,
              34.55645669267948
            ],
            [
              -119.91076332589336,
              34.556416791076686
            ],
            [
              -119.91083343118727,
              34.55638249507562
            ],
            [
              -119.91090731619586,
              34.55635414565413
            ],
            [
              -119.91098424633485,
              34.55633202466741
            ],
            [
              -119.91104084594815,
              34.55631832479292
            ],
            [
              -119.911117155804,
              34.556303105382575
            ],
            [
              -119.91119487907919,
              34.55629401648163
            ],
            [
              -119.9113214780783,
              34.55628431660997
            ],
            [
              -119.9114046625704,
              34.556281468529335
            ],
            [
              -119.91148776536883,
              34.55628564100877
            ],
            [
              -119.91156992308512,
              34.55629679069766
            ],
            [
              -119.91165028214925,
              34.556314801756294
            ],
            [
              -119.91172800767698,
              34.556339487059425
            ],
            [
              -119.91180229214334,
              34.5563705901402
            ],
            [
              -119.91187236377179,
              34.55640778785464
            ],
            [
              -119.91193749455218,
              34.55645069373864
            ],
            [
              -119.91199700780417,
              34.556498862023034
            ],
            [
              -119.91205028520731,
              34.556551792264464
            ],
            [
              -119.91210448536955,
              34.556611591967
            ],
            [
              -119.91214586336041,
              34.556661798962764
            ],
            [
              -119.91218162253504,
              34.55671487822888
            ],
            [
              -119.91221147372643,
              34.55677040055461
            ],
            [
              -119.91221185739265,
              34.55677133158569
            ],
            [
              -119.91223748138755,
              34.556793043705675
            ],
            [
              -119.91228552699012,
              34.55684221302619
            ],
            [
              -119.91232780780342,
              34.55689488215405
            ],
            [
              -119.91236395368759,
              34.556950590019895
            ],
            [
              -119.91239364820638,
              34.557008848952165
            ],
            [
              -119.91241663139762,
              34.55706914894615
            ],
            [
              -119.91243270204923,
              34.557130962128404
            ],
            [
              -119.9124627034192,
              34.55727996186188
            ],
            [
              -119.91247102541993,
              34.557335289942905
            ],
            [
              -119.91247380609492,
              34.55739099727795
            ],
            [
              -119.91247380653213,
              34.55743568350687
            ],
            [
              -119.91248085618726,
              34.557556388656124
            ],
            [
              -119.9124818080297,
              34.55758899728459
            ],
            [
              -119.91248180829575,
              34.55761624301443
            ],
            [
              -119.91254190269889,
              34.557606863135014
            ],
            [
              -119.91261722646868,
              34.55760099964362
            ],
            [
              -119.91269288287529,
              34.55760092714118
            ],
            [
              -119.91276822285491,
              34.557606646248914
            ],
            [
              -119.9127855697241,
              34.55760863688353
            ],
            [
              -119.91290251771034,
              34.55761154245041
            ],
            [
              -119.91297942686377,
              34.55761646807697
            ],
            [
              -119.91305543141813,
              34.5576273740592
            ],
            [
              -119.91312985351281,
              34.55764416312926
            ],
            [
              -119.91345706686208,
              34.5577319076196
            ],
            [
              -119.9139675857504,
              34.557832692818
            ],
            [
              -119.91436884618157,
              34.55791198967885
            ],
            [
              -119.91498272345278,
              34.558007999105314
            ],
            [
              -119.9150298857609,
              34.55801657687847
            ],
            [
              -119.91515988477254,
              34.55804357671714
            ],
            [
              -119.91521715021797,
              34.558057326796394
            ],
            [
              -119.91540014890705,
              34.558107326479636
            ],
            [
              -119.91543180346223,
              34.55811657631188
            ],
            [
              -119.915858800535,
              34.558249575455804
            ],
            [
              -119.91590821836724,
              34.558266516176936
            ],
            [
              -119.91603558385775,
              34.558314278243465
            ],
            [
              -119.91623226411843,
              34.55837540859402
            ],
            [
              -119.91630564310631,
              34.55840167365575
            ],
            [
              -119.91667164093033,
              34.55855067268738
            ],
            [
              -119.9167647106997,
              34.55859507635087
            ],
            [
              -119.91691671004915,
              34.55867907582039
            ],
            [
              -119.91696897960483,
              34.55871050427295
            ],
            [
              -119.9170180828142,
              34.5587452525348
            ],
            [
              -119.91723208248989,
              34.55890925158082
            ],
            [
              -119.9172847179756,
              34.55895347355595
            ],
            [
              -119.91733222750238,
              34.55900150410085
            ],
            [
              -119.91737421032983,
              34.55905293808881
            ],
            [
              -119.91741031233198,
              34.5591073416852
            ],
            [
              -119.91744022898449,
              34.55916425600663
            ],
            [
              -119.91746370793352,
              34.55922320099139
            ],
            [
              -119.9174805359838,
              34.5592836250827
            ],
            [
              -119.91757095205826,
              34.559305570706606
            ],
            [
              -119.91759901469739,
              34.55931283834865
            ],
            [
              -119.91783501301067,
              34.559377837936445
            ],
            [
              -119.91791326848633,
              34.5594031598626
            ],
            [
              -119.91798796541526,
              34.55943499897959
            ],
            [
              -119.91823296415933,
              34.55955299822053
            ],
            [
              -119.91830164331361,
              34.559590013140394
            ],
            [
              -119.91836549260435,
              34.559632536127545
            ],
            [
              -119.91846438368447,
              34.5597054555221
            ],
            [
              -119.91857827469168,
              34.55978937487722
            ],
            [
              -119.9186361688894,
              34.55983650757992
            ],
            [
              -119.91868811865066,
              34.55988816408667
            ],
            [
              -119.91875711885544,
              34.55996416370818
            ],
            [
              -119.91879664444332,
              34.560011813324415
            ],
            [
              -119.91883110441177,
              34.56006208255464
            ],
            [
              -119.91893010535385,
              34.560222081919036
            ],
            [
              -119.91896099950344,
              34.560278182249526
            ],
            [
              -119.918985585244,
              34.560336378349405
            ],
            [
              -119.9190036579489,
              34.5603961858846
            ],
            [
              -119.91901506719483,
              34.56045710710898
            ],
            [
              -119.91902306777385,
              34.56051810702665
            ],
            [
              -119.9190278340426,
              34.56059059496671
            ],
            [
              -119.91902317351447,
              34.56066308761178
            ],
            [
              -119.9190091399505,
              34.560734748349034
            ],
            [
              -119.9189941404846,
              34.56079174841984
            ],
            [
              -119.91897342811427,
              34.560855361364546
            ],
            [
              -119.91894532665711,
              34.56091700347169
            ],
            [
              -119.9189101031879,
              34.56097608886193
            ],
            [
              -119.91886809247468,
              34.56103205595497
            ],
            [
              -119.91881969379766,
              34.56108437280741
            ],
            [
              -119.91876536715435,
              34.561132542168615
            ],
            [
              -119.91870562888796,
              34.56117610620732
            ],
            [
              -119.9186410467798,
              34.56121465086319
            ],
            [
              -119.9185722346528,
              34.561247809782614
            ],
            [
              -119.91849984653734,
              34.56127526780088
            ],
            [
              -119.91831584544349,
              34.56133626831285
            ],
            [
              -119.91822809958916,
              34.56136068251435
            ],
            [
              -119.9181375779691,
              34.56137672611138
            ],
            [
              -119.91804544331508,
              34.561384193025546
            ],
            [
              -119.91803727881012,
              34.561384469799385
            ],
            [
              -119.91800551063461,
              34.56146700961269
            ],
            [
              -119.91799301564728,
              34.561524489127216
            ],
            [
              -119.91797304451015,
              34.56177285611597
            ],
            [
              -119.91796652092555,
              34.561824234357516
            ],
            [
              -119.91795527201165,
              34.56187505018282
            ],
            [
              -119.91791124170557,
              34.56203843187268
            ],
            [
              -119.9179307245509,
              34.562155754949295
            ],
            [
              -119.91797183143821,
              34.5621750572969
            ],
            [
              -119.91814928438986,
              34.56223420824231
            ],
            [
              -119.91822981685246,
              34.562265367444276
            ],
            [
              -119.91852081523501,
              34.56239436660877
            ],
            [
              -119.91856332217947,
              34.56241459116548
            ],
            [
              -119.91859067304084,
              34.56242852461702
            ],
            [
              -119.91861019501825,
              34.562433998063966
            ],
            [
              -119.91865757840013,
              34.56244865127534
            ],
            [
              -119.91884057718953,
              34.5625106508737
            ],
            [
              -119.91884548227439,
              34.56251232811552
            ],
            [
              -119.91924247967096,
              34.56264932722713
            ],
            [
              -119.91934739067182,
              34.56269310576834
            ],
            [
              -119.91937767635997,
              34.562708095647885
            ],
            [
              -119.9195082859589,
              34.56274677127651
            ],
            [
              -119.91961402342127,
              34.5627852590911
            ],
            [
              -119.91990526910519,
              34.562912312482716
            ],
            [
              -119.92021044927418,
              34.56303947079067
            ],
            [
              -119.92027210914821,
              34.563067991741804
            ],
            [
              -119.92033055969168,
              34.56310081326962
            ],
            [
              -119.92038536374649,
              34.56313768989982
            ],
            [
              -119.92066036321314,
              34.56333968870831
            ],
            [
              -119.9207189395634,
              34.56338727992047
            ],
            [
              -119.92077144527694,
              34.56343949503976
            ],
            [
              -119.92081013049368,
              34.563482156953704
            ],
            [
              -119.92084910413008,
              34.56350667963841
            ],
            [
              -119.92085124915816,
              34.563505557401655
            ],
            [
              -119.92091957722334,
              34.56347684003912
            ],
            [
              -119.9210725763844,
              34.56341984050079
            ],
            [
              -119.92117739311195,
              34.56338772915852
            ],
            [
              -119.92137836015443,
              34.5633388047747
            ],
            [
              -119.92142201751159,
              34.56332116549542
            ],
            [
              -119.92149562280103,
              34.56326935145688
            ],
            [
              -119.92156253583147,
              34.56322697026985
            ],
            [
              -119.92173853530919,
              34.56312697096121
            ],
            [
              -119.92180340431862,
              34.56309369263105
            ],
            [
              -119.92187174488681,
              34.563065568584754
            ],
            [
              -119.92194296030209,
              34.563042844383666
            ],
            [
              -119.92201642875332,
              34.56302571844071
            ],
            [
              -119.92209150875877,
              34.56301434028816
            ],
            [
              -119.9221675447667,
              34.56300880927208
            ],
            [
              -119.92224387287905,
              34.56300917368493
            ],
            [
              -119.9223358721319,
              34.56301317369049
            ],
            [
              -119.92241289067591,
              34.56301956039609
            ],
            [
              -119.92248883270872,
              34.56303194915867
            ],
            [
              -119.92256301634164,
              34.563050228737914
            ],
            [
              -119.92263477547378,
              34.56307423499942
            ],
            [
              -119.92270346577271,
              34.56310375238846
            ],
            [
              -119.92276847045963,
              34.56313851586529
            ],
            [
              -119.92282920584714,
              34.56317821328491
            ],
            [
              -119.9228851265802,
              34.56322248819958
            ],
            [
              -119.92293573053274,
              34.56327094305938
            ],
            [
              -119.9229805633163,
              34.56332314278151
            ],
            [
              -119.92301922236028,
              34.56337861865691
            ],
            [
              -119.92305136052684,
              34.56343687255862
            ],
            [
              -119.92306636074977,
              34.5634678724544
            ],
            [
              -119.92309196369949,
              34.563529154564506
            ],
            [
              -119.92311496423626,
              34.56359415439004
            ],
            [
              -119.92313408763442,
              34.56366042194931
            ],
            [
              -119.92314504797632,
              34.56372794565765
            ],
            [
              -119.9231477338348,
              34.563796039163925
            ],
            [
              -119.92314211788891,
              34.563864010323584
            ],
            [
              -119.92312825720252,
              34.563931168234035
            ],
            [
              -119.92310629264503,
              34.56399683025741
            ],
            [
              -119.92307644746028,
              34.564060328959314
            ],
            [
              -119.9230374480099,
              34.56413232916903
            ],
            [
              -119.92300523430129,
              34.5641854169389
            ],
            [
              -119.92296750943188,
              34.56423595934231
            ],
            [
              -119.92292665903273,
              34.56428566119443
            ],
            [
              -119.92282346971486,
              34.56443692211134
            ],
            [
              -119.92300492483173,
              34.564507124342455
            ],
            [
              -119.92312516089672,
              34.56454169220966
            ],
            [
              -119.9231342017799,
              34.56454434076862
            ],
            [
              -119.92331566396479,
              34.56459849444437
            ],
            [
              -119.92349494705992,
              34.56464787333717
            ],
            [
              -119.92354848120095,
              34.56465685113514
            ],
            [
              -119.92374721972483,
              34.564593373480626
            ],
            [
              -119.9238796996452,
              34.56454921361179
            ],
            [
              -119.92397348803021,
              34.56452328892825
            ],
            [
              -119.9240703758559,
              34.564506929080004
            ],
            [
              -119.92427655376773,
              34.56448275665737
            ],
            [
              -119.92420270044752,
              34.56438903829485
            ],
            [
              -119.92419223044992,
              34.56437539834442
            ],
            [
              -119.9239702317909,
              34.56407839701645
            ],
            [
              -119.92393478457417,
              34.564025884258896
            ],
            [
              -119.92390512206418,
              34.563970972109345
            ],
            [
              -119.92388147923359,
              34.563914095577125
            ],
            [
              -119.92386404336634,
              34.56385570523243
            ],
            [
              -119.92384104421978,
              34.563760705038725
            ],
            [
              -119.92382863514123,
              34.56369045814164
            ],
            [
              -119.9238252031773,
              34.56361952192312
            ],
            [
              -119.92383078618376,
              34.5635486793064
            ],
            [
              -119.92384532251823,
              34.5634787121796
            ],
            [
              -119.9238683233017,
              34.56339471228967
            ],
            [
              -119.92388679456354,
              34.56333858656725
            ],
            [
              -119.92391103200728,
              34.563283982900366
            ],
            [
              -119.92394085603212,
              34.56323130587962
            ],
            [
              -119.92397604564418,
              34.563180945819134
            ],
            [
              -119.92405304619946,
              34.56308094622442
            ],
            [
              -119.92409676882669,
              34.56302959717653
            ],
            [
              -119.92411339310596,
              34.56301188294922
            ],
            [
              -119.92417875737996,
              34.56290888608975
            ],
            [
              -119.92422763209089,
              34.56284204612681
            ],
            [
              -119.92425751295713,
              34.56275319232386
            ],
            [
              -119.9242693372045,
              34.562700756617275
            ],
            [
              -119.92430424043783,
              34.56246563451352
            ],
            [
              -119.92430561601624,
              34.56245684488576
            ],
            [
              -119.92434461831192,
              34.56221984502745
            ],
            [
              -119.92434736806662,
              34.56220446223409
            ],
            [
              -119.92435949719803,
              34.56214161449233
            ],
            [
              -119.92436016617461,
              34.56203741370591
            ],
            [
              -119.9243652284758,
              34.56196580101242
            ],
            [
              -119.92437943853463,
              34.5618950357592
            ],
            [
              -119.92440263619648,
              34.561825915391104
            ],
            [
              -119.92443456002808,
              34.56175921881501
            ],
            [
              -119.92447485026466,
              34.56169569762251
            ],
            [
              -119.92452305286476,
              34.56163606762056
            ],
            [
              -119.92456105303974,
              34.56159406781472
            ],
            [
              -119.92462270373332,
              34.56153364767947
            ],
            [
              -119.92469246326918,
              34.56147959855473
            ],
            [
              -119.92475346319111,
              34.56143759881906
            ],
            [
              -119.92482606115496,
              34.5613930005464
            ],
            [
              -119.92490417288708,
              34.561355313908386
            ],
            [
              -119.92498684116048,
              34.561325000734726
            ],
            [
              -119.92508584055254,
              34.561294000999375
            ],
            [
              -119.92515603588343,
              34.56127497497677
            ],
            [
              -119.92522802177258,
              34.56126127274888
            ],
            [
              -119.92530120955985,
              34.561253006364005
            ],
            [
              -119.92537500075754,
              34.56125024341911
            ],
            [
              -119.92551199964755,
              34.56125024347532
            ],
            [
              -119.9255463140076,
              34.561250839995914
            ],
            [
              -119.925588405515,
              34.561252304078394
            ],
            [
              -119.92565343969561,
              34.56124711877627
            ],
            [
              -119.92572722382502,
              34.56124676958485
            ],
            [
              -119.92580074502214,
              34.56125192996324
            ],
            [
              -119.92587340339747,
              34.56126255780506
            ],
            [
              -119.92594460610127,
              34.56127856639267
            ],
            [
              -119.92601377216057,
              34.56129982510464
            ],
            [
              -119.92609077165955,
              34.56132682492948
            ],
            [
              -119.92616054963705,
              34.56135458993938
            ],
            [
              -119.92623654921795,
              34.56138858971936
            ],
            [
              -119.92630960918618,
              34.56142549278251
            ],
            [
              -119.92637759977185,
              34.56146851846148
            ],
            [
              -119.92643977429645,
              34.5615171942486
            ],
            [
              -119.92649544995,
              34.56157098558614
            ],
            [
              -119.92654845008897,
              34.56162798529874
            ],
            [
              -119.92658396051036,
              34.56166929344923
            ],
            [
              -119.9266299607427,
              34.561727293180816
            ],
            [
              -119.92666838182208,
              34.561780987902274
            ],
            [
              -119.92672938235846,
              34.5618759875156
            ],
            [
              -119.92676424983277,
              34.561937585185476
            ],
            [
              -119.92679145576575,
              34.56200177049101
            ],
            [
              -119.92681072451735,
              34.56206789317267
            ],
            [
              -119.92685672634771,
              34.562269892778275
            ],
            [
              -119.92686831618754,
              34.562341839525
            ],
            [
              -119.92689760542031,
              34.56264887288075
            ],
            [
              -119.92690743205307,
              34.562710062371714
            ],
            [
              -119.92692280374328,
              34.56275050362363
            ],
            [
              -119.92699188129079,
              34.56274937580535
            ],
            [
              -119.92706886808818,
              34.56275112293061
            ],
            [
              -119.92714531381147,
              34.56275886038231
            ],
            [
              -119.92722053891893,
              34.56277251937985
            ],
            [
              -119.92729387471864,
              34.562791978504734
            ],
            [
              -119.92736466931211,
              34.56281706477994
            ],
            [
              -119.92743229338876,
              34.562847555207405
            ],
            [
              -119.92755022847204,
              34.562906859665794
            ],
            [
              -119.92755728796692,
              34.562909212828785
            ],
            [
              -119.92764041137463,
              34.56294152561957
            ],
            [
              -119.92771862469834,
              34.56298135353289
            ],
            [
              -119.92778048193998,
              34.563016968246615
            ],
            [
              -119.92792531051062,
              34.56308200762733
            ],
            [
              -119.92800060520744,
              34.56312032320321
            ],
            [
              -119.92807045413652,
              34.56316514533678
            ],
            [
              -119.92813403927506,
              34.56321594910654
            ],
            [
              -119.9281906159529,
              34.563272139538135
            ],
            [
              -119.92825411614862,
              34.563342639188406
            ],
            [
              -119.92825523203092,
              34.56334401113925
            ],
            [
              -119.92830914372144,
              34.563362547290716
            ],
            [
              -119.92837318399816,
              34.56337868157073
            ],
            [
              -119.92844711190004,
              34.5634040827923
            ],
            [
              -119.92849541031046,
              34.56342548171879
            ],
            [
              -119.92851330135518,
              34.56341302781957
            ],
            [
              -119.92857725765141,
              34.56337649420306
            ],
            [
              -119.92864512154607,
              34.56334515435115
            ],
            [
              -119.92871627867176,
              34.56331929197884
            ],
            [
              -119.92879008484994,
              34.56329914121386
            ],
            [
              -119.92886587192244,
              34.563284884477326
            ],
            [
              -119.9289429537997,
              34.563276650832414
            ],
            [
              -119.9290206326716,
              34.563274514816165
            ],
            [
              -119.92909820532411,
              34.563278495764756
            ],
            [
              -119.92917496950483,
              34.56328855763841
            ],
            [
              -119.92925006891957,
              34.56330145756618
            ],
            [
              -119.92932244642255,
              34.56331677643949
            ],
            [
              -119.92939282942369,
              34.563337501603414
            ],
            [
              -119.92946062919941,
              34.563363459700504
            ],
            [
              -119.92952527863227,
              34.56339443360213
            ],
            [
              -119.92958623695446,
              34.56343016422443
            ],
            [
              -119.92964766298917,
              34.56346978007034
            ],
            [
              -119.92968911792877,
              34.56345139953733
            ],
            [
              -119.92977235133672,
              34.56341933802415
            ],
            [
              -119.92985940820107,
              34.563395206102996
            ],
            [
              -119.92994918869984,
              34.56337930863938
            ],
            [
              -119.93036018555217,
              34.56332630922148
            ],
            [
              -119.93038108185188,
              34.563323842870304
            ],
            [
              -119.93063307989301,
              34.563296843185654
            ],
            [
              -119.93071126506827,
              34.563291607838835
            ],
            [
              -119.93078969676458,
              34.56329260048124
            ],
            [
              -119.93086765175202,
              34.56329981195865
            ],
            [
              -119.93094441119639,
              34.56331317577212
            ],
            [
              -119.93101926728716,
              34.5633325686911
            ],
            [
              -119.9310915297638,
              34.56335781188973
            ],
            [
              -119.93116053228051,
              34.56338867259568
            ],
            [
              -119.93121453201506,
              34.56341567242274
            ],
            [
              -119.93128010862826,
              34.56345215574985
            ],
            [
              -119.93134111683392,
              34.56349371048653
            ],
            [
              -119.93139698562499,
              34.56353994770463
            ],
            [
              -119.93144719209384,
              34.563590434650294
            ],
            [
              -119.9314912663263,
              34.56364469879392
            ],
            [
              -119.9315287958001,
              34.56370223225272
            ],
            [
              -119.93155942924598,
              34.56376249654397
            ],
            [
              -119.93158287993579,
              34.5638249276247
            ],
            [
              -119.9315989283667,
              34.56388894117076
            ],
            [
              -119.93160742431603,
              34.56395393804558
            ],
            [
              -119.93160828824796,
              34.56401930990778
            ],
            [
              -119.93160151205858,
              34.56408444490486
            ],
            [
              -119.93159351253342,
              34.56413344493368
            ],
            [
              -119.93157862470974,
              34.56419960269967
            ],
            [
              -119.93155585654675,
              34.564264207459566
            ],
            [
              -119.93152543381939,
              34.56432661852393
            ],
            [
              -119.93148765821523,
              34.564386216956855
            ],
            [
              -119.93144290434321,
              34.56444241171414
            ],
            [
              -119.9313916160191,
              34.564494645504936
            ],
            [
              -119.93133430186447,
              34.56454240031865
            ],
            [
              -119.93127330184353,
              34.56458840059397
            ],
            [
              -119.93120197920813,
              34.56463639359736
            ],
            [
              -119.93112458898432,
              34.56467745246725
            ],
            [
              -119.93104211152259,
              34.564711057079535
            ],
            [
              -119.93092777454412,
              34.564751196863234
            ],
            [
              -119.93112216783203,
              34.56479205774523
            ],
            [
              -119.9311835127005,
              34.56480709075911
            ],
            [
              -119.9312370716339,
              34.56482408928895
            ],
            [
              -119.93146046184694,
              34.56484422036217
            ],
            [
              -119.93149124518223,
              34.56484748500361
            ],
            [
              -119.93149555505407,
              34.56484801109689
            ],
            [
              -119.93150718700944,
              34.56482798392138
            ],
            [
              -119.93154689213816,
              34.56477345375438
            ],
            [
              -119.93159262381181,
              34.56472225631244
            ],
            [
              -119.93178362445506,
              34.5645282572682
            ],
            [
              -119.93183968281704,
              34.56447692566792
            ],
            [
              -119.9319017912286,
              34.56443060416904
            ],
            [
              -119.93196929880861,
              34.56438977820163
            ],
            [
              -119.93206426678985,
              34.56433830043131
            ],
            [
              -119.93223551965195,
              34.56423816936976
            ],
            [
              -119.93230826328607,
              34.56420022216277
            ],
            [
              -119.93238542632716,
              34.56416881188053
            ],
            [
              -119.93246615353121,
              34.564144286659015
            ],
            [
              -119.93254955015352,
              34.56412691832302
            ],
            [
              -119.93270954896114,
              34.56410091858937
            ],
            [
              -119.93279052031433,
              34.56409121503493
            ],
            [
              -119.93287225888369,
              34.564088260775065
            ],
            [
              -119.93295394469138,
              34.56409208544502
            ],
            [
              -119.933034758289,
              34.564102650675814
            ],
            [
              -119.93311388897764,
              34.56411985047909
            ],
            [
              -119.9331748885355,
              34.5641358503785
            ],
            [
              -119.93324408244183,
              34.56415688635821
            ],
            [
              -119.93331070212186,
              34.56418299714507
            ],
            [
              -119.93337420501268,
              34.56421397008829
            ],
            [
              -119.93345020467493,
              34.56425496982836
            ],
            [
              -119.93354480637461,
              34.56431455057987
            ],
            [
              -119.93366748431922,
              34.56440419950586
            ],
            [
              -119.9338740094107,
              34.56454799448769
            ],
            [
              -119.93390098714497,
              34.5645676325659
            ],
            [
              -119.93394698707174,
              34.56460263236179
            ],
            [
              -119.93400053222149,
              34.56464735625793
            ],
            [
              -119.93404881455758,
              34.564696007745674
            ],
            [
              -119.93409141513047,
              34.56474816468108
            ],
            [
              -119.9341279642885,
              34.56480337450304
            ],
            [
              -119.93415814488574,
              34.56486115816018
            ],
            [
              -119.9341816950339,
              34.56492101426709
            ],
            [
              -119.93419841037522,
              34.56498242345491
            ],
            [
              -119.93420814585613,
              34.56504485287769
            ],
            [
              -119.93421081698636,
              34.56510776083574
            ],
            [
              -119.93420981769249,
              34.565179760806565
            ],
            [
              -119.93420516069969,
              34.565244470929095
            ],
            [
              -119.9341930297888,
              34.56530851416293
            ],
            [
              -119.93417353657752,
              34.56537130114924
            ],
            [
              -119.93414686043617,
              34.5654322540885
            ],
            [
              -119.93411324683771,
              34.565490812057746
            ],
            [
              -119.93407300509924,
              34.565546436172625
            ],
            [
              -119.93404165131864,
              34.565581619077136
            ],
            [
              -119.93425894613806,
              34.56567757772256
            ],
            [
              -119.9343476608399,
              34.56570388620942
            ],
            [
              -119.93440312767352,
              34.5657222550313
            ],
            [
              -119.93462206657499,
              34.565802564498895
            ],
            [
              -119.93464276473766,
              34.56577582256805
            ],
            [
              -119.93469305012478,
              34.56572319010571
            ],
            [
              -119.9347493962496,
              34.56567494160493
            ],
            [
              -119.93481124777315,
              34.56563155258632
            ],
            [
              -119.93487799510017,
              34.5655934506761
            ],
            [
              -119.93494898038686,
              34.56556101139201
            ],
            [
              -119.93503297995854,
              34.56552701166017
            ],
            [
              -119.9350965607357,
              34.56550399190264
            ],
            [
              -119.93516227412438,
              34.56548551990326
            ],
            [
              -119.93517770480024,
              34.56548177914823
            ],
            [
              -119.93522623592897,
              34.5654481263052
            ],
            [
              -119.93528382082673,
              34.56541166942326
            ],
            [
              -119.93534508704704,
              34.56537958067831
            ],
            [
              -119.93545908656462,
              34.56532558108091
            ],
            [
              -119.93553422118885,
              34.565294128386974
            ],
            [
              -119.93561287073432,
              34.56526924143324
            ],
            [
              -119.93569419945108,
              34.56525118467286
            ],
            [
              -119.93577734312188,
              34.565240149979665
            ],
            [
              -119.93594534180211,
              34.56522515016706
            ],
            [
              -119.93601726746877,
              34.5652213735172
            ],
            [
              -119.93608931559098,
              34.56522285595319
            ],
            [
              -119.93616092535422,
              34.56522958593521
            ],
            [
              -119.93623153935614,
              34.56524151107713
            ],
            [
              -119.9365065372637,
              34.565298510737364
            ],
            [
              -119.9365845380085,
              34.56531814812611
            ],
            [
              -119.93672284008747,
              34.56535930950443
            ],
            [
              -119.93684249798049,
              34.56538650452774
            ],
            [
              -119.93699391098843,
              34.56540500299229
            ],
            [
              -119.93709006947655,
              34.565412667839574
            ],
            [
              -119.93728971073264,
              34.56541989473764
            ],
            [
              -119.93735675005657,
              34.56542461579612
            ],
            [
              -119.9374230923351,
              34.56543388471576
            ],
            [
              -119.93748828751177,
              34.56544763861695
            ],
            [
              -119.93770228593827,
              34.56550063828729
            ],
            [
              -119.9377797767546,
              34.56552340400901
            ],
            [
              -119.93785410811479,
              34.565552499293474
            ],
            [
              -119.93792452676418,
              34.56558762929693
            ],
            [
              -119.93799031909585,
              34.56562843802133
            ],
            [
              -119.93805081838205,
              34.56567451192175
            ],
            [
              -119.93810541153043,
              34.565725384096794
            ],
            [
              -119.93815354529688,
              34.56578053901994
            ],
            [
              -119.93819473189225,
              34.56583941776344
            ],
            [
              -119.93822855392564,
              34.565901423662126
            ],
            [
              -119.93825466863467,
              34.56596592835969
            ],
            [
              -119.93827281135945,
              34.566032278176095
            ],
            [
              -119.93828279822533,
              34.566099800731685
            ],
            [
              -119.93828452800683,
              34.566167811760884
            ],
            [
              -119.93827798315444,
              34.56623562204636
            ],
            [
              -119.93826322997303,
              34.56630254440339
            ],
            [
              -119.938240417951,
              34.56636790064384
            ],
            [
              -119.93820977824592,
              34.56643102844891
            ],
            [
              -119.93817162134287,
              34.56649128808113
            ],
            [
              -119.93809462200323,
              34.566599288490245
            ],
            [
              -119.93805243163435,
              34.56665255798478
            ],
            [
              -119.93800436655121,
              34.566702305376396
            ],
            [
              -119.93795085364852,
              34.56674808881763
            ],
            [
              -119.93789236820982,
              34.56678950166732
            ],
            [
              -119.9378294296863,
              34.566826176102474
            ],
            [
              -119.93776259708326,
              34.56685778638535
            ],
            [
              -119.9376924639948,
              34.56688405175689
            ],
            [
              -119.93755546317598,
              34.56692905213596
            ],
            [
              -119.93754626050635,
              34.566932021753054
            ],
            [
              -119.93736325939001,
              34.566990022246785
            ],
            [
              -119.9372691744992,
              34.56701456447891
            ],
            [
              -119.93717219930281,
              34.567029545714526
            ],
            [
              -119.93678879106737,
              34.56706914221324
            ],
            [
              -119.93665032020364,
              34.567087362115416
            ],
            [
              -119.93658636060005,
              34.56709365085521
            ],
            [
              -119.93652200085573,
              34.56709575150125
            ],
            [
              -119.93639857943057,
              34.56709575157111
            ],
            [
              -119.93637012487734,
              34.56709792186102
            ],
            [
              -119.93636580483081,
              34.567100339042014
            ],
            [
              -119.93632321755018,
              34.56719625495351
            ],
            [
              -119.93631881468933,
              34.56721298644261
            ],
            [
              -119.93630874581926,
              34.56735665574304
            ],
            [
              -119.93630787746163,
              34.56747316877078
            ],
            [
              -119.93630279159123,
              34.56754440507066
            ],
            [
              -119.9362754007696,
              34.567746198728585
            ],
            [
              -119.9362718069236,
              34.56780056372811
            ],
            [
              -119.9362976475128,
              34.56805010611478
            ],
            [
              -119.93630713267731,
              34.56807608655177
            ],
            [
              -119.93634320099066,
              34.56814788491935
            ],
            [
              -119.93639904348404,
              34.56819825228896
            ],
            [
              -119.93643270567891,
              34.56823060890655
            ],
            [
              -119.9365607047793,
              34.568361807122976
            ],
            [
              -119.93659097064096,
              34.56838594766265
            ],
            [
              -119.93671075719838,
              34.56841247475612
            ],
            [
              -119.93707773689395,
              34.56847625947604
            ],
            [
              -119.93751207788843,
              34.568522862706786
            ],
            [
              -119.93753246541556,
              34.568525266698735
            ],
            [
              -119.93786851133713,
              34.56856847275912
            ],
            [
              -119.93820649061492,
              34.568602078772614
            ],
            [
              -119.93829272475145,
              34.568614561363276
            ],
            [
              -119.93870428371869,
              34.568693140803454
            ],
            [
              -119.93913181174625,
              34.56876783550162
            ],
            [
              -119.93914493827668,
              34.5687702223232
            ],
            [
              -119.93946883140349,
              34.56883143067556
            ],
            [
              -119.93964744850763,
              34.568843489245026
            ],
            [
              -119.93972086535474,
              34.56885122813443
            ],
            [
              -119.93987273023544,
              34.56887305877681
            ],
            [
              -119.94010156758719,
              34.56890202561483
            ],
            [
              -119.94018209243633,
              34.56891567932788
            ],
            [
              -119.94026055091149,
              34.56893595792493
            ],
            [
              -119.94033614864513,
              34.56896265609093
            ],
            [
              -119.9404501479625,
              34.56900865579204
            ],
            [
              -119.94052923370828,
              34.56904518966442
            ],
            [
              -119.94067423303679,
              34.56912118918054
            ],
            [
              -119.94074219405351,
              34.56916096410353
            ],
            [
              -119.94080490840346,
              34.569206254146515
            ],
            [
              -119.94086172476189,
              34.569256588951596
            ],
            [
              -119.94091205305419,
              34.56931144576805
            ],
            [
              -119.94105705369789,
              34.569487444935476
            ],
            [
              -119.94108840880763,
              34.56952861378022
            ],
            [
              -119.9411874095139,
              34.569669613172806
            ],
            [
              -119.94123048742141,
              34.56974017065329
            ],
            [
              -119.9413194801672,
              34.569909938805964
            ],
            [
              -119.94136326368437,
              34.5699565862613
            ],
            [
              -119.9414023199809,
              34.57000193808753
            ],
            [
              -119.94156176855596,
              34.57020423649372
            ],
            [
              -119.94164521463715,
              34.57030953647927
            ],
            [
              -119.94170144995519,
              34.57039276979593
            ],
            [
              -119.94177659884768,
              34.57052514565408
            ],
            [
              -119.9417921810156,
              34.570538915851444
            ],
            [
              -119.94194680735276,
              34.57051972862939
            ],
            [
              -119.94204620569776,
              34.57051249169667
            ],
            [
              -119.94214592918348,
              34.57051533285414
            ],
            [
              -119.94247392653025,
              34.57054133278032
            ],
            [
              -119.94248559479962,
              34.57054232767397
            ],
            [
              -119.94272045525958,
              34.57056376346535
            ],
            [
              -119.94281083978156,
              34.57056883182751
            ],
            [
              -119.94284338894175,
              34.57053489871808
            ],
            [
              -119.94291138909988,
              34.570470899050974
            ],
            [
              -119.94296808954559,
              34.57042261304953
            ],
            [
              -119.94303031629858,
              34.570379233000864
            ],
            [
              -119.94309745186436,
              34.570341189371405
            ],
            [
              -119.9431688300406,
              34.5703088596728
            ],
            [
              -119.94324374252768,
              34.570282564716024
            ],
            [
              -119.9433214459571,
              34.57026256542814
            ],
            [
              -119.94340116926755,
              34.570249060263315
            ],
            [
              -119.94348212135587,
              34.570242183233695
            ],
            [
              -119.94357412061814,
              34.5702381833035
            ],
            [
              -119.94364627507257,
              34.57023768583912
            ],
            [
              -119.94388227315507,
              34.570244685880304
            ],
            [
              -119.94392175775644,
              34.570246649691974
            ],
            [
              -119.94408276082108,
              34.57025789892734
            ],
            [
              -119.9441265464016,
              34.57025490738055
            ],
            [
              -119.94443618395815,
              34.57020214798605
            ],
            [
              -119.94445568065537,
              34.570199029738035
            ],
            [
              -119.94466967904235,
              34.57016703007434
            ],
            [
              -119.94473337654992,
              34.57015963380742
            ],
            [
              -119.94504637408247,
              34.570133634141904
            ],
            [
              -119.94512251237214,
              34.57013026764998
            ],
            [
              -119.94519869846071,
              34.57013278774179
            ],
            [
              -119.94528096558608,
              34.570138699215484
            ],
            [
              -119.94538235346167,
              34.57012851617862
            ],
            [
              -119.94540798955668,
              34.57012361312116
            ],
            [
              -119.94562541001909,
              34.570022026573334
            ],
            [
              -119.9459402101808,
              34.56984357943996
            ],
            [
              -119.94601047992523,
              34.56980791768105
            ],
            [
              -119.94608473694582,
              34.569778296028055
            ],
            [
              -119.94616222499722,
              34.569755016150125
            ],
            [
              -119.9462320187071,
              34.5697404330549
            ],
            [
              -119.9463138807117,
              34.56968397673514
            ],
            [
              -119.94637850528834,
              34.56964372214549
            ],
            [
              -119.94644762614725,
              34.569608952268894
            ],
            [
              -119.94652056544044,
              34.56958000807982
            ],
            [
              -119.94659660787659,
              34.569557173421956
            ],
            [
              -119.94667500773527,
              34.56954067222487
            ],
            [
              -119.94675499617951,
              34.569530666308225
            ],
            [
              -119.94683578879511,
              34.56952725379495
            ],
            [
              -119.94691659328254,
              34.56953046814921
            ],
            [
              -119.94699661722599,
              34.569540277848155
            ],
            [
              -119.94707507586386,
              34.569556586691206
            ],
            [
              -119.947151199784,
              34.56957923474333
            ],
            [
              -119.9472242424684,
              34.56960799990342
            ],
            [
              -119.94729348761375,
              34.56964260008224
            ],
            [
              -119.94735448735585,
              34.569676599867826
            ],
            [
              -119.94742092567151,
              34.56971784341817
            ],
            [
              -119.94748195727416,
              34.569764454783346
            ],
            [
              -119.94753695112786,
              34.56981595203156
            ],
            [
              -119.94758533861997,
              34.569871802713315
            ],
            [
              -119.94762661944047,
              34.56993142936649
            ],
            [
              -119.94766461980913,
              34.56999342912142
            ],
            [
              -119.94770180635821,
              34.57006373782695
            ],
            [
              -119.94772911584661,
              34.570137080893616
            ],
            [
              -119.94782011848297,
              34.5704420801694
            ],
            [
              -119.94783805841641,
              34.57052321206376
            ],
            [
              -119.94785885635068,
              34.57066607573373
            ],
            [
              -119.94793188172412,
              34.57064410359831
            ],
            [
              -119.94801188237426,
              34.57062736070289
            ],
            [
              -119.94809351684384,
              34.570617379426935
            ],
            [
              -119.94817595214174,
              34.57061426161743
            ],
            [
              -119.94825834710618,
              34.57061803908719
            ],
            [
              -119.94833986098706,
              34.57062867329025
            ],
            [
              -119.94841966202445,
              34.57064605571518
            ],
            [
              -119.94845988124088,
              34.57065663975993
            ],
            [
              -119.94848711233082,
              34.57065501180792
            ],
            [
              -119.94854600085256,
              34.57065325386707
            ],
            [
              -119.94855137135806,
              34.57065325387271
            ],
            [
              -119.94863176482089,
              34.57061463697206
            ],
            [
              -119.9486968154411,
              34.57058654268949
            ],
            [
              -119.94876465140713,
              34.57056339050175
            ],
            [
              -119.94883472533736,
              34.57054536722696
            ],
            [
              -119.9489407245904,
              34.5705223674446
            ],
            [
              -119.94901723079049,
              34.57050896802735
            ],
            [
              -119.94909493532177,
              34.57050168122489
            ],
            [
              -119.94922493428327,
              34.57049468133427
            ],
            [
              -119.9493121133897,
              34.57049384359427
            ],
            [
              -119.94939890394265,
              34.570500695911214
            ],
            [
              -119.94947930859362,
              34.57051431202177
            ],
            [
              -119.94952566190828,
              34.570484118695205
            ],
            [
              -119.94957308253436,
              34.570459181395584
            ],
            [
              -119.94958970850412,
              34.570386450003646
            ],
            [
              -119.9496101335772,
              34.57031728616661
            ],
            [
              -119.94963924256555,
              34.57025028388063
            ],
            [
              -119.94967671231045,
              34.570186186935615
            ],
            [
              -119.94972212684331,
              34.570125706867586
            ],
            [
              -119.94977498200409,
              34.570069515060204
            ],
            [
              -119.94981188578113,
              34.57003428086253
            ],
            [
              -119.949849043261,
              34.56991330355956
            ],
            [
              -119.94987277302691,
              34.56984945239861
            ],
            [
              -119.94990400800627,
              34.569787851270554
            ],
            [
              -119.94994244295208,
              34.56972910214565
            ],
            [
              -119.9499877022611,
              34.56967377912286
            ],
            [
              -119.95003934364455,
              34.56962242281987
            ],
            [
              -119.95009686245075,
              34.569575535090436
            ],
            [
              -119.95015969659667,
              34.569533574120406
            ],
            [
              -119.95022723206085,
              34.569496949950654
            ],
            [
              -119.95029880888345,
              34.56946602047029
            ],
            [
              -119.95037372761536,
              34.569441087919714
            ],
            [
              -119.95045125615282,
              34.569422395937316
            ],
            [
              -119.95053063689122,
              34.56941012717886
            ],
            [
              -119.95061109412788,
              34.56940440153269
            ],
            [
              -119.95069184164164,
              34.56940527494834
            ],
            [
              -119.95077209037522,
              34.56941273888991
            ],
            [
              -119.95085105614528,
              34.56942672041946
            ],
            [
              -119.95092796730476,
              34.56944708290976
            ],
            [
              -119.9510020722829,
              34.56947362737936
            ],
            [
              -119.95107264692908,
              34.56950609443687
            ],
            [
              -119.9511135166438,
              34.56952954430224
            ],
            [
              -119.95111820156481,
              34.56952360166566
            ],
            [
              -119.95116514195006,
              34.56947462999699
            ],
            [
              -119.95121735102364,
              34.56942945509324
            ],
            [
              -119.95127438219887,
              34.569388463364376
            ],
            [
              -119.95137298202523,
              34.56932396378153
            ],
            [
              -119.95143817036087,
              34.569285461809734
            ],
            [
              -119.95150760361463,
              34.56925242592081
            ],
            [
              -119.95158061424135,
              34.56922517372529
            ],
            [
              -119.95165650030505,
              34.56920396722815
            ],
            [
              -119.95173453222695,
              34.56918901031007
            ],
            [
              -119.95181395979944,
              34.56918044676741
            ],
            [
              -119.95189401939818,
              34.56917835892996
            ],
            [
              -119.9519739413231,
              34.56918276686941
            ],
            [
              -119.95208844040054,
              34.56919376682834
            ],
            [
              -119.95216582040716,
              34.569204335859474
            ],
            [
              -119.95224161858371,
              34.569220994326244
            ],
            [
              -119.9523151362977,
              34.56924358868676
            ],
            [
              -119.95238569593445,
              34.56927191068789
            ],
            [
              -119.95245264714217,
              34.569305699284676
            ],
            [
              -119.95251537282606,
              34.56934464304629
            ],
            [
              -119.95261045825082,
              34.569409808050935
            ],
            [
              -119.95274977189462,
              34.569494988145564
            ],
            [
              -119.95277383491079,
              34.569510280614956
            ],
            [
              -119.95293633443586,
              34.56961757996243
            ],
            [
              -119.95299085106889,
              34.56965697196617
            ],
            [
              -119.95304093815086,
              34.56970020137191
            ],
            [
              -119.95308620240586,
              34.56974692875457
            ],
            [
              -119.95320090279128,
              34.5698767281167
            ],
            [
              -119.95324554178654,
              34.569932910458434
            ],
            [
              -119.95328321096207,
              34.56999248390507
            ],
            [
              -119.95331353744149,
              34.57005485877924
            ],
            [
              -119.95333622102659,
              34.570119417672984
            ],
            [
              -119.95335103716943,
              34.57018552155878
            ],
            [
              -119.95335473415687,
              34.57022193396849
            ],
            [
              -119.95341889295146,
              34.57032751578916
            ],
            [
              -119.95345182366094,
              34.57038919840733
            ],
            [
              -119.95347715884067,
              34.57045328870905
            ],
            [
              -119.95349464620769,
              34.570519148538885
            ],
            [
              -119.95350411161915,
              34.57058612212052
            ],
            [
              -119.95351111245895,
              34.570673122030996
            ],
            [
              -119.95351179864319,
              34.570682668078014
            ],
            [
              -119.95351980589558,
              34.570809163441425
            ],
            [
              -119.95360710876513,
              34.5709673078407
            ],
            [
              -119.95364036246671,
              34.57103772554327
            ],
            [
              -119.95367286976567,
              34.57111984737557
            ],
            [
              -119.95379665878599,
              34.57139217782785
            ],
            [
              -119.95382319345772,
              34.57146173825532
            ],
            [
              -119.9538691947248,
              34.571609737893155
            ],
            [
              -119.95388731228965,
              34.571685957351725
            ],
            [
              -119.95394831572443,
              34.57205295677278
            ],
            [
              -119.95395483425199,
              34.57213175211342
            ],
            [
              -119.95399743385926,
              34.57211160769381
            ],
            [
              -119.9540705825513,
              34.5720845013475
            ],
            [
              -119.9541465904656,
              34.57206345494297
            ],
            [
              -119.95422472591274,
              34.5720486710818
            ],
            [
              -119.95430423672427,
              34.572040292079315
            ],
            [
              -119.95438435749307,
              34.57203839859457
            ],
            [
              -119.95446431694091,
              34.57204300885421
            ],
            [
              -119.95454334534264,
              34.57205407847681
            ],
            [
              -119.95462068193537,
              34.572071500900314
            ],
            [
              -119.9546955822413,
              34.57209510840773
            ],
            [
              -119.95494958061593,
              34.572187207809975
            ],
            [
              -119.95502173663117,
              34.57221696471686
            ],
            [
              -119.955089995152,
              34.572252460120865
            ],
            [
              -119.95515369130823,
              34.57229334828175
            ],
            [
              -119.95521220466652,
              34.57233923093133
            ],
            [
              -119.95526496527343,
              34.572389661152435
            ],
            [
              -119.95536136550221,
              34.57249156063388
            ],
            [
              -119.95540610356295,
              34.57254376735459
            ],
            [
              -119.95544467088297,
              34.57259924046516
            ],
            [
              -119.95547672158798,
              34.57265748249629
            ],
            [
              -119.95550196824114,
              34.57271797114672
            ],
            [
              -119.95552018442118,
              34.572780163967
            ],
            [
              -119.95553120675326,
              34.57284350322385
            ],
            [
              -119.95553493637473,
              34.57290742090179
            ],
            [
              -119.9555313398222,
              34.572971343796866
            ],
            [
              -119.95552044933224,
              34.57303469865705
            ],
            [
              -119.9555123420648,
              34.57306983164279
            ],
            [
              -119.95549629743005,
              34.57320389303922
            ],
            [
              -119.95549861268555,
              34.57321595397801
            ],
            [
              -119.95550362328287,
              34.5732741742972
            ],
            [
              -119.95550254128297,
              34.57333253508948
            ],
            [
              -119.95549537474554,
              34.57339060094123
            ],
            [
              -119.95545894346633,
              34.57359705639902
            ],
            [
              -119.95545894423185,
              34.57367499722943
            ],
            [
              -119.9554585757122,
              34.57369529740067
            ],
            [
              -119.95543706029115,
              34.57428759917168
            ],
            [
              -119.95544762138582,
              34.5743840485576
            ],
            [
              -119.95545093532776,
              34.57444929150665
            ],
            [
              -119.9554466204477,
              34.57451449440505
            ],
            [
              -119.95541562287032,
              34.57476249448712
            ],
            [
              -119.95541118674491,
              34.57479173672552
            ],
            [
              -119.95540063212368,
              34.574850845856865
            ],
            [
              -119.95537982910838,
              34.57508875048192
            ],
            [
              -119.95537309176133,
              34.57513928604271
            ],
            [
              -119.95536177992696,
              34.5751892595765
            ],
            [
              -119.95535711208915,
              34.57520630794774
            ],
            [
              -119.95535248118738,
              34.5753955892815
            ],
            [
              -119.95535608748068,
              34.57544298020119
            ],
            [
              -119.95538484578583,
              34.575654477802296
            ],
            [
              -119.95538996440587,
              34.57572999727554
            ],
            [
              -119.95538996447505,
              34.5757370713835
            ],
            [
              -119.95541335705734,
              34.57586470687782
            ],
            [
              -119.95542746630441,
              34.575876490351256
            ],
            [
              -119.95549017703374,
              34.575935333717695
            ],
            [
              -119.95568204609292,
              34.576137960357514
            ],
            [
              -119.95590025797287,
              34.576330835699906
            ],
            [
              -119.9560798353696,
              34.57646421055288
            ],
            [
              -119.95610757517301,
              34.5764858003181
            ],
            [
              -119.95627557502768,
              34.576622799537965
            ],
            [
              -119.95627663595769,
              34.57662366627542
            ],
            [
              -119.95661263568047,
              34.57689866471155
            ],
            [
              -119.95667728611106,
              34.57695824966651
            ],
            [
              -119.95675328627371,
              34.57703724926109
            ],
            [
              -119.9568025236169,
              34.57709426352018
            ],
            [
              -119.95684435876129,
              34.57715518829843
            ],
            [
              -119.95687834192832,
              34.57721936860356
            ],
            [
              -119.9569933438021,
              34.57747136778934
            ],
            [
              -119.9570184514677,
              34.57753605649181
            ],
            [
              -119.95703557887454,
              34.57760250355284
            ],
            [
              -119.95705057958547,
              34.57767950341759
            ],
            [
              -119.9570586960097,
              34.57773646838925
            ],
            [
              -119.95706094242736,
              34.57779379746798
            ],
            [
              -119.95706045223159,
              34.57783411784037
            ],
            [
              -119.95710323977829,
              34.577848426800145
            ],
            [
              -119.95717531796717,
              34.57787597334998
            ],
            [
              -119.95724382287456,
              34.57790917694763
            ],
            [
              -119.95730810745579,
              34.57794772397867
            ],
            [
              -119.95736756452563,
              34.57799125035873
            ],
            [
              -119.95742163249307,
              34.5780393449721
            ],
            [
              -119.95746980066572,
              34.57809155355457
            ],
            [
              -119.95751161407343,
              34.57814738298394
            ],
            [
              -119.9575466777658,
              34.57820630593739
            ],
            [
              -119.95757466054293,
              34.57826776587198
            ],
            [
              -119.9575952980841,
              34.578331182281204
            ],
            [
              -119.95760839544485,
              34.578395956177836
            ],
            [
              -119.95761382889889,
              34.57846147575142
            ],
            [
              -119.95761154710738,
              34.578527122146994
            ],
            [
              -119.95760157160447,
              34.57859227531023
            ],
            [
              -119.95760068120697,
              34.57859551998154
            ],
            [
              -119.95760279217903,
              34.57864093533284
            ],
            [
              -119.95758999688174,
              34.57911973517784
            ],
            [
              -119.95758242770496,
              34.57940123331101
            ],
            [
              -119.95759642185605,
              34.579443836466595
            ],
            [
              -119.95761225751195,
              34.579502115329696
            ],
            [
              -119.95762180891653,
              34.579561323147665
            ],
            [
              -119.95762500142438,
              34.57962099728643
            ],
            [
              -119.95762500243403,
              34.57972399723481
            ],
            [
              -119.95762218547044,
              34.579780068780984
            ],
            [
              -119.95760718693091,
              34.579929068806116
            ],
            [
              -119.95759283767336,
              34.580010795836365
            ],
            [
              -119.95756654201233,
              34.58009046478953
            ],
            [
              -119.95753654264003,
              34.58016346494712
            ],
            [
              -119.95750748850163,
              34.58022432175363
            ],
            [
              -119.95747145448685,
              34.5802825692231
            ],
            [
              -119.9574287784144,
              34.58033766126201
            ],
            [
              -119.95737986037713,
              34.580389081359165
            ],
            [
              -119.95729769896681,
              34.5804673310213
            ],
            [
              -119.9573037264129,
              34.5805561224153
            ],
            [
              -119.95730501112293,
              34.58059399728533
            ],
            [
              -119.95730501158762,
              34.58064151203841
            ],
            [
              -119.95734019625232,
              34.58083136661128
            ],
            [
              -119.95743751169665,
              34.5809977875457
            ],
            [
              -119.95747867135474,
              34.581082275672834
            ],
            [
              -119.95749680622279,
              34.5811282162989
            ],
            [
              -119.95760297654672,
              34.58133075321607
            ],
            [
              -119.95764631079861,
              34.581402703405104
            ],
            [
              -119.95767844395482,
              34.58146332675867
            ],
            [
              -119.95783144641102,
              34.58179532567836
            ],
            [
              -119.95783183056989,
              34.58179616091703
            ],
            [
              -119.95791583192668,
              34.58197916032322
            ],
            [
              -119.9579479063979,
              34.58206635051733
            ],
            [
              -119.95797790733555,
              34.58217335027424
            ],
            [
              -119.95799035562055,
              34.5822278087584
            ],
            [
              -119.95799736611484,
              34.5822829277915
            ],
            [
              -119.95799889164816,
              34.58233833658896
            ],
            [
              -119.95799257540267,
              34.58262449937862
            ],
            [
              -119.9580278609258,
              34.58302373874768
            ],
            [
              -119.9580300350629,
              34.583072997279565
            ],
            [
              -119.95803003568909,
              34.583136903478334
            ],
            [
              -119.9580444253714,
              34.58344381928917
            ],
            [
              -119.95804503894772,
              34.58346999735019
            ],
            [
              -119.95804504105656,
              34.58368649481817
            ],
            [
              -119.95818671313425,
              34.583579020056334
            ],
            [
              -119.95824885399533,
              34.58353635832353
            ],
            [
              -119.95831578365689,
              34.58349897882599
            ],
            [
              -119.95838684819917,
              34.58346724676667
            ],
            [
              -119.95846135330665,
              34.583441472171664
            ],
            [
              -119.95853857105135,
              34.58342190686134
            ],
            [
              -119.95861774700455,
              34.58340874199037
            ],
            [
              -119.95869810760708,
              34.58340210618012
            ],
            [
              -119.9587607023866,
              34.58340207369549
            ],
            [
              -119.95878727187169,
              34.583376060797455
            ],
            [
              -119.95883685173709,
              34.58331857744117
            ],
            [
              -119.95888779862408,
              34.58326537733648
            ],
            [
              -119.95894494050741,
              34.58321667196668
            ],
            [
              -119.95900770102813,
              34.58317295258657
            ],
            [
              -119.95919070063974,
              34.58305795334582
            ],
            [
              -119.95919172177425,
              34.58305731269477
            ],
            [
              -119.9592827215785,
              34.58300031307169
            ],
            [
              -119.95931780155956,
              34.58297952248685
            ],
            [
              -119.95941380597344,
              34.582925740188635
            ],
            [
              -119.95943220751093,
              34.58290753879348
            ],
            [
              -119.95944832722024,
              34.58289207525465
            ],
            [
              -119.95966480285563,
              34.582690645881904
            ],
            [
              -119.95977524853444,
              34.582548210547344
            ],
            [
              -119.95981940585658,
              34.58249672473765
            ],
            [
              -119.95998934172717,
              34.582317003616154
            ],
            [
              -119.96003160163107,
              34.5822636597112
            ],
            [
              -119.96003746739942,
              34.5822563591864
            ],
            [
              -119.96021946291376,
              34.58203300346833
            ],
            [
              -119.96027416013679,
              34.58195452582074
            ],
            [
              -119.9603187057968,
              34.581897450620424
            ],
            [
              -119.96044186065235,
              34.58175582399878
            ],
            [
              -119.96045970966928,
              34.58167317891502
            ],
            [
              -119.96046715816698,
              34.58164274720334
            ],
            [
              -119.96048565336092,
              34.581575201942336
            ],
            [
              -119.9605255293109,
              34.581386233348134
            ],
            [
              -119.96053564075451,
              34.581324894237845
            ],
            [
              -119.96055684494847,
              34.581117113214006
            ],
            [
              -119.96055353355274,
              34.5810943734353
            ],
            [
              -119.96053198742601,
              34.58097983303163
            ],
            [
              -119.96050553180595,
              34.58092518594602
            ],
            [
              -119.96050500234924,
              34.580924089517545
            ],
            [
              -119.9604774701995,
              34.58086692944066
            ],
            [
              -119.96044951672461,
              34.58084293652606
            ],
            [
              -119.96039130618331,
              34.5807892034249
            ],
            [
              -119.96028663714877,
              34.58071326674463
            ],
            [
              -119.96022187643258,
              34.580669689308806
            ],
            [
              -119.96010451954251,
              34.58060514286876
            ],
            [
              -119.95986262600742,
              34.58048035629737
            ],
            [
              -119.95980130769635,
              34.58044541598484
            ],
            [
              -119.95974409027974,
              34.580406003337316
            ],
            [
              -119.9596914490332,
              34.580362445738785
            ],
            [
              -119.95947744911005,
              34.58016844467914
            ],
            [
              -119.95943682268997,
              34.58012863538535
            ],
            [
              -119.95935382289055,
              34.580040634938065
            ],
            [
              -119.95931099127215,
              34.579990715103236
            ],
            [
              -119.9592737971897,
              34.57993779428009
            ],
            [
              -119.95911279865801,
              34.57968279325195
            ],
            [
              -119.95908055016424,
              34.579625293227444
            ],
            [
              -119.9590549574656,
              34.5795655469797
            ],
            [
              -119.95901052524555,
              34.579443984118605
            ],
            [
              -119.9589451214476,
              34.57930284685483
            ],
            [
              -119.95892119351136,
              34.57924299615935
            ],
            [
              -119.95890411280304,
              34.5791815616592
            ],
            [
              -119.9588940279533,
              34.579119077991336
            ],
            [
              -119.9588910267103,
              34.579056088922
            ],
            [
              -119.95889513517638,
              34.57899314261453
            ],
            [
              -119.95890631758154,
              34.578930786858876
            ],
            [
              -119.9589244765953,
              34.5788695643045
            ],
            [
              -119.9589544773449,
              34.57878556445826
            ],
            [
              -119.95898755244122,
              34.57870987423527
            ],
            [
              -119.9590312728014,
              34.57863797330917
            ],
            [
              -119.959146273824,
              34.578473973921135
            ],
            [
              -119.95915253695297,
              34.57846519547411
            ],
            [
              -119.95917800840873,
              34.578430101906186
            ],
            [
              -119.95927657998759,
              34.57826038997077
            ],
            [
              -119.9593150496234,
              34.578201759899216
            ],
            [
              -119.95936032085535,
              34.578146552748294
            ],
            [
              -119.95941195249725,
              34.57809530651691
            ],
            [
              -119.95946944138288,
              34.57804852060332
            ],
            [
              -119.95953222726962,
              34.5780066509387
            ],
            [
              -119.95959969829809,
              34.57797010554428
            ],
            [
              -119.95967119695497,
              34.57793924055541
            ],
            [
              -119.95974602648006,
              34.57791435675122
            ],
            [
              -119.9598234576562,
              34.57789569662375
            ],
            [
              -119.95990273591505,
              34.57788344201501
            ],
            [
              -119.95998308869,
              34.577877712345135
            ],
            [
              -119.96008208789263,
              34.57787471241016
            ],
            [
              -119.96013627903831,
              34.57787455781211
            ],
            [
              -119.9601920830175,
              34.57787593007959
            ],
            [
              -119.96018820286324,
              34.57785941218497
            ],
            [
              -119.9601807114176,
              34.577791828497624
            ],
            [
              -119.96018145383258,
              34.57772396413244
            ],
            [
              -119.96019042259941,
              34.577656503633435
            ],
            [
              -119.96020542334004,
              34.577579503694416
            ],
            [
              -119.96022224153036,
              34.577514019664896
            ],
            [
              -119.96024681096017,
              34.577450233417586
            ],
            [
              -119.9602788904703,
              34.57738877099485
            ],
            [
              -119.96031816519428,
              34.57733023563
            ],
            [
              -119.9603642496493,
              34.57727520182688
            ],
            [
              -119.96041669152008,
              34.57722420972154
            ],
            [
              -119.96047497609845,
              34.57717775978117
            ],
            [
              -119.96053853133536,
              34.577136307892445
            ],
            [
              -119.96060673345532,
              34.57710026088745
            ],
            [
              -119.96067891307858,
              34.577069972551
            ],
            [
              -119.96075436179046,
              34.57704574014864
            ],
            [
              -119.96083233909415,
              34.577027801509324
            ],
            [
              -119.96091207967767,
              34.57701633269142
            ],
            [
              -119.96099280092479,
              34.57701144625494
            ],
            [
              -119.96107371059547,
              34.57701319015691
            ],
            [
              -119.96115401460075,
              34.5770215472808
            ],
            [
              -119.96123292479577,
              34.577036435604505
            ],
            [
              -119.96133192405718,
              34.57705943546355
            ],
            [
              -119.96137730408336,
              34.57707270007656
            ],
            [
              -119.96135504718498,
              34.5770394818617
            ],
            [
              -119.96132351268268,
              34.57697929681919
            ],
            [
              -119.96129918165246,
              34.576916866429734
            ],
            [
              -119.9612822833402,
              34.57685277895074
            ],
            [
              -119.96127297695479,
              34.57678763825245
            ],
            [
              -119.96127135016862,
              34.57672205812778
            ],
            [
              -119.96127935248703,
              34.57648605806243
            ],
            [
              -119.96127979613821,
              34.57648128382373
            ],
            [
              -119.9612295047589,
              34.5764568921228
            ],
            [
              -119.96116614031493,
              34.57641899149243
            ],
            [
              -119.96110744700815,
              34.57637625367321
            ],
            [
              -119.96105396255717,
              34.57632907021209
            ],
            [
              -119.96100617695663,
              34.57627787338475
            ],
            [
              -119.96083880566448,
              34.57607961635168
            ],
            [
              -119.96079443628219,
              34.57602735861987
            ],
            [
              -119.96075179063517,
              34.575971513910794
            ],
            [
              -119.96071594038852,
              34.575912492169046
            ],
            [
              -119.96068722806665,
              34.57585085733001
            ],
            [
              -119.9606659279912,
              34.57578719829527
            ],
            [
              -119.96065224366049,
              34.57572212330572
            ],
            [
              -119.96064630580571,
              34.57565625412983
            ],
            [
              -119.96064817114252,
              34.5755902201229
            ],
            [
              -119.96065782182995,
              34.57552465221358
            ],
            [
              -119.96067516564135,
              34.57546017687568
            ],
            [
              -119.96070003684643,
              34.57539741014251
            ],
            [
              -119.9607321977954,
              34.57533695172096
            ],
            [
              -119.96077134119012,
              34.57527937926176
            ],
            [
              -119.96081709302081,
              34.57522524284037
            ],
            [
              -119.96086901613991,
              34.575175059701515
            ],
            [
              -119.96092661443916,
              34.575129309317376
            ],
            [
              -119.9610016143775,
              34.57507530964934
            ],
            [
              -119.96106634588548,
              34.57503325071688
            ],
            [
              -119.96113586561252,
              34.57499679321763
            ],
            [
              -119.96120946778949,
              34.57496630726667
            ],
            [
              -119.96127514579464,
              34.57494564462849
            ],
            [
              -119.96125019743621,
              34.57488399485426
            ],
            [
              -119.96122610899215,
              34.57481118765807
            ],
            [
              -119.96121198811569,
              34.57473661247468
            ],
            [
              -119.96117609095207,
              34.5744391120909
            ],
            [
              -119.96117206415484,
              34.57436834887373
            ],
            [
              -119.96117701587212,
              34.57429762581343
            ],
            [
              -119.96119089165951,
              34.57422772018979
            ],
            [
              -119.96121353899349,
              34.57415940029657
            ],
            [
              -119.96123280319803,
              34.5741113256856
            ],
            [
              -119.96126431999528,
              34.573985780016294
            ],
            [
              -119.96128882339573,
              34.57380575902466
            ],
            [
              -119.9612888269004,
              34.57380547391514
            ],
            [
              -119.96127774234597,
              34.57375379682618
            ],
            [
              -119.96126612953515,
              34.57371154039544
            ],
            [
              -119.9612481335863,
              34.573679982711795
            ],
            [
              -119.9612136840033,
              34.573609562543076
            ],
            [
              -119.9611890079264,
              34.573536388974446
            ],
            [
              -119.96117862430583,
              34.57348301303986
            ],
            [
              -119.96114931200377,
              34.57343374648039
            ],
            [
              -119.96112180403203,
              34.57337371534361
            ],
            [
              -119.96110130740995,
              34.57331179586174
            ],
            [
              -119.9610880071242,
              34.57324854691887
            ],
            [
              -119.96107380800684,
              34.5731548467796
            ],
            [
              -119.96106773781412,
              34.573088267764255
            ],
            [
              -119.96106964059982,
              34.57302151823905
            ],
            [
              -119.96107949776817,
              34.5729552498716
            ],
            [
              -119.96109721306613,
              34.57289010963044
            ],
            [
              -119.96112261352376,
              34.5728267334689
            ],
            [
              -119.9611554511437,
              34.5727657401164
            ],
            [
              -119.96119540532285,
              34.57270772503799
            ],
            [
              -119.96124208598299,
              34.572653254621216
            ],
            [
              -119.9612950373794,
              34.57260286064665
            ],
            [
              -119.96135374255061,
              34.5725570350966
            ],
            [
              -119.9614176283656,
              34.57251622535215
            ],
            [
              -119.96148607111903,
              34.572480829825764
            ],
            [
              -119.96159647063547,
              34.572429830209934
            ],
            [
              -119.961660999947,
              34.572403043214656
            ],
            [
              -119.96172813645913,
              34.57238107358403
            ],
            [
              -119.96179735578819,
              34.572364092915166
            ],
            [
              -119.96186811728346,
              34.57235223383789
            ],
            [
              -119.96193986824993,
              34.572345588978784
            ],
            [
              -119.96214256663175,
              34.57233428915271
            ],
            [
              -119.9622255855687,
              34.5723331591517
            ],
            [
              -119.9623083143794,
              34.572339005438415
            ],
            [
              -119.96238989848693,
              34.572351767620475
            ],
            [
              -119.96246949513844,
              34.572371313865254
            ],
            [
              -119.96255269455399,
              34.57239561371024
            ],
            [
              -119.96262666429963,
              34.57242064723406
            ],
            [
              -119.96269732287958,
              34.57245153964847
            ],
            [
              -119.96274381206088,
              34.57247695983817
            ],
            [
              -119.96277049851048,
              34.57245482412442
            ],
            [
              -119.96289489846579,
              34.57236122468561
            ],
            [
              -119.96295453844844,
              34.57232044842837
            ],
            [
              -119.96301857471536,
              34.57228452237004
            ],
            [
              -119.96308643279869,
              34.57225376879876
            ],
            [
              -119.96315750394776,
              34.572228463600375
            ],
            [
              -119.96326700327252,
              34.572194463891904
            ],
            [
              -119.96334841142543,
              34.57217312998608
            ],
            [
              -119.96343206712716,
              34.572158942113205
            ],
            [
              -119.9635170562724,
              34.57215205530279
            ],
            [
              -119.96360245018668,
              34.57215254480572
            ],
            [
              -119.96368731577324,
              34.57216040527206
            ],
            [
              -119.96389431412916,
              34.57218870513097
            ],
            [
              -119.96396962828808,
              34.572202045767
            ],
            [
              -119.96404308884365,
              34.5722211941299
            ],
            [
              -119.9641787873885,
              34.57226247667354
            ],
            [
              -119.96436493565054,
              34.57230269135984
            ],
            [
              -119.96444220068506,
              34.57232281678758
            ],
            [
              -119.9645166763116,
              34.5723491728134
            ],
            [
              -119.96458763026804,
              34.57238150029857
            ],
            [
              -119.96465436491593,
              34.57241948139152
            ],
            [
              -119.96476136456349,
              34.57248708097593
            ],
            [
              -119.9648222917237,
              34.572529622913
            ],
            [
              -119.9648779151044,
              34.572576875107195
            ],
            [
              -119.9649277048504,
              34.57262838745227
            ],
            [
              -119.96497118667278,
              34.57268366926069
            ],
            [
              -119.96500794636707,
              34.57274219393761
            ],
            [
              -119.96503763375897,
              34.57280340399675
            ],
            [
              -119.96505996604058,
              34.572866716370704
            ],
            [
              -119.96507473046469,
              34.572931527964805
            ],
            [
              -119.965081786372,
              34.572997221401955
            ],
            [
              -119.96508106653161,
              34.573063170903445
            ],
            [
              -119.96507257778215,
              34.573128748249914
            ],
            [
              -119.96505640096736,
              34.57319332876559
            ],
            [
              -119.96503269016654,
              34.573256297268834
            ],
            [
              -119.96498319110518,
              34.57336819753109
            ],
            [
              -119.96495645244947,
              34.573421477937245
            ],
            [
              -119.96492431715875,
              34.573472677728255
            ],
            [
              -119.96488701943454,
              34.5735214237449
            ],
            [
              -119.96481901982828,
              34.57360242409764
            ],
            [
              -119.9647693296726,
              34.573655735733404
            ],
            [
              -119.96471347341277,
              34.57370469340102
            ],
            [
              -119.9646520053579,
              34.57374881124198
            ],
            [
              -119.96458553551183,
              34.57378765142759
            ],
            [
              -119.96441083102737,
              34.57387930017647
            ],
            [
              -119.96440234794639,
              34.5739022871688
            ],
            [
              -119.96438086758505,
              34.57395313947621
            ],
            [
              -119.96435455855278,
              34.5740024149765
            ],
            [
              -119.9641945605022,
              34.574272415835864
            ],
            [
              -119.9641658192238,
              34.57431460706543
            ],
            [
              -119.96417112299883,
              34.57433321311926
            ],
            [
              -119.96420728744192,
              34.57438300416557
            ],
            [
              -119.96425882809724,
              34.57446662236412
            ],
            [
              -119.96435082933479,
              34.57464562173535
            ],
            [
              -119.96437642077946,
              34.57470234529072
            ],
            [
              -119.96439577136132,
              34.57476073585199
            ],
            [
              -119.96441753705862,
              34.574840225236706
            ],
            [
              -119.96444622839219,
              34.574938728973244
            ],
            [
              -119.9644632520481,
              34.57501730701226
            ],
            [
              -119.96446895364798,
              34.57509699730629
            ],
            [
              -119.96446895469661,
              34.57520435392759
            ],
            [
              -119.96451945902297,
              34.575396396260736
            ],
            [
              -119.96454918363366,
              34.57547794631442
            ],
            [
              -119.96457134998849,
              34.575554737640665
            ],
            [
              -119.9645825367362,
              34.57563314332037
            ],
            [
              -119.9645919116287,
              34.57576437409746
            ],
            [
              -119.96466424906401,
              34.57577604729051
            ],
            [
              -119.96474230812035,
              34.57579549063645
            ],
            [
              -119.96481763584734,
              34.57582127189239
            ],
            [
              -119.96488948219378,
              34.57585313434984
            ],
            [
              -119.96495713177104,
              34.575890760748685
            ],
            [
              -119.96501991097588,
              34.57593377643609
            ],
            [
              -119.96507719469754,
              34.57598175309669
            ],
            [
              -119.96512841254184,
              34.576034213017266
            ],
            [
              -119.96517305451091,
              34.576090633843116
            ],
            [
              -119.96521905483243,
              34.57615563356154
            ],
            [
              -119.96525683583852,
              34.576215741268214
            ],
            [
              -119.96528715071202,
              34.576278675903424
            ],
            [
              -119.9653096947458,
              34.57634380492013
            ],
            [
              -119.96532424133446,
              34.57641047371447
            ],
            [
              -119.96533064425257,
              34.576478012205
            ],
            [
              -119.96532883912525,
              34.57654574156747
            ],
            [
              -119.96531884407572,
              34.576612981057515
            ],
            [
              -119.9653007595442,
              34.57667905485288
            ],
            [
              -119.96527776015806,
              34.57674705496933
            ],
            [
              -119.96525494189748,
              34.57680448328065
            ],
            [
              -119.96522600997307,
              34.57685999508962
            ],
            [
              -119.96519119590859,
              34.576913146146914
            ],
            [
              -119.96515077830286,
              34.5769635110949
            ],
            [
              -119.96510508060045,
              34.57701068687188
            ],
            [
              -119.96508418728479,
              34.57703038160542
            ],
            [
              -119.96517374652592,
              34.57708895919775
            ],
            [
              -119.96521766967089,
              34.57711983190567
            ],
            [
              -119.96529246069032,
              34.577176277749366
            ],
            [
              -119.96554096072903,
              34.57732813846059
            ],
            [
              -119.96560836212143,
              34.57727308839706
            ],
            [
              -119.96564943707291,
              34.57720701219325
            ],
            [
              -119.96568631379789,
              34.57715378026606
            ],
            [
              -119.96572887560858,
              34.577103534161644
            ],
            [
              -119.9657767716575,
              34.57705668805858
            ],
            [
              -119.96582960712902,
              34.57701362810851
            ],
            [
              -119.96588694649395,
              34.57697470925316
            ],
            [
              -119.96594831709973,
              34.57694025229875
            ],
            [
              -119.96600931686957,
              34.5769092525238
            ],
            [
              -119.96607682275716,
              34.57687847635059
            ],
            [
              -119.96614753484988,
              34.57685309938727
            ],
            [
              -119.96622082368319,
              34.57683334753263
            ],
            [
              -119.96629603685665,
              34.57681939661192
            ],
            [
              -119.96637250484125,
              34.57681137081182
            ],
            [
              -119.96660150302036,
              34.57679637102594
            ],
            [
              -119.96671141784346,
              34.576795306995415
            ],
            [
              -119.96686341660842,
              34.57680230700234
            ],
            [
              -119.96694474817694,
              34.57680944396432
            ],
            [
              -119.96702480945987,
              34.57682327132917
            ],
            [
              -119.96710279807647,
              34.57684365051701
            ],
            [
              -119.96710607217284,
              34.57684481517908
            ],
            [
              -119.96716615050086,
              34.57668329726074
            ],
            [
              -119.9671713812007,
              34.57666974404535
            ],
            [
              -119.96721738219762,
              34.57655474428581
            ],
            [
              -119.96724480434109,
              34.5764956331312
            ],
            [
              -119.96727879468118,
              34.57643890426613
            ],
            [
              -119.96731905481298,
              34.57638505569692
            ],
            [
              -119.96736523129282,
              34.57633456014357
            ],
            [
              -119.96741691874139,
              34.57628786089009
            ],
            [
              -119.96747366340277,
              34.57624536789313
            ],
            [
              -119.96753496712769,
              34.57620745418333
            ],
            [
              -119.96760029174693,
              34.57617445259078
            ],
            [
              -119.96766906379555,
              34.57614665282344
            ],
            [
              -119.96774067954695,
              34.57612429892402
            ],
            [
              -119.96781451031265,
              34.57610758712782
            ],
            [
              -119.96786850991873,
              34.576097587226826
            ],
            [
              -119.96794853712665,
              34.57608618820566
            ],
            [
              -119.96802953713465,
              34.57608141686402
            ],
            [
              -119.96811070966841,
              34.576083320341475
            ],
            [
              -119.96819125274938,
              34.57609187983077
            ],
            [
              -119.96827037061777,
              34.57610701076382
            ],
            [
              -119.96834728159402,
              34.576128563647075
            ],
            [
              -119.96842122580118,
              34.57615632553856
            ],
            [
              -119.96848222545017,
              34.576182325369984
            ],
            [
              -119.96855187680805,
              34.576215702837445
            ],
            [
              -119.96861721889262,
              34.576254587850535
            ],
            [
              -119.96867761734022,
              34.57629860290284
            ],
            [
              -119.96873248577876,
              34.57634732068367
            ],
            [
              -119.96878129152022,
              34.57640026822638
            ],
            [
              -119.96882356073228,
              34.57645693149979
            ],
            [
              -119.96885888303875,
              34.57651676039834
            ],
            [
              -119.96888691550384,
              34.57657917408245
            ],
            [
              -119.96893146164612,
              34.576695635475936
            ],
            [
              -119.96900491329393,
              34.5767041248784
            ],
            [
              -119.96926811930835,
              34.5767127675643
            ],
            [
              -119.96944719836397,
              34.57670729359685
            ],
            [
              -119.96976461734518,
              34.57668556561914
            ],
            [
              -119.96977138543114,
              34.576685125732084
            ],
            [
              -119.96990138439568,
              34.576677125849685
            ],
            [
              -119.96998038350534,
              34.57667543443348
            ],
            [
              -119.97005921060271,
              34.57668006409532
            ],
            [
              -119.97013712813664,
              34.57669097151653
            ],
            [
              -119.97021340706593,
              34.57670805464011
            ],
            [
              -119.97028733368025,
              34.57673115362569
            ],
            [
              -119.97035821627752,
              34.576760052344916
            ],
            [
              -119.97042539163556,
              34.576794480403606
            ],
            [
              -119.9704882312172,
              34.57683411567161
            ],
            [
              -119.97054614705115,
              34.57687858729662
            ],
            [
              -119.9705985972332,
              34.576927479173946
            ],
            [
              -119.97064509099668,
              34.57698033383966
            ],
            [
              -119.9706851933045,
              34.5770366567507
            ],
            [
              -119.97071852891983,
              34.577095920911916
            ],
            [
              -119.97074478591743,
              34.57715757180685
            ],
            [
              -119.97076371860273,
              34.57722103258599
            ],
            [
              -119.97077514981108,
              34.57728570946397
            ],
            [
              -119.97077897256615,
              34.57735099727546
            ],
            [
              -119.97077897313464,
              34.57740899724627
            ],
            [
              -119.97077511062832,
              34.57747463373933
            ],
            [
              -119.97076355833578,
              34.57753964954444
            ],
            [
              -119.97074442549187,
              34.577603429790955
            ],
            [
              -119.9707178930237,
              34.57766537129178
            ],
            [
              -119.97068421184011,
              34.57772488824798
            ],
            [
              -119.97064521225556,
              34.57778588845686
            ],
            [
              -119.97060866688265,
              34.57783740314807
            ],
            [
              -119.97056676449616,
              34.577886047415554
            ],
            [
              -119.97051983246376,
              34.5779314412087
            ],
            [
              -119.97046823745079,
              34.57797322987168
            ],
            [
              -119.97041238255566,
              34.57801108691445
            ],
            [
              -119.97029348467021,
              34.57808465534571
            ],
            [
              -119.97022833111511,
              34.57813667748601
            ],
            [
              -119.97012975994038,
              34.578231242397855
            ],
            [
              -119.97006143022641,
              34.57828934929869
            ],
            [
              -119.96987843016551,
              34.57842735012519
            ],
            [
              -119.96980564800009,
              34.57847621556638
            ],
            [
              -119.96972657711086,
              34.57851786330567
            ],
            [
              -119.96967883703564,
              34.57853993191877
            ],
            [
              -119.96965652405875,
              34.57855463354711
            ],
            [
              -119.96982729728883,
              34.57864645880171
            ],
            [
              -119.969916444122,
              34.57870190443638
            ],
            [
              -119.96999288007765,
              34.578756583291536
            ],
            [
              -119.97000496204554,
              34.578746231377394
            ],
            [
              -119.97006650508145,
              34.578702993637734
            ],
            [
              -119.97013290791637,
              34.57866499198107
            ],
            [
              -119.97020352188446,
              34.57863259762772
            ],
            [
              -119.97027765718602,
              34.57860612702223
            ],
            [
              -119.97036165666717,
              34.57858012724549
            ],
            [
              -119.97043609184064,
              34.57856039013327
            ],
            [
              -119.97051246679094,
              34.578546627030455
            ],
            [
              -119.97059008238993,
              34.57853896392203
            ],
            [
              -119.9706682281538,
              34.57853747095425
            ],
            [
              -119.97074618874606,
              34.5785421617927
            ],
            [
              -119.97082325052557,
              34.57855299349712
            ],
            [
              -119.9708987080782,
              34.57856986691458
            ],
            [
              -119.970971870674,
              34.57859262758704
            ],
            [
              -119.97105587013182,
              34.578622627392505
            ],
            [
              -119.97108227857237,
              34.57863252240334
            ],
            [
              -119.97115101520608,
              34.57865950318862
            ],
            [
              -119.9711510153489,
              34.57864499723303
            ],
            [
              -119.97115827973336,
              34.57855509086626
            ],
            [
              -119.97118928158643,
              34.57836409097623
            ],
            [
              -119.97120851775604,
              34.578283291380465
            ],
            [
              -119.97123949412155,
              34.57820502718833
            ],
            [
              -119.97128549490198,
              34.57810902743382
            ],
            [
              -119.97129449352244,
              34.578091011140764
            ],
            [
              -119.9713624465609,
              34.577960334620585
            ],
            [
              -119.971370668626,
              34.57793513870623
            ],
            [
              -119.97141010789113,
              34.577767747814
            ],
            [
              -119.97142898856822,
              34.57770418517045
            ],
            [
              -119.97145521555996,
              34.577642431573324
            ],
            [
              -119.97148854278504,
              34.5775830664026
            ],
            [
              -119.97152865754872,
              34.57752664662852
            ],
            [
              -119.97158965796035,
              34.577449646948104
            ],
            [
              -119.97163822761009,
              34.577394606949575
            ],
            [
              -119.9716932520431,
              34.5773438926921
            ],
            [
              -119.9717541717229,
              34.57729801987123
            ],
            [
              -119.97185417158393,
              34.57723002030245
            ],
            [
              -119.97193145961224,
              34.57718345604638
            ],
            [
              -119.97201479582858,
              34.57714467979146
            ],
            [
              -119.9720627812097,
              34.577125317342144
            ],
            [
              -119.97224007098787,
              34.57701767751799
            ],
            [
              -119.9723170974527,
              34.57696612930411
            ],
            [
              -119.97239225220919,
              34.576902140850144
            ],
            [
              -119.97240465732654,
              34.57688505858502
            ],
            [
              -119.9724365912797,
              34.576844456001055
            ],
            [
              -119.97252047051147,
              34.57674573766084
            ],
            [
              -119.9725409940349,
              34.57670740190094
            ],
            [
              -119.97257612521022,
              34.57664945911689
            ],
            [
              -119.97261780687401,
              34.57659456713211
            ],
            [
              -119.97266565546937,
              34.57654323104829
            ],
            [
              -119.9727192306953,
              34.576495923245574
            ],
            [
              -119.97277803955855,
              34.57645307903612
            ],
            [
              -119.97289303936753,
              34.576377079525315
            ],
            [
              -119.9729593551276,
              34.57633758079605
            ],
            [
              -119.97303010986548,
              34.57630375958653
            ],
            [
              -119.97310459562452,
              34.576275954301174
            ],
            [
              -119.97318206711897,
              34.57625444315047
            ],
            [
              -119.97326174919114,
              34.57623944136733
            ],
            [
              -119.9733428445667,
              34.57623109905386
            ],
            [
              -119.97342454183145,
              34.576229499679485
            ],
            [
              -119.97350602354966,
              34.57623465924605
            ],
            [
              -119.9735864744423,
              34.5762465261276
            ],
            [
              -119.973665089544,
              34.57626498158702
            ],
            [
              -119.9737410822566,
              34.57628984096405
            ],
            [
              -119.97381369221911,
              34.57632085552276
            ],
            [
              -119.97388219291527,
              34.57635771494029
            ],
            [
              -119.9739458989424,
              34.576400050411586
            ],
            [
              -119.9740041728692,
              34.57644743833942
            ],
            [
              -119.97405643161353,
              34.57649940457253
            ],
            [
              -119.97410215227671,
              34.57655542914957
            ],
            [
              -119.97414087737567,
              34.57661495150157
            ],
            [
              -119.97417221942064,
              34.57667737606052
            ],
            [
              -119.97419586479283,
              34.576742078218345
            ],
            [
              -119.97421157688301,
              34.57680841057641
            ],
            [
              -119.97423357805783,
              34.5769344103706
            ],
            [
              -119.9742414288548,
              34.577006464489045
            ],
            [
              -119.97423992138147,
              34.57707879987481
            ],
            [
              -119.97422907289297,
              34.57715058738714
            ],
            [
              -119.97420900771577,
              34.577221004163036
            ],
            [
              -119.97417995582389,
              34.57728924304956
            ],
            [
              -119.97411895679674,
              34.577411243375984
            ],
            [
              -119.97409023610652,
              34.57746250523264
            ],
            [
              -119.97401423695538,
              34.577584505640154
            ],
            [
              -119.97396722560835,
              34.577650494797176
            ],
            [
              -119.97381645777975,
              34.57783707199948
            ],
            [
              -119.97378111537245,
              34.57788490980512
            ],
            [
              -119.97375045252109,
              34.57796936045982
            ],
            [
              -119.97372825016843,
              34.57802240367294
            ],
            [
              -119.97370080179073,
              34.57807373973092
            ],
            [
              -119.97366829678286,
              34.578123014394635
            ],
            [
              -119.97360158004349,
              34.57821485934681
            ],
            [
              -119.97350133917465,
              34.57836949665815
            ],
            [
              -119.97346236166531,
              34.57844745312645
            ],
            [
              -119.97348096146597,
              34.57852764235661
            ],
            [
              -119.97350132724948,
              34.57857031274105
            ],
            [
              -119.97363663249418,
              34.57872970217133
            ],
            [
              -119.97367474199302,
              34.578779004261186
            ],
            [
              -119.97370755158663,
              34.57883084853607
            ],
            [
              -119.97379155253384,
              34.57897884797954
            ],
            [
              -119.97381782418402,
              34.57903062552298
            ],
            [
              -119.97383880763499,
              34.57908402840755
            ],
            [
              -119.97385435798085,
              34.579138687873424
            ],
            [
              -119.97390966985836,
              34.57937715398554
            ],
            [
              -119.97394680596085,
              34.579491034751676
            ],
            [
              -119.97396242505039,
              34.57954893011496
            ],
            [
              -119.97397184515131,
              34.57960773535966
            ],
            [
              -119.97397499365816,
              34.57966699732587
            ],
            [
              -119.97397499387642,
              34.57968950743886
            ],
            [
              -119.9739805001077,
              34.57968733818508
            ],
            [
              -119.97405637463716,
              34.57966473077867
            ],
            [
              -119.97413457432594,
              34.579648420718904
            ],
            [
              -119.97421433719528,
              34.57963856693006
            ],
            [
              -119.97429488603595,
              34.57963526542645
            ],
            [
              -119.97437543598109,
              34.57963854837688
            ],
            [
              -119.97445520215328,
              34.57964838379138
            ],
            [
              -119.97453340731187,
              34.5796646758328
            ],
            [
              -119.97464040652781,
              34.579691675664584
            ],
            [
              -119.97471289955406,
              34.57971310465852
            ],
            [
              -119.97472790080195,
              34.57971890817379
            ],
            [
              -119.97474044907096,
              34.57970737136578
            ],
            [
              -119.97479184911602,
              34.579664271607854
            ],
            [
              -119.97485294884821,
              34.579617986631526
            ],
            [
              -119.97491940216163,
              34.579577058017506
            ],
            [
              -119.97499052561241,
              34.57954190669362
            ],
            [
              -119.97506558772996,
              34.579512894170705
            ],
            [
              -119.97514381653946,
              34.57949031882505
            ],
            [
              -119.97522440750095,
              34.57947441282993
            ],
            [
              -119.975306531783,
              34.579465339768085
            ],
            [
              -119.97538934478635,
              34.57946319294944
            ],
            [
              -119.97547199482936,
              34.579467994451704
            ],
            [
              -119.9755536319065,
              34.57947969489325
            ],
            [
              -119.97563341642945,
              34.57949817394107
            ],
            [
              -119.97571052786124,
              34.579523241548216
            ],
            [
              -119.97579382733751,
              34.57955444134568
            ],
            [
              -119.97586342031022,
              34.57958390359025
            ],
            [
              -119.97592928995087,
              34.579618732663135
            ],
            [
              -119.97599083310173,
              34.57965860964183
            ],
            [
              -119.97604748621964,
              34.57970316938094
            ],
            [
              -119.97609873053594,
              34.57975200385557
            ],
            [
              -119.9761440968069,
              34.57980466589732
            ],
            [
              -119.9761831696106,
              34.57986067328877
            ],
            [
              -119.976215591151,
              34.579919513178844
            ],
            [
              -119.97624106453472,
              34.5799806467787
            ],
            [
              -119.97625935648983,
              34.58004351429523
            ],
            [
              -119.97625965360074,
              34.58004525264369
            ],
            [
              -119.97629848759344,
              34.580040154011705
            ],
            [
              -119.97638019363029,
              34.58003628339466
            ],
            [
              -119.97646195792294,
              34.58003919312611
            ],
            [
              -119.9765429600366,
              34.58004885400835
            ],
            [
              -119.97662238718401,
              34.580065169101665
            ],
            [
              -119.97669838662586,
              34.580084168983525
            ],
            [
              -119.97677091847608,
              34.58010543338091
            ],
            [
              -119.97684070968148,
              34.58013224771909
            ],
            [
              -119.97690714107101,
              34.58016437410782
            ],
            [
              -119.97696962327917,
              34.58020152752958
            ],
            [
              -119.97702760197451,
              34.58024337836801
            ],
            [
              -119.9771196018674,
              34.58031637794815
            ],
            [
              -119.97716866607084,
              34.58035884705355
            ],
            [
              -119.97721308562811,
              34.58040467994469
            ],
            [
              -119.97725252488095,
              34.58045353029088
            ],
            [
              -119.97728668580265,
              34.58050502895989
            ],
            [
              -119.97735468649944,
              34.58061902851673
            ],
            [
              -119.97738735869798,
              34.58068156274212
            ],
            [
              -119.97741225232438,
              34.58074649998639
            ],
            [
              -119.97745825355975,
              34.58089149962565
            ],
            [
              -119.97746752915927,
              34.58092398525767
            ],
            [
              -119.9774953317857,
              34.581033368772815
            ],
            [
              -119.9776209578788,
              34.58096457375282
            ],
            [
              -119.97769283524508,
              34.58092944384703
            ],
            [
              -119.9777686720052,
              34.58090056441578
            ],
            [
              -119.97812022304674,
              34.58078430378398
            ],
            [
              -119.97822177699167,
              34.58074290112149
            ],
            [
              -119.97827946407092,
              34.580721633637815
            ],
            [
              -119.9783389650649,
              34.580704115328814
            ],
            [
              -119.9785418108108,
              34.58065160581565
            ],
            [
              -119.97857481628766,
              34.580636491190226
            ],
            [
              -119.97879713680969,
              34.580533713946565
            ],
            [
              -119.97882018671088,
              34.58051642660121
            ],
            [
              -119.97888031302642,
              34.58047547718038
            ],
            [
              -119.97894488066406,
              34.580439449347196
            ],
            [
              -119.97912248352439,
              34.58035023136003
            ],
            [
              -119.97921303122642,
              34.58029363931333
            ],
            [
              -119.97923632171629,
              34.58027350180733
            ],
            [
              -119.97929205340968,
              34.5802296478822
            ],
            [
              -119.97935252472612,
              34.58019032360032
            ],
            [
              -119.97941719958253,
              34.580155877569766
            ],
            [
              -119.9794855046339,
              34.58012661515252
            ],
            [
              -119.97955683435585,
              34.580102795757675
            ],
            [
              -119.9796305564124,
              34.580084630541926
            ],
            [
              -119.97964734936856,
              34.58008188219288
            ],
            [
              -119.97968910867618,
              34.58006269003105
            ],
            [
              -119.97976292862576,
              34.58003624885961
            ],
            [
              -119.97983953464518,
              34.580015940390474
            ],
            [
              -119.97991818403455,
              34.580001961514036
            ],
            [
              -119.97999811428505,
              34.579994447754984
            ],
            [
              -119.98007855047094,
              34.5799934719584
            ],
            [
              -119.98015871276213,
              34.57999904358369
            ],
            [
              -119.98023782398384,
              34.58001110861286
            ],
            [
              -119.98031511715106,
              34.58002955007428
            ],
            [
              -119.98038984290373,
              34.580054189176636
            ],
            [
              -119.98046127677145,
              34.58008478704226
            ],
            [
              -119.98052872619678,
              34.58012104702291
            ],
            [
              -119.98060872589805,
              34.580168846725414
            ],
            [
              -119.98067232399171,
              34.58021099360805
            ],
            [
              -119.98073052906356,
              34.58025817123216
            ],
            [
              -119.98078276197688,
              34.580309910190124
            ],
            [
              -119.9808285030138,
              34.580365695689245
            ],
            [
              -119.98086729704649,
              34.58042497267372
            ],
            [
              -119.98089875806608,
              34.58048715134694
            ],
            [
              -119.98092257302366,
              34.580551613039844
            ],
            [
              -119.98093850494566,
              34.580617716366234
            ],
            [
              -119.9809500055441,
              34.58068201625942
            ],
            [
              -119.98095796516034,
              34.58075034349065
            ],
            [
              -119.98095750250305,
              34.58081898607184
            ],
            [
              -119.98095350307881,
              34.58087758606885
            ],
            [
              -119.98094368220525,
              34.580950608388996
            ],
            [
              -119.98093328270072,
              34.581002208431975
            ],
            [
              -119.98091924919503,
              34.58105417326351
            ],
            [
              -119.98091777644534,
              34.581105134463314
            ],
            [
              -119.98090829952257,
              34.581169887642275
            ],
            [
              -119.98089131841098,
              34.58123358344499
            ],
            [
              -119.98086699131231,
              34.58129562839516
            ],
            [
              -119.98083554487488,
              34.58135544439674
            ],
            [
              -119.98081076147638,
              34.58139237378274
            ],
            [
              -119.98091163047673,
              34.58144275160775
            ],
            [
              -119.98092604193833,
              34.58145011895106
            ],
            [
              -119.9810902411746,
              34.58153601840415
            ],
            [
              -119.98115701335036,
              34.581574946661846
            ],
            [
              -119.9812857129517,
              34.581658246152635
            ],
            [
              -119.98131133309302,
              34.581675531084024
            ],
            [
              -119.98139113290398,
              34.581731630748564
            ],
            [
              -119.98144866096365,
              34.581776200784155
            ],
            [
              -119.98150072820391,
              34.58182514856605
            ],
            [
              -119.98154684995761,
              34.58187801847291
            ],
            [
              -119.98158659689757,
              34.58193431837443
            ],
            [
              -119.98161959903311,
              34.581993524211796
            ],
            [
              -119.98164554915435,
              34.5820550848758
            ],
            [
              -119.98166420569235,
              34.58211842733652
            ],
            [
              -119.98167539496815,
              34.58218296197717
            ],
            [
              -119.98167901281005,
              34.58224808808238
            ],
            [
              -119.98167502552387,
              34.582313199429784
            ],
            [
              -119.98166347020738,
              34.582377689933
            ],
            [
              -119.98164445440541,
              34.582440959283346
            ],
            [
              -119.9816181551097,
              34.58250241853785
            ],
            [
              -119.9815848171117,
              34.582561495601475
            ],
            [
              -119.98154475072465,
              34.582617640552556
            ],
            [
              -119.98149832889553,
              34.58267033076202
            ],
            [
              -119.98144598373366,
              34.58271907575838
            ],
            [
              -119.98138364039127,
              34.58277177520786
            ],
            [
              -119.98137588415246,
              34.58279403007978
            ],
            [
              -119.98134560053953,
              34.58285664955399
            ],
            [
              -119.98130792046688,
              34.58291646041552
            ],
            [
              -119.98126321927067,
              34.58297286685489
            ],
            [
              -119.98121194223116,
              34.58302530697468
            ],
            [
              -119.9809557052659,
              34.583262133797334
            ],
            [
              -119.98071936273121,
              34.58348245643328
            ],
            [
              -119.98066262627837,
              34.583530335976555
            ],
            [
              -119.9806004326125,
              34.58357333016477
            ],
            [
              -119.98055053142271,
              34.58360138199656
            ],
            [
              -119.98054085605148,
              34.58365341181281
            ],
            [
              -119.98052290799193,
              34.58375564620059
            ],
            [
              -119.9805238496117,
              34.583783054844545
            ],
            [
              -119.98053506674442,
              34.58384667355503
            ],
            [
              -119.98055378355177,
              34.583902149485695
            ],
            [
              -119.9806019434673,
              34.58400205699841
            ],
            [
              -119.98061671706029,
              34.58403519740335
            ],
            [
              -119.98066094919149,
              34.58414302196631
            ],
            [
              -119.9807299904674,
              34.58429045390151
            ],
            [
              -119.98073880945115,
              34.584310193357304
            ],
            [
              -119.98081361080453,
              34.584485992816276
            ],
            [
              -119.98087404527165,
              34.58462828277283
            ],
            [
              -119.9809391807732,
              34.58475837470798
            ],
            [
              -119.98095981255204,
              34.58480420721983
            ],
            [
              -119.98103623781687,
              34.584994809023634
            ],
            [
              -119.98113106737951,
              34.58519346955171
            ],
            [
              -119.9811321696407,
              34.585195791232444
            ],
            [
              -119.98120687079499,
              34.58535399070817
            ],
            [
              -119.98121477531225,
              34.585371436596134
            ],
            [
              -119.98135986231473,
              34.58570560228181
            ],
            [
              -119.98148084091076,
              34.58597020102054
            ],
            [
              -119.98148627934845,
              34.58598245197909
            ],
            [
              -119.98156976940005,
              34.58617629175079
            ],
            [
              -119.98170478722976,
              34.58646988382638
            ],
            [
              -119.98171252701765,
              34.58648744054378
            ],
            [
              -119.98184218584551,
              34.58679469028236
            ],
            [
              -119.98191963411321,
              34.58696530314513
            ],
            [
              -119.98192638507722,
              34.586980742449725
            ],
            [
              -119.98199700265731,
              34.58714859144673
            ],
            [
              -119.98207336489824,
              34.5873023025554
            ],
            [
              -119.98208187838829,
              34.58732015667074
            ],
            [
              -119.98225128114186,
              34.58769075547034
            ],
            [
              -119.98225929767406,
              34.587709088219945
            ],
            [
              -119.9823759936394,
              34.58798849364752
            ],
            [
              -119.98251737896501,
              34.58832532157416
            ],
            [
              -119.98269844036906,
              34.588624614188674
            ],
            [
              -119.98295282788746,
              34.5890048212542
            ],
            [
              -119.98316253893276,
              34.5892659457206
            ],
            [
              -119.98318777560391,
              34.5892994535254
            ],
            [
              -119.98335076438707,
              34.58953064542566
            ],
            [
              -119.98352531093762,
              34.58975721062186
            ],
            [
              -119.98356842261741,
              34.589820423254174
            ],
            [
              -119.98360308822527,
              34.589887094963814
            ],
            [
              -119.98362890787871,
              34.58995645670269
            ],
            [
              -119.98364558372931,
              34.59002770839175
            ],
            [
              -119.98366428477598,
              34.590139508214065
            ],
            [
              -119.98367133206632,
              34.5902049425504
            ],
            [
              -119.9836706629276,
              34.59027063358788
            ],
            [
              -119.98366228366585,
              34.59033596045367
            ],
            [
              -119.98364627345902,
              34.59040030571553
            ],
            [
              -119.98362278360909,
              34.59046306121725
            ],
            [
              -119.98359758409133,
              34.59052036135061
            ],
            [
              -119.98356576042006,
              34.59058278764245
            ],
            [
              -119.98352653808277,
              34.59064226493169
            ],
            [
              -119.98348031131525,
              34.590698195369534
            ],
            [
              -119.9834275447625,
              34.590750016757845
            ],
            [
              -119.98336876880872,
              34.5907972082004
            ],
            [
              -119.98330457424618,
              34.590839295339066
            ],
            [
              -119.9832356063369,
              34.590875855122185
            ],
            [
              -119.98316255832658,
              34.59090652005726
            ],
            [
              -119.98308616447606,
              34.59093098190515
            ],
            [
              -119.98300719268039,
              34.59094899477868
            ],
            [
              -119.98291699202142,
              34.590965594943526
            ],
            [
              -119.98284679118447,
              34.59097587929787
            ],
            [
              -119.98277577351958,
              34.59098106384678
            ],
            [
              -119.98268597279738,
              34.590984363910636
            ],
            [
              -119.98261945046411,
              34.59098401380679
            ]
          ],
          [
            [
              -119.91141449392718,
              34.5644443468326
            ],
            [
              -119.91140751990135,
              34.56444957020452
            ],
            [
              -119.91113010285521,
              34.56464946104442
            ],
            [
              -119.9110202259559,
              34.564739403152615
            ],
            [
              -119.91103885033223,
              34.564762234285425
            ],
            [
              -119.91108150525477,
              34.56482990909844
            ],
            [
              -119.9112129758242,
              34.56507077477107
            ],
            [
              -119.91127629446792,
              34.56517729068599
            ],
            [
              -119.91138287112557,
              34.56528955748408
            ],
            [
              -119.91139753875316,
              34.565254916951304
            ],
            [
              -119.91144553048673,
              34.56515840800906
            ],
            [
              -119.91147871238108,
              34.564921235445524
            ],
            [
              -119.91147120089924,
              34.564799530234
            ],
            [
              -119.91145117253373,
              34.5647327668763
            ],
            [
              -119.91143711485088,
              34.56467537116167
            ],
            [
              -119.91142911696132,
              34.564617184119314
            ],
            [
              -119.91141449392718,
              34.5644443468326
            ]
          ]
        ]
      }
    }
  ]
}