{
  "type": "FeatureCollection",
  "features": [
    {
      "type": "Feature",
      "properties": {
        "reservoir_name": "LAKE DAVIS (DWR)",
        "cdec_station_id": "DAV",
        "source": "osm_tight_polygon_75m_buffer"
      },
      "geometry": {
        "type": "Polygon",
        "coordinates": [
          [
            [
              -120.54912831525365,
              39.93565475663382
            ],
            [
              -120.54912804882491,
              39.93568540410588
            ],
            [
              -120.54911594427185,
              39.93576201836409
            ],
            [
              -120.54909256412407,
              39.93583706928274
            ],
            [
              -120.54906036501622,
              39.93591936954149
            ],
            [
              -120.54903006370247,
              39.9359845241208
            ],
            [
              -120.54899126012603,
              39.93604694962689
            ],
            [
              -120.54894436169074,
              39.93610599061071
            ],
            [
              -120.54888986079796,
              39.9361610271581
            ],
            [
              -120.54882832967677,
              39.93621148139908
            ],
            [
              -120.54851712934257,
              39.93644178301011
            ],
            [
              -120.5484501398703,
              39.93648656719181
            ],
            [
              -120.54837761705114,
              39.936525913974926
            ],
            [
              -120.54830030258671,
              39.936559420950296
            ],
            [
              -120.54814755194171,
              39.936617997690036
            ],
            [
              -120.54797325964051,
              39.93677388103227
            ],
            [
              -120.54790994914698,
              39.936824859523334
            ],
            [
              -120.54784007773989,
              39.93687047770406
            ],
            [
              -120.54774887739785,
              39.936923978109235
            ],
            [
              -120.54768348100791,
              39.93695885038989
            ],
            [
              -120.54761424994088,
              39.93698901923966
            ],
            [
              -120.547541753425,
              39.93701423660436
            ],
            [
              -120.54743445256895,
              39.9370471368769
            ],
            [
              -120.54735587353859,
              39.93706796884778
            ],
            [
              -120.54727508642095,
              39.93708298381957
            ],
            [
              -120.54719281614234,
              39.937092047059025
            ],
            [
              -120.54710980093886,
              39.937095077239626
            ],
            [
              -120.5468844987218,
              39.937095077172536
            ],
            [
              -120.54679957953334,
              39.937091906019894
            ],
            [
              -120.54671545780583,
              39.937082422557324
            ],
            [
              -120.54663292349387,
              39.93706671584107
            ],
            [
              -120.54652572259758,
              39.93704201558287
            ],
            [
              -120.54640566442504,
              39.937006793442066
            ],
            [
              -120.54581888850821,
              39.93679557265643
            ],
            [
              -120.54570466173958,
              39.93680840302608
            ],
            [
              -120.54551627128407,
              39.93685495002246
            ],
            [
              -120.54544701550995,
              39.93688076833229
            ],
            [
              -120.54538863127667,
              39.93691403316299
            ],
            [
              -120.5451037990687,
              39.93714760898949
            ],
            [
              -120.54505443975025,
              39.937203528853544
            ],
            [
              -120.54498545722427,
              39.93731233007513
            ],
            [
              -120.5449475618532,
              39.937365831766954
            ],
            [
              -120.54490355604267,
              39.93741648628504
            ],
            [
              -120.54485379803862,
              39.937463881242714
            ],
            [
              -120.54479869291904,
              39.93750763078916
            ],
            [
              -120.5447386892964,
              39.937547378750914
            ],
            [
              -120.54456158868531,
              39.937654379554324
            ],
            [
              -120.54450042034344,
              39.937688174699666
            ],
            [
              -120.54443571308977,
              39.93771780828283
            ],
            [
              -120.54423731179575,
              39.937800008950454
            ],
            [
              -120.5441793118033,
              39.93782195815449
            ],
            [
              -120.54386810946656,
              39.93792895903773
            ],
            [
              -120.54381462967365,
              39.93794574430673
            ],
            [
              -120.54343912658094,
              39.9380526451921
            ],
            [
              -120.54337363439264,
              39.93806907067348
            ],
            [
              -120.54330667009359,
              39.9380814905962
            ],
            [
              -120.54319936908313,
              39.938097990723584
            ],
            [
              -120.54310710859949,
              39.93810828997057
            ],
            [
              -120.5430139492848,
              39.938110995355196
            ],
            [
              -120.54300236390988,
              39.93811038261895
            ],
            [
              -120.54294531269402,
              39.938136935555264
            ],
            [
              -120.54286794947554,
              39.93816541171718
            ],
            [
              -120.54276604868292,
              39.93819831198943
            ],
            [
              -120.54266132216945,
              39.938226279135314
            ],
            [
              -120.5423637575713,
              39.9382898480927
            ],
            [
              -120.54207624447514,
              39.93836833502711
            ],
            [
              -120.5419933829471,
              39.93838747141372
            ],
            [
              -120.54161908243435,
              39.93845863697425
            ],
            [
              -120.54156684580668,
              39.93851209270254
            ],
            [
              -120.54150756580744,
              39.93856654057269
            ],
            [
              -120.54144118376594,
              39.9386158938968
            ],
            [
              -120.54136843416596,
              39.93865960659561
            ],
            [
              -120.54129012195106,
              39.93869719500074
            ],
            [
              -120.54119352133698,
              39.938738295333394
            ],
            [
              -120.54109561780481,
              39.938774063389396
            ],
            [
              -120.54068251451878,
              39.93890156444538
            ],
            [
              -120.54057048850319,
              39.938929582562224
            ],
            [
              -120.54017800622884,
              39.939005751648125
            ],
            [
              -120.54008089536507,
              39.939034809851094
            ],
            [
              -120.53985728854835,
              39.93913955089783
            ],
            [
              -120.53978009458929,
              39.939171751108
            ],
            [
              -120.53969910625723,
              39.93919785118788
            ],
            [
              -120.5396151345935,
              39.93921758976307
            ],
            [
              -120.53952902051795,
              39.93923076916533
            ],
            [
              -120.53921694284074,
              39.939266143620735
            ],
            [
              -120.53856157395755,
              39.93935860856586
            ],
            [
              -120.53848347607038,
              39.93936685567118
            ],
            [
              -120.53826607574415,
              39.939382192834934
            ],
            [
              -120.5381952127372,
              39.93941389953488
            ],
            [
              -120.53810668327546,
              39.93944850840683
            ],
            [
              -120.53801364067502,
              39.939475195887795
            ],
            [
              -120.53791727657462,
              39.939493620179064
            ],
            [
              -120.53780457550748,
              39.93951002030403
            ],
            [
              -120.53770816346939,
              39.93951982773645
            ],
            [
              -120.5376109336278,
              39.93952136148694
            ],
            [
              -120.53751408056456,
              39.9395146027127
            ],
            [
              -120.53728545471877,
              39.93948874957467
            ],
            [
              -120.53709721953268,
              39.93950040805629
            ],
            [
              -120.53672379212367,
              39.93955367377475
            ],
            [
              -120.53666384673625,
              39.93956713425284
            ],
            [
              -120.53659420507799,
              39.93959735155257
            ],
            [
              -120.53649827402522,
              39.93962811763256
            ],
            [
              -120.53639097312185,
              39.939656917870686
            ],
            [
              -120.53631395697975,
              39.93967458899152
            ],
            [
              -120.53623516335067,
              39.93968676147072
            ],
            [
              -120.53615525331685,
              39.939693333181104
            ],
            [
              -120.53607489732794,
              39.93969424898628
            ],
            [
              -120.53577317391279,
              39.93968704414027
            ],
            [
              -120.53560097081467,
              39.93969553521887
            ],
            [
              -120.53556543913486,
              39.939719115745255
            ],
            [
              -120.5354995140458,
              39.939755283092225
            ],
            [
              -120.53540831356722,
              39.93980058344941
            ],
            [
              -120.53534461721533,
              39.93982937365764
            ],
            [
              -120.53527800055427,
              39.93985393765112
            ],
            [
              -120.53520893574999,
              39.939874101324506
            ],
            [
              -120.53499230622552,
              39.93992943687631
            ],
            [
              -120.53492858558128,
              39.93995810921309
            ],
            [
              -120.5348586819938,
              39.9399834981628
            ],
            [
              -120.53475668119987,
              39.940016398435006
            ],
            [
              -120.5346846084415,
              39.94003683939151
            ],
            [
              -120.53461048933168,
              39.94005234988321
            ],
            [
              -120.53453489191921,
              39.9400628110381
            ],
            [
              -120.53445839558333,
              39.9400681426822
            ],
            [
              -120.53417696997226,
              39.940078225792426
            ],
            [
              -120.53405880619117,
              39.940095480916355
            ],
            [
              -120.5336639753839,
              39.94018774857548
            ],
            [
              -120.53357992318051,
              39.94020394869832
            ],
            [
              -120.53349420495698,
              39.94021368813661
            ],
            [
              -120.53305430065572,
              39.94024668832652
            ],
            [
              -120.53302096786938,
              39.940248696082605
            ],
            [
              -120.53262806972798,
              39.9402665709222
            ],
            [
              -120.53240167302225,
              39.9403001968229
            ],
            [
              -120.5320258994484,
              39.94039134704801
            ],
            [
              -120.53194956269786,
              39.94040699350086
            ],
            [
              -120.53179172073126,
              39.9404335517295
            ],
            [
              -120.53132547511257,
              39.94056853842959
            ],
            [
              -120.53125728346487,
              39.940585864225554
            ],
            [
              -120.53118747952706,
              39.940598839466055
            ],
            [
              -120.53108017851584,
              39.940615239592375
            ],
            [
              -120.53099047399738,
              39.940625275399036
            ],
            [
              -120.53075977173948,
              39.94064177549073
            ],
            [
              -120.53067860207261,
              39.94064467195369
            ],
            [
              -120.53025427120075,
              39.94064467188432
            ],
            [
              -120.52984045877999,
              39.94066762514154
            ],
            [
              -120.52976676415084,
              39.9406693220557
            ],
            [
              -120.529693144628,
              39.94066625042505
            ],
            [
              -120.52936054142494,
              39.94064155008734
            ],
            [
              -120.52928182059571,
              39.94063291746059
            ],
            [
              -120.52920443840469,
              39.94061883430747
            ],
            [
              -120.52897913649325,
              39.94056943378518
            ],
            [
              -120.52886240225367,
              39.940536803060844
            ],
            [
              -120.52868569935072,
              39.940476196781226
            ],
            [
              -120.5286115507901,
              39.94045526065821
            ],
            [
              -120.52854351788801,
              39.94043351579285
            ],
            [
              -120.52847809450718,
              39.94040745462261
            ],
            [
              -120.52822111933311,
              39.940294317772114
            ],
            [
              -120.52794402000083,
              39.94019548059885
            ],
            [
              -120.52786693240247,
              39.940164319110366
            ],
            [
              -120.52779423695561,
              39.94012742960621
            ],
            [
              -120.52732753545618,
              39.939864127486366
            ],
            [
              -120.5272594001945,
              39.93982149353546
            ],
            [
              -120.52719714224682,
              39.93977383077042
            ],
            [
              -120.52704164255147,
              39.93964222991489
            ],
            [
              -120.5269784333394,
              39.939582160107186
            ],
            [
              -120.52692455580056,
              39.939516923730345
            ],
            [
              -120.52681725701136,
              39.93936892306288
            ],
            [
              -120.52677556907246,
              39.939303318335305
            ],
            [
              -120.52674332765876,
              39.93923463216338
            ],
            [
              -120.52655013329688,
              39.93874103094468
            ],
            [
              -120.526532856258,
              39.93868966298271
            ],
            [
              -120.5265208713975,
              39.93863740948129
            ],
            [
              -120.52646389594635,
              39.938315619938855
            ],
            [
              -120.52642892261228,
              39.938158370837286
            ],
            [
              -120.52641797649694,
              39.93808562697622
            ],
            [
              -120.52639257174935,
              39.937765835947424
            ],
            [
              -120.52635754480936,
              39.93752826561445
            ],
            [
              -120.52635289726365,
              39.93748350881529
            ],
            [
              -120.52634219952608,
              39.93730660880398
            ],
            [
              -120.52634227046289,
              39.93724264597024
            ],
            [
              -120.5263587952828,
              39.93697907505028
            ],
            [
              -120.5263484429713,
              39.936982015118836
            ],
            [
              -120.52626269146616,
              39.9369990433903
            ],
            [
              -120.52617514678036,
              39.93700933027515
            ],
            [
              -120.52608670091077,
              39.93701277096063
            ],
            [
              -120.52586679874682,
              39.93701277089458
            ],
            [
              -120.52578378451012,
              39.937009740700816
            ],
            [
              -120.52570151519994,
              39.937000677518256
            ],
            [
              -120.52562072904185,
              39.93698566267406
            ],
            [
              -120.52554215095131,
              39.93696483090123
            ],
            [
              -120.52543485015694,
              39.9369319305785
            ],
            [
              -120.5253422452503,
              39.936898601292825
            ],
            [
              -120.52525530534328,
              39.936857206149924
            ],
            [
              -120.52516410501191,
              39.9368079057458
            ],
            [
              -120.52509407945418,
              39.93676582082914
            ],
            [
              -120.52502994181404,
              39.93671850022753
            ],
            [
              -120.52497234972863,
              39.9366664291543
            ],
            [
              -120.52490255006344,
              39.93659642874828
            ],
            [
              -120.52486993620039,
              39.93656091976402
            ],
            [
              -120.52482387605343,
              39.93654628511715
            ],
            [
              -120.52474684243377,
              39.93651836864625
            ],
            [
              -120.52467368688013,
              39.93648483549365
            ],
            [
              -120.524660196964,
              39.93647719766633
            ],
            [
              -120.52462479195137,
              39.936502585422204
            ],
            [
              -120.52455799521819,
              39.936545908933994
            ],
            [
              -120.52448593338728,
              39.9365839048578
            ],
            [
              -120.52440932071433,
              39.93661619658578
            ],
            [
              -120.52432891656528,
              39.9366424640487
            ],
            [
              -120.52422691572228,
              39.93667126428699
            ],
            [
              -120.52413653799019,
              39.936692606558516
            ],
            [
              -120.52404370184313,
              39.936706339264944
            ],
            [
              -120.52394948517072,
              39.93671230296129
            ],
            [
              -120.5238549818926,
              39.936710428405945
            ],
            [
              -120.5237612892561,
              39.936700737364774
            ],
            [
              -120.52353598718905,
              39.93666783698596
            ],
            [
              -120.52345429661108,
              39.93665275653641
            ],
            [
              -120.52337485421434,
              39.93663173075028
            ],
            [
              -120.52326755342003,
              39.9365988304275
            ],
            [
              -120.52318687131917,
              39.93657037237417
            ],
            [
              -120.5231103368878,
              39.93653578524523
            ],
            [
              -120.52303873328275,
              39.93649542296553
            ],
            [
              -120.52297279320065,
              39.93644969855526
            ],
            [
              -120.52289239324153,
              39.93638799812979
            ],
            [
              -120.5228255311185,
              39.936330456028884
            ],
            [
              -120.52276763677443,
              39.93626741582006
            ],
            [
              -120.52271946671235,
              39.936199701276074
            ],
            [
              -120.52267116744513,
              39.93612150097054
            ],
            [
              -120.52264076229702,
              39.93606602102781
            ],
            [
              -120.52261689737729,
              39.93600867683234
            ],
            [
              -120.52259976237934,
              39.935949924232226
            ],
            [
              -120.52257320948442,
              39.935835155646856
            ],
            [
              -120.52246753674987,
              39.93575677234689
            ],
            [
              -120.52241674245641,
              39.93572697508498
            ],
            [
              -120.52237785685138,
              39.93570278502343
            ],
            [
              -120.52228942919217,
              39.935644492482375
            ],
            [
              -120.5222277481122,
              39.93565464462883
            ],
            [
              -120.52214592269586,
              39.935662028844604
            ],
            [
              -120.52206355827454,
              39.93566347191058
            ],
            [
              -120.52195343284033,
              39.93566141865891
            ],
            [
              -120.52173327540086,
              39.93570017481485
            ],
            [
              -120.52163610894664,
              39.93571290754313
            ],
            [
              -120.52153770038295,
              39.935717169730246
            ],
            [
              -120.52142499927396,
              39.93571716969633
            ],
            [
              -120.52132861881923,
              39.93571308184887
            ],
            [
              -120.52123340511504,
              39.93570086794451
            ],
            [
              -120.52114051077127,
              39.935680675839855
            ],
            [
              -120.52105106031811,
              39.93565274997144
            ],
            [
              -120.52075605837345,
              39.93554574896674
            ],
            [
              -120.52067653173825,
              39.93551295608665
            ],
            [
              -120.52060180041015,
              39.93547404947756
            ],
            [
              -120.5204246998932,
              39.9353712486602
            ],
            [
              -120.52035401444878,
              39.93532553495419
            ],
            [
              -120.52028996059065,
              39.93527435633117
            ],
            [
              -120.52023324758309,
              39.93521827950203
            ],
            [
              -120.5201845033992,
              39.93515792541483
            ],
            [
              -120.52014426776756,
              39.935093962378566
            ],
            [
              -120.52011830574727,
              39.93504646989372
            ],
            [
              -120.52011720347312,
              39.93504536286206
            ],
            [
              -120.52007017851439,
              39.93499323300486
            ],
            [
              -120.52002971785994,
              39.934937935216716
            ],
            [
              -120.51997601859873,
              39.93485573487869
            ],
            [
              -120.51994482791285,
              39.93480234190246
            ],
            [
              -120.51993038788439,
              39.93477050203994
            ],
            [
              -120.5198631341143,
              39.934767765914486
            ],
            [
              -120.51975583308226,
              39.93475956580321
            ],
            [
              -120.51965685180893,
              39.934747574913665
            ],
            [
              -120.51956029225401,
              39.93472697375898
            ],
            [
              -120.51946741399732,
              39.93469803107447
            ],
            [
              -120.51936551332773,
              39.934660930726466
            ],
            [
              -120.51929090240003,
              39.934630295716836
            ],
            [
              -120.5192204693547,
              39.934594273333865
            ],
            [
              -120.51921223716002,
              39.934589118857645
            ],
            [
              -120.51919228768271,
              39.93462380870943
            ],
            [
              -120.5191453996979,
              39.93468631326982
            ],
            [
              -120.51909011439254,
              39.934744608805126
            ],
            [
              -120.51902041456864,
              39.934810409216574
            ],
            [
              -120.51897085330876,
              39.934853333859635
            ],
            [
              -120.51891673395,
              39.93489286190245
            ],
            [
              -120.51883083375205,
              39.93495046232053
            ],
            [
              -120.51874944469259,
              39.934998881676904
            ],
            [
              -120.5185617437962,
              39.935097582445316
            ],
            [
              -120.518479135165,
              39.935136067542786
            ],
            [
              -120.51839153286889,
              39.9351673310112
            ],
            [
              -120.51828423201252,
              39.93520023128345
            ],
            [
              -120.51820565782154,
              39.93522106198382
            ],
            [
              -120.51812487579288,
              39.93523607603251
            ],
            [
              -120.51804261077153,
              39.935245138711196
            ],
            [
              -120.51795960091016,
              39.93524816870237
            ],
            [
              -120.51773969874637,
              39.935248168636086
            ],
            [
              -120.51767491502213,
              39.93524632471137
            ],
            [
              -120.51761048505031,
              39.93524080316795
            ],
            [
              -120.5175031840415,
              39.935228503018244
            ],
            [
              -120.51742526433586,
              39.93521677479144
            ],
            [
              -120.51734904107876,
              39.935199671767904
            ],
            [
              -120.51727513853797,
              39.93517733402213
            ],
            [
              -120.5172041619728,
              39.935149944500814
            ],
            [
              -120.51681255981136,
              39.934981342997624
            ],
            [
              -120.5167446841202,
              39.93494891123664
            ],
            [
              -120.51668092218482,
              39.934911860868446
            ],
            [
              -120.51662180270596,
              39.93487049911165
            ],
            [
              -120.51654130274555,
              39.93480879868588
            ],
            [
              -120.51648333868395,
              39.93475978081208
            ],
            [
              -120.51643189592303,
              39.93470662477578
            ],
            [
              -120.51638747000388,
              39.93464984263865
            ],
            [
              -120.5163504888698,
              39.934589981391824
            ],
            [
              -120.51632130874461,
              39.93452761768641
            ],
            [
              -120.51630021070147,
              39.934463352278364
            ],
            [
              -120.5162787117076,
              39.93438105215076
            ],
            [
              -120.51626553423876,
              39.93431265215535
            ],
            [
              -120.51626151111219,
              39.93424357340597
            ],
            [
              -120.5162666844741,
              39.93417454004551
            ],
            [
              -120.51628100006553,
              39.93410627573888
            ],
            [
              -120.51630430779223,
              39.934039496087074
            ],
            [
              -120.51633636329922,
              39.93397490112574
            ],
            [
              -120.51646525740418,
              39.93375037834735
            ],
            [
              -120.51647079973253,
              39.93372134325744
            ],
            [
              -120.51647080130681,
              39.93359799671115
            ],
            [
              -120.51647495561255,
              39.93353235603109
            ],
            [
              -120.51649635772141,
              39.93336365625582
            ],
            [
              -120.51650595182656,
              39.93331020641357
            ],
            [
              -120.51652105793966,
              39.93325751676515
            ],
            [
              -120.51653345479157,
              39.93322123108678
            ],
            [
              -120.51642752814458,
              39.93322692696557
            ],
            [
              -120.51634695186668,
              39.93322840246117
            ],
            [
              -120.51626653975059,
              39.933224178831146
            ],
            [
              -120.51618697053732,
              39.93321429172683
            ],
            [
              -120.51585436752708,
              39.93316079112318
            ],
            [
              -120.51578659240027,
              39.93314770054233
            ],
            [
              -120.51545928964914,
              39.933073699764684
            ],
            [
              -120.51539777657464,
              39.933057868283235
            ],
            [
              -120.51512049598061,
              39.932977616118485
            ],
            [
              -120.51497040688642,
              39.932949563912025
            ],
            [
              -120.51496585437592,
              39.93294886809473
            ],
            [
              -120.51496310237592,
              39.9329488680945
            ],
            [
              -120.51465059372534,
              39.93305336117221
            ],
            [
              -120.51458247615228,
              39.933073587613585
            ],
            [
              -120.51451240979212,
              39.933089383710154
            ],
            [
              -120.51440510881031,
              39.933109883874316
            ],
            [
              -120.51430024097232,
              39.93312477837043
            ],
            [
              -120.51419380040844,
              39.933129767790824
            ],
            [
              -120.51419244446762,
              39.9331297677911
            ],
            [
              -120.51411583642972,
              39.93320030474342
            ],
            [
              -120.51404866803895,
              39.93325554228074
            ],
            [
              -120.51397389502846,
              39.933304649181935
            ],
            [
              -120.51388269468407,
              39.93335804958642
            ],
            [
              -120.5138113457913,
              39.93339570146756
            ],
            [
              -120.5136289447665,
              39.933482102154684
            ],
            [
              -120.51356101971567,
              39.93351116602217
            ],
            [
              -120.5134900201183,
              39.93353548839326
            ],
            [
              -120.51341650309513,
              39.93355487841439
            ],
            [
              -120.51334104552238,
              39.9335691839353
            ],
            [
              -120.5132337445119,
              39.933585684062294
            ],
            [
              -120.51314783323234,
              39.93359551961693
            ],
            [
              -120.51306107963002,
              39.933598767104066
            ],
            [
              -120.5129743340741,
              39.93359539469222
            ],
            [
              -120.5128884468547,
              39.93358543543891
            ],
            [
              -120.51280425984743,
              39.93356898696664
            ],
            [
              -120.51272259826064,
              39.93354621050573
            ],
            [
              -120.51262069752957,
              39.93351331018704
            ],
            [
              -120.51253836951287,
              39.93348275485683
            ],
            [
              -120.51246061773584,
              39.93344577151243
            ],
            [
              -120.51238828608061,
              39.93340276155874
            ],
            [
              -120.5123221595968,
              39.933354191810295
            ],
            [
              -120.51226295598092,
              39.933300589424526
            ],
            [
              -120.51221131778685,
              39.93324253617965
            ],
            [
              -120.51216780545226,
              39.93318066215997
            ],
            [
              -120.51207120691629,
              39.93302436154917
            ],
            [
              -120.51203865931686,
              39.9329644258978
            ],
            [
              -120.51201374241589,
              39.93290236018332
            ],
            [
              -120.51196014431207,
              39.932741859851305
            ],
            [
              -120.51194442129446,
              39.93268458838619
            ],
            [
              -120.51193519931874,
              39.93262648391372
            ],
            [
              -120.51193254764705,
              39.932567982935204
            ],
            [
              -120.51193648618283,
              39.93250952492944
            ],
            [
              -120.51194718726246,
              39.932423225042676
            ],
            [
              -120.51195965222861,
              39.93235728863957
            ],
            [
              -120.51198049628276,
              39.932292618713724
            ],
            [
              -120.51202362144195,
              39.932182398589596
            ],
            [
              -120.51204124213827,
              39.93207424997343
            ],
            [
              -120.51205947025863,
              39.93199806810035
            ],
            [
              -120.51208890998957,
              39.93192399422586
            ],
            [
              -120.51214378522215,
              39.931809789394734
            ],
            [
              -120.51214198771461,
              39.93180272469828
            ],
            [
              -120.51212673140908,
              39.9317067717669
            ],
            [
              -120.51211063456395,
              39.93145997174291
            ],
            [
              -120.51211082060578,
              39.93138949368041
            ],
            [
              -120.51212054608114,
              39.93131941429677
            ],
            [
              -120.51213970505073,
              39.93125049675636
            ],
            [
              -120.51216808884631,
              39.931183491568824
            ],
            [
              -120.51220538834416,
              39.93111912841632
            ],
            [
              -120.51225119733238,
              39.931058108207516
            ],
            [
              -120.51229289348213,
              39.93100870949057
            ],
            [
              -120.51226711550125,
              39.93101596062144
            ],
            [
              -120.51215981455613,
              39.93104066082349
            ],
            [
              -120.51212176954539,
              39.9310478922099
            ],
            [
              -120.51209980264223,
              39.93110190586896
            ],
            [
              -120.51206887356601,
              39.93115900809752
            ],
            [
              -120.51203128666215,
              39.931213691783995
            ],
            [
              -120.51198735733765,
              39.93126549803354
            ],
            [
              -120.51193745422627,
              39.93131399209722
            ],
            [
              -120.51186775432996,
              39.931375692495735
            ],
            [
              -120.51181342113676,
              39.93141963716143
            ],
            [
              -120.51175418451793,
              39.93145965075688
            ],
            [
              -120.51169052249847,
              39.93149541037729
            ],
            [
              -120.51159392201255,
              39.93154471076359
            ],
            [
              -120.51148342764418,
              39.93159263451193
            ],
            [
              -120.51138152690498,
              39.931629634816
            ],
            [
              -120.51130196765233,
              39.93165492840624
            ],
            [
              -120.51121957150156,
              39.931674097808184
            ],
            [
              -120.51111227052053,
              39.93169469797322
            ],
            [
              -120.51103010150271,
              39.93170729873337
            ],
            [
              -120.51094674578663,
              39.93171380746639
            ],
            [
              -120.51086296368996,
              39.931714164804454
            ],
            [
              -120.51077951941957,
              39.93170836748887
            ],
            [
              -120.5106971741006,
              39.9316964683997
            ],
            [
              -120.51058457310407,
              39.931675868173365
            ],
            [
              -120.51049808866681,
              39.93165638372868
            ],
            [
              -120.5104146568498,
              39.93163017206614
            ],
            [
              -120.51033515796348,
              39.93159750975374
            ],
            [
              -120.51026043081723,
              39.931558741421654
            ],
            [
              -120.51019126386849,
              39.93151427612571
            ],
            [
              -120.51012838690345,
              39.931464583031044
            ],
            [
              -120.51005328709174,
              39.93139878261276
            ],
            [
              -120.50999908981373,
              39.93134624814518
            ],
            [
              -120.50995193023998,
              39.931289833313194
            ],
            [
              -120.5099122737051,
              39.931230094797314
            ],
            [
              -120.50988051150347,
              39.93116762207332
            ],
            [
              -120.50985695702862,
              39.93110303159536
            ],
            [
              -120.50984184268175,
              39.931036960712895
            ],
            [
              -120.50983531757919,
              39.930970061381366
            ],
            [
              -120.5098374460821,
              39.93090299372909
            ],
            [
              -120.50984820716242,
              39.93083641954339
            ],
            [
              -120.5098674946111,
              39.93077099574038
            ],
            [
              -120.50991774192707,
              39.93063276540002
            ],
            [
              -120.50988557734695,
              39.930584630155806
            ],
            [
              -120.509852590496,
              39.93051944416773
            ],
            [
              -120.50982853970608,
              39.93045198084265
            ],
            [
              -120.5098136830151,
              39.93038296406172
            ],
            [
              -120.50980817980677,
              39.930313134372454
            ],
            [
              -120.50981208910154,
              39.93024324104261
            ],
            [
              -120.50982536892452,
              39.93017403402045
            ],
            [
              -120.50984686989736,
              39.930091734208794
            ],
            [
              -120.50986796057288,
              39.93002749076498
            ],
            [
              -120.50989712726057,
              39.92996514771042
            ],
            [
              -120.509934089168,
              39.929905305186644
            ],
            [
              -120.50997849046514,
              39.9298485392626
            ],
            [
              -120.51001475557918,
              39.929811054140565
            ],
            [
              -120.50996757045391,
              39.9297943883247
            ],
            [
              -120.50988443346534,
              39.92980861546208
            ],
            [
              -120.50979984944972,
              39.92981656991457
            ],
            [
              -120.50971466202652,
              39.929818168839375
            ],
            [
              -120.50949475986921,
              39.929814068733016
            ],
            [
              -120.50940124556891,
              39.929808463362875
            ],
            [
              -120.50930904322882,
              39.929795203217495
            ],
            [
              -120.50919114026044,
              39.92977316679344
            ],
            [
              -120.50887191049253,
              39.92977316659607
            ],
            [
              -120.50882066589276,
              39.929776031642966
            ],
            [
              -120.50853581890244,
              39.92988041210349
            ],
            [
              -120.50845496811858,
              39.929906312463814
            ],
            [
              -120.50837116595585,
              39.92992587792282
            ],
            [
              -120.50828524752066,
              39.92993891350687
            ],
            [
              -120.5081980690102,
              39.929945289314006
            ],
            [
              -120.50811049917955,
              39.92994494180856
            ],
            [
              -120.50802341068353,
              39.9299378744543
            ],
            [
              -120.50793767137966,
              39.92992415767988
            ],
            [
              -120.50785413567912,
              39.92990392817692
            ],
            [
              -120.50777363603162,
              39.929877387537665
            ],
            [
              -120.50769697462924,
              39.92984480024592
            ],
            [
              -120.50762491541197,
              39.9298064910412
            ],
            [
              -120.50755817645455,
              39.9297628416823
            ],
            [
              -120.50749742281072,
              39.92971428714275
            ],
            [
              -120.50744325988556,
              39.92966131127592
            ],
            [
              -120.50739622740306,
              39.92960444199313
            ],
            [
              -120.50735679402788,
              39.92954424600255
            ],
            [
              -120.50732535269564,
              39.92948132316174
            ],
            [
              -120.507302216698,
              39.929416300499746
            ],
            [
              -120.50728761656148,
              39.929349825968586
            ],
            [
              -120.5072816977512,
              39.92928256198622
            ],
            [
              -120.50728451922228,
              39.9292151788356
            ],
            [
              -120.50729605283337,
              39.92914834798515
            ],
            [
              -120.50731618362813,
              39.929082735397785
            ],
            [
              -120.50734471098164,
              39.92901899489473
            ],
            [
              -120.50743750838708,
              39.92884103245339
            ],
            [
              -120.50747053051093,
              39.928731373315465
            ],
            [
              -120.50749193257991,
              39.92867253861219
            ],
            [
              -120.50752015347095,
              39.92861543376962
            ],
            [
              -120.5075549622021,
              39.92856052614537
            ],
            [
              -120.50759607387734,
              39.92850826511355
            ],
            [
              -120.50768187439995,
              39.928409565665596
            ],
            [
              -120.50775515407115,
              39.92833659364365
            ],
            [
              -120.50804485440534,
              39.92808559528172
            ],
            [
              -120.50810327574662,
              39.928039591862515
            ],
            [
              -120.50830379387351,
              39.92789605700245
            ],
            [
              -120.50847726060601,
              39.92773577565863
            ],
            [
              -120.50851966431406,
              39.92769936114443
            ],
            [
              -120.50890596429586,
              39.927390863234294
            ],
            [
              -120.50898501620186,
              39.92733501087833
            ],
            [
              -120.50907233319703,
              39.927287006442036
            ],
            [
              -120.50925759430572,
              39.92719779695933
            ],
            [
              -120.50940471991488,
              39.92708230396424
            ],
            [
              -120.50946783647939,
              39.92703738733566
            ],
            [
              -120.50953635938905,
              39.926997441769146
            ],
            [
              -120.50960963081968,
              39.926962850740324
            ],
            [
              -120.5096869473649,
              39.92693394632107
            ],
            [
              -120.50973359467686,
              39.92692067279555
            ],
            [
              -120.50972339349894,
              39.9267564696055
            ],
            [
              -120.50972290779188,
              39.92670104202707
            ],
            [
              -120.50972832733434,
              39.92664577045861
            ],
            [
              -120.50973961560715,
              39.92659102719936
            ],
            [
              -120.50976111657978,
              39.926508727387684
            ],
            [
              -120.50978220260484,
              39.92644449515823
            ],
            [
              -120.50981136141651,
              39.926382162611894
            ],
            [
              -120.50984831239624,
              39.92632232957948
            ],
            [
              -120.50989269994346,
              39.92626557183734
            ],
            [
              -120.50994409689837,
              39.92621243556686
            ],
            [
              -120.51000200865278,
              39.926163432098825
            ],
            [
              -120.51007710860718,
              39.9261058324958
            ],
            [
              -120.51014457465048,
              39.926059181500804
            ],
            [
              -120.51021793556393,
              39.92601814220819
            ],
            [
              -120.51029640737808,
              39.92598315317877
            ],
            [
              -120.51037915151059,
              39.92595458831762
            ],
            [
              -120.51047565073108,
              39.92592578855583
            ],
            [
              -120.51055360734834,
              39.92590570334178
            ],
            [
              -120.51063366370104,
              39.925891324804276
            ],
            [
              -120.51071511672708,
              39.92588277921744
            ],
            [
              -120.51079725109966,
              39.92588014162988
            ],
            [
              -120.51084075293724,
              39.92588188690343
            ],
            [
              -120.5108512184398,
              39.92585397683371
            ],
            [
              -120.51088280767932,
              39.92578427787458
            ],
            [
              -120.5109240884357,
              39.92571764967687
            ],
            [
              -120.51097456749159,
              39.92565488826289
            ],
            [
              -120.51103364174031,
              39.92559674345574
            ],
            [
              -120.51117844194346,
              39.92546924428129
            ],
            [
              -120.51124410822293,
              39.92541732982391
            ],
            [
              -120.51131662087455,
              39.92537113106
            ],
            [
              -120.51139514508775,
              39.92533117985124
            ],
            [
              -120.51147639869866,
              39.925294503065494
            ],
            [
              -120.51153488158324,
              39.92519985834745
            ],
            [
              -120.51157389938705,
              39.92514370369073
            ],
            [
              -120.51161961358434,
              39.925090628269515
            ],
            [
              -120.5116716176814,
              39.92504110401735
            ],
            [
              -120.51172944925924,
              39.92499557129086
            ],
            [
              -120.51180984913857,
              39.9249379716988
            ],
            [
              -120.51182389399078,
              39.92492892425421
            ],
            [
              -120.51177707372112,
              39.92491046979138
            ],
            [
              -120.51169740365954,
              39.9248748847384
            ],
            [
              -120.51162301923858,
              39.92483306388446
            ],
            [
              -120.51158226013442,
              39.92480751743502
            ],
            [
              -120.51152229772694,
              39.924829717126876
            ],
            [
              -120.51143533330443,
              39.92485362072355
            ],
            [
              -120.51111353046969,
              39.924927621328635
            ],
            [
              -120.51106517521622,
              39.92493759305509
            ],
            [
              -120.51099388686326,
              39.92495062751016
            ],
            [
              -120.5109821647737,
              39.92496620001475
            ],
            [
              -120.51080516588708,
              39.92517190115802
            ],
            [
              -120.51075250898793,
              39.92522684646252
            ],
            [
              -120.51069291499972,
              39.92527741714978
            ],
            [
              -120.51037641480659,
              39.92552011882256
            ],
            [
              -120.51032776401084,
              39.925554709213685
            ],
            [
              -120.51027586251377,
              39.92558637526723
            ],
            [
              -120.51009346175883,
              39.92568927605434
            ],
            [
              -120.51002723174571,
              39.92572319686027
            ],
            [
              -120.50995728285832,
              39.92575235890286
            ],
            [
              -120.50975878144493,
              39.925826359509614
            ],
            [
              -120.50967638795208,
              39.925853173846825
            ],
            [
              -120.50959087588465,
              39.92587338824103
            ],
            [
              -120.50950313449378,
              39.92588679248045
            ],
            [
              -120.50928323237392,
              39.92591149265386
            ],
            [
              -120.50915660151615,
              39.92591856703167
            ],
            [
              -120.50881329813915,
              39.925918566927805
            ],
            [
              -120.50870638411817,
              39.9259135316055
            ],
            [
              -120.50860106433728,
              39.92589850110328
            ],
            [
              -120.50849376339725,
              39.92587790087923
            ],
            [
              -120.5084113791373,
              39.92585873416614
            ],
            [
              -120.50833183096147,
              39.92583344401557
            ],
            [
              -120.50822993029067,
              39.92579644366824
            ],
            [
              -120.50813336353178,
              39.92575548193055
            ],
            [
              -120.50794016265829,
              39.9256608811244
            ],
            [
              -120.50790616321156,
              39.92564336277604
            ],
            [
              -120.50781496288229,
              39.92559396237147
            ],
            [
              -120.50775173366529,
              39.92555628257138
            ],
            [
              -120.50769322346042,
              39.92551432655254
            ],
            [
              -120.5076399183959,
              39.92546844291087
            ],
            [
              -120.50757021865654,
              39.9254026425129
            ],
            [
              -120.50750873556795,
              39.92533691323973
            ],
            [
              -120.50745791549195,
              39.92526598948103
            ],
            [
              -120.5074070294303,
              39.92518365372675
            ],
            [
              -120.50733826672487,
              39.925200655162286
            ],
            [
              -120.50679646182968,
              39.92531165605878
            ],
            [
              -120.50672057674447,
              39.92532446184071
            ],
            [
              -120.50664351765374,
              39.92533204808552
            ],
            [
              -120.50656588898065,
              39.92533435529003
            ],
            [
              -120.50648829961621,
              39.92533136535794
            ],
            [
              -120.50637569853177,
              39.925323165244876
            ],
            [
              -120.50630048268104,
              39.92531514592271
            ],
            [
              -120.50622644946472,
              39.92530214831013
            ],
            [
              -120.50615415366195,
              39.92528426980742
            ],
            [
              -120.5060841370311,
              39.92526164439037
            ],
            [
              -120.5059822363603,
              39.92522464404301
            ],
            [
              -120.50591531491315,
              39.925197571712104
            ],
            [
              -120.5058516695563,
              39.925166163593275
            ],
            [
              -120.50576046922701,
              39.925116763188704
            ],
            [
              -120.50569561229042,
              39.925078015955144
            ],
            [
              -120.50563574410123,
              39.92503477028741
            ],
            [
              -120.50558138900503,
              39.924987404953264
            ],
            [
              -120.5055330230581,
              39.92493633480164
            ],
            [
              -120.5054096240063,
              39.92479233405668
            ],
            [
              -120.50536454074935,
              39.924733441597326
            ],
            [
              -120.50532742099878,
              39.924671341888704
            ],
            [
              -120.50529864504638,
              39.924606671179816
            ],
            [
              -120.50526644604442,
              39.9245202709779
            ],
            [
              -120.50524899816452,
              39.92446466969208
            ],
            [
              -120.50523772383438,
              39.92440813107029
            ],
            [
              -120.50523270391513,
              39.92435106069305
            ],
            [
              -120.50522730601894,
              39.924186560717274
            ],
            [
              -120.50523031485484,
              39.92411107637933
            ],
            [
              -120.50524425059601,
              39.9240363226009
            ],
            [
              -120.5052657515685,
              39.92395402278928
            ],
            [
              -120.50529283361938,
              39.92387527402571
            ],
            [
              -120.50543233702686,
              39.9235502751262
            ],
            [
              -120.50544839305947,
              39.92351600140912
            ],
            [
              -120.50548200350183,
              39.923449898951
            ],
            [
              -120.50546391428867,
              39.92343736800881
            ],
            [
              -120.5053984090687,
              39.923386923039224
            ],
            [
              -120.50534017975241,
              39.92333143981038
            ],
            [
              -120.5052704801614,
              39.923257339398695
            ],
            [
              -120.50521515854757,
              39.92319061524207
            ],
            [
              -120.50518471335788,
              39.92314866033728
            ],
            [
              -120.505163149399,
              39.923163336815
            ],
            [
              -120.50493717502489,
              39.92335208886954
            ],
            [
              -120.50448024973582,
              39.92387012823756
            ],
            [
              -120.5044316153769,
              39.92392012511739
            ],
            [
              -120.50437718941474,
              39.923966448491996
            ],
            [
              -120.50431743743225,
              39.92400870208255
            ],
            [
              -120.50425287057736,
              39.9240465244252
            ],
            [
              -120.50418404119016,
              39.92407959196324
            ],
            [
              -120.50411153807792,
              39.92410762181542
            ],
            [
              -120.50400703253692,
              39.92414346556191
            ],
            [
              -120.50386894045306,
              39.92425691866995
            ],
            [
              -120.50379325147696,
              39.92431212601213
            ],
            [
              -120.50363873915946,
              39.92441210506136
            ],
            [
              -120.50348886556283,
              39.9245196216885
            ],
            [
              -120.5034183901853,
              39.92456510648615
            ],
            [
              -120.50274274732848,
              39.924956628401574
            ],
            [
              -120.50254962621881,
              39.925104680558626
            ],
            [
              -120.50249072649987,
              39.92514591009803
            ],
            [
              -120.50242721460229,
              39.92518285873849
            ],
            [
              -120.50235961358172,
              39.92521522218411
            ],
            [
              -120.50228848017272,
              39.92524273390074
            ],
            [
              -120.5019773778362,
              39.92534973478244
            ],
            [
              -120.50188555888423,
              39.92537667413417
            ],
            [
              -120.5017904026457,
              39.925395537973316
            ],
            [
              -120.50168310163475,
              39.92541193809918
            ],
            [
              -120.50159811263208,
              39.92542162532269
            ],
            [
              -120.50151230040741,
              39.92542486476781
            ],
            [
              -120.50139429924666,
              39.92542486473201
            ],
            [
              -120.50131248949455,
              39.92542192102466
            ],
            [
              -120.50123139291841,
              39.92541311569739
            ],
            [
              -120.50111869188451,
              39.925396715508164
            ],
            [
              -120.50104229539757,
              39.92538284664052
            ],
            [
              -120.50096781503507,
              39.9253637753292
            ],
            [
              -120.50075861345438,
              39.92530207471793
            ],
            [
              -120.5006807916809,
              39.925275725741244
            ],
            [
              -120.50060664835459,
              39.925243700337894
            ],
            [
              -120.50053687990956,
              39.925206299328075
            ],
            [
              -120.50047214168279,
              39.925163874025294
            ],
            [
              -120.50041304175838,
              39.92511682293616
            ],
            [
              -120.50033794194857,
              39.92505092251771
            ],
            [
              -120.50029335596933,
              39.925008450317016
            ],
            [
              -120.5002533727565,
              39.924963343455914
            ],
            [
              -120.49995297540292,
              39.92459314162268
            ],
            [
              -120.49992138923002,
              39.92455089520054
            ],
            [
              -120.49981409057705,
              39.924394594529076
            ],
            [
              -120.49977554141472,
              39.92433054515726
            ],
            [
              -120.49968974311471,
              39.92416594461125
            ],
            [
              -120.49966011278524,
              39.924099213923846
            ],
            [
              -120.49958406212698,
              39.92389340336584
            ],
            [
              -120.49956994589016,
              39.92386792550814
            ],
            [
              -120.49942316255967,
              39.92376942313871
            ],
            [
              -120.49938027255514,
              39.923738639075665
            ],
            [
              -120.49932065067507,
              39.92369288415045
            ],
            [
              -120.49911961926627,
              39.92355797760888
            ],
            [
              -120.4990656903101,
              39.92352876594018
            ],
            [
              -120.49899965399433,
              39.92348924190819
            ],
            [
              -120.49893880734227,
              39.923445054807544
            ],
            [
              -120.49888370360674,
              39.923396606420994
            ],
            [
              -120.49883484381836,
              39.92334433727719
            ],
            [
              -120.49879267223015,
              39.9232887226447
            ],
            [
              -120.49867928162092,
              39.92312133376602
            ],
            [
              -120.49858564024552,
              39.92302364111536
            ],
            [
              -120.49853519115005,
              39.92296481349854
            ],
            [
              -120.49849298121651,
              39.92290225741089
            ],
            [
              -120.49845947031248,
              39.92283665442169
            ],
            [
              -120.49842197127046,
              39.92275025418397
            ],
            [
              -120.49839902787498,
              39.92268744779467
            ],
            [
              -120.4983840626148,
              39.92262322991378
            ],
            [
              -120.49837721513094,
              39.92255819985657
            ],
            [
              -120.4983768456049,
              39.92254946889017
            ],
            [
              -120.49836034126585,
              39.922535340544876
            ],
            [
              -120.49829346844396,
              39.92247050616648
            ],
            [
              -120.49826428787841,
              39.922433737074364
            ],
            [
              -120.49820759425047,
              39.92240577168628
            ],
            [
              -120.49814777685663,
              39.92237033216138
            ],
            [
              -120.49810187293454,
              39.922340629508675
            ],
            [
              -120.49783760261197,
              39.922303953014186
            ],
            [
              -120.49775071327183,
              39.92228834376238
            ],
            [
              -120.49766633298816,
              39.92226601887455
            ],
            [
              -120.49758533485435,
              39.92223720935063
            ],
            [
              -120.49729033310253,
              39.92211790826548
            ],
            [
              -120.49720129062251,
              39.92207653655049
            ],
            [
              -120.49711923371952,
              39.92202734116582
            ],
            [
              -120.49702803361345,
              39.9219656407101
            ],
            [
              -120.49694731369155,
              39.92190340639603
            ],
            [
              -120.49665231444467,
              39.921644204751765
            ],
            [
              -120.49660197947198,
              39.92159564095502
            ],
            [
              -120.49655765407414,
              39.92154372091651
            ],
            [
              -120.49651971340371,
              39.921488884083864
            ],
            [
              -120.49651081945052,
              39.92147446790252
            ],
            [
              -120.4964842066369,
              39.921476444215884
            ],
            [
              -120.49640577100332,
              39.921479549014755
            ],
            [
              -120.49632728910346,
              39.9214772391434
            ],
            [
              -120.4962493901851,
              39.9214695331224
            ],
            [
              -120.49603478819807,
              39.921440732784
            ],
            [
              -120.49593894945654,
              39.921423556861484
            ],
            [
              -120.49584621245708,
              39.921398223632885
            ],
            [
              -120.49574431172647,
              39.92136532331411
            ],
            [
              -120.49566685937043,
              39.92133680865022
            ],
            [
              -120.49559339845855,
              39.92130260058361
            ],
            [
              -120.49552463274277,
              39.9212630268295
            ],
            [
              -120.49546122099153,
              39.92121846650603
            ],
            [
              -120.49540377067858,
              39.921169346501834
            ],
            [
              -120.49526427120051,
              39.92103764570547
            ],
            [
              -120.49520854569435,
              39.92097882608213
            ],
            [
              -120.49514954616588,
              39.92090892572489
            ],
            [
              -120.49510562120192,
              39.92085072964037
            ],
            [
              -120.49506943798856,
              39.92078945600122
            ],
            [
              -120.49498903961415,
              39.92063305548966
            ],
            [
              -120.4949623915337,
              39.92057315033606
            ],
            [
              -120.49494314721413,
              39.9205115868147
            ],
            [
              -120.49492164827491,
              39.92042518668881
            ],
            [
              -120.4949090109282,
              39.92035420225408
            ],
            [
              -120.4949062112646,
              39.92028258643815
            ],
            [
              -120.49491161357044,
              39.920101586550054
            ],
            [
              -120.49491642577036,
              39.92004478062527
            ],
            [
              -120.49492743392203,
              39.91998848854192
            ],
            [
              -120.49494455979945,
              39.91993311024579
            ],
            [
              -120.49497841898365,
              39.91984103386249
            ],
            [
              -120.49489940032585,
              39.919749258112894
            ],
            [
              -120.49472967287139,
              39.919589558890266
            ],
            [
              -120.49455438910927,
              39.91963286739896
            ],
            [
              -120.49447297033173,
              39.91964970763873
            ],
            [
              -120.4943898278922,
              39.91966045131026
            ],
            [
              -120.49416452570189,
              39.91968105144213
            ],
            [
              -120.49407799208167,
              39.91968563785348
            ],
            [
              -120.49399129326706,
              39.919683620773135
            ],
            [
              -120.49390527714606,
              39.91967501992826
            ],
            [
              -120.49382078492934,
              39.91965991943322
            ],
            [
              -120.49370818397519,
              39.91963521917182
            ],
            [
              -120.493633478267,
              39.9196160001069
            ],
            [
              -120.49356131302103,
              39.919591698152864
            ],
            [
              -120.49349227020232,
              39.919562509290486
            ],
            [
              -120.49339566973161,
              39.91951720889828
            ],
            [
              -120.49333929726215,
              39.9194884216392
            ],
            [
              -120.49328597362697,
              39.91945637494493
            ],
            [
              -120.49310897333592,
              39.91934127407758
            ],
            [
              -120.49304355975858,
              39.91929412363755
            ],
            [
              -120.49298473506354,
              39.91924208048219
            ],
            [
              -120.49293311314801,
              39.91918568775082
            ],
            [
              -120.4928482346301,
              39.91908210584931
            ],
            [
              -120.49259331819599,
              39.91885102883643
            ],
            [
              -120.49253129897215,
              39.91878760059036
            ],
            [
              -120.4923736638068,
              39.918604951912435
            ],
            [
              -120.49219506565666,
              39.918530486950004
            ],
            [
              -120.49211817592949,
              39.91849437957411
            ],
            [
              -120.4920465002643,
              39.91845239130822
            ],
            [
              -120.4918694999751,
              39.91833719044051
            ],
            [
              -120.4917968170178,
              39.91828411765086
            ],
            [
              -120.49171631713486,
              39.9182182172138
            ],
            [
              -120.4916583154565,
              39.91816558597944
            ],
            [
              -120.49160759373954,
              39.91810867088277
            ],
            [
              -120.49148959482456,
              39.91796057016048
            ],
            [
              -120.49144170335711,
              39.917891850138616
            ],
            [
              -120.49140442004038,
              39.917819336970794
            ],
            [
              -120.49128356358027,
              39.917537763855044
            ],
            [
              -120.4911414654548,
              39.91731379762297
            ],
            [
              -120.49106507096255,
              39.917251459560795
            ],
            [
              -120.49075466452103,
              39.917050010083315
            ],
            [
              -120.49069856650884,
              39.91701026708763
            ],
            [
              -120.49064716206598,
              39.91696692340164
            ],
            [
              -120.49060083949267,
              39.91692030644425
            ],
            [
              -120.49008584287202,
              39.91635250337586
            ],
            [
              -120.4900490305578,
              39.91630835715884
            ],
            [
              -120.49001677957499,
              39.91626214380031
            ],
            [
              -120.48982368237345,
              39.91595764258303
            ],
            [
              -120.48979518740812,
              39.91590768428154
            ],
            [
              -120.48977202292672,
              39.915856117723905
            ],
            [
              -120.48973982386613,
              39.91577381752132
            ],
            [
              -120.48972724372311,
              39.91573615778572
            ],
            [
              -120.48961608773,
              39.91569797446796
            ],
            [
              -120.48954699982274,
              39.91567137393682
            ],
            [
              -120.48948121933573,
              39.915640195746214
            ],
            [
              -120.48941925649652,
              39.915604681733136
            ],
            [
              -120.48924225613243,
              39.91549358088138
            ],
            [
              -120.48916727592174,
              39.91544065722533
            ],
            [
              -120.48910075728392,
              39.915381404797856
            ],
            [
              -120.48896125795316,
              39.91524150398709
            ],
            [
              -120.48890396528145,
              39.915176551508765
            ],
            [
              -120.4888568499796,
              39.91510691750199
            ],
            [
              -120.48867445301906,
              39.91479421634587
            ],
            [
              -120.48864589885933,
              39.914738850327645
            ],
            [
              -120.48862379181546,
              39.91468176207851
            ],
            [
              -120.48859699279132,
              39.91459946191341
            ],
            [
              -120.48858239415561,
              39.91454532237025
            ],
            [
              -120.48857359594119,
              39.91449044466562
            ],
            [
              -120.48857065711115,
              39.91443519666164
            ],
            [
              -120.48857065826678,
              39.9143446966975
            ],
            [
              -120.48857497598168,
              39.91427777134845
            ],
            [
              -120.48858788490097,
              39.91421150488581
            ],
            [
              -120.48860938587283,
              39.91412920507437
            ],
            [
              -120.48862538498095,
              39.91407827241136
            ],
            [
              -120.48864646402549,
              39.91402844825684
            ],
            [
              -120.48868396480663,
              39.913950248545454
            ],
            [
              -120.4887228039712,
              39.91388132264087
            ],
            [
              -120.48877134520609,
              39.913816145430346
            ],
            [
              -120.48883034559911,
              39.913746245814295
            ],
            [
              -120.48888049038123,
              39.91369275076672
            ],
            [
              -120.48893717410994,
              39.91364327862319
            ],
            [
              -120.48899985584106,
              39.91359830149528
            ],
            [
              -120.48906793739525,
              39.91355824859806
            ],
            [
              -120.48914076906637,
              39.91352350215424
            ],
            [
              -120.48923736845326,
              39.913482302486955
            ],
            [
              -120.48930742843199,
              39.91345549335955
            ],
            [
              -120.48938031208078,
              39.91343359853875
            ],
            [
              -120.48943922071985,
              39.913420420444226
            ],
            [
              -120.489414427337,
              39.91337567171912
            ],
            [
              -120.48926145804688,
              39.913144150740614
            ],
            [
              -120.48882401611546,
              39.9127090340022
            ],
            [
              -120.48877045312466,
              39.91264939631107
            ],
            [
              -120.48872550202675,
              39.91258568015796
            ],
            [
              -120.488677202759,
              39.912507479852906
            ],
            [
              -120.48864377641087,
              39.91244562239415
            ],
            [
              -120.48861847367733,
              39.912381518871605
            ],
            [
              -120.48860154355786,
              39.912315800174966
            ],
            [
              -120.48859315264932,
              39.91224911308823
            ],
            [
              -120.48858235490904,
              39.91207221307728
            ],
            [
              -120.48858192065697,
              39.912016961735645
            ],
            [
              -120.48858735276926,
              39.91196186795964
            ],
            [
              -120.4885986148743,
              39.91190730049679
            ],
            [
              -120.48862011584608,
              39.91182500068533
            ],
            [
              -120.48863899798366,
              39.911766406134134
            ],
            [
              -120.48866459960567,
              39.9117093442018
            ],
            [
              -120.48869162087638,
              39.911656847009915
            ],
            [
              -120.48869411825159,
              39.9116179204895
            ],
            [
              -120.48869345971832,
              39.91161590311666
            ],
            [
              -120.48868251519647,
              39.9115981830602
            ],
            [
              -120.4886379613819,
              39.911510880394644
            ],
            [
              -120.48859059412838,
              39.91139499842315
            ],
            [
              -120.48857960903733,
              39.911387361301294
            ],
            [
              -120.4881779776332,
              39.91121468036092
            ],
            [
              -120.48810948332834,
              39.91118196449904
            ],
            [
              -120.48754088114138,
              39.9108816620145
            ],
            [
              -120.48748799371415,
              39.91085141950725
            ],
            [
              -120.4874382032515,
              39.91081820527027
            ],
            [
              -120.48735230321951,
              39.91075640482859
            ],
            [
              -120.48727510447148,
              39.910693241401546
            ],
            [
              -120.48712490499884,
              39.91055334054804
            ],
            [
              -120.4870821141939,
              39.91051004389813
            ],
            [
              -120.48704398821556,
              39.91046423507829
            ],
            [
              -120.48693138936491,
              39.91031613438378
            ],
            [
              -120.48688330933734,
              39.910243061975784
            ],
            [
              -120.48674921170831,
              39.910004361124564
            ],
            [
              -120.48672284471189,
              39.90995143441192
            ],
            [
              -120.48670233434929,
              39.909896991289806
            ],
            [
              -120.48664863635675,
              39.90972829096024
            ],
            [
              -120.48663492623771,
              39.90967654519731
            ],
            [
              -120.4866265084432,
              39.909624132650805
            ],
            [
              -120.48656221592613,
              39.90903573240177
            ],
            [
              -120.4865593100313,
              39.90896532738005
            ],
            [
              -120.48656594236547,
              39.908895072219956
            ],
            [
              -120.48659274439656,
              39.908730472482844
            ],
            [
              -120.48660768670595,
              39.908665000560795
            ],
            [
              -120.48663091456015,
              39.90860097706619
            ],
            [
              -120.4866622028991,
              39.90853902227536
            ],
            [
              -120.48670124857308,
              39.908479736420944
            ],
            [
              -120.48674767328038,
              39.908423693876884
            ],
            [
              -120.48681207360012,
              39.90835379428149
            ],
            [
              -120.48685721956156,
              39.90830891637051
            ],
            [
              -120.48690710008368,
              39.908267116902024
            ],
            [
              -120.486943129438,
              39.90824160298868
            ],
            [
              -120.48674323325902,
              39.908032967833286
            ],
            [
              -120.48672957083426,
              39.90802061516162
            ],
            [
              -120.48666797980991,
              39.908002906932175
            ],
            [
              -120.4866077231172,
              39.90798358554826
            ],
            [
              -120.48654949940749,
              39.90796086619233
            ],
            [
              -120.4864529988699,
              39.90791966582404
            ],
            [
              -120.48639376722734,
              39.90789196627271
            ],
            [
              -120.4862971668257,
              39.90784266585926
            ],
            [
              -120.48622159468236,
              39.90779942846536
            ],
            [
              -120.48615247668877,
              39.90775020123003
            ],
            [
              -120.48599157684691,
              39.90762260036759
            ],
            [
              -120.4859407235458,
              39.90757858223375
            ],
            [
              -120.48589504545409,
              39.90753131825855
            ],
            [
              -120.48585489020955,
              39.90748116816122
            ],
            [
              -120.48574759142082,
              39.907333067494775
            ],
            [
              -120.48570681192531,
              39.90726905632668
            ],
            [
              -120.4856156135725,
              39.90710445574758
            ],
            [
              -120.4855894181716,
              39.90705102287626
            ],
            [
              -120.4855691787502,
              39.906996076528614
            ],
            [
              -120.48555504004396,
              39.906940009675175
            ],
            [
              -120.48553894107181,
              39.906857709587484
            ],
            [
              -120.48553160562211,
              39.906807544042636
            ],
            [
              -120.48552915634323,
              39.90675709666413
            ],
            [
              -120.48552915739373,
              39.90667479669679
            ],
            [
              -120.48552969123851,
              39.906664765575435
            ],
            [
              -120.48550423973705,
              39.906652830195334
            ],
            [
              -120.48532030193888,
              39.90662097558101
            ],
            [
              -120.48506131731145,
              39.906607919372064
            ],
            [
              -120.48497752111523,
              39.90660056480713
            ],
            [
              -120.48489502985093,
              39.90658704488637
            ],
            [
              -120.48481460653062,
              39.906567484664606
            ],
            [
              -120.48473699503677,
              39.90654206506699
            ],
            [
              -120.48466291324137,
              39.906511021215316
            ],
            [
              -120.48456641277045,
              39.90646582082388
            ],
            [
              -120.48449825499819,
              39.90643042266228
            ],
            [
              -120.48443470086166,
              39.906390264721814
            ],
            [
              -120.48437630887494,
              39.90634569991672
            ],
            [
              -120.48419165549389,
              39.906190900462086
            ],
            [
              -120.48397668369245,
              39.90605896690375
            ],
            [
              -120.48392197218567,
              39.90602244553803
            ],
            [
              -120.48387135918907,
              39.90598257273481
            ],
            [
              -120.48382518971817,
              39.90593962030272
            ],
            [
              -120.48369109038465,
              39.90580381952143
            ],
            [
              -120.48364486409841,
              39.90575219722013
            ],
            [
              -120.483605054182,
              39.905697495426026
            ],
            [
              -120.48357200383668,
              39.90564018574541
            ],
            [
              -120.4835459979846,
              39.905580762266936
            ],
            [
              -120.48352726081278,
              39.90551973730175
            ],
            [
              -120.48351595384094,
              39.90545763696662
            ],
            [
              -120.4835121745297,
              39.90539499664796
            ],
            [
              -120.48351217663058,
              39.905230396713314
            ],
            [
              -120.4835170146479,
              39.90515955906491
            ],
            [
              -120.48353147350775,
              39.905089502969865
            ],
            [
              -120.48355539367148,
              39.90502100128514
            ],
            [
              -120.48362509540374,
              39.90485640183694
            ],
            [
              -120.48365335663438,
              39.9047987348179
            ],
            [
              -120.4836883267726,
              39.90474329234598
            ],
            [
              -120.48372971452108,
              39.90469053622626
            ],
            [
              -120.48377717512965,
              39.904640905887135
            ],
            [
              -120.48390847190869,
              39.904515974346275
            ],
            [
              -120.48386095502082,
              39.90448885898496
            ],
            [
              -120.48385888984635,
              39.90448995008948
            ],
            [
              -120.4837767798857,
              39.904524073322456
            ],
            [
              -120.48367487914794,
              39.904561173626725
            ],
            [
              -120.48358525187366,
              39.90458925754476
            ],
            [
              -120.48349215262343,
              39.9046095653773
            ],
            [
              -120.48339671496315,
              39.90462184985909
            ],
            [
              -120.4833001009332,
              39.90462596141637
            ],
            [
              -120.48307479871858,
              39.90462596134746
            ],
            [
              -120.48299186098455,
              39.90462293381177
            ],
            [
              -120.48290966684799,
              39.904613878560674
            ],
            [
              -120.4828289532227,
              39.90459887677994
            ],
            [
              -120.48275044374762,
              39.90457806296912
            ],
            [
              -120.48264314295459,
              39.904545162646244
            ],
            [
              -120.48256060180306,
              39.904515953945406
            ],
            [
              -120.48248242692533,
              39.904480325730496
            ],
            [
              -120.4823858265255,
              39.904430925316554
            ],
            [
              -120.48230095658644,
              39.904381561215665
            ],
            [
              -120.48222447039788,
              39.904324647287176
            ],
            [
              -120.48204131720925,
              39.904170758409435
            ],
            [
              -120.48199834734385,
              39.90414361937302
            ],
            [
              -120.48193837867998,
              39.904102047040205
            ],
            [
              -120.4818836252474,
              39.90405640562748
            ],
            [
              -120.48183455057608,
              39.90400708153414
            ],
            [
              -120.48179157011704,
              39.90395449233602
            ],
            [
              -120.4817550477255,
              39.90389908325014
            ],
            [
              -120.48170684852307,
              39.903816782944844
            ],
            [
              -120.48167634937109,
              39.903757352024535
            ],
            [
              -120.48165328032212,
              39.90369596701497
            ],
            [
              -120.48163784790509,
              39.903633177528384
            ],
            [
              -120.48163019027294,
              39.90356954575044
            ],
            [
              -120.48163037596642,
              39.90350564140672
            ],
            [
              -120.48163567700868,
              39.90342334147894
            ],
            [
              -120.48164450877793,
              39.90335556245897
            ],
            [
              -120.48166216084199,
              39.90328881340895
            ],
            [
              -120.48168442568551,
              39.90323373718504
            ],
            [
              -120.48151753212869,
              39.90317143564905
            ],
            [
              -120.48144133408978,
              39.90313930804652
            ],
            [
              -120.48136963741015,
              39.90310153152116
            ],
            [
              -120.48130314571304,
              39.903058476812454
            ],
            [
              -120.48124251153635,
              39.90301056645919
            ],
            [
              -120.4810869119166,
              39.90287476559443
            ],
            [
              -120.48102868831397,
              39.90281810860169
            ],
            [
              -120.48097865719058,
              39.902756985118124
            ],
            [
              -120.48087135840164,
              39.90260888445184
            ],
            [
              -120.48083738261288,
              39.90255683161291
            ],
            [
              -120.4806979849301,
              39.902318130729874
            ],
            [
              -120.48066966184469,
              39.90226335707581
            ],
            [
              -120.48064764924065,
              39.90220688963389
            ],
            [
              -120.48063211485987,
              39.90214915874185
            ],
            [
              -120.48062317707283,
              39.90209060436508
            ],
            [
              -120.48060707922107,
              39.90192190431136
            ],
            [
              -120.48060486171018,
              39.90186028958458
            ],
            [
              -120.48060994718318,
              39.90179877576109
            ],
            [
              -120.48062229326013,
              39.90173787523277
            ],
            [
              -120.48064179708318,
              39.901678095281625
            ],
            [
              -120.48067389797382,
              39.90159579554037
            ],
            [
              -120.48070979035926,
              39.90152037766212
            ],
            [
              -120.48075705450103,
              39.90144877522456
            ],
            [
              -120.48084260676771,
              39.90133627601611
            ],
            [
              -120.48080700641344,
              39.90132847360132
            ],
            [
              -120.48073901694613,
              39.9013112330499
            ],
            [
              -120.48067307980126,
              39.90128977887572
            ],
            [
              -120.48057117913126,
              39.90125277852837
            ],
            [
              -120.48050938140241,
              39.90122798209957
            ],
            [
              -120.48045033522799,
              39.90119948464642
            ],
            [
              -120.48026263450049,
              39.90110068382805
            ],
            [
              -120.4801965574653,
              39.90106225567889
            ],
            [
              -120.48013548107494,
              39.90101919866375
            ],
            [
              -120.48007994989395,
              39.9009718966918
            ],
            [
              -120.47993505041761,
              39.90083609586703
            ],
            [
              -120.47988232698067,
              39.900781252878616
            ],
            [
              -120.47983705844193,
              39.90072259198463
            ],
            [
              -120.47978345911616,
              39.90064439164951
            ],
            [
              -120.47975609070183,
              39.90060073441374
            ],
            [
              -120.47953079458998,
              39.90020573298513
            ],
            [
              -120.47950671608702,
              39.90015883537307
            ],
            [
              -120.47948724839928,
              39.900110684631564
            ],
            [
              -120.47939605142857,
              39.89985138406461
            ],
            [
              -120.47937689082681,
              39.89978307550379
            ],
            [
              -120.47936699775792,
              39.89971360760939
            ],
            [
              -120.47936647812449,
              39.89964372421474
            ],
            [
              -120.47937533746197,
              39.89957417360003
            ],
            [
              -120.47939143846416,
              39.89949187375088
            ],
            [
              -120.47941025298032,
              39.89942141436547
            ],
            [
              -120.4794386906485,
              39.89935289594687
            ],
            [
              -120.47947642882325,
              39.89928709581809
            ],
            [
              -120.4795230393509,
              39.89922476046182
            ],
            [
              -120.47958203974498,
              39.8991547608459
            ],
            [
              -120.47963320220747,
              39.89910021661704
            ],
            [
              -120.47969115771672,
              39.899049864477085
            ],
            [
              -120.4797553309338,
              39.8990042042729
            ],
            [
              -120.47982508480028,
              39.89896368927367
            ],
            [
              -120.47989972686241,
              39.89892872167147
            ],
            [
              -120.47997851614481,
              39.898899648589015
            ],
            [
              -120.48008041535219,
              39.898866748860286
            ],
            [
              -120.4801666566272,
              39.89884290289848
            ],
            [
              -120.48025565786546,
              39.89882611900447
            ],
            [
              -120.48036835679993,
              39.89880961912938
            ],
            [
              -120.48044288386137,
              39.898801243806865
            ],
            [
              -120.48051806913956,
              39.89879782535759
            ],
            [
              -120.48117740573788,
              39.89878969622807
            ],
            [
              -120.48111290583587,
              39.8987143669593
            ],
            [
              -120.48093635036695,
              39.89857587329429
            ],
            [
              -120.48087801806143,
              39.89852527798236
            ],
            [
              -120.48082655174733,
              39.89847044079605
            ],
            [
              -120.48076755222009,
              39.898400440439
            ],
            [
              -120.48072187149599,
              39.898339511399165
            ],
            [
              -120.48068466864902,
              39.898275252481255
            ],
            [
              -120.48065634742986,
              39.898208361109724
            ],
            [
              -120.48059734940271,
              39.8980396607432
            ],
            [
              -120.48057678819877,
              39.89796375168433
            ],
            [
              -120.48056765959831,
              39.89788652762788
            ],
            [
              -120.48055788000366,
              39.89766079928636
            ],
            [
              -120.48052292190364,
              39.89738138487016
            ],
            [
              -120.48051887880827,
              39.89731659666521
            ],
            [
              -120.48051887985831,
              39.89723429669792
            ],
            [
              -120.48052297793697,
              39.897169083684574
            ],
            [
              -120.48053523219826,
              39.897104480192866
            ],
            [
              -120.48057813419598,
              39.89693578057138
            ],
            [
              -120.48059875711922,
              39.896871548436756
            ],
            [
              -120.48062744136664,
              39.896809178965185
            ],
            [
              -120.48066391158866,
              39.896749270815874
            ],
            [
              -120.48076591271806,
              39.89660107152811
            ],
            [
              -120.4808090808745,
              39.896545058195265
            ],
            [
              -120.48085905399262,
              39.89649250863058
            ],
            [
              -120.48091536718343,
              39.8964439116762
            ],
            [
              -120.48097749658281,
              39.89639971940425
            ],
            [
              -120.48104486422476,
              39.896360342911734
            ],
            [
              -120.48106973700241,
              39.89634721083349
            ],
            [
              -120.48101135371337,
              39.89627652117505
            ],
            [
              -120.48079675627301,
              39.89597191983781
            ],
            [
              -120.4807727029092,
              39.89593514621869
            ],
            [
              -120.4806332050958,
              39.89570464533697
            ],
            [
              -120.48060158130632,
              39.89564514865051
            ],
            [
              -120.48057744549149,
              39.89558360539856
            ],
            [
              -120.48055064646647,
              39.895501305233665
            ],
            [
              -120.48053280547036,
              39.89543082258352
            ],
            [
              -120.48052478113543,
              39.89535927924448
            ],
            [
              -120.48052666415124,
              39.89528748406097
            ],
            [
              -120.48053241170416,
              39.89522726782746
            ],
            [
              -120.48048904417293,
              39.89520624046188
            ],
            [
              -120.48039784384412,
              39.89515684005753
            ],
            [
              -120.4803387634417,
              39.8951218558812
            ],
            [
              -120.48028375322438,
              39.89508313374701
            ],
            [
              -120.48020325326401,
              39.89502143332168
            ],
            [
              -120.48014524503037,
              39.89497237291495
            ],
            [
              -120.48009376750623,
              39.894919164384014
            ],
            [
              -120.48004931765472,
              39.89486232142
            ],
            [
              -120.48001232458842,
              39.89480239280048
            ],
            [
              -120.4799831454273,
              39.89473995709124
            ],
            [
              -120.47996206185147,
              39.89467561706047
            ],
            [
              -120.47994927738273,
              39.89460999385932
            ],
            [
              -120.47993857842539,
              39.89452769381184
            ],
            [
              -120.4799342154791,
              39.89446040082573
            ],
            [
              -120.47993857906165,
              39.89439310786355
            ],
            [
              -120.47995162571749,
              39.89432648468255
            ],
            [
              -120.47997322557067,
              39.89426119437182
            ],
            [
              -120.48000316361842,
              39.89419788675288
            ],
            [
              -120.48004114187196,
              39.894137191912186
            ],
            [
              -120.4800867823231,
              39.89407971393027
            ],
            [
              -120.48013963070694,
              39.8940260248698
            ],
            [
              -120.48019916102389,
              39.89397665908211
            ],
            [
              -120.48026425130851,
              39.893932467360074
            ],
            [
              -120.48028969896706,
              39.89389793170704
            ],
            [
              -120.4803372626589,
              39.89384560720264
            ],
            [
              -120.48039096284229,
              39.89379210752749
            ],
            [
              -120.48044752589026,
              39.89374119108433
            ],
            [
              -120.48051036127123,
              39.893694843130106
            ],
            [
              -120.4805788503271,
              39.89365351998474
            ],
            [
              -120.48065231874013,
              39.89361762849566
            ],
            [
              -120.4807300431717,
              39.893587522032476
            ],
            [
              -120.48082664244225,
              39.893554622303206
            ],
            [
              -120.48089434241498,
              39.893534107028024
            ],
            [
              -120.48096401731894,
              39.893517985602216
            ],
            [
              -120.48102227122959,
              39.89350651306564
            ],
            [
              -120.48101792772133,
              39.89350301601849
            ],
            [
              -120.48095682020057,
              39.89344080324649
            ],
            [
              -120.48089242067658,
              39.89336670285931
            ],
            [
              -120.48084941637447,
              39.893311739708594
            ],
            [
              -120.48081337879121,
              39.893253880613095
            ],
            [
              -120.48072758036356,
              39.8930974800684
            ],
            [
              -120.48068825253355,
              39.89300923165155
            ],
            [
              -120.48060245542378,
              39.89276233111903
            ],
            [
              -120.48058593236358,
              39.89270486182186
            ],
            [
              -120.48057596836976,
              39.89264650256835
            ],
            [
              -120.48057263911372,
              39.89258769666577
            ],
            [
              -120.48057264016349,
              39.892505396698496
            ],
            [
              -120.4805776161265,
              39.89243355228087
            ],
            [
              -120.48059248569598,
              39.89236252327829
            ],
            [
              -120.48060819710638,
              39.8923181843438
            ],
            [
              -120.48060600326212,
              39.89230133369672
            ],
            [
              -120.48060575313811,
              39.89223584191031
            ],
            [
              -120.48061373930562,
              39.89217063939734
            ],
            [
              -120.48061773844834,
              39.89214917962804
            ],
            [
              -120.48060248786085,
              39.89213160445045
            ],
            [
              -120.48055797078236,
              39.892074371103554
            ],
            [
              -120.4805210022824,
              39.89201403347532
            ],
            [
              -120.48049194314774,
              39.89195118045278
            ],
            [
              -120.48045974408606,
              39.89186888025042
            ],
            [
              -120.4804400572129,
              39.891808669117474
            ],
            [
              -120.48043527130582,
              39.891785038019734
            ],
            [
              -120.48035491057742,
              39.89173789633502
            ],
            [
              -120.48028535440312,
              39.89169250385764
            ],
            [
              -120.48022229325206,
              39.89164179320774
            ],
            [
              -120.48016640889934,
              39.89158631264803
            ],
            [
              -120.48016196715064,
              39.89158080465822
            ],
            [
              -120.48009835054582,
              39.891560195193094
            ],
            [
              -120.47999644987752,
              39.89152309484515
            ],
            [
              -120.47991767108527,
              39.891490528732476
            ],
            [
              -120.47984360755389,
              39.891451951747634
            ],
            [
              -120.4797750294681,
              39.891407765056876
            ],
            [
              -120.47971264996494,
              39.89135842816139
            ],
            [
              -120.47963755015289,
              39.891292627743574
            ],
            [
              -120.47958171666427,
              39.89123832773115
            ],
            [
              -120.47953339747897,
              39.89117990784408
            ],
            [
              -120.47949310089648,
              39.891117982661896
            ],
            [
              -120.47946125081457,
              39.89105320363828
            ],
            [
              -120.4794381822709,
              39.89098625224731
            ],
            [
              -120.47942413791918,
              39.89091783281428
            ],
            [
              -120.4794192654776,
              39.89084866510609
            ],
            [
              -120.47942361617595,
              39.8907794767592
            ],
            [
              -120.47943431720279,
              39.890697076871206
            ],
            [
              -120.47944594812188,
              39.890635925820135
            ],
            [
              -120.47946478736583,
              39.89057584986187
            ],
            [
              -120.47949067714814,
              39.89051735209872
            ],
            [
              -120.4795234006396,
              39.89046092241528
            ],
            [
              -120.47957170123533,
              39.89038692275801
            ],
            [
              -120.47962264466533,
              39.89031901263721
            ],
            [
              -120.47966101921942,
              39.89027932470906
            ],
            [
              -120.47955419374219,
              39.89013787380719
            ],
            [
              -120.47949719401427,
              39.89013250870681
            ],
            [
              -120.4794012772738,
              39.89011488737401
            ],
            [
              -120.47929397637837,
              39.89009018711532
            ],
            [
              -120.47920530668101,
              39.890065707601416
            ],
            [
              -120.47912055800839,
              39.89003404157581
            ],
            [
              -120.47904070859187,
              39.88999555455414
            ],
            [
              -120.47894950826304,
              39.88994615414983
            ],
            [
              -120.47885553162077,
              39.889887380289586
            ],
            [
              -120.47876973158816,
              39.889825679848784
            ],
            [
              -120.47871186357371,
              39.88977993368258
            ],
            [
              -120.47865986466464,
              39.889730180845014
            ],
            [
              -120.47861419997386,
              39.889676866371886
            ],
            [
              -120.47857527795236,
              39.88962046715642
            ],
            [
              -120.47854344673586,
              39.88956148768333
            ],
            [
              -120.47851899103138,
              39.889500455515986
            ],
            [
              -120.47846529292462,
              39.88933985518443
            ],
            [
              -120.4784493294301,
              39.889281583892064
            ],
            [
              -120.47844009202686,
              39.88922245582729
            ],
            [
              -120.47843765252816,
              39.88916293077451
            ],
            [
              -120.47844202988603,
              39.88910347160399
            ],
            [
              -120.47845283091108,
              39.88902117171669
            ],
            [
              -120.47845687586266,
              39.88900001468583
            ],
            [
              -120.47843215040923,
              39.88893779565942
            ],
            [
              -120.47841510462068,
              39.888872470672716
            ],
            [
              -120.47838300667624,
              39.888707770498414
            ],
            [
              -120.47837437412149,
              39.88864106760776
            ],
            [
              -120.47837436799111,
              39.88857403405055
            ],
            [
              -120.47837966903262,
              39.8884917341228
            ],
            [
              -120.47838815725288,
              39.88842571108744
            ],
            [
              -120.47840501393792,
              39.88836064821442
            ],
            [
              -120.4784300763873,
              39.88829717339958
            ],
            [
              -120.47846310271198,
              39.88823589921141
            ],
            [
              -120.47855430397038,
              39.8880876998697
            ],
            [
              -120.47859726637371,
              39.888026296380474
            ],
            [
              -120.47864822131739,
              39.8879686341252
            ],
            [
              -120.47869539918823,
              39.88792076194637
            ],
            [
              -120.47868620071993,
              39.88791308542469
            ],
            [
              -120.47863521893481,
              39.88786612294572
            ],
            [
              -120.47823111811633,
              39.888074502126656
            ],
            [
              -120.47821626072819,
              39.88808589746653
            ],
            [
              -120.47814583141394,
              39.888134384054915
            ],
            [
              -120.47806903929292,
              39.88817675226047
            ],
            [
              -120.47798677577298,
              39.88821251026542
            ],
            [
              -120.47789999577977,
              39.88824124298395
            ],
            [
              -120.47780970667104,
              39.88826261688095
            ],
            [
              -120.47770240569108,
              39.88828321704526
            ],
            [
              -120.47760859153539,
              39.88829709594799
            ],
            [
              -120.47751337406102,
              39.888303029434304
            ],
            [
              -120.47741788381465,
              39.888300947055114
            ],
            [
              -120.4773232545816,
              39.88829087353616
            ],
            [
              -120.47710335257432,
              39.88825797315855
            ],
            [
              -120.4770228094497,
              39.8882428467846
            ],
            [
              -120.47694448119374,
              39.88822192743667
            ],
            [
              -120.47686906821949,
              39.888195402177296
            ],
            [
              -120.47679724486916,
              39.888163508197074
            ],
            [
              -120.4767296533838,
              39.88812653069349
            ],
            [
              -120.47666689816008,
              39.88808480032048
            ],
            [
              -120.47660954034569,
              39.88803869023148
            ],
            [
              -120.47655809282163,
              39.88798861274248
            ],
            [
              -120.47651301561608,
              39.887935015644906
            ],
            [
              -120.47647471179131,
              39.88787837820118
            ],
            [
              -120.47644352383963,
              39.887819206859064
            ],
            [
              -120.4764059247353,
              39.88773690662063
            ],
            [
              -120.47638180090169,
              39.887674702979844
            ],
            [
              -120.4763655415885,
              39.8876110023982
            ],
            [
              -120.47635729701626,
              39.887546393495164
            ],
            [
              -120.4763571433453,
              39.88748147328183
            ],
            [
              -120.47636508197267,
              39.88741684164419
            ],
            [
              -120.47638118302942,
              39.88733034179691
            ],
            [
              -120.47639622207227,
              39.8872695336364
            ],
            [
              -120.47641842534483,
              39.88721004166865
            ],
            [
              -120.47644760629862,
              39.88715236568783
            ],
            [
              -120.47648351976711,
              39.887096990230695
            ],
            [
              -120.47653722029767,
              39.887022890599454
            ],
            [
              -120.47657723822931,
              39.88697290863162
            ],
            [
              -120.47662274112035,
              39.88692579364162
            ],
            [
              -120.47667338492954,
              39.88688190184891
            ],
            [
              -120.47671909901061,
              39.88684559263676
            ],
            [
              -120.47670004907191,
              39.88684565464829
            ],
            [
              -120.47662499478527,
              39.88684092037133
            ],
            [
              -120.4765507448151,
              39.88683124159939
            ],
            [
              -120.47649878675904,
              39.88682268572404
            ],
            [
              -120.47648099455618,
              39.886826552804344
            ],
            [
              -120.47637663487907,
              39.88683906884159
            ],
            [
              -120.47626393377826,
              39.88684726888678
            ],
            [
              -120.47615802963571,
              39.8868500190378
            ],
            [
              -120.47605246839782,
              39.88684290603613
            ],
            [
              -120.47594516739092,
              39.88683060588607
            ],
            [
              -120.47586107625747,
              39.886817700553124
            ],
            [
              -120.47577902385949,
              39.88679852868399
            ],
            [
              -120.47569979510322,
              39.886773273676305
            ],
            [
              -120.47562414788176,
              39.8867421771183
            ],
            [
              -120.47555280582458,
              39.8867055364777
            ],
            [
              -120.47548645137516,
              39.886663702255774
            ],
            [
              -120.47542571926256,
              39.88661707463436
            ],
            [
              -120.47537119042966,
              39.886566099647396
            ],
            [
              -120.47532338647619,
              39.88651126491404
            ],
            [
              -120.4752827646693,
              39.88645309497387
            ],
            [
              -120.47524971357,
              39.88639214626897
            ],
            [
              -120.47522454931686,
              39.886329001821046
            ],
            [
              -120.47520751260257,
              39.886264265653985
            ],
            [
              -120.47519876637224,
              39.886198557016016
            ],
            [
              -120.47519839426576,
              39.88613250445585
            ],
            [
              -120.4752063998185,
              39.88606673981033
            ],
            [
              -120.47522250087518,
              39.88598023996305
            ],
            [
              -120.47524089379446,
              39.885908968516574
            ],
            [
              -120.47526912016785,
              39.88583963197065
            ],
            [
              -120.47528367647791,
              39.88581394004109
            ],
            [
              -120.4752399549912,
              39.885691960200965
            ],
            [
              -120.47522285413991,
              39.88563462261443
            ],
            [
              -120.47518490358507,
              39.88547600550771
            ],
            [
              -120.47511853739809,
              39.88544196289444
            ],
            [
              -120.47505181707173,
              39.88539990114529
            ],
            [
              -120.47499078234031,
              39.88535299415027
            ],
            [
              -120.47493602347551,
              39.885301695560635
            ],
            [
              -120.47488807004969,
              39.88524650149883
            ],
            [
              -120.47484738581466,
              39.88518794576005
            ],
            [
              -120.47481436421707,
              39.885126594649684
            ],
            [
              -120.47478932459384,
              39.885063041506065
            ],
            [
              -120.47476252556973,
              39.8849806413413
            ],
            [
              -120.47474430637399,
              39.88490790591745
            ],
            [
              -120.47473653717898,
              39.88483407083586
            ],
            [
              -120.47473931142146,
              39.88476002440025
            ],
            [
              -120.47475259569102,
              39.88468665745426
            ],
            [
              -120.47479549768734,
              39.884517957832884
            ],
            [
              -120.47481999971288,
              39.884444028666536
            ],
            [
              -120.47485516980379,
              39.88437270046685
            ],
            [
              -120.47489807046378,
              39.88429860078174
            ],
            [
              -120.47495406369252,
              39.88421728624315
            ],
            [
              -120.47520326557853,
              39.88390828789197
            ],
            [
              -120.47525071064233,
              39.883855274718606
            ],
            [
              -120.47530449354102,
              39.883805983506434
            ],
            [
              -120.4753641253467,
              39.88376086233924
            ],
            [
              -120.47542906396502,
              39.88372032139221
            ],
            [
              -120.47549871906308,
              39.8836847292033
            ],
            [
              -120.47557245743577,
              39.8836544093234
            ],
            [
              -120.47564960876187,
              39.883629637375144
            ],
            [
              -120.47569099420477,
              39.883619792079266
            ],
            [
              -120.47569602772076,
              39.88361562995185
            ],
            [
              -120.47576178721822,
              39.883571120248504
            ],
            [
              -120.47583298058058,
              39.88353188464664
            ],
            [
              -120.47648212712154,
              39.88321061512326
            ],
            [
              -120.47653621286906,
              39.8831509448179
            ],
            [
              -120.47654584287169,
              39.8831383910022
            ],
            [
              -120.47655301841472,
              39.88311855573646
            ],
            [
              -120.47657764188992,
              39.8829823453164
            ],
            [
              -120.47659365956144,
              39.88291727943041
            ],
            [
              -120.47661787205534,
              39.882853734969125
            ],
            [
              -120.47665004653182,
              39.88279232295098
            ],
            [
              -120.4766631908875,
              39.882772953473406
            ],
            [
              -120.47667369914909,
              39.8826597350532
            ],
            [
              -120.47668463674728,
              39.88259127608229
            ],
            [
              -120.47670458092045,
              39.88252403362313
            ],
            [
              -120.47673332361046,
              39.88245870906409
            ],
            [
              -120.47677056498652,
              39.88239598378658
            ],
            [
              -120.47681591657364,
              39.8823365120579
            ],
            [
              -120.47686890530545,
              39.88228091420717
            ],
            [
              -120.4769289784591,
              39.882229770155085
            ],
            [
              -120.476995509421,
              39.88218361336533
            ],
            [
              -120.47706120921737,
              39.882142513670026
            ],
            [
              -120.4771254940704,
              39.88210591557876
            ],
            [
              -120.47719383869732,
              39.88207398075807
            ],
            [
              -120.47726567487715,
              39.882046974714044
            ],
            [
              -120.47734040536251,
              39.88202512197474
            ],
            [
              -120.47741740884453,
              39.88200860422365
            ],
            [
              -120.47749604511831,
              39.881997558789266
            ],
            [
              -120.47757566040495,
              39.88199207750343
            ],
            [
              -120.47773009017715,
              39.8819868962547
            ],
            [
              -120.4778612438949,
              39.881968435469446
            ],
            [
              -120.47794794308147,
              39.88195964768274
            ],
            [
              -120.47803534733265,
              39.88195755820726
            ],
            [
              -120.47812258693536,
              39.88196218783504
            ],
            [
              -120.47820879381439,
              39.88197349049994
            ],
            [
              -120.47829311016962,
              39.88199135373577
            ],
            [
              -120.47837469701066,
              39.882015599795466
            ],
            [
              -120.47845274250471,
              39.88204598741943
            ],
            [
              -120.47852647005419,
              39.882082214236036
            ],
            [
              -120.47858912522514,
              39.88212026346387
            ],
            [
              -120.47860732605564,
              39.88206819229122
            ],
            [
              -120.4786305829712,
              39.8820116670846
            ],
            [
              -120.47866018590422,
              39.88195693137768
            ],
            [
              -120.47869590663728,
              39.88190440711657
            ],
            [
              -120.47881390769753,
              39.881748007915874
            ],
            [
              -120.47886544387816,
              39.88168742997685
            ],
            [
              -120.47892510424829,
              39.88163145238674
            ],
            [
              -120.47909140436465,
              39.88149145331175
            ],
            [
              -120.47914798774937,
              39.88144797552347
            ],
            [
              -120.47920947530476,
              39.88140864830729
            ],
            [
              -120.47976268291995,
              39.8810864670957
            ],
            [
              -120.47983431094094,
              39.88103152621759
            ],
            [
              -120.47992762339602,
              39.88092691031724
            ],
            [
              -120.47997842548097,
              39.88087542210575
            ],
            [
              -120.48003538719867,
              39.880827913779896
            ],
            [
              -120.48009798616738,
              39.880784821017386
            ],
            [
              -120.48018378590022,
              39.88073122141489
            ],
            [
              -120.48024999702275,
              39.88069368217567
            ],
            [
              -120.48032048130823,
              39.88066108643766
            ],
            [
              -120.48051898001388,
              39.880578787103744
            ],
            [
              -120.48061071923347,
              39.88054586229965
            ],
            [
              -120.4807067726321,
              39.88052130310931
            ],
            [
              -120.48100251274481,
              39.88046003703515
            ],
            [
              -120.48102919278226,
              39.8804522484542
            ],
            [
              -120.48140454965694,
              39.88030449214162
            ],
            [
              -120.4814742509071,
              39.88027995267581
            ],
            [
              -120.48154646762364,
              39.880260196989674
            ],
            [
              -120.48162064790186,
              39.88024537606297
            ],
            [
              -120.48184594579875,
              39.88020837635015
            ],
            [
              -120.48191174124942,
              39.88019957469686
            ],
            [
              -120.48197821544619,
              39.88019465739414
            ],
            [
              -120.48209639099503,
              39.88018940519369
            ],
            [
              -120.48212173959247,
              39.88017777398806
            ],
            [
              -120.48219918710909,
              39.880149720312914
            ],
            [
              -120.48227981614987,
              39.88012761856984
            ],
            [
              -120.48236285824981,
              39.880111679407825
            ],
            [
              -120.48244752194718,
              39.88010205474111
            ],
            [
              -120.48253300032626,
              39.88009883630151
            ],
            [
              -120.48263489932545,
              39.88009883627032
            ],
            [
              -120.48272237853169,
              39.88010220747257
            ],
            [
              -120.48280898441278,
              39.8801122875544
            ],
            [
              -120.48289385234949,
              39.88012897588336
            ],
            [
              -120.48297613507134,
              39.88015210585427
            ],
            [
              -120.48305501111474,
              39.880181446552335
            ],
            [
              -120.48312969302341,
              39.88021670505819
            ],
            [
              -120.48319943520943,
              39.880257529372074
            ],
            [
              -120.48326354139655,
              39.88030351192759
            ],
            [
              -120.48332137157132,
              39.88035419366049
            ],
            [
              -120.48337234837275,
              39.880409068591256
            ],
            [
              -120.4833906634798,
              39.880433643131276
            ],
            [
              -120.48340213846825,
              39.88042737516768
            ],
            [
              -120.48347544378214,
              39.88039501483881
            ],
            [
              -120.48358418250189,
              39.8803522367815
            ],
            [
              -120.4835880550641,
              39.880335773019524
            ],
            [
              -120.4836148561096,
              39.88024527324833
            ],
            [
              -120.48363673013576,
              39.880184605526296
            ],
            [
              -120.4836658425497,
              39.88012577092235
            ],
            [
              -120.48370194029053,
              39.88006928082263
            ],
            [
              -120.48376094088931,
              39.87998688122927
            ],
            [
              -120.48380438211488,
              39.87993246664738
            ],
            [
              -120.48385430226448,
              39.87988145777389
            ],
            [
              -120.4839102546733,
              39.879834311001744
            ],
            [
              -120.48393200488854,
              39.879817640461035
            ],
            [
              -120.48414815001863,
              39.879573955584746
            ],
            [
              -120.48420246416164,
              39.87951898373823
            ],
            [
              -120.4842637833901,
              39.87946857451072
            ],
            [
              -120.48442468321923,
              39.87934917534365
            ],
            [
              -120.48450833973352,
              39.87929444502584
            ],
            [
              -120.48465635125909,
              39.87920929910187
            ],
            [
              -120.48465643377904,
              39.87920899203663
            ],
            [
              -120.4846825714585,
              39.87914477147092
            ],
            [
              -120.48471687578483,
              39.87908287412102
            ],
            [
              -120.48475900605695,
              39.879023914696184
            ],
            [
              -120.48480854385677,
              39.8789684787274
            ],
            [
              -120.48486499720487,
              39.87891711675269
            ],
            [
              -120.48494009723228,
              39.878855317165254
            ],
            [
              -120.48500819907531,
              39.87880500077487
            ],
            [
              -120.48508292584657,
              39.87876061538582
            ],
            [
              -120.48516341174638,
              39.87872267525035
            ],
            [
              -120.48524872425423,
              39.87869161994502
            ],
            [
              -120.48550186421102,
              39.87861201097148
            ],
            [
              -120.48603529800468,
              39.87834884595137
            ],
            [
              -120.48611797454605,
              39.878312768979086
            ],
            [
              -120.48620523347311,
              39.878283798253015
            ],
            [
              -120.48629604958325,
              39.87826227414876
            ],
            [
              -120.48640334860366,
              39.878241674313124
            ],
            [
              -120.48647846344534,
              39.87822991421698
            ],
            [
              -120.48655462452957,
              39.87822325469146
            ],
            [
              -120.48663124953627,
              39.87822174665517
            ],
            [
              -120.48670775259839,
              39.87822540163893
            ],
            [
              -120.48695985018524,
              39.878246001364154
            ],
            [
              -120.48703519353532,
              39.87825472311397
            ],
            [
              -120.48710926934204,
              39.8782684524711
            ],
            [
              -120.48742576666997,
              39.87833845173214
            ],
            [
              -120.48751592462789,
              39.878362555597214
            ],
            [
              -120.48760214745478,
              39.87839406759321
            ],
            [
              -120.48772024678064,
              39.87844346714908
            ],
            [
              -120.48780363522293,
              39.878483151274054
            ],
            [
              -120.48782108198198,
              39.878493695847
            ],
            [
              -120.48794117611946,
              39.87844682526042
            ],
            [
              -120.48801699610755,
              39.87842063520998
            ],
            [
              -120.48809569401071,
              39.87840009378038
            ],
            [
              -120.4881765627315,
              39.87838538553567
            ],
            [
              -120.48825887566935,
              39.87837664262905
            ],
            [
              -120.48834189324845,
              39.878373943615564
            ],
            [
              -120.48842486956221,
              39.878377312746316
            ],
            [
              -120.48853216853281,
              39.87838561263381
            ],
            [
              -120.48862090945572,
              39.87839603591842
            ],
            [
              -120.48870780152672,
              39.878413396785376
            ],
            [
              -120.48879193355549,
              39.878437513181744
            ],
            [
              -120.48887242329211,
              39.87846813221286
            ],
            [
              -120.48908033553553,
              39.87855770366281
            ],
            [
              -120.48929923782698,
              39.87860177819004
            ],
            [
              -120.48934465108366,
              39.87861287630379
            ],
            [
              -120.48940480236335,
              39.87860658074402
            ],
            [
              -120.48949473705738,
              39.87860078018408
            ],
            [
              -120.48958496921033,
              39.87860213464243
            ],
            [
              -120.48967454240555,
              39.87861062976337
            ],
            [
              -120.4897625072104,
              39.87862617550358
            ],
            [
              -120.48984793123849,
              39.878648607086454
            ],
            [
              -120.48992990903209,
              39.878677686748496
            ],
            [
              -120.49000757165877,
              39.878713106259205
            ],
            [
              -120.49010417125889,
              39.8787625058456
            ],
            [
              -120.49017144397632,
              39.87880058342005
            ],
            [
              -120.49023371066188,
              39.878843418398546
            ],
            [
              -120.49029040665891,
              39.878890622345516
            ],
            [
              -120.49034101782374,
              39.878941767205795
            ],
            [
              -120.49038508518807,
              39.87899638918613
            ],
            [
              -120.49042220912148,
              39.87905399296063
            ],
            [
              -120.49045205295575,
              39.87911405616249
            ],
            [
              -120.49047434603835,
              39.87917603412061
            ],
            [
              -120.49048888618752,
              39.879239364798806
            ],
            [
              -120.49049554152649,
              39.87930347389239
            ],
            [
              -120.49049425167996,
              39.879367780036105
            ],
            [
              -120.49048502832261,
              39.879431700076154
            ],
            [
              -120.49046795507388,
              39.87949465435851
            ],
            [
              -120.4904431867406,
              39.8795560719855
            ],
            [
              -120.49041094791374,
              39.8796153959931
            ],
            [
              -120.4903626485755,
              39.87969359634119
            ],
            [
              -120.49031970452874,
              39.87975478817887
            ],
            [
              -120.49026881819232,
              39.87981225203825
            ],
            [
              -120.49021052942521,
              39.87986537825803
            ],
            [
              -120.49013542945097,
              39.87992707867023
            ],
            [
              -120.49008812162447,
              39.87996310326099
            ],
            [
              -120.49003740446344,
              39.87999626048213
            ],
            [
              -120.48975840350084,
              39.88016506174626
            ],
            [
              -120.48969564506842,
              39.88019970146495
            ],
            [
              -120.48962917408822,
              39.88022995269353
            ],
            [
              -120.48955950613023,
              39.88025558079238
            ],
            [
              -120.48934163550113,
              39.8803268283959
            ],
            [
              -120.48914497562272,
              39.88044705123004
            ],
            [
              -120.48910195615771,
              39.880471444197184
            ],
            [
              -120.48914093761802,
              39.88049971531649
            ],
            [
              -120.4891984689811,
              39.880550711397404
            ],
            [
              -120.4892490987128,
              39.880605881030974
            ],
            [
              -120.48931349925884,
              39.88068408063957
            ],
            [
              -120.48935340134261,
              39.88073783076792
            ],
            [
              -120.48938674599967,
              39.88079417053114
            ],
            [
              -120.48941325292203,
              39.8808526263439
            ],
            [
              -120.48943269927719,
              39.880912706832355
            ],
            [
              -120.48944492158168,
              39.880973906964456
            ],
            [
              -120.48950392694086,
              39.881397906690495
            ],
            [
              -120.48950852420846,
              39.881449551821646
            ],
            [
              -120.48950797353409,
              39.88150131652037
            ],
            [
              -120.48949727577475,
              39.881678316670296
            ],
            [
              -120.48949480248106,
              39.881706520009196
            ],
            [
              -120.48948077039229,
              39.88182850835753
            ],
            [
              -120.48958008834553,
              39.88179753615932
            ],
            [
              -120.48969778619407,
              39.881747605568314
            ],
            [
              -120.49024989741633,
              39.88145101377688
            ],
            [
              -120.49032212445489,
              39.88141610765034
            ],
            [
              -120.49073024125654,
              39.881239570616664
            ],
            [
              -120.49090270046968,
              39.88111285947538
            ],
            [
              -120.49096052788502,
              39.88107395101112
            ],
            [
              -120.49102255233962,
              39.88103908990346
            ],
            [
              -120.49111905185643,
              39.880989690289525
            ],
            [
              -120.49119409544389,
              39.88095529681111
            ],
            [
              -120.49127320790286,
              39.880926825637786
            ],
            [
              -120.49135560431267,
              39.880904559247824
            ],
            [
              -120.49144046717329,
              39.880888718558396
            ],
            [
              -120.49152695451575,
              39.8808794607339
            ],
            [
              -120.49161420825486,
              39.8808768776267
            ],
            [
              -120.49170136270219,
              39.880880994865905
            ],
            [
              -120.49178755315401,
              39.88089177160306
            ],
            [
              -120.49187192447,
              39.88090910091739
            ],
            [
              -120.49195363955657,
              39.88093281087645
            ],
            [
              -120.49203188767164,
              39.88096266624182
            ],
            [
              -120.49210589246786,
              39.88099837080279
            ],
            [
              -120.49217491969482,
              39.88103957031504
            ],
            [
              -120.49223828448375,
              39.8810858560149
            ],
            [
              -120.4922953581424,
              39.88113676867478
            ],
            [
              -120.49234557439277,
              39.88119180315904
            ],
            [
              -120.49238843498989,
              39.88125041343556
            ],
            [
              -120.49242351466553,
              39.88131201799292
            ],
            [
              -120.49245046534828,
              39.88137600560978
            ],
            [
              -120.49246901961784,
              39.881441741419074
            ],
            [
              -120.49247899335889,
              39.881508573206716
            ],
            [
              -120.49248028758909,
              39.88157583788267
            ],
            [
              -120.49247645728522,
              39.881610541990135
            ],
            [
              -120.49267817005547,
              39.88140787360477
            ],
            [
              -120.4928659420984,
              39.88120156305441
            ],
            [
              -120.49290801247186,
              39.881159026781724
            ],
            [
              -120.49298311264396,
              39.8810890272218
            ],
            [
              -120.49302962156558,
              39.88104902811661
            ],
            [
              -120.49308010839366,
              39.8810120022987
            ],
            [
              -120.49326250799207,
              39.88088850319047
            ],
            [
              -120.49332572998738,
              39.88084953190329
            ],
            [
              -120.49372262831614,
              39.88062723360411
            ],
            [
              -120.49378011782812,
              39.880597631772034
            ],
            [
              -120.49398941664687,
              39.88049883255654
            ],
            [
              -120.49404979395611,
              39.8804727985916
            ],
            [
              -120.49411264821242,
              39.880450514327606
            ],
            [
              -120.49422731280976,
              39.88041401363244
            ],
            [
              -120.49426784354569,
              39.880390268033906
            ],
            [
              -120.49437444228028,
              39.880295336201485
            ],
            [
              -120.49443644592134,
              39.88024550994453
            ],
            [
              -120.49450472692436,
              39.88020081979943
            ],
            [
              -120.49457857203944,
              39.88016173258403
            ],
            [
              -120.49465720990013,
              39.880128656589356
            ],
            [
              -120.49473981908028,
              39.88010193731501
            ],
            [
              -120.49482553667413,
              39.88008185386054
            ],
            [
              -120.49491346730913,
              39.88006861601021
            ],
            [
              -120.49502616622318,
              39.8800562160962
            ],
            [
              -120.49511163002161,
              39.880050083102375
            ],
            [
              -120.49519746264606,
              39.8800504189101
            ],
            [
              -120.49528284119822,
              39.88005722030065
            ],
            [
              -120.49536694713261,
              39.880070422068165
            ],
            [
              -120.49544897410327,
              39.88008989764462
            ],
            [
              -120.49552813569407,
              39.88011546031328
            ],
            [
              -120.49560367295756,
              39.88014686499849
            ],
            [
              -120.49567486169079,
              39.8801838106152
            ],
            [
              -120.49576066143335,
              39.88023321022149
            ],
            [
              -120.49582800420355,
              39.880276177205694
            ],
            [
              -120.49588945618669,
              39.88032409906087
            ],
            [
              -120.49592833613829,
              39.88036117486934
            ],
            [
              -120.49599472374759,
              39.88037201343751
            ],
            [
              -120.49607431171417,
              39.88039125073584
            ],
            [
              -120.49627811014342,
              39.880448850160036
            ],
            [
              -120.49629996590714,
              39.88045607082818
            ],
            [
              -120.49661295444619,
              39.88032995593796
            ],
            [
              -120.49667069333181,
              39.88030127648503
            ],
            [
              -120.4967361995156,
              39.88027175038616
            ],
            [
              -120.49680477498703,
              39.88024670011984
            ],
            [
              -120.49687590575736,
              39.88022631344296
            ],
            [
              -120.49694905868697,
              39.880210743157804
            ],
            [
              -120.49715825675376,
              39.88017364345031
            ],
            [
              -120.49724541698693,
              39.88016171980299
            ],
            [
              -120.49733369367854,
              39.88015662943287
            ],
            [
              -120.4974221866269,
              39.88015842424984
            ],
            [
              -120.49750999342501,
              39.88016708595206
            ],
            [
              -120.49759621866208,
              39.88018252621256
            ],
            [
              -120.49767998305364,
              39.88020458757984
            ],
            [
              -120.49776043240753,
              39.88023304508331
            ],
            [
              -120.49783674633375,
              39.88026760852724
            ],
            [
              -120.49790814661011,
              39.88030792544976
            ],
            [
              -120.49797390511783,
              39.88035358471682
            ],
            [
              -120.49804900515683,
              39.88041128431977
            ],
            [
              -120.4981065700012,
              39.880460054869246
            ],
            [
              -120.49815768931241,
              39.880512916720264
            ],
            [
              -120.49820187607122,
              39.88056936626883
            ],
            [
              -120.49823870930035,
              39.880628865730294
            ],
            [
              -120.49826783807548,
              39.880690848262525
            ],
            [
              -120.49828898486899,
              39.88075472336593
            ],
            [
              -120.49830194819494,
              39.88081988250892
            ],
            [
              -120.49830660452915,
              39.88088570492524
            ],
            [
              -120.49830290948705,
              39.88095156352787
            ],
            [
              -120.4982908982474,
              39.8810168308833
            ],
            [
              -120.4982706852181,
              39.881080885189036
            ],
            [
              -120.49824246294692,
              39.8811431161977
            ],
            [
              -120.49820650028812,
              39.88120293103096
            ],
            [
              -120.49816313984158,
              39.88125975982812
            ],
            [
              -120.49791094147713,
              39.881556161462726
            ],
            [
              -120.49785768921285,
              39.8816122289062
            ],
            [
              -120.49774137008839,
              39.88172233190948
            ],
            [
              -120.49754590944771,
              39.8819838815876
            ],
            [
              -120.49749454234798,
              39.88204478851525
            ],
            [
              -120.4974349820551,
              39.88210109325454
            ],
            [
              -120.4973679174687,
              39.882152144543944
            ],
            [
              -120.49702461675092,
              39.88238674623251
            ],
            [
              -120.49695552602743,
              39.882429359633754
            ],
            [
              -120.49688121012731,
              39.882466388818095
            ],
            [
              -120.49680242654357,
              39.88249745634856
            ],
            [
              -120.49671997831159,
              39.88252224555479
            ],
            [
              -120.49660737735063,
              39.88255114579228
            ],
            [
              -120.49650384282417,
              39.882572401640445
            ],
            [
              -120.49613363934753,
              39.88263000208305
            ],
            [
              -120.49605432526826,
              39.88263945500559
            ],
            [
              -120.49597422140693,
              39.8826432799723
            ],
            [
              -120.49589399918577,
              39.88264144492331
            ],
            [
              -120.49581433101902,
              39.88263396524043
            ],
            [
              -120.49573588467639,
              39.88262090361813
            ],
            [
              -120.49565931768527,
              39.882602369538056
            ],
            [
              -120.49558527181917,
              39.88257851835114
            ],
            [
              -120.49550063377687,
              39.882547676324066
            ],
            [
              -120.49529982773078,
              39.882545971042596
            ],
            [
              -120.49528031627949,
              39.88258182079009
            ],
            [
              -120.49523728927635,
              39.88264256472632
            ],
            [
              -120.49518641981238,
              39.88269959778151
            ],
            [
              -120.49512824193664,
              39.88275232117857
            ],
            [
              -120.49512590342877,
              39.88275423267052
            ],
            [
              -120.49512002786601,
              39.882762572482555
            ],
            [
              -120.49509719922538,
              39.882825353303375
            ],
            [
              -120.49505711298809,
              39.88303419778978
            ],
            [
              -120.4950400686686,
              39.88310012588283
            ],
            [
              -120.4950146013926,
              39.88316442200843
            ],
            [
              -120.49498096345204,
              39.88322644915839
            ],
            [
              -120.49493948809159,
              39.883285592802544
            ],
            [
              -120.49489058620784,
              39.88334126697748
            ],
            [
              -120.49485190717868,
              39.88337704334577
            ],
            [
              -120.49487949570285,
              39.88338613254634
            ],
            [
              -120.49495500941623,
              39.883418098010274
            ],
            [
              -120.49502608529842,
              39.883455619953295
            ],
            [
              -120.49509203675662,
              39.88349833591836
            ],
            [
              -120.49515222669586,
              39.88354583327394
            ],
            [
              -120.49520607367329,
              39.883597653199736
            ],
            [
              -120.49525305751499,
              39.8836532951186
            ],
            [
              -120.4952927243412,
              39.88371222153179
            ],
            [
              -120.4953246909512,
              39.88377386321097
            ],
            [
              -120.49534864852575,
              39.88383762469675
            ],
            [
              -120.49536436561093,
              39.883902890050635
            ],
            [
              -120.49537169035484,
              39.883969028804906
            ],
            [
              -120.49537055197544,
              39.88403540205286
            ],
            [
              -120.49536096144523,
              39.88410136862081
            ],
            [
              -120.49534301138615,
              39.88416629126179
            ],
            [
              -120.49531687517582,
              39.884229542811624
            ],
            [
              -120.49528280527348,
              39.8842905122475
            ],
            [
              -120.495219268785,
              39.88439038942538
            ],
            [
              -120.49522498718362,
              39.88444887988085
            ],
            [
              -120.49522738316188,
              39.88450872937593
            ],
            [
              -120.49522288869046,
              39.88456850713422
            ],
            [
              -120.49521153908074,
              39.88462774326716
            ],
            [
              -120.49519342353013,
              39.88468597214251
            ],
            [
              -120.49519135175406,
              39.884691531381534
            ],
            [
              -120.49539389090468,
              39.884484330252256
            ],
            [
              -120.49544218773158,
              39.88443913868796
            ],
            [
              -120.49549538275878,
              39.88439733875303
            ],
            [
              -120.49567248250393,
              39.884269739653654
            ],
            [
              -120.49572342156489,
              39.88423576908004
            ],
            [
              -120.49577759649476,
              39.88420491247974
            ],
            [
              -120.49587949600644,
              39.8841514128956
            ],
            [
              -120.49599050032695,
              39.88410188266428
            ],
            [
              -120.49619969884131,
              39.88402368330411
            ],
            [
              -120.49627250432899,
              39.8839995366809
            ],
            [
              -120.4963478432796,
              39.883980554946575
            ],
            [
              -120.49642509978086,
              39.883966893281126
            ],
            [
              -120.49650364224536,
              39.88395866337184
            ],
            [
              -120.49662164109202,
              39.883950463415715
            ],
            [
              -120.49672908759744,
              39.883948094080935
            ],
            [
              -120.49683610282756,
              39.883955872835884
            ],
            [
              -120.49693800187545,
              39.88396817268791
            ],
            [
              -120.49701874509483,
              39.883980940532645
            ],
            [
              -120.49709757489931,
              39.88399949404642
            ],
            [
              -120.49717379441475,
              39.8840236692128
            ],
            [
              -120.49724672984041,
              39.8840532523185
            ],
            [
              -120.49731573640526,
              39.884087981842455
            ],
            [
              -120.4973802040676,
              39.88412755076756
            ],
            [
              -120.49743956290781,
              39.88417160929457
            ],
            [
              -120.4974932881666,
              39.88421976793416
            ],
            [
              -120.49756838850405,
              39.88429386750006
            ],
            [
              -120.49761448070332,
              39.88434386992556
            ],
            [
              -120.49765449513471,
              39.88439688729067
            ],
            [
              -120.49768810183467,
              39.88445248242778
            ],
            [
              -120.49771502367412,
              39.884510196912565
            ],
            [
              -120.49773503864408,
              39.88456955484374
            ],
            [
              -120.49775653959239,
              39.88464775471514
            ],
            [
              -120.49777052596491,
              39.88471537464125
            ],
            [
              -120.49777555277242,
              39.88478373804465
            ],
            [
              -120.49777156831685,
              39.88485214220689
            ],
            [
              -120.49775861352843,
              39.88491988398845
            ],
            [
              -120.49773682154624,
              39.88498626705662
            ],
            [
              -120.49770641635067,
              39.88505060904323
            ],
            [
              -120.49766351707382,
              39.88512880936243
            ],
            [
              -120.49762489169645,
              39.88519033552494
            ],
            [
              -120.49757839240623,
              39.885248539327286
            ],
            [
              -120.49733538354607,
              39.88552081755725
            ],
            [
              -120.4973073888257,
              39.88556020202784
            ],
            [
              -120.49680796305051,
              39.886400148661174
            ],
            [
              -120.4967260885176,
              39.88658571655315
            ],
            [
              -120.49668847034599,
              39.88672038457147
            ],
            [
              -120.4966696815009,
              39.886776017095414
            ],
            [
              -120.4966448194689,
              39.88683021722615
            ],
            [
              -120.4965589210386,
              39.88699481787339
            ],
            [
              -120.49652919848539,
              39.887045611432406
            ],
            [
              -120.49642199981511,
              39.88721031219335
            ],
            [
              -120.49638967982739,
              39.887255562621846
            ],
            [
              -120.49635296552725,
              39.88729877808541
            ],
            [
              -120.49633802787136,
              39.8873149735664
            ],
            [
              -120.49633845553338,
              39.88731521709781
            ],
            [
              -120.49640273026722,
              39.88736001810702
            ],
            [
              -120.49646094797056,
              39.887409489630315
            ],
            [
              -120.49651253953654,
              39.887463148071255
            ],
            [
              -120.49655700062681,
              39.88752046890404
            ],
            [
              -120.49659389660215,
              39.88758089180046
            ],
            [
              -120.49662286677172,
              39.88764382610713
            ],
            [
              -120.4966436279195,
              39.887708656619104
            ],
            [
              -120.49665597707374,
              39.88777474959353
            ],
            [
              -120.49665979349192,
              39.88784145894466
            ],
            [
              -120.49665503984204,
              39.887908132559545
            ],
            [
              -120.49664176256847,
              39.88797411867268
            ],
            [
              -120.49662009143904,
              39.8880387722374
            ],
            [
              -120.49659023827716,
              39.88810146123162
            ],
            [
              -120.49622544439323,
              39.88876416394369
            ],
            [
              -120.49618679126043,
              39.88882555402644
            ],
            [
              -120.49614029449276,
              39.88888362648753
            ],
            [
              -120.49595259552895,
              39.88909352768063
            ],
            [
              -120.49590307098826,
              39.88914372248162
            ],
            [
              -120.49552757177634,
              39.88948952466937
            ],
            [
              -120.49546176428296,
              39.88954376697025
            ],
            [
              -120.49505372000081,
              39.88984504851396
            ],
            [
              -120.49459067523964,
              39.890235877136746
            ],
            [
              -120.49453843014716,
              39.89027639219267
            ],
            [
              -120.49388406724975,
              39.890742639979216
            ],
            [
              -120.49390606678898,
              39.890729931358806
            ],
            [
              -120.49398692912541,
              39.89069292109834
            ],
            [
              -120.49433713458028,
              39.89055163398672
            ],
            [
              -120.49446578076069,
              39.890475102301934
            ],
            [
              -120.49478140967797,
              39.890187970300175
            ],
            [
              -120.4948281714465,
              39.89014868487074
            ],
            [
              -120.49487880924164,
              39.890112362369486
            ],
            [
              -120.49518769201192,
              39.88990772104218
            ],
            [
              -120.49530905877823,
              39.88980211987069
            ],
            [
              -120.4953737152147,
              39.88975149510313
            ],
            [
              -120.49562009846588,
              39.88957786527456
            ],
            [
              -120.49592096493633,
              39.88934316235934
            ],
            [
              -120.49601363362069,
              39.8892803926804
            ],
            [
              -120.49608319509971,
              39.8892395864996
            ],
            [
              -120.49627388002354,
              39.889112598042736
            ],
            [
              -120.49648977731975,
              39.8888884141869
            ],
            [
              -120.49654018582739,
              39.88884076545094
            ],
            [
              -120.49659600927538,
              39.888796844567324
            ],
            [
              -120.49668190914849,
              39.888735145003395
            ],
            [
              -120.49674949078491,
              39.88869129281775
            ],
            [
              -120.49682245922601,
              39.888652903692055
            ],
            [
              -120.49690007326221,
              39.888620367577516
            ],
            [
              -120.49720047111369,
              39.88850916848822
            ],
            [
              -120.49727947424338,
              39.88848350665121
            ],
            [
              -120.49736135345428,
              39.888463912130845
            ],
            [
              -120.49744532566973,
              39.88845057232557
            ],
            [
              -120.49753058779758,
              39.888443614815
            ],
            [
              -120.49761632441012,
              39.88844310613996
            ],
            [
              -120.497701715542,
              39.88844905116605
            ],
            [
              -120.49778594453147,
              39.88846139303708
            ],
            [
              -120.49786820583013,
              39.888480013718855
            ],
            [
              -120.49794771270633,
              39.88850473512777
            ],
            [
              -120.49802370476887,
              39.888535320833874
            ],
            [
              -120.49811490429825,
              39.88857652047279
            ],
            [
              -120.49818813027144,
              39.88861350530421
            ],
            [
              -120.49825620197511,
              39.88865593242435
            ],
            [
              -120.49831844039711,
              39.88870337863164
            ],
            [
              -120.4983742247074,
              39.8887553706591
            ],
            [
              -120.49842299845062,
              39.88881138989481
            ],
            [
              -120.49846427509719,
              39.888870877554666
            ],
            [
              -120.49849764289677,
              39.888933240255874
            ],
            [
              -120.498522768986,
              39.88899785593573
            ],
            [
              -120.49853940270981,
              39.88906408005641
            ],
            [
              -120.49854737812232,
              39.889131252034055
            ],
            [
              -120.49854661564324,
              39.889198701828036
            ],
            [
              -120.49853712285277,
              39.88926575662452
            ],
            [
              -120.49849952504577,
              39.889446856971276
            ],
            [
              -120.49848277808023,
              39.889508771557956
            ],
            [
              -120.49845858615515,
              39.8895692079198
            ],
            [
              -120.49838348777486,
              39.88972970850059
            ],
            [
              -120.49835046597872,
              39.88979073774839
            ],
            [
              -120.49824210402763,
              39.889966275363896
            ],
            [
              -120.49824530371154,
              39.889964623034466
            ],
            [
              -120.49830490193065,
              39.889936433142466
            ],
            [
              -120.49836722732772,
              39.889911992195415
            ],
            [
              -120.49857642578618,
              39.88983789280416
            ],
            [
              -120.49866303319149,
              39.88981141398062
            ],
            [
              -120.49875279948645,
              39.88979216517484
            ],
            [
              -120.49884471074405,
              39.889780363806175
            ],
            [
              -120.49893772881144,
              39.88977614317396
            ],
            [
              -120.49903080303504,
              39.88977955095182
            ],
            [
              -120.49912288212668,
              39.88979054864935
            ],
            [
              -120.49922488120578,
              39.8898070484634
            ],
            [
              -120.49931038508119,
              39.88982438918689
            ],
            [
              -120.49939318688769,
              39.88984827569557
            ],
            [
              -120.49947244450914,
              39.889878465059034
            ],
            [
              -120.49954735187146,
              39.88991465024498
            ],
            [
              -120.49961714714021,
              39.88995646324156
            ],
            [
              -120.49968112046841,
              39.89000347879986
            ],
            [
              -120.49973862121585,
              39.890055218758434
            ],
            [
              -120.49978906456634,
              39.890111156906094
            ],
            [
              -120.4998319374758,
              39.89017072433331
            ],
            [
              -120.49986680389065,
              39.89023331521796
            ],
            [
              -120.49989330918326,
              39.89029829298648
            ],
            [
              -120.49991118375944,
              39.89036499678785
            ],
            [
              -120.49992024580125,
              39.89043274821466
            ],
            [
              -120.49992040311716,
              39.89050085820255
            ],
            [
              -120.49991165408086,
              39.89056863403847
            ],
            [
              -120.49989555508267,
              39.890650934189054
            ],
            [
              -120.49987763085716,
              39.89071876012232
            ],
            [
              -120.49985078853776,
              39.89078481661489
            ],
            [
              -120.49981531004786,
              39.89084840981794
            ],
            [
              -120.49977156802709,
              39.89090887175492
            ],
            [
              -120.49972002191791,
              39.89096556733819
            ],
            [
              -120.49966121314029,
              39.89101790104026
            ],
            [
              -120.49948175128225,
              39.89116196948841
            ],
            [
              -120.49920851334468,
              39.891573834029195
            ],
            [
              -120.49917574090665,
              39.891618893126065
            ],
            [
              -120.4991385940809,
              39.891661891259155
            ],
            [
              -120.49879519567355,
              39.89202819339959
            ],
            [
              -120.49873114277207,
              39.892088795176214
            ],
            [
              -120.49865843047714,
              39.89214329162389
            ],
            [
              -120.49834724046282,
              39.892350921850756
            ],
            [
              -120.49836109340409,
              39.892364017203455
            ],
            [
              -120.49840824472702,
              39.892418671824665
            ],
            [
              -120.49844828750314,
              39.892476593353464
            ],
            [
              -120.49848084366938,
              39.89253723495202
            ],
            [
              -120.49850560584122,
              39.89260002410078
            ],
            [
              -120.49852234021556,
              39.892664368003416
            ],
            [
              -120.49853088877877,
              39.89272965918337
            ],
            [
              -120.49853117079945,
              39.89279528121898
            ],
            [
              -120.49852318359136,
              39.892860614563205
            ],
            [
              -120.4985070025398,
              39.89292504239284
            ],
            [
              -120.49848796712531,
              39.89297448454069
            ],
            [
              -120.49851778124604,
              39.89298152855724
            ],
            [
              -120.49866197308806,
              39.89301943279915
            ],
            [
              -120.49875505796192,
              39.893019432739216
            ],
            [
              -120.49907706348364,
              39.89300428809285
            ],
            [
              -120.49919400135268,
              39.89300480624
            ],
            [
              -120.49941389922162,
              39.89301710605444
            ],
            [
              -120.49951266769523,
              39.89302699960043
            ],
            [
              -120.49960934223625,
              39.89304545785388
            ],
            [
              -120.49982767544505,
              39.89309744528438
            ],
            [
              -120.50006867544565,
              39.893112137622445
            ],
            [
              -120.50014999165234,
              39.89312005512242
            ],
            [
              -120.50028990804448,
              39.893138832346395
            ],
            [
              -120.500483109095,
              39.89313883227749
            ],
            [
              -120.5005013490916,
              39.89313678349293
            ],
            [
              -120.5006762391706,
              39.89306971506328
            ],
            [
              -120.50076203703911,
              39.89304110165941
            ],
            [
              -120.50085130249471,
              39.89301968817388
            ],
            [
              -120.50094302054256,
              39.89300571808957
            ],
            [
              -120.50105571945613,
              39.89299331817567
            ],
            [
              -120.50114257170127,
              39.892987137790804
            ],
            [
              -120.50122979137736,
              39.89298763506027
            ],
            [
              -120.50131651534853,
              39.892994805063836
            ],
            [
              -120.50141841439678,
              39.89300720491499
            ],
            [
              -120.50150198532239,
              39.89302061515497
            ],
            [
              -120.50158346717512,
              39.8930402219277
            ],
            [
              -120.50166208756899,
              39.89306583937704
            ],
            [
              -120.50173710123997,
              39.893097224670136
            ],
            [
              -120.50180779711019,
              39.89313408029894
            ],
            [
              -120.50187350502803,
              39.893176056900195
            ],
            [
              -120.50193360212054,
              39.893222756566914
            ],
            [
              -120.50198751869789,
              39.89327373661993
            ],
            [
              -120.50199471089408,
              39.89328207900084
            ],
            [
              -120.50203756625486,
              39.89329184593656
            ],
            [
              -120.5021164472968,
              39.89331645095412
            ],
            [
              -120.50219185999507,
              39.893346830727616
            ],
            [
              -120.50228305952434,
              39.89338803036652
            ],
            [
              -120.50235575419715,
              39.89342471649559
            ],
            [
              -120.5024233768395,
              39.89346676585498
            ],
            [
              -120.50248526306903,
              39.89351376532292
            ],
            [
              -120.50254080485834,
              39.89356525314328
            ],
            [
              -120.50258945650859,
              39.89362072346195
            ],
            [
              -120.50263074001128,
              39.89367963129648
            ],
            [
              -120.50266424974502,
              39.893741397890004
            ],
            [
              -120.50268965646126,
              39.89380541639746
            ],
            [
              -120.50270671051986,
              39.89387105784723
            ],
            [
              -120.50271524434268,
              39.893937677320764
            ],
            [
              -120.50271517406092,
              39.894004620288655
            ],
            [
              -120.50270650034,
              39.894071229041266
            ],
            [
              -120.50269040134205,
              39.89415352919181
            ],
            [
              -120.50267240304036,
              39.89422157585754
            ],
            [
              -120.50264542822224,
              39.89428783915163
            ],
            [
              -120.5026097620681,
              39.89435161847047
            ],
            [
              -120.50256578165514,
              39.8944122394717
            ],
            [
              -120.50251395197124,
              39.8944690612045
            ],
            [
              -120.5024548209994,
              39.894521482886574
            ],
            [
              -120.5024394461887,
              39.894532572916816
            ],
            [
              -120.50243698714138,
              39.894545529805285
            ],
            [
              -120.502416200197,
              39.89460997486635
            ],
            [
              -120.50238400108663,
              39.89469227512542
            ],
            [
              -120.50235477158454,
              39.894755445565465
            ],
            [
              -120.50231755263344,
              39.8948160716664
            ],
            [
              -120.50227271120062,
              39.8948735556411
            ],
            [
              -120.50222068941589,
              39.89492733068324
            ],
            [
              -120.50216200021288,
              39.8949768665563
            ],
            [
              -120.50209722227147,
              39.895021674822175
            ],
            [
              -120.50202699431206,
              39.89506131365763
            ],
            [
              -120.50195200879766,
              39.89509539221096
            ],
            [
              -120.50185010811802,
              39.895136592545704
            ],
            [
              -120.50176297183637,
              39.89516726976239
            ],
            [
              -120.50167201035418,
              39.89519044086904
            ],
            [
              -120.50143590823083,
              39.89523974126746
            ],
            [
              -120.50134704188677,
              39.89525453537608
            ],
            [
              -120.50125666436811,
              39.895262161610866
            ],
            [
              -120.50088243382724,
              39.89527868007189
            ],
            [
              -120.50092532936749,
              39.895281901403116
            ],
            [
              -120.50100726960173,
              39.895294199165384
            ],
            [
              -120.5010873200956,
              39.895312443589916
            ],
            [
              -120.50119461924874,
              39.89534124329848
            ],
            [
              -120.50126274813505,
              39.89536202707913
            ],
            [
              -120.5013283860663,
              39.89538712010135
            ],
            [
              -120.50139107460012,
              39.8954163471067
            ],
            [
              -120.50148767420005,
              39.89546574669298
            ],
            [
              -120.50155381661448,
              39.89550311851901
            ],
            [
              -120.50161513546249,
              39.895545087879036
            ],
            [
              -120.50167109404913,
              39.895591287442066
            ],
            [
              -120.50172120259167,
              39.89564131285188
            ],
            [
              -120.50176502250618,
              39.895694726266036
            ],
            [
              -120.5018021702467,
              39.89575106018772
            ],
            [
              -120.50183232066256,
              39.89580982155736
            ],
            [
              -120.50185520984465,
              39.89587049606796
            ],
            [
              -120.5018706374359,
              39.89593255266636
            ],
            [
              -120.50188673851837,
              39.89601905258011
            ],
            [
              -120.50189494579385,
              39.89608854203771
            ],
            [
              -120.50189458887465,
              39.896110292965474
            ],
            [
              -120.5019381470956,
              39.896136631745556
            ],
            [
              -120.50198468099191,
              39.89617125121493
            ],
            [
              -120.50265473220242,
              39.895930740053835
            ],
            [
              -120.50272800045208,
              39.89590748362998
            ],
            [
              -120.50317319675106,
              39.89578398464887
            ],
            [
              -120.50324380812845,
              39.89576695260324
            ],
            [
              -120.50331603240511,
              39.89575456686057
            ],
            [
              -120.50352523041713,
              39.89572576707567
            ],
            [
              -120.5036390826145,
              39.89571594941016
            ],
            [
              -120.50386978034639,
              39.89570774942001
            ],
            [
              -120.50399676912157,
              39.8957103311948
            ],
            [
              -120.50410406809097,
              39.89571853108339
            ],
            [
              -120.50418187204039,
              39.895727204804466
            ],
            [
              -120.50425835466406,
              39.89574121143366
            ],
            [
              -120.50433290114324,
              39.89576043837697
            ],
            [
              -120.5044049122218,
              39.89578473107595
            ],
            [
              -120.5044738090231,
              39.895813894250004
            ],
            [
              -120.50457030855367,
              39.895859193858264
            ],
            [
              -120.50464644310044,
              39.89589931032711
            ],
            [
              -120.50471668474931,
              39.89594536569819
            ],
            [
              -120.50478025607507,
              39.89599685024582
            ],
            [
              -120.50483645347275,
              39.896053194154575
            ],
            [
              -120.50488465494527,
              39.896113773825455
            ],
            [
              -120.5049919562244,
              39.8962660731565
            ],
            [
              -120.505043541114,
              39.89635364402008
            ],
            [
              -120.50508114194902,
              39.89643184378099
            ],
            [
              -120.50510758975507,
              39.89649669884272
            ],
            [
              -120.50512543919332,
              39.89656327324545
            ],
            [
              -120.5051273671674,
              39.89657764648591
            ],
            [
              -120.50514795535851,
              39.89655282567505
            ],
            [
              -120.50518840585167,
              39.89651143495299
            ],
            [
              -120.50525810602836,
              39.896445535364386
            ],
            [
              -120.50531942410763,
              39.89639336560259
            ],
            [
              -120.50539992405743,
              39.89633166602759
            ],
            [
              -120.50547750416513,
              39.896278847349656
            ],
            [
              -120.50556262684755,
              39.89623344108392
            ],
            [
              -120.5056534469477,
              39.89619087667833
            ],
            [
              -120.50567882514483,
              39.89617000991778
            ],
            [
              -120.50590033774724,
              39.89592570337673
            ],
            [
              -120.50595338777225,
              39.895872951171995
            ],
            [
              -120.50601293707132,
              39.89582448868234
            ],
            [
              -120.50628653675935,
              39.89562279009377
            ],
            [
              -120.50635382592249,
              39.89557799338894
            ],
            [
              -120.50642666050716,
              39.895538677712835
            ],
            [
              -120.50650429112254,
              39.89550524757834
            ],
            [
              -120.50658591903571,
              39.89547804694263
            ],
            [
              -120.5066707043896,
              39.89545735566835
            ],
            [
              -120.50675777484321,
              39.89544338664455
            ],
            [
              -120.50684623454653,
              39.89543628359635
            ],
            [
              -120.50693517335688,
              39.89543611960625
            ],
            [
              -120.50704787225762,
              39.89544031953145
            ],
            [
              -120.50713366491775,
              39.89544678441467
            ],
            [
              -120.50721821882905,
              39.89545970696906
            ],
            [
              -120.50730071675025,
              39.89547896229476
            ],
            [
              -120.50738036131006,
              39.89550436428346
            ],
            [
              -120.50745638271333,
              39.89553566741708
            ],
            [
              -120.50752804618108,
              39.89557256914049
            ],
            [
              -120.507594659052,
              39.89561471278565
            ],
            [
              -120.50765557747721,
              39.89566169101863
            ],
            [
              -120.50771021264309,
              39.895713049776376
            ],
            [
              -120.50775803646277,
              39.89576829265514
            ],
            [
              -120.50779858668047,
              39.8958268857082
            ],
            [
              -120.50783147133994,
              39.895888262606434
            ],
            [
              -120.50785637257349,
              39.895951830111876
            ],
            [
              -120.50787304967513,
              39.89601697381158
            ],
            [
              -120.50788134142773,
              39.89608306405605
            ],
            [
              -120.50788116766253,
              39.896149462045116
            ],
            [
              -120.50787253003458,
              39.89621552600219
            ],
            [
              -120.50784033203884,
              39.89638012630315
            ],
            [
              -120.50782490161944,
              39.896440308832894
            ],
            [
              -120.50780244511407,
              39.89649916464997
            ],
            [
              -120.50779018931271,
              39.89652302738215
            ],
            [
              -120.50779708008758,
              39.89652373378714
            ],
            [
              -120.5079126792859,
              39.896541747914185
            ],
            [
              -120.50807438432761,
              39.89657580691499
            ],
            [
              -120.50813270027501,
              39.896582228887254
            ],
            [
              -120.50821393278329,
              39.8965942096159
            ],
            [
              -120.50822238016781,
              39.89659610565478
            ],
            [
              -120.50828706853775,
              39.89650946611893
            ],
            [
              -120.5083899117155,
              39.896329117626635
            ],
            [
              -120.50858145884995,
              39.89576017318702
            ],
            [
              -120.50860566635245,
              39.895699981034205
            ],
            [
              -120.50863705171186,
              39.89564178870317
            ],
            [
              -120.50867534169046,
              39.89558610277799
            ],
            [
              -120.50872020294594,
              39.8955334080224
            ],
            [
              -120.50877124493351,
              39.89548416316014
            ],
            [
              -120.50884634503413,
              39.89541826358722
            ],
            [
              -120.50890549945149,
              39.8953711743926
            ],
            [
              -120.5089702996634,
              39.89532872225436
            ],
            [
              -120.50904013571095,
              39.89529130676523
            ],
            [
              -120.50911435023735,
              39.89525928010862
            ],
            [
              -120.50919224467523,
              39.89523294374379
            ],
            [
              -120.50927308582183,
              39.89521254556853
            ],
            [
              -120.50935611273985,
              39.895198277585884
            ],
            [
              -120.5094405439197,
              39.89519027409708
            ],
            [
              -120.50952558463464,
              39.895188610437366
            ],
            [
              -120.50961043442102,
              39.89519330226701
            ],
            [
              -120.50969429461195,
              39.89520430542392
            ],
            [
              -120.50977637585436,
              39.89522151633911
            ],
            [
              -120.50985590553826,
              39.89524477301165
            ],
            [
              -120.50993213506871,
              39.89527385653321
            ],
            [
              -120.51000434691151,
              39.89530849314853
            ],
            [
              -120.51007186134704,
              39.89534835683194
            ],
            [
              -120.5101340428679,
              39.895393072355894
            ],
            [
              -120.51019030616088,
              39.89544221882271
            ],
            [
              -120.51024012161639,
              39.895495333626066
            ],
            [
              -120.51028302031393,
              39.89555191680523
            ],
            [
              -120.51031859843617,
              39.8956114357509
            ],
            [
              -120.51034652107069,
              39.89567333021827
            ],
            [
              -120.51036652536304,
              39.89573701760048
            ],
            [
              -120.51040330989225,
              39.89588526290571
            ],
            [
              -120.51045383521642,
              39.896029725886166
            ],
            [
              -120.51047241319628,
              39.896095884405106
            ],
            [
              -120.51048230026213,
              39.89616314302467
            ],
            [
              -120.51050150288145,
              39.896399054847215
            ],
            [
              -120.51052105764094,
              39.89644191269942
            ],
            [
              -120.51059252399993,
              39.89655796489529
            ],
            [
              -120.510620587681,
              39.89660880963826
            ],
            [
              -120.51064316196737,
              39.896661251067584
            ],
            [
              -120.51067536296529,
              39.8967477508658
            ],
            [
              -120.51069638264143,
              39.8968182797046
            ],
            [
              -120.51070748475541,
              39.89689013593095
            ],
            [
              -120.51070854182093,
              39.896962494617824
            ],
            [
              -120.51069954167096,
              39.897034525067234
            ],
            [
              -120.51068344267317,
              39.897116825217694
            ],
            [
              -120.51066794462275,
              39.89717722004244
            ],
            [
              -120.51064537087231,
              39.89723627694166
            ],
            [
              -120.51061590897542,
              39.897293505195776
            ],
            [
              -120.51057980372295,
              39.897348429278765
            ],
            [
              -120.5105373551094,
              39.897400592809625
            ],
            [
              -120.51048891584063,
              39.89744956234466
            ],
            [
              -120.5104588327066,
              39.89747482416295
            ],
            [
              -120.51044302417756,
              39.89752973778403
            ],
            [
              -120.51041875899818,
              39.89758824832138
            ],
            [
              -120.51038115977778,
              39.89766644861027
            ],
            [
              -120.5103638452611,
              39.897697760603904
            ],
            [
              -120.51042745653073,
              39.897694844666425
            ],
            [
              -120.51051987438572,
              39.89769812962866
            ],
            [
              -120.51062717335506,
              39.897706329517355
            ],
            [
              -120.51071132766387,
              39.89771595527368
            ],
            [
              -120.51079387474395,
              39.897731817419
            ],
            [
              -120.51087403749352,
              39.89775376662736
            ],
            [
              -120.51095106125494,
              39.89778159626876
            ],
            [
              -120.5110242209186,
              39.89781504435427
            ],
            [
              -120.5110928277487,
              39.89785379600217
            ],
            [
              -120.51115623586688,
              39.89789748640198
            ],
            [
              -120.51121384833247,
              39.897945704248684
            ],
            [
              -120.51126512276221,
              39.897997995614354
            ],
            [
              -120.51130957643645,
              39.898053868221425
            ],
            [
              -120.51134679084397,
              39.89811279607665
            ],
            [
              -120.51137641562227,
              39.89817422442279
            ],
            [
              -120.51140861650181,
              39.898252424219294
            ],
            [
              -120.5114289245116,
              39.89831064074136
            ],
            [
              -120.5114424120469,
              39.89837002010508
            ],
            [
              -120.51144897163867,
              39.89843008925286
            ],
            [
              -120.51144855101025,
              39.89849036963056
            ],
            [
              -120.51143785309412,
              39.898654969774974
            ],
            [
              -120.51143064528299,
              39.898713932881215
            ],
            [
              -120.5114167585867,
              39.89877218292188
            ],
            [
              -120.5113962997738,
              39.89882927196862
            ],
            [
              -120.51128900246655,
              39.89908447281835
            ],
            [
              -120.51124881651252,
              39.89916295053192
            ],
            [
              -120.51109861863209,
              39.899409851618884
            ],
            [
              -120.51106517110722,
              39.899459393035606
            ],
            [
              -120.51096612797988,
              39.89959235638984
            ],
            [
              -120.51095427914585,
              39.89973135143604
            ],
            [
              -120.51094743718114,
              39.89977915329884
            ],
            [
              -120.5110065341591,
              39.89978607089806
            ],
            [
              -120.5111137331829,
              39.89980247071111
            ],
            [
              -120.51119444200856,
              39.89981791458168
            ],
            [
              -120.51127288834931,
              39.89983917786149
            ],
            [
              -120.51133646622237,
              39.899861829424204
            ],
            [
              -120.51136669131517,
              39.89984370162641
            ],
            [
              -120.51139138002047,
              39.89983054547426
            ],
            [
              -120.51140470117161,
              39.89981205921103
            ],
            [
              -120.51144788808777,
              39.89975823470969
            ],
            [
              -120.51149742531003,
              39.89970775928319
            ],
            [
              -120.51155287803509,
              39.899661075956814
            ],
            [
              -120.511633377985,
              39.89959937638183
            ],
            [
              -120.51169864347372,
              39.899554130573264
            ],
            [
              -120.51176945696875,
              39.89951413917067
            ],
            [
              -120.51184510835148,
              39.89947980320411
            ],
            [
              -120.51192483899295,
              39.899451466991145
            ],
            [
              -120.51200784936103,
              39.899429414684164
            ],
            [
              -120.5120933070374,
              39.89941386742127
            ],
            [
              -120.51218035506446,
              39.899404981108844
            ],
            [
              -120.51226812053793,
              39.89940284485823
            ],
            [
              -120.51235572335959,
              39.89940748009223
            ],
            [
              -120.51244228506187,
              39.8994188403302
            ],
            [
              -120.51252693761627,
              39.89943681165415
            ],
            [
              -120.51260883213713,
              39.89946121385091
            ],
            [
              -120.51268714739346,
              39.89949180221917
            ],
            [
              -120.51276109804364,
              39.899528270022984
            ],
            [
              -120.51282994251041,
              39.89957025156755
            ],
            [
              -120.51289299041694,
              39.89961732586601
            ],
            [
              -120.51294960951006,
              39.89966902086072
            ],
            [
              -120.51299923200045,
              39.899724818156834
            ],
            [
              -120.51304136025666,
              39.89978415822034
            ],
            [
              -120.51307557179605,
              39.8998464459889
            ],
            [
              -120.51310152352188,
              39.89991105683879
            ],
            [
              -120.51311895516479,
              39.899977342848494
            ],
            [
              -120.51312769189373,
              39.90004463929603
            ],
            [
              -120.51313299294416,
              39.90012693928856
            ],
            [
              -120.51313351481973,
              39.90018443273686
            ],
            [
              -120.51312768581266,
              39.90024175203705
            ],
            [
              -120.51311554815159,
              39.90029848178046
            ],
            [
              -120.5129760541894,
              39.900812882991985
            ],
            [
              -120.51294280642271,
              39.90090342641429
            ],
            [
              -120.51275280460057,
              39.90131019740935
            ],
            [
              -120.51258844555413,
              39.90180089155203
            ],
            [
              -120.51257566881067,
              39.90208507553263
            ],
            [
              -120.51256419784274,
              39.902173033970904
            ],
            [
              -120.51252669992795,
              39.90234583431291
            ],
            [
              -120.51250140765376,
              39.90242935472312
            ],
            [
              -120.51249447227082,
              39.90244708146102
            ],
            [
              -120.51251896474754,
              39.90249942412302
            ],
            [
              -120.51254155904397,
              39.90255515300754
            ],
            [
              -120.51255781975807,
              39.90261217655046
            ],
            [
              -120.51256762536158,
              39.90267006862929
            ],
            [
              -120.51257090256313,
              39.90272839663005
            ],
            [
              -120.51257090370726,
              39.90281760132755
            ],
            [
              -120.51257670282433,
              39.902825080463124
            ],
            [
              -120.51260749547346,
              39.90287305954239
            ],
            [
              -120.51265039619618,
              39.90294715927027
            ],
            [
              -120.5126793076525,
              39.903003837239076
            ],
            [
              -120.51270147300312,
              39.903062290472405
            ],
            [
              -120.5127167120319,
              39.903122043760796
            ],
            [
              -120.51272490083096,
              39.903182611324425
            ],
            [
              -120.51272584446637,
              39.90323621079907
            ],
            [
              -120.51276719395115,
              39.90323816501977
            ],
            [
              -120.51285176837519,
              39.90324868688997
            ],
            [
              -120.51292663251652,
              39.90322075825897
            ],
            [
              -120.51301589686514,
              39.903196211919074
            ],
            [
              -120.5131080795967,
              39.90317922897006
            ],
            [
              -120.51331346543208,
              39.903150325705425
            ],
            [
              -120.51359684994384,
              39.903003422756406
            ],
            [
              -120.51367271836791,
              39.902968244618435
            ],
            [
              -120.51375280662985,
              39.90293913917283
            ],
            [
              -120.51383629796862,
              39.90291640324365
            ],
            [
              -120.51392234092067,
              39.90290026869713
            ],
            [
              -120.5140100580026,
              39.90289090007722
            ],
            [
              -120.5140985546591,
              39.90288839292767
            ],
            [
              -120.51418692838529,
              39.90289277281763
            ],
            [
              -120.51427427792943,
              39.902903995081026
            ],
            [
              -120.51435971248362,
              39.90292194527182
            ],
            [
              -120.51444236076743,
              39.90294644033118
            ],
            [
              -120.51453886010218,
              39.902979440016566
            ],
            [
              -120.51461466453152,
              39.90300882298786
            ],
            [
              -120.51468642627482,
              39.90304371173656
            ],
            [
              -120.51475347325041,
              39.90308377951732
            ],
            [
              -120.51481517752886,
              39.90312865108066
            ],
            [
              -120.51487096121377,
              39.903177906186905
            ],
            [
              -120.51492030185405,
              39.90323108354179
            ],
            [
              -120.51496273733719,
              39.90328768511631
            ],
            [
              -120.5149978702175,
              39.903347180810805
            ],
            [
              -120.51502537143882,
              39.90340901341937
            ],
            [
              -120.51504498341711,
              39.90347260384817
            ],
            [
              -120.51505652245336,
              39.90353735653886
            ],
            [
              -120.51505988045506,
              39.90360266504613
            ],
            [
              -120.51505502594912,
              39.90366791771745
            ],
            [
              -120.51504200437785,
              39.90373250342146
            ],
            [
              -120.5150209376739,
              39.903795817271764
            ],
            [
              -120.51495663939669,
              39.903956317786275
            ],
            [
              -120.51491856623821,
              39.90403403069174
            ],
            [
              -120.51482736762503,
              39.904190331359295
            ],
            [
              -120.51479714563008,
              39.90423718379026
            ],
            [
              -120.51476230543066,
              39.90428209401136
            ],
            [
              -120.51469578736804,
              39.90436074958136
            ],
            [
              -120.5146992016811,
              39.904397411292955
            ],
            [
              -120.51475560825524,
              39.90459721263786
            ],
            [
              -120.51477123803119,
              39.904673201343115
            ],
            [
              -120.51480344116015,
              39.904920101198556
            ],
            [
              -120.51480764792004,
              39.904973755616645
            ],
            [
              -120.5148112787589,
              39.9051101060257
            ],
            [
              -120.51487084681773,
              39.9051043958816
            ],
            [
              -120.51495071538773,
              39.905102385313164
            ],
            [
              -120.515030490003,
              39.905105982431586
            ],
            [
              -120.51523438804789,
              39.9051223822124
            ],
            [
              -120.51532487147192,
              39.90513336426258
            ],
            [
              -120.51541337386111,
              39.90515155542783
            ],
            [
              -120.5155837843172,
              39.90519403887669
            ],
            [
              -120.51561429537725,
              39.90519897933365
            ],
            [
              -120.51572557396148,
              39.90519137320186
            ],
            [
              -120.51581314325213,
              39.90518877312958
            ],
            [
              -120.51590061225389,
              39.905192917146124
            ],
            [
              -120.51598710748256,
              39.90520376386925
            ],
            [
              -120.51607176517726,
              39.905221204981956
            ],
            [
              -120.51615373992533,
              39.90524506631407
            ],
            [
              -120.51623221310419,
              39.90527510958138
            ],
            [
              -120.51630640105581,
              39.90531103476495
            ],
            [
              -120.51637556291217,
              39.90535248310694
            ],
            [
              -120.5164390079934,
              39.90539904069301
            ],
            [
              -120.51649610270512,
              39.90545024258544
            ],
            [
              -120.51654627686592,
              39.90550557746589
            ],
            [
              -120.51658902940154,
              39.90556449274125
            ],
            [
              -120.51662393334925,
              39.90562640006184
            ],
            [
              -120.51665064012235,
              39.90569068119655
            ],
            [
              -120.51666888299204,
              39.90575669420658
            ],
            [
              -120.51667847975192,
              39.905823779856064
            ],
            [
              -120.51667933453867,
              39.9058912681952
            ],
            [
              -120.51667143879018,
              39.905958485250835
            ],
            [
              -120.51665487133235,
              39.90602475975706
            ],
            [
              -120.5165475751827,
              39.90636216065829
            ],
            [
              -120.51652075435256,
              39.90643059648138
            ],
            [
              -120.51648469121801,
              39.90649646568947
            ],
            [
              -120.51643978978468,
              39.90655903032135
            ],
            [
              -120.51631639070969,
              39.90671133113629
            ],
            [
              -120.51625513656587,
              39.90677766566063
            ],
            [
              -120.5159916642618,
              39.90702937070732
            ],
            [
              -120.51590514013664,
              39.90712618201356
            ],
            [
              -120.51584693676423,
              39.907206517984044
            ],
            [
              -120.51584509178309,
              39.90721014567475
            ],
            [
              -120.51587870785679,
              39.90721701388887
            ],
            [
              -120.51596406034737,
              39.907242018895154
            ],
            [
              -120.51604557371599,
              39.9072737238017
            ],
            [
              -120.51612236409434,
              39.90731178482793
            ],
            [
              -120.5162188637676,
              39.90736528439432
            ],
            [
              -120.51628939871519,
              39.9074088087475
            ],
            [
              -120.51635374207741,
              39.90745769299793
            ],
            [
              -120.51641121037946,
              39.907511417893424
            ],
            [
              -120.51646119316955,
              39.9075694127627
            ],
            [
              -120.5165031595038,
              39.90763106157672
            ],
            [
              -120.51653666358645,
              39.907695709491946
            ],
            [
              -120.51655050082664,
              39.907733242885286
            ],
            [
              -120.5165519968772,
              39.90773183851936
            ],
            [
              -120.51660385769867,
              39.907687330093474
            ],
            [
              -120.51666062751431,
              39.90764652905767
            ],
            [
              -120.51672186123807,
              39.9076097552944
            ],
            [
              -120.51678707878891,
              39.90757729711171
            ],
            [
              -120.51682118026184,
              39.90756192905948
            ],
            [
              -120.51685564067304,
              39.90754046659571
            ],
            [
              -120.51693327483406,
              39.907497293022246
            ],
            [
              -120.51701655843054,
              39.907460895510276
            ],
            [
              -120.51712385768228,
              39.90741979584634
            ],
            [
              -120.51721270253393,
              39.90739035251314
            ],
            [
              -120.5173052172022,
              39.907368623017824
            ],
            [
              -120.5174002763482,
              39.90735487167621
            ],
            [
              -120.51760407437524,
              39.90733427181491
            ],
            [
              -120.5176931520705,
              39.907328804025944
            ],
            [
              -120.5177824898375,
              39.90733034572741
            ],
            [
              -120.51787116010438,
              39.907338880913045
            ],
            [
              -120.51795824222896,
              39.907354320964906
            ],
            [
              -120.51807094127385,
              39.90737902070383
            ],
            [
              -120.51815047131564,
              39.90739966645902
            ],
            [
              -120.5182270745563,
              39.907426072434845
            ],
            [
              -120.51830004941766,
              39.907457996791535
            ],
            [
              -120.51836872754951,
              39.90749514714856
            ],
            [
              -120.51843247995048,
              39.907537183262086
            ],
            [
              -120.51849072272866,
              39.90758372014107
            ],
            [
              -120.51854292244927,
              39.90763433157284
            ],
            [
              -120.51858860102038,
              39.90768855402643
            ],
            [
              -120.5186273400718,
              39.90774589089765
            ],
            [
              -120.51864235903611,
              39.907774513490054
            ],
            [
              -120.51869257146024,
              39.907823039936794
            ],
            [
              -120.51873877217525,
              39.90787781307157
            ],
            [
              -120.51877788668388,
              39.907935766960264
            ],
            [
              -120.51880954914422,
              39.9079963595822
            ],
            [
              -120.51885775031353,
              39.90810325927596
            ],
            [
              -120.51887105084508,
              39.908137196236886
            ],
            [
              -120.51887498206064,
              39.90813225894885
            ],
            [
              -120.5189346319379,
              39.9080664631763
            ],
            [
              -120.51907403236234,
              39.907930664010934
            ],
            [
              -120.51913637700105,
              39.90787622019422
            ],
            [
              -120.51931284782079,
              39.9077378699108
            ],
            [
              -120.5193894016202,
              39.9076484754038
            ],
            [
              -120.51945203758187,
              39.90758404434103
            ],
            [
              -120.519524181478,
              39.90752580923091
            ],
            [
              -120.51960458135726,
              39.90746820963862
            ],
            [
              -120.51966828871088,
              39.90742674141106
            ],
            [
              -120.51973682372355,
              39.9073901221607
            ],
            [
              -120.51980956634333,
              39.9073586831872
            ],
            [
              -120.51988585845424,
              39.907332708923256
            ],
            [
              -120.51996500983007,
              39.90731243436146
            ],
            [
              -120.52017420796162,
              39.907267234728764
            ],
            [
              -120.52022902110217,
              39.907256844821354
            ],
            [
              -120.52055631804338,
              39.90720334523817
            ],
            [
              -120.52066575581912,
              39.90719094867983
            ],
            [
              -120.5209875526675,
              39.90717034878352
            ],
            [
              -120.52106214740346,
              39.907168029127035
            ],
            [
              -120.52113672803061,
              39.90717060387326
            ],
            [
              -120.52121075407477,
              39.90717805436388
            ],
            [
              -120.52142535208841,
              39.90720685402624
            ],
            [
              -120.52150048613284,
              39.90721957478654
            ],
            [
              -120.52157388357338,
              39.90723731745914
            ],
            [
              -120.5215921332866,
              39.90724312588229
            ],
            [
              -120.52172776711627,
              39.90719822484412
            ],
            [
              -120.521814142421,
              39.90717368167136
            ],
            [
              -120.52190338280029,
              39.90715624757164
            ],
            [
              -120.5220106817901,
              39.90713984769763
            ],
            [
              -120.5220872868741,
              39.90713082748303
            ],
            [
              -120.52216462685857,
              39.907127050665004
            ],
            [
              -120.52262660107012,
              39.90712024372245
            ],
            [
              -120.5227589911373,
              39.907094293799624
            ],
            [
              -120.52284193632771,
              39.907081282068575
            ],
            [
              -120.52292612403662,
              39.9070744895452
            ],
            [
              -120.52301076990952,
              39.90707397951434
            ],
            [
              -120.52309508532355,
              39.90707975672852
            ],
            [
              -120.52317828473423,
              39.90709176736366
            ],
            [
              -120.5232595929934,
              39.907109899520464
            ],
            [
              -120.52333825257072,
              39.907133984266856
            ],
            [
              -120.52341353061071,
              39.90716379721172
            ],
            [
              -120.52348472576016,
              39.90719906059525
            ],
            [
              -120.5235511747023,
              39.907239445876606
            ],
            [
              -120.52363707459234,
              39.90729704544946
            ],
            [
              -120.52365286575703,
              39.90730883493789
            ],
            [
              -120.52372237640999,
              39.90732601250717
            ],
            [
              -120.52379867580763,
              39.90735121753775
            ],
            [
              -120.52387153841259,
              39.90738186616968
            ],
            [
              -120.52394031120772,
              39.90741768372317
            ],
            [
              -120.52395510193604,
              39.907426199564156
            ],
            [
              -120.524049346954,
              39.907407495047146
            ],
            [
              -120.52412467354205,
              39.90739523290905
            ],
            [
              -120.5242011063319,
              39.907388105974746
            ],
            [
              -120.52448116311125,
              39.90737155643351
            ],
            [
              -120.52448376184083,
              39.90737108142082
            ],
            [
              -120.52467250045235,
              39.9073206038125
            ],
            [
              -120.52476199301202,
              39.90730070216885
            ],
            [
              -120.52485372170769,
              39.90728822293626
            ],
            [
              -120.52494665167471,
              39.9072833069038
            ],
            [
              -120.52503973449683,
              39.90728600953403
            ],
            [
              -120.52513192003322,
              39.90729630033741
            ],
            [
              -120.52523921905647,
              39.907312800149676
            ],
            [
              -120.52532425251464,
              39.90732931959415
            ],
            [
              -120.52540671848848,
              39.907352296876894
            ],
            [
              -120.52548579232598,
              39.90738150222882
            ],
            [
              -120.52556068329311,
              39.90741664360049
            ],
            [
              -120.5256306424807,
              39.90745736958237
            ],
            [
              -120.52569497029324,
              39.90750327291868
            ],
            [
              -120.52575302344464,
              39.907553894579515
            ],
            [
              -120.52580422139111,
              39.90760872835087
            ],
            [
              -120.52584805213698,
              39.90766722589652
            ],
            [
              -120.5258840773549,
              39.90772880224099
            ],
            [
              -120.52591193676989,
              39.9077928416191
            ],
            [
              -120.52593135176278,
              39.907858703633494
            ],
            [
              -120.52594212815728,
              39.90792572965842
            ],
            [
              -120.52594415816277,
              39.90799324942598
            ],
            [
              -120.52593742145308,
              39.908060587728784
            ],
            [
              -120.52592198537104,
              39.90812707117222
            ],
            [
              -120.52589974336898,
              39.90818732373548
            ],
            [
              -120.52595602568692,
              39.90819851149619
            ],
            [
              -120.52603749697265,
              39.90822152776361
            ],
            [
              -120.52611561566462,
              39.908250632262934
            ],
            [
              -120.52618961685376,
              39.9082855400162
            ],
            [
              -120.5262587759445,
              39.90832590922193
            ],
            [
              -120.52632241574963,
              39.90837134460166
            ],
            [
              -120.5263799131208,
              39.90842140127011
            ],
            [
              -120.52643070505032,
              39.90847558909093
            ],
            [
              -120.52648970552269,
              39.90854558873356
            ],
            [
              -120.52653319537134,
              39.90860322896636
            ],
            [
              -120.52656909453312,
              39.908663890259675
            ],
            [
              -120.52659705322273,
              39.908726981592444
            ],
            [
              -120.52662925421971,
              39.90881338139038
            ],
            [
              -120.5266484908298,
              39.9088761614296
            ],
            [
              -120.52665986261722,
              39.90894006840911
            ],
            [
              -120.52666326582732,
              39.909004519374385
            ],
            [
              -120.52665866939371,
              39.909068926407
            ],
            [
              -120.52664611522262,
              39.90913270198771
            ],
            [
              -120.52659669201535,
              39.90932219238867
            ],
            [
              -120.52659321380838,
              39.90942825434492
            ],
            [
              -120.52658724534331,
              39.90949167752318
            ],
            [
              -120.52657355762635,
              39.90955438728898
            ],
            [
              -120.52657230669104,
              39.90955799808225
            ],
            [
              -120.52665171856455,
              39.90949275606545
            ],
            [
              -120.52679868089841,
              39.909321993499695
            ],
            [
              -120.52683733568736,
              39.90928056591446
            ],
            [
              -120.52687994059394,
              39.9092415033918
            ],
            [
              -120.52703014072223,
              39.90911390423181
            ],
            [
              -120.52709022170156,
              39.90906758802199
            ],
            [
              -120.52715584341193,
              39.90902596915952
            ],
            [
              -120.52724174307085,
              39.90897666953477
            ],
            [
              -120.52731212000818,
              39.90894021758488
            ],
            [
              -120.5273867400628,
              39.90890917140417
            ],
            [
              -120.52746490533464,
              39.90888382135733
            ],
            [
              -120.52754588476898,
              39.90886440453485
            ],
            [
              -120.5276289209933,
              39.90885110253584
            ],
            [
              -120.52773082001609,
              39.908838702625474
            ],
            [
              -120.5278140409432,
              39.90883169096853
            ],
            [
              -120.52789775083885,
              39.90883082219732
            ],
            [
              -120.52798118690325,
              39.90883610422913
            ],
            [
              -120.52806358883149,
              39.908847488932516
            ],
            [
              -120.5281442057411,
              39.908864872565815
            ],
            [
              -120.52822230301396,
              39.90888809672242
            ],
            [
              -120.52829716898994,
              39.908916949774046
            ],
            [
              -120.52836812145138,
              39.908951168799064
            ],
            [
              -120.52843451383957,
              39.90899044197812
            ],
            [
              -120.52849574114624,
              39.90903441143535
            ],
            [
              -120.52855124542671,
              39.90908267649937
            ],
            [
              -120.52861564568312,
              39.90914437613008
            ],
            [
              -120.52866887675324,
              39.90920117251735
            ],
            [
              -120.52871418293425,
              39.909261909251114
            ],
            [
              -120.52875107688246,
              39.909325933036065
            ],
            [
              -120.52877916173435,
              39.909392555218844
            ],
            [
              -120.5287981353761,
              39.90946105919502
            ],
            [
              -120.52880779369428,
              39.909530708116996
            ],
            [
              -120.52880803277259,
              39.90960075281944
            ],
            [
              -120.52879723491,
              39.90976945296576
            ],
            [
              -120.52878802535793,
              39.90983927350027
            ],
            [
              -120.52876945703716,
              39.909907981099515
            ],
            [
              -120.5287417304186,
              39.90997483386786
            ],
            [
              -120.52870514486567,
              39.91003910993581
            ],
            [
              -120.52855494672876,
              39.910269611001375
            ],
            [
              -120.5284957059887,
              39.91034716145532
            ],
            [
              -120.52837481159557,
              39.91048370939595
            ],
            [
              -120.5283626039312,
              39.91051324336929
            ],
            [
              -120.5286225316117,
              39.91036968963476
            ],
            [
              -120.5286728983626,
              39.9103361745928
            ],
            [
              -120.528751191516,
              39.91028974283764
            ],
            [
              -120.52883577052745,
              39.91025038863483
            ],
            [
              -120.52892556158133,
              39.91021861162228
            ],
            [
              -120.52903331384948,
              39.910186005927414
            ],
            [
              -120.5290456947262,
              39.910170600061335
            ],
            [
              -120.5291008365175,
              39.91011556345542
            ],
            [
              -120.5291630323235,
              39.91006518328091
            ],
            [
              -120.52923162324225,
              39.910019993254124
            ],
            [
              -120.52930588262772,
              39.90998047210727
            ],
            [
              -120.52938502378777,
              39.90994703851728
            ],
            [
              -120.52946820831782,
              39.90992004667064
            ],
            [
              -120.52955455498227,
              39.90989978251166
            ],
            [
              -120.52955602750941,
              39.90989949980885
            ],
            [
              -120.52960658359757,
              39.909856326534765
            ],
            [
              -120.52967083677167,
              39.90981133320904
            ],
            [
              -120.52974055331825,
              39.90977145429368
            ],
            [
              -120.52981504961095,
              39.90973708082908
            ],
            [
              -120.529893595158,
              39.90970854987049
            ],
            [
              -120.52997541976517,
              39.9096861411832
            ],
            [
              -120.5300597210872,
              39.909670074499495
            ],
            [
              -120.53014567249511,
              39.90966050736415
            ],
            [
              -120.53023243118083,
              39.90965753358971
            ],
            [
              -120.53031914642108,
              39.9096611823367
            ],
            [
              -120.53042104544383,
              39.90966938222729
            ],
            [
              -120.53051333605362,
              39.90968066360126
            ],
            [
              -120.53060354411515,
              39.90969944307158
            ],
            [
              -120.53069064549115,
              39.909725507435176
            ],
            [
              -120.53077365131148,
              39.90975856078295
            ],
            [
              -120.53078813373497,
              39.909765103265705
            ],
            [
              -120.53090784179113,
              39.90979651256528
            ],
            [
              -120.53102133069466,
              39.9098333238336
            ],
            [
              -120.53128349445164,
              39.90993560004132
            ],
            [
              -120.53145217101631,
              39.90998411897406
            ],
            [
              -120.53155407098308,
              39.910019273006775
            ],
            [
              -120.53155718741803,
              39.91002053734772
            ],
            [
              -120.53188474057715,
              39.91008731523536
            ],
            [
              -120.53195361889507,
              39.910103717986146
            ],
            [
              -120.53202051499336,
              39.910124422108126
            ],
            [
              -120.53208497679171,
              39.91014928768493
            ],
            [
              -120.53227807571227,
              39.910231586949486
            ],
            [
              -120.53235438302626,
              39.910268163054376
            ],
            [
              -120.53242542840158,
              39.910310561597136
            ],
            [
              -120.53249046562009,
              39.91035833725578
            ],
            [
              -120.53254881156451,
              39.91041098822998
            ],
            [
              -120.53259985339376,
              39.910467961511365
            ],
            [
              -120.53264305497986,
              39.9105286586915
            ],
            [
              -120.53267796253982,
              39.91059244224693
            ],
            [
              -120.53270420940244,
              39.91065864223503
            ],
            [
              -120.53272151986064,
              39.910726563330456
            ],
            [
              -120.53273762094246,
              39.910812963243714
            ],
            [
              -120.53274585531929,
              39.91088271549721
            ],
            [
              -120.53274501105372,
              39.910932377357156
            ],
            [
              -120.5327952025557,
              39.91095854364601
            ],
            [
              -120.53286491990441,
              39.91100367289143
            ],
            [
              -120.53292818384877,
              39.91105412662362
            ],
            [
              -120.53299788403426,
              39.91111582623418
            ],
            [
              -120.53305009550921,
              39.911166798632564
            ],
            [
              -120.53309571049152,
              39.91122139601328
            ],
            [
              -120.53313430747507,
              39.911279113888156
            ],
            [
              -120.53316552979838,
              39.911339418933814
            ],
            [
              -120.53318908894083,
              39.91140175391942
            ],
            [
              -120.53320476718919,
              39.911465542855545
            ],
            [
              -120.53321241965025,
              39.91153019631623
            ],
            [
              -120.5332119755904,
              39.91159511688546
            ],
            [
              -120.53320343908995,
              39.911659704677334
            ],
            [
              -120.53318734009304,
              39.91174200482752
            ],
            [
              -120.53316927498538,
              39.911810247701744
            ],
            [
              -120.53314217947958,
              39.91187669503547
            ],
            [
              -120.53310634169313,
              39.911940640205266
            ],
            [
              -120.53306214271493,
              39.91200140319471
            ],
            [
              -120.53301005255354,
              39.91205833782622
            ],
            [
              -120.53295062513956,
              39.91211083863307
            ],
            [
              -120.53288449243543,
              39.91215834729853
            ],
            [
              -120.53282055318329,
              39.91219974413107
            ],
            [
              -120.53272281051348,
              39.91232151113401
            ],
            [
              -120.53267289623122,
              39.91237724050271
            ],
            [
              -120.5326159874766,
              39.9124288417553
            ],
            [
              -120.5325355875029,
              39.91249474219637
            ],
            [
              -120.53247847258973,
              39.912537489452795
            ],
            [
              -120.53241655715831,
              39.912576070337444
            ],
            [
              -120.53236185145151,
              39.91260424426466
            ],
            [
              -120.53242571357544,
              39.91260506825802
            ],
            [
              -120.53251044673955,
              39.91261254153172
            ],
            [
              -120.5325938366795,
              39.91262631712407
            ],
            [
              -120.53267509483793,
              39.912646264770245
            ],
            [
              -120.53275345281428,
              39.912672195840756
            ],
            [
              -120.53282816963045,
              39.912703865124975
            ],
            [
              -120.53289853873733,
              39.91274097314973
            ],
            [
              -120.53296389469578,
              39.912783169010936
            ],
            [
              -120.53302361946913,
              39.91283005369165
            ],
            [
              -120.53307714826752,
              39.912881183834955
            ],
            [
              -120.53312397488894,
              39.912936075936365
            ],
            [
              -120.53316365650623,
              39.91299421091565
            ],
            [
              -120.5331958178552,
              39.913055039025274
            ],
            [
              -120.53322015478388,
              39.913117985048856
            ],
            [
              -120.53323643712926,
              39.913182453740426
            ],
            [
              -120.53324451089472,
              39.91324783545329
            ],
            [
              -120.53324429970714,
              39.913313511905
            ],
            [
              -120.53323580553987,
              39.91337886202417
            ],
            [
              -120.53321910869519,
              39.91344326782365
            ],
            [
              -120.53319230963014,
              39.91352556804747
            ],
            [
              -120.533156870882,
              39.91361028697506
            ],
            [
              -120.53308505424977,
              39.91374973040752
            ],
            [
              -120.53315866803297,
              39.913762231084505
            ],
            [
              -120.53323341944287,
              39.91378044639675
            ],
            [
              -120.533305759694,
              39.91380372958509
            ],
            [
              -120.53331371564389,
              39.91380661839559
            ],
            [
              -120.53341572281177,
              39.913822939483424
            ],
            [
              -120.53362914649645,
              39.913836069461325
            ],
            [
              -120.53371218544883,
              39.913844264599625
            ],
            [
              -120.53379383143736,
              39.9138585191204
            ],
            [
              -120.53402452946793,
              39.91390781859688
            ],
            [
              -120.53403788301681,
              39.91391112645156
            ],
            [
              -120.53409473285123,
              39.91389174448716
            ],
            [
              -120.53418007366483,
              39.913866655194276
            ],
            [
              -120.53426834041659,
              39.91384853730605
            ],
            [
              -120.53435857560665,
              39.91383758736224
            ],
            [
              -120.53444980038357,
              39.91383392414623
            ],
            [
              -120.53456249927547,
              39.913833924112474
            ],
            [
              -120.5346517859361,
              39.91383743287177
            ],
            [
              -120.53474014487266,
              39.9138479228326
            ],
            [
              -120.5348266579866,
              39.91386528499934
            ],
            [
              -120.53491042635677,
              39.91388933897016
            ],
            [
              -120.53499057957879,
              39.91391983481137
            ],
            [
              -120.53506628480858,
              39.91395645565414
            ],
            [
              -120.53513675541556,
              39.91399882098662
            ],
            [
              -120.53520125915608,
              39.91404649060743
            ],
            [
              -120.53528165927179,
              39.914112290171005
            ],
            [
              -120.53533612429838,
              39.91416136672017
            ],
            [
              -120.53538425568752,
              39.91421422340644
            ],
            [
              -120.53542561367081,
              39.914270377304376
            ],
            [
              -120.53545982036236,
              39.914329315362245
            ],
            [
              -120.53548656321186,
              39.914390499089365
            ],
            [
              -120.53550559786063,
              39.91445336947581
            ],
            [
              -120.53551675037515,
              39.91451735209981
            ],
            [
              -120.53551991883678,
              39.91458186237591
            ],
            [
              -120.5355150742739,
              39.91464631089598
            ],
            [
              -120.53550226092734,
              39.914710108814546
            ],
            [
              -120.53548159584703,
              39.914772673228846
            ],
            [
              -120.53546455208802,
              39.914809229498445
            ],
            [
              -120.53546739339339,
              39.91481365082687
            ],
            [
              -120.53549617363896,
              39.914871067727844
            ],
            [
              -120.5355203425946,
              39.91492670891783
            ],
            [
              -120.53552685057997,
              39.914935192191656
            ],
            [
              -120.53557197264755,
              39.915002327134154
            ],
            [
              -120.53560706913227,
              39.91507292445916
            ],
            [
              -120.53563170032271,
              39.915146099742046
            ],
            [
              -120.53565310132822,
              39.91522839961499
            ],
            [
              -120.53566543473647,
              39.915290896782686
            ],
            [
              -120.53567012580767,
              39.91535400813925
            ],
            [
              -120.5356671334231,
              39.91541718077855
            ],
            [
              -120.53565648377749,
              39.915479861256074
            ],
            [
              -120.53563827015012,
              39.9155415004376
            ],
            [
              -120.53561265208832,
              39.91560155831007
            ],
            [
              -120.53557985401054,
              39.91565950871281
            ],
            [
              -120.53554016324058,
              39.91571484394719
            ],
            [
              -120.53549392749105,
              39.91576707922478
            ],
            [
              -120.53542962774233,
              39.915832879618485
            ],
            [
              -120.53537046884578,
              39.91588722709706
            ],
            [
              -120.53530423547106,
              39.91593649839306
            ],
            [
              -120.5352316578368,
              39.915980150284035
            ],
            [
              -120.5351535361127,
              39.91601770150132
            ],
            [
              -120.53505421452586,
              39.91606003290259
            ],
            [
              -120.53505223393996,
              39.91606145007319
            ],
            [
              -120.53499734781637,
              39.916096859497415
            ],
            [
              -120.5350042154862,
              39.916153770475525
            ],
            [
              -120.53500390379882,
              39.91621881449218
            ],
            [
              -120.53499546779294,
              39.91628353376707
            ],
            [
              -120.5349789856929,
              39.91634732800475
            ],
            [
              -120.53495461035482,
              39.91640960548829
            ],
            [
              -120.53492256784942,
              39.91646978856772
            ],
            [
              -120.5347776699055,
              39.916708489616695
            ],
            [
              -120.53474645192959,
              39.91675510728542
            ],
            [
              -120.53460217520168,
              39.91695144112973
            ],
            [
              -120.53470268575052,
              39.91689077174694
            ],
            [
              -120.53476930753777,
              39.91685428575752
            ],
            [
              -120.5348400516469,
              39.916822734678234
            ],
            [
              -120.53491430345954,
              39.91679639262037
            ],
            [
              -120.5349914178852,
              39.916775488439846
            ],
            [
              -120.53507072496537,
              39.91676020374908
            ],
            [
              -120.53515153569367,
              39.91675067133933
            ],
            [
              -120.53525343469997,
              39.9167423713896
            ],
            [
              -120.53533154113951,
              39.91673871219293
            ],
            [
              -120.53540976027824,
              39.91674042794314
            ],
            [
              -120.53548797624617,
              39.91674483850928
            ],
            [
              -120.53551891557169,
              39.916715629320755
            ],
            [
              -120.53557277980342,
              39.9166693056151
            ],
            [
              -120.53581417973123,
              39.91648000690718
            ],
            [
              -120.53587849483303,
              39.91643436535556
            ],
            [
              -120.53594839341127,
              39.91639388306103
            ],
            [
              -120.53602318040328,
              39.91635896256997
            ],
            [
              -120.53610211214065,
              39.91632995112313
            ],
            [
              -120.53618440374385,
              39.91630713720296
            ],
            [
              -120.53626923692634,
              39.91629074766527
            ],
            [
              -120.5363765359159,
              39.916274347791486
            ],
            [
              -120.5364631721334,
              39.91626453772917
            ],
            [
              -120.53655064691549,
              39.91626142869227
            ],
            [
              -120.53663808834169,
              39.916265051671466
            ],
            [
              -120.53672462482372,
              39.9162753705548
            ],
            [
              -120.53680939379261,
              39.91629228248766
            ],
            [
              -120.53689155029558,
              39.916315618897805
            ],
            [
              -120.53697027541786,
              39.916345147175484
            ],
            [
              -120.53704478444465,
              39.91638057299189
            ],
            [
              -120.53711433468274,
              39.916421543232545
            ],
            [
              -120.53717823286308,
              39.9164676495169
            ],
            [
              -120.5372358420511,
              39.91651843226863
            ],
            [
              -120.53728658799562,
              39.91657338529633
            ],
            [
              -120.53732996485316,
              39.91663196083873
            ],
            [
              -120.53736554023051,
              39.91669357502454
            ],
            [
              -120.53739295949543,
              39.91675761369205
            ],
            [
              -120.53741194931229,
              39.91682343851085
            ],
            [
              -120.53742232036744,
              39.916890393344445
            ],
            [
              -120.53742396925739,
              39.91695781079058
            ],
            [
              -120.53741687952038,
              39.91702501883361
            ],
            [
              -120.5374011218016,
              39.917091347543405
            ],
            [
              -120.53740094217778,
              39.91709182707217
            ],
            [
              -120.53740830363854,
              39.91710667942033
            ],
            [
              -120.53743139031411,
              39.91717258048302
            ],
            [
              -120.53744572062307,
              39.91723993932189
            ],
            [
              -120.53745114816913,
              39.917308067932034
            ],
            [
              -120.53744761748855,
              39.917376270444066
            ],
            [
              -120.53743516461746,
              39.91744385023167
            ],
            [
              -120.53741391672503,
              39.91751011702716
            ],
            [
              -120.53738171761611,
              39.91759241728595
            ],
            [
              -120.53735421269003,
              39.917652349283706
            ],
            [
              -120.53731951227331,
              39.91771002474444
            ],
            [
              -120.53727792372653,
              39.91776493277634
            ],
            [
              -120.53722981542819,
              39.91781658700059
            ],
            [
              -120.53697203263243,
              39.9180675325032
            ],
            [
              -120.53655651919462,
              39.91854368086046
            ],
            [
              -120.53650197229645,
              39.91859968247638
            ],
            [
              -120.53644019010466,
              39.91865103574378
            ],
            [
              -120.53620408988822,
              39.91882793697445
            ],
            [
              -120.5361577651953,
              39.91886025312623
            ],
            [
              -120.53590972093615,
              39.919021276564976
            ],
            [
              -120.53595349955282,
              39.91902631323851
            ],
            [
              -120.53602900052955,
              39.91904034888975
            ],
            [
              -120.53610259297258,
              39.919059472371785
            ],
            [
              -120.53619909224773,
              39.91908827208765
            ],
            [
              -120.53627315422355,
              39.91911346136045
            ],
            [
              -120.53647559194465,
              39.91919109863478
            ],
            [
              -120.53654919835049,
              39.91920664344307
            ],
            [
              -120.53675991082348,
              39.919227824066496
            ],
            [
              -120.53685918864684,
              39.91922782403962
            ],
            [
              -120.53692608872711,
              39.91922031297393
            ],
            [
              -120.53694229245582,
              39.919215733315184
            ],
            [
              -120.53695436104944,
              39.91920939701721
            ],
            [
              -120.53701316327025,
              39.91918107985432
            ],
            [
              -120.53707468728203,
              39.91915642851686
            ],
            [
              -120.53717668654218,
              39.91911942882099
            ],
            [
              -120.53725609994318,
              39.919094202623626
            ],
            [
              -120.53733833726417,
              39.91907507901226
            ],
            [
              -120.537422609675,
              39.91906224142318
            ],
            [
              -120.53750810882619,
              39.91905581299646
            ],
            [
              -120.53759401460213,
              39.91905585539493
            ],
            [
              -120.5377012135559,
              39.919059955323135
            ],
            [
              -120.53778396605541,
              39.919066158222435
            ],
            [
              -120.53786558403615,
              39.91907836641087
            ],
            [
              -120.53794533414462,
              39.91909647019627
            ],
            [
              -120.5380224998089,
              39.91912030691319
            ],
            [
              -120.53822099846903,
              39.91919020625209
            ],
            [
              -120.53829778452153,
              39.91922085609158
            ],
            [
              -120.53837027702573,
              39.91925717986844
            ],
            [
              -120.53843777112417,
              39.919298824404514
            ],
            [
              -120.53849961055575,
              39.9193453847867
            ],
            [
              -120.53855519403653,
              39.91939640830378
            ],
            [
              -120.53860398110626,
              39.919451398847784
            ],
            [
              -120.53866298164893,
              39.91952549848628
            ],
            [
              -120.53870180704745,
              39.919579684382576
            ],
            [
              -120.53873402795628,
              39.91963637923212
            ],
            [
              -120.5387593738257,
              39.919695107014164
            ],
            [
              -120.53877763182827,
              39.919755374637894
            ],
            [
              -120.53878864864657,
              39.919816676082235
            ],
            [
              -120.538792331761,
              39.91987849664457
            ],
            [
              -120.5387923340205,
              39.92005539671326
            ],
            [
              -120.5387887070791,
              39.92011675811707
            ],
            [
              -120.53877785468396,
              39.92017761200751
            ],
            [
              -120.53871885763546,
              39.92042451253329
            ],
            [
              -120.53870911484371,
              39.92045746259096
            ],
            [
              -120.53875449586997,
              39.92047231904676
            ],
            [
              -120.53883167901233,
              39.920504975511356
            ],
            [
              -120.53890422019506,
              39.9205434267325
            ],
            [
              -120.53897138814055,
              39.92058728509393
            ],
            [
              -120.53903250573359,
              39.920636108470426
            ],
            [
              -120.53908695684711,
              39.920689404684595
            ],
            [
              -120.53915135725141,
              39.92075940430197
            ],
            [
              -120.53919949422733,
              39.920817862568775
            ],
            [
              -120.53923960754935,
              39.92087980744162
            ],
            [
              -120.5392712758589,
              39.92094458827393
            ],
            [
              -120.53929416649785,
              39.92101152462922
            ],
            [
              -120.53930803900361,
              39.9210799134281
            ],
            [
              -120.53931274763588,
              39.921149036332956
            ],
            [
              -120.53930824290858,
              39.92121816729315
            ],
            [
              -120.53929457211082,
              39.92128658017128
            ],
            [
              -120.53927187881138,
              39.92135355637042
            ],
            [
              -120.53924040135173,
              39.921418392382286
            ],
            [
              -120.5391345221571,
              39.92160647680213
            ],
            [
              -120.53918098760889,
              39.9216190914729
            ],
            [
              -120.53925984051489,
              39.921647548790574
            ],
            [
              -120.53933464003981,
              39.92168188611557
            ],
            [
              -120.53940464891554,
              39.921721765002765
            ],
            [
              -120.53946917708957,
              39.921766792385874
            ],
            [
              -120.53952758852614,
              39.92181652445153
            ],
            [
              -120.53957930747566,
              39.921870471013335
            ],
            [
              -120.53962382414973,
              39.92192810034323
            ],
            [
              -120.53966069974629,
              39.9219888444122
            ],
            [
              -120.53968691983745,
              39.92204629595332
            ],
            [
              -120.53975626157352,
              39.922012205129626
            ],
            [
              -120.53994396035593,
              39.92193400576391
            ],
            [
              -120.54002694305186,
              39.921903645472476
            ],
            [
              -120.54011359487868,
              39.92188013472731
            ],
            [
              -120.54020296522906,
              39.92186373145137
            ],
            [
              -120.54029407367467,
              39.92185461559579
            ],
            [
              -120.54050327162287,
              39.92184221565414
            ],
            [
              -120.54058754436876,
              39.92184034918402
            ],
            [
              -120.54067166059181,
              39.92184472062295
            ],
            [
              -120.54075484324856,
              39.92185528958938
            ],
            [
              -120.54083632391871,
              39.92187195845062
            ],
            [
              -120.54091534990286,
              39.9218945732246
            ],
            [
              -120.54099119117542,
              39.92192292500215
            ],
            [
              -120.54106314712787,
              39.92195675187672
            ],
            [
              -120.54113055304045,
              39.921995741363595
            ],
            [
              -120.5411927862226,
              39.92203953328628
            ],
            [
              -120.5412492717651,
              39.92208772310355
            ],
            [
              -120.541299487851,
              39.92213986564632
            ],
            [
              -120.54134297057647,
              39.92219547922966
            ],
            [
              -120.54137931823634,
              39.92225405010249
            ],
            [
              -120.54140819503571,
              39.92231503719315
            ],
            [
              -120.54142933419254,
              39.92237787710775
            ],
            [
              -120.54144254040271,
              39.92244198933453
            ],
            [
              -120.54144769164523,
              39.92250678160653
            ],
            [
              -120.54144474031,
              39.922571655372835
            ],
            [
              -120.54143371363877,
              39.92263601132804
            ],
            [
              -120.54141471347407,
              39.922699254948625
            ],
            [
              -120.54138791531933,
              39.92276080198536
            ],
            [
              -120.54135041604029,
              39.92283490226985
            ],
            [
              -120.54132912269748,
              39.92287169151871
            ],
            [
              -120.54133057816787,
              39.922875864823745
            ],
            [
              -120.54134406570073,
              39.92293530440955
            ],
            [
              -120.54134979831574,
              39.922987983066065
            ],
            [
              -120.54136379006933,
              39.923016338440846
            ],
            [
              -120.54139174079525,
              39.92308329267164
            ],
            [
              -120.54141049709875,
              39.92315212182074
            ],
            [
              -120.54141985557231,
              39.923222079555856
            ],
            [
              -120.54142525662256,
              39.92330427954722
            ],
            [
              -120.54142581386297,
              39.923362599499974
            ],
            [
              -120.54141983416511,
              39.923420739020415
            ],
            [
              -120.54141735460856,
              39.92343217561696
            ],
            [
              -120.5414792571348,
              39.92344400224959
            ],
            [
              -120.54156395323183,
              39.92346372397906
            ],
            [
              -120.54164563791602,
              39.92348991505464
            ],
            [
              -120.541723480015,
              39.92352230897426
            ],
            [
              -120.54179668745269,
              39.92356057611939
            ],
            [
              -120.54186451530869,
              39.92360432710871
            ],
            [
              -120.54191879598463,
              39.92364720951673
            ],
            [
              -120.54200226071974,
              39.923647107193126
            ],
            [
              -120.54208915307962,
              39.9236536835666
            ],
            [
              -120.54209871896984,
              39.923655157863095
            ],
            [
              -120.54210877715828,
              39.923641940485645
            ],
            [
              -120.54215416880267,
              39.92359290194627
            ],
            [
              -120.5422050531493,
              39.92354717131911
            ],
            [
              -120.54228015317683,
              39.92348547173176
            ],
            [
              -120.54235233741323,
              39.923432544500834
            ],
            [
              -120.54243185443123,
              39.92338626439331
            ],
            [
              -120.5425176774204,
              39.92334722902168
            ],
            [
              -120.54280737546092,
              39.92323202996125
            ],
            [
              -120.54288513273413,
              39.923204717532656
            ],
            [
              -120.54296597305523,
              39.92318336101174
            ],
            [
              -120.54431256646687,
              39.92288319915882
            ],
            [
              -120.5444962764636,
              39.922828253142676
            ],
            [
              -120.5445756339589,
              39.922807814794034
            ],
            [
              -120.54465715975297,
              39.92279329162456
            ],
            [
              -120.54477515863239,
              39.92277679174904
            ],
            [
              -120.5448635402581,
              39.9227679759957
            ],
            [
              -120.54495262750946,
              39.92276611053893
            ],
            [
              -120.54517792529946,
              39.92277021043192
            ],
            [
              -120.54522127184116,
              39.9227718259764
            ],
            [
              -120.54532670730083,
              39.92277777142608
            ],
            [
              -120.54575043610737,
              39.922716008568464
            ],
            [
              -120.54584249944652,
              39.92270644398704
            ],
            [
              -120.54593536023732,
              39.92270442950271
            ],
            [
              -120.54614995813266,
              39.92270852939892
            ],
            [
              -120.5462332483898,
              39.922713182170334
            ],
            [
              -120.54631558656428,
              39.92272391217916
            ],
            [
              -120.54639622639775,
              39.92274062217649
            ],
            [
              -120.5467127238137,
              39.922818821371465
            ],
            [
              -120.54680250774577,
              39.92284526394366
            ],
            [
              -120.54688799464923,
              39.92287911204677
            ],
            [
              -120.54696815787445,
              39.922919959187865
            ],
            [
              -120.54700767295415,
              39.922945288680914
            ],
            [
              -120.54703602055358,
              39.92294800980707
            ],
            [
              -120.54712076263533,
              39.922959417454976
            ],
            [
              -120.5472036458963,
              39.92297716148377
            ],
            [
              -120.54728387315193,
              39.92300107122958
            ],
            [
              -120.54736067276123,
              39.923030916725544
            ],
            [
              -120.54743330604806,
              39.923066410913435
            ],
            [
              -120.54750107440546,
              39.92310721240444
            ],
            [
              -120.5475814742947,
              39.92316071200601
            ],
            [
              -120.54764856594464,
              39.923210380940795
            ],
            [
              -120.54770844476569,
              39.923265243651144
            ],
            [
              -120.5477728450956,
              39.92333104327463
            ],
            [
              -120.54781893131751,
              39.92338300043431
            ],
            [
              -120.54785853789323,
              39.92343803417563
            ],
            [
              -120.54789132107986,
              39.92349566688697
            ],
            [
              -120.54791699634917,
              39.92355539840021
            ],
            [
              -120.54793534085753,
              39.923616710331274
            ],
            [
              -120.54794619538046,
              39.9236790705789
            ],
            [
              -120.54794946569515,
              39.92374193794246
            ],
            [
              -120.54794512339888,
              39.92380476681875
            ],
            [
              -120.5479344244263,
              39.92388706692985
            ],
            [
              -120.5479219468981,
              39.92395150061386
            ],
            [
              -120.54790146446798,
              39.92401470895239
            ],
            [
              -120.54783706624958,
              39.924179209469706
            ],
            [
              -120.54781230600672,
              39.924233862597276
            ],
            [
              -120.5477815586205,
              39.92428668266217
            ],
            [
              -120.5477450499247,
              39.92433728168819
            ],
            [
              -120.54768605038954,
              39.92441138208029
            ],
            [
              -120.54763724437214,
              39.9244663929616
            ],
            [
              -120.54758163646743,
              39.9245174340273
            ],
            [
              -120.54751976774197,
              39.924564008633794
            ],
            [
              -120.54745224018562,
              39.92460566359654
            ],
            [
              -120.547379710854,
              39.92464199359992
            ],
            [
              -120.5471803792339,
              39.92473138814296
            ],
            [
              -120.54716638131387,
              39.924741442572106
            ],
            [
              -120.54710446375725,
              39.92478195406053
            ],
            [
              -120.5468416628096,
              39.92493835523962
            ],
            [
              -120.5467551752119,
              39.92498374930058
            ],
            [
              -120.54620264719334,
              39.92523796345928
            ],
            [
              -120.54596419941382,
              39.925374182396865
            ],
            [
              -120.54592107051484,
              39.92539731108426
            ],
            [
              -120.54546391715171,
              39.92562711942861
            ],
            [
              -120.54531823803052,
              39.925712072179735
            ],
            [
              -120.5453207130069,
              39.92572451286314
            ],
            [
              -120.54541153276892,
              39.925931340367555
            ],
            [
              -120.54559147698455,
              39.92607762216723
            ],
            [
              -120.54564282811319,
              39.926077622144206
            ],
            [
              -120.54578592816678,
              39.92606072640372
            ],
            [
              -120.54587541750998,
              39.92605375225042
            ],
            [
              -120.54594244995792,
              39.92605119089024
            ],
            [
              -120.54609357397672,
              39.92603462287409
            ],
            [
              -120.54627440240841,
              39.926003445485584
            ],
            [
              -120.54635208573673,
              39.92599285070481
            ],
            [
              -120.54643069123784,
              39.92598767227922
            ],
            [
              -120.54650958313576,
              39.92598795209345
            ],
            [
              -120.5466168820883,
              39.925992052021755
            ],
            [
              -120.54671049892049,
              39.92599952120445
            ],
            [
              -120.54680253757293,
              39.92601466947507
            ],
            [
              -120.54689193855994,
              39.9260373224583
            ],
            [
              -120.54697767275583,
              39.92606721938947
            ],
            [
              -120.54705875324092,
              39.926104016116135
            ],
            [
              -120.54715535283992,
              39.92615341570232
            ],
            [
              -120.54722463880321,
              39.92619275162086
            ],
            [
              -120.54728858333576,
              39.92623712675948
            ],
            [
              -120.54734657060929,
              39.926286113764355
            ],
            [
              -120.54739804216327,
              39.926339240866064
            ],
            [
              -120.54744250228329,
              39.92639599642274
            ],
            [
              -120.54747952277562,
              39.92645583384717
            ],
            [
              -120.54750874709133,
              39.92651817687051
            ],
            [
              -120.54752989376081,
              39.92658242509188
            ],
            [
              -120.54754275910518,
              39.92664795976046
            ],
            [
              -120.54754721919876,
              39.92671414973432
            ],
            [
              -120.54754323106347,
              39.92678035755869
            ],
            [
              -120.54753083308361,
              39.926845945605045
            ],
            [
              -120.54751014463722,
              39.926910282212
            ],
            [
              -120.54748136494715,
              39.92697274776877
            ],
            [
              -120.54744477116333,
              39.92703274068266
            ],
            [
              -120.54740071569422,
              39.927089683172944
            ],
            [
              -120.54734962281361,
              39.92714302683581
            ],
            [
              -120.54721012316504,
              39.92727462765869
            ],
            [
              -120.54715396745715,
              39.927322708093584
            ],
            [
              -120.5470920969496,
              39.9273664336855
            ],
            [
              -120.54702507874822,
              39.927405403638616
            ],
            [
              -120.54683727785144,
              39.9275041044072
            ],
            [
              -120.54673106515288,
              39.92755188509979
            ],
            [
              -120.54613877448874,
              39.92777703080178
            ],
            [
              -120.5458460782462,
              39.92790640921492
            ],
            [
              -120.5458056262557,
              39.92792322055955
            ],
            [
              -120.54552038293428,
              39.928034434115176
            ],
            [
              -120.54512488782115,
              39.92822053515525
            ],
            [
              -120.54501833481372,
              39.92828592702377
            ],
            [
              -120.54500206802663,
              39.928300559341736
            ],
            [
              -120.54481437512649,
              39.92855103005946
            ],
            [
              -120.544658744633,
              39.92888798180163
            ],
            [
              -120.54463136669513,
              39.928940240504645
            ],
            [
              -120.54459842552939,
              39.92899056024076
            ],
            [
              -120.54443752712979,
              39.929212761345525
            ],
            [
              -120.54438795238303,
              39.929273415617814
            ],
            [
              -120.54433030870706,
              39.92932968432853
            ],
            [
              -120.54402980910837,
              39.929592986037335
            ],
            [
              -120.54396832196257,
              39.92964168786024
            ],
            [
              -120.54390079221096,
              39.92968538912104
            ],
            [
              -120.54382790275767,
              39.92972364787846
            ],
            [
              -120.54377725897247,
              39.92974483614435
            ],
            [
              -120.54382115032213,
              39.92975786536861
            ],
            [
              -120.54389671195011,
              39.92974961489138
            ],
            [
              -120.54397703740493,
              39.92974372960432
            ],
            [
              -120.54405772546691,
              39.92974355106309
            ],
            [
              -120.54418112426038,
              39.92974765098652
            ],
            [
              -120.54426827008115,
              39.92975391083055
            ],
            [
              -120.54435417198192,
              39.92976682480077
            ],
            [
              -120.5444379749124,
              39.92978626435496
            ],
            [
              -120.54451884471304,
              39.92981203599645
            ],
            [
              -120.54459597641753,
              39.92984388319995
            ],
            [
              -120.54466860226464,
              39.92988148896463
            ],
            [
              -120.5447359993403,
              39.929924478969404
            ],
            [
              -120.54479749677301,
              39.92997242529841
            ],
            [
              -120.5448524824116,
              39.930024850700235
            ],
            [
              -120.54490040891875,
              39.93008123333803
            ],
            [
              -120.54494079921942,
              39.93014101198367
            ],
            [
              -120.54497325125016,
              39.93020359160378
            ],
            [
              -120.54499744196191,
              39.930268349282535
            ],
            [
              -120.5450131305364,
              39.930334640421904
            ],
            [
              -120.54502016078409,
              39.930401805157906
            ],
            [
              -120.54501846270003,
              39.930469174928774
            ],
            [
              -120.54500805316145,
              39.930536079129865
            ],
            [
              -120.5449890357611,
              39.930601851788936
            ],
            [
              -120.5449615997767,
              39.93066583819545
            ],
            [
              -120.54492601828805,
              39.93072740141773
            ],
            [
              -120.54488264545942,
              39.930785928643324
            ],
            [
              -120.54483191301489,
              39.93084083727929
            ],
            [
              -120.54477432594136,
              39.93089158075169
            ],
            [
              -120.54471045746224,
              39.930937653946664
            ],
            [
              -120.54464094333152,
              39.93097859823863
            ],
            [
              -120.54456647550552,
              39.931014006056024
            ],
            [
              -120.54436267420559,
              39.931100406755526
            ],
            [
              -120.5443051112339,
              39.93112272934009
            ],
            [
              -120.54389740822243,
              39.931266630525876
            ],
            [
              -120.54381937505273,
              39.93129075922694
            ],
            [
              -120.54373869948797,
              39.93130902519667
            ],
            [
              -120.54365612281889,
              39.931321260597805
            ],
            [
              -120.54357240380592,
              39.93132735300524
            ],
            [
              -120.54348831170678,
              39.93132724643918
            ],
            [
              -120.5433810106591,
              39.93132314636743
            ],
            [
              -120.5432987122085,
              39.93131699809829
            ],
            [
              -120.5432175312137,
              39.93130491214858
            ],
            [
              -120.54309963357073,
              39.93128287672038
            ],
            [
              -120.54304439177643,
              39.93128287669697
            ],
            [
              -120.54298312024427,
              39.93129109951482
            ],
            [
              -120.54277446685845,
              39.93135044588042
            ],
            [
              -120.54262269747724,
              39.931410266304944
            ],
            [
              -120.54254685074739,
              39.931436742683495
            ],
            [
              -120.54246808463519,
              39.931457562964404
            ],
            [
              -120.54230131669478,
              39.93149493416337
            ],
            [
              -120.54214297472345,
              39.93154784095392
            ],
            [
              -120.54205573167238,
              39.931572846111166
            ],
            [
              -120.5419655379429,
              39.93159059330816
            ],
            [
              -120.54185823693265,
              39.93160709343548
            ],
            [
              -120.54176216235933,
              39.93161765296908
            ],
            [
              -120.54166516060641,
              39.93161997823527
            ],
            [
              -120.54151779661129,
              39.93161723065981
            ],
            [
              -120.54147693662289,
              39.93162169006549
            ],
            [
              -120.54140851446907,
              39.9316270612869
            ],
            [
              -120.54133975602264,
              39.93162828955488
            ],
            [
              -120.54104550221342,
              39.93162466221417
            ],
            [
              -120.54085845673355,
              39.93163495668444
            ],
            [
              -120.5407791350742,
              39.93163655259914
            ],
            [
              -120.54069995057515,
              39.93163262429035
            ],
            [
              -120.54062155105514,
              39.931623203896656
            ],
            [
              -120.5405445779103,
              39.9316083684881
            ],
            [
              -120.54043727701311,
              39.93158366822983
            ],
            [
              -120.54036627845512,
              39.93156473918636
            ],
            [
              -120.54033795589459,
              39.931555026578856
            ],
            [
              -120.53957480773833,
              39.93178211002797
            ],
            [
              -120.53957943840106,
              39.93178347137852
            ],
            [
              -120.53967593773349,
              39.93181637106454
            ],
            [
              -120.53975296519548,
              39.93184619966331
            ],
            [
              -120.53982581715485,
              39.93188170531507
            ],
            [
              -120.53989378988307,
              39.93192254504975
            ],
            [
              -120.53995622677954,
              39.93196832437127
            ],
            [
              -120.54001252471416,
              39.93201860106814
            ],
            [
              -120.54006213985339,
              39.93207288948469
            ],
            [
              -120.54010459291385,
              39.9321306652121
            ],
            [
              -120.54015289357905,
              39.932204664907886
            ],
            [
              -120.5401864780493,
              39.93226279163386
            ],
            [
              -120.54021280924823,
              39.9323230931848
            ],
            [
              -120.54023165352578,
              39.93238503451959
            ],
            [
              -120.54023601280053,
              39.932409589352154
            ],
            [
              -120.54029759060604,
              39.93241257308603
            ],
            [
              -120.54038078423847,
              39.93242283878526
            ],
            [
              -120.54046231502448,
              39.93243920097663
            ],
            [
              -120.54054143096322,
              39.93246150874411
            ],
            [
              -120.54061740232505,
              39.93248955633233
            ],
            [
              -120.54068952838198,
              39.93252308504428
            ],
            [
              -120.54075714387038,
              39.93256178562717
            ],
            [
              -120.54081962512691,
              39.93260530112467
            ],
            [
              -120.54087639584088,
              39.932653230168945
            ],
            [
              -120.54092693236979,
              39.93270513068264
            ],
            [
              -120.5409707685696,
              39.93276052395596
            ],
            [
              -120.54100750009438,
              39.93281889906212
            ],
            [
              -120.54103678812655,
              39.93287971756945
            ],
            [
              -120.54106898900736,
              39.932957917365464
            ],
            [
              -120.54109118803409,
              39.93302288326193
            ],
            [
              -120.54110489389349,
              39.933089225500844
            ],
            [
              -120.54110997096603,
              39.93315628774585
            ],
            [
              -120.54110636899779,
              39.93322340653553
            ],
            [
              -120.54109412359863,
              39.93328991784712
            ],
            [
              -120.54107335589094,
              39.933355163665894
            ],
            [
              -120.54104427131227,
              39.93341849849524
            ],
            [
              -120.54100715758376,
              39.93347929574285
            ],
            [
              -120.54096238186439,
              39.93353695392002
            ],
            [
              -120.54091038711927,
              39.93359090259262
            ],
            [
              -120.54085168773764,
              39.93364060802493
            ],
            [
              -120.54077118768866,
              39.93370230845037
            ],
            [
              -120.54071727563363,
              39.933740321004315
            ],
            [
              -120.54070491794495,
              39.93374767651915
            ],
            [
              -120.54091261558565,
              39.93380975599987
            ],
            [
              -120.54094217207074,
              39.93381485431818
            ],
            [
              -120.54108672060372,
              39.933765388286126
            ],
            [
              -120.54125279850639,
              39.933690483449396
            ],
            [
              -120.54137208212155,
              39.93361284830165
            ],
            [
              -120.54143967496717,
              39.93357301857571
            ],
            [
              -120.54163287406526,
              39.93347021937405
            ],
            [
              -120.54173481385735,
              39.933423485956155
            ],
            [
              -120.54198405711219,
              39.933326154555985
            ],
            [
              -120.54205235431962,
              39.9332912343443
            ],
            [
              -120.54212896986506,
              39.933234463008944
            ],
            [
              -120.54246341200844,
              39.93293975783706
            ],
            [
              -120.54252304736289,
              39.932892131742506
            ],
            [
              -120.54258844879753,
              39.932849225326784
            ],
            [
              -120.5427547481932,
              39.93275052607168
            ],
            [
              -120.5428323922886,
              39.932709367335036
            ],
            [
              -120.54291532478848,
              39.93267485989702
            ],
            [
              -120.54301722405107,
              39.93263776020211
            ],
            [
              -120.54309444572363,
              39.9326130397775
            ],
            [
              -120.54317437412556,
              39.932594092334966
            ],
            [
              -120.54325628291306,
              39.932581090058356
            ],
            [
              -120.54333942774718,
              39.93257415110529
            ],
            [
              -120.54342305305725,
              39.932573338533494
            ],
            [
              -120.54350639890657,
              39.932578659727845
            ],
            [
              -120.5435887078976,
              39.932590066333134
            ],
            [
              -120.54366923205424,
              39.93260745469353
            ],
            [
              -120.54374723961833,
              39.93263066679442
            ],
            [
              -120.5438438389495,
              39.93266356648039
            ],
            [
              -120.5439203651873,
              39.93269314768933
            ],
            [
              -120.54399278079497,
              39.93272833146612
            ],
            [
              -120.54406039585008,
              39.932768782609735
            ],
            [
              -120.54412256616251,
              39.932814115735276
            ],
            [
              -120.5441786994117,
              39.932863898945435
            ],
            [
              -120.54422826078985,
              39.93291765794502
            ],
            [
              -120.54427077809746,
              39.9329748805593
            ],
            [
              -120.54430584624257,
              39.933035021613534
            ],
            [
              -120.5443331311005,
              39.933097508126664
            ],
            [
              -120.5443523726981,
              39.93316174477014
            ],
            [
              -120.54436338769115,
              39.93322711953957
            ],
            [
              -120.54436607111204,
              39.933293009585576
            ],
            [
              -120.5443603973708,
              39.933358787147704
            ],
            [
              -120.54434642049972,
              39.93342382553541
            ],
            [
              -120.54432722024526,
              39.93347903263842
            ],
            [
              -120.54558897277674,
              39.93374818803215
            ],
            [
              -120.54565784278812,
              39.93371917820319
            ],
            [
              -120.54585094138662,
              39.93364917877909
            ],
            [
              -120.54594463756479,
              39.933620159660805
            ],
            [
              -120.54667423135321,
              39.9334309612234
            ],
            [
              -120.54674885462502,
              39.93341440189914
            ],
            [
              -120.54682508777758,
              39.93340298779912
            ],
            [
              -120.54693238674427,
              39.93339068788662
            ],
            [
              -120.54702546633763,
              39.93338389553988
            ],
            [
              -120.54745565495854,
              39.933370243245314
            ],
            [
              -120.54755127591802,
              39.93331451788502
            ],
            [
              -120.54762442345192,
              39.93327619719478
            ],
            [
              -120.54770221275646,
              39.93324374322219
            ],
            [
              -120.54778385263843,
              39.93321748605425
            ],
            [
              -120.54786851274383,
              39.93319769275055
            ],
            [
              -120.5479758117631,
              39.93317709291602
            ],
            [
              -120.54806206389506,
              39.93316402793951
            ],
            [
              -120.54814958140065,
              39.93315767336954
            ],
            [
              -120.54823748562764,
              39.93315809300504
            ],
            [
              -120.54832489404133,
              39.93316528263378
            ],
            [
              -120.54841092908426,
              39.93317917007457
            ],
            [
              -120.54851282820138,
              39.93319976985332
            ],
            [
              -120.54859647787056,
              39.93322017303525
            ],
            [
              -120.54867706163891,
              39.93324690693488
            ],
            [
              -120.5486785001796,
              39.93324752196648
            ],
            [
              -120.5487566993025,
              39.93324752193338
            ],
            [
              -120.54883677381285,
              39.933250340941846
            ],
            [
              -120.54891617987448,
              39.93325877455651
            ],
            [
              -120.54899425460813,
              39.93327275237445
            ],
            [
              -120.54900372625767,
              39.933274803362956
            ],
            [
              -120.5491143449028,
              39.93324603889077
            ],
            [
              -120.54920311689102,
              39.93322689111766
            ],
            [
              -120.54929400881427,
              39.933215020440144
            ],
            [
              -120.54938601701889,
              39.93321055793832
            ],
            [
              -120.54947812552578,
              39.93321355288926
            ],
            [
              -120.54956931724817,
              39.9332239722228
            ],
            [
              -120.54965858522148,
              39.93324170088669
            ],
            [
              -120.5497604843836,
              39.93326640063132
            ],
            [
              -120.54984414588385,
              39.933290344080376
            ],
            [
              -120.54992421428686,
              39.93332070755412
            ],
            [
              -120.54999986084545,
              39.933357176778436
            ],
            [
              -120.55007030257673,
              39.93339937428155
            ],
            [
              -120.55015080246467,
              39.93345287388276
            ],
            [
              -120.55021323158716,
              39.93349867431804
            ],
            [
              -120.55026951807406,
              39.93354897192139
            ],
            [
              -120.55031911805231,
              39.9336032807011
            ],
            [
              -120.5503615522527,
              39.93366107590677
            ],
            [
              -120.55039641064106,
              39.93372179909952
            ],
            [
              -120.55042335638085,
              39.9337848635476
            ],
            [
              -120.55044212908838,
              39.93384965989537
            ],
            [
              -120.55045254734976,
              39.93391556205105
            ],
            [
              -120.55045451047444,
              39.93398193323624
            ],
            [
              -120.5504479994692,
              39.93404813213868
            ],
            [
              -120.55043307722264,
              39.93411351910898
            ],
            [
              -120.5504098878983,
              39.93417746234133
            ],
            [
              -120.55037865554276,
              39.93423934397844
            ],
            [
              -120.55033575620419,
              39.934313344292896
            ],
            [
              -120.5502948963929,
              39.93437510077871
            ],
            [
              -120.5502460302967,
              39.93443330854305
            ],
            [
              -120.5501896724808,
              39.93448735462946
            ],
            [
              -120.54989457281265,
              39.93474235629567
            ],
            [
              -120.54980810317623,
              39.9348074313966
            ],
            [
              -120.54957676180005,
              39.93495899447414
            ],
            [
              -120.54948804801509,
              39.935027010616125
            ],
            [
              -120.54943909637778,
              39.93508018475562
            ],
            [
              -120.54924383408333,
              39.935373424337726
            ],
            [
              -120.54912831525365,
              39.93565475663382
            ]
          ],
          [
            [
              -120.50008609640194,
              39.8954187468708
            ],
            [
              -120.49995132673037,
              39.89544636455542
            ],
            [
              -120.49993202374355,
              39.89544962926514
            ],
            [
              -120.50001368183892,
              39.89544393319857
            ],
            [
              -120.5000791425522,
              39.89542220091428
            ],
            [
              -120.50008609640194,
              39.8954187468708
            ]
          ],
          [
            [
              -120.49373036871697,
              39.89084817997381
            ],
            [
              -120.49371886219332,
              39.89085557750071
            ],
            [
              -120.49349942965083,
              39.8909826220594
            ],
            [
              -120.49330914385139,
              39.89114261028747
            ],
            [
              -120.49333758617406,
              39.89113284109249
            ],
            [
              -120.4934162436322,
              39.89109044147625
            ],
            [
              -120.49353110985984,
              39.89100763438407
            ],
            [
              -120.49373036871697,
              39.89084817997381
            ]
          ],
          [
            [
              -120.53180567553899,
              39.912739563609726
            ],
            [
              -120.53177483706317,
              39.91273995716163
            ],
            [
              -120.5317752974498,
              39.91275398495883
            ],
            [
              -120.53180567553899,
              39.912739563609726
            ]
          ],
          [
            [
              -120.5398818150371,
              39.92958687035502
            ],
            [
              -120.53966532254016,
              39.92962695367794
            ],
            [
              -120.53957842539717,
              39.9296395144541
            ],
            [
              -120.53949032730353,
              39.92964527735672
            ],
            [
              -120.53940192317616,
              39.92964418384598
            ],
            [
              -120.5390800200469,
              39.929627683590205
            ],
            [
              -120.53899953564273,
              39.92962067277849
            ],
            [
              -120.53892023424426,
              39.929607976818346
            ],
            [
              -120.53847023570408,
              39.929519066830345
            ],
            [
              -120.5384265963041,
              39.929563388050966
            ],
            [
              -120.53836719508405,
              39.9296175580247
            ],
            [
              -120.53830074544393,
              39.92966663583708
            ],
            [
              -120.53822024525033,
              39.929720136226564
            ],
            [
              -120.53813713611868,
              39.929769028546616
            ],
            [
              -120.53795473522668,
              39.92986362928546
            ],
            [
              -120.53787906163248,
              39.92989874606844
            ],
            [
              -120.53779918338329,
              39.92992782426823
            ],
            [
              -120.53771591082975,
              39.92995056889077
            ],
            [
              -120.53760860988488,
              39.92997526909309
            ],
            [
              -120.53755650101706,
              39.92998436790948
            ],
            [
              -120.5375586342154,
              39.92998712978788
            ],
            [
              -120.53761233488717,
              39.93006522945157
            ],
            [
              -120.53765013498241,
              39.93012772435064
            ],
            [
              -120.53767946302708,
              39.930192860261705
            ],
            [
              -120.53770001342693,
              39.930259958532574
            ],
            [
              -120.53771157204015,
              39.930328320063055
            ],
            [
              -120.53771401840953,
              39.93039723258897
            ],
            [
              -120.53770732701871,
              39.930465978103065
            ],
            [
              -120.53769156755901,
              39.93053384033611
            ],
            [
              -120.53768740516023,
              39.93054502495643
            ],
            [
              -120.53768927760618,
              39.93054502495748
            ],
            [
              -120.53792503072508,
              39.93043249717964
            ],
            [
              -120.53798766753748,
              39.93040527098009
            ],
            [
              -120.53818616618399,
              39.93032707161861
            ],
            [
              -120.53825987410403,
              39.93030126562457
            ],
            [
              -120.53833635863629,
              39.93028080152465
            ],
            [
              -120.53841496819679,
              39.93026585365592
            ],
            [
              -120.53852226718593,
              39.930249453782245
            ],
            [
              -120.5386075235207,
              39.93023974566618
            ],
            [
              -120.53869360577033,
              39.93023652472772
            ],
            [
              -120.53877968314362,
              39.93023982205328
            ],
            [
              -120.53886492489623,
              39.9302496058207
            ],
            [
              -120.53894850834772,
              39.93026578160618
            ],
            [
              -120.53902962682045,
              39.930288193295546
            ],
            [
              -120.53907994777924,
              39.93030656596283
            ],
            [
              -120.5397340652534,
              39.93011588448977
            ],
            [
              -120.53976163918158,
              39.93005252146669
            ],
            [
              -120.53981282215949,
              39.92987430661263
            ],
            [
              -120.53983460135977,
              39.929743884988135
            ],
            [
              -120.53985908725855,
              39.9296502362298
            ],
            [
              -120.5398818150371,
              39.92958687035502
            ]
          ]
        ]
      }
    }
  ]
}