{
  "type": "FeatureCollection",
  "features": [
    {
      "type": "Feature",
      "properties": {
        "reservoir_name": "FRENCHMAN DAM",
        "cdec_station_id": "FRD",
        "source": "osm_tight_polygon_75m_buffer"
      },
      "geometry": {
        "type": "Polygon",
        "coordinates": [
          [
            [
              -120.21850631467616,
              39.92487209462508
            ],
            [
              -120.218511254488,
              39.92488198040038
            ],
            [
              -120.21854185530587,
              39.92495478020936
            ],
            [
              -120.2185650140591,
              39.925021271090976
            ],
            [
              -120.21857926004094,
              39.92508923181456
            ],
            [
              -120.2185844451726,
              39.925157956095376
            ],
            [
              -120.21858051553994,
              39.925226729711284
            ],
            [
              -120.21856751195489,
              39.925294837925264
            ],
            [
              -120.21854556953247,
              39.9253615729135
            ],
            [
              -120.21851491628756,
              39.9254262411217
            ],
            [
              -120.21847587076626,
              39.925488170473045
            ],
            [
              -120.21842883873632,
              39.92554671735315
            ],
            [
              -120.21837430897064,
              39.925601273299314
            ],
            [
              -120.21831284816822,
              39.92565127132434
            ],
            [
              -120.2182593481017,
              39.92569057159999
            ],
            [
              -120.21819508046143,
              39.925733398770966
            ],
            [
              -120.21812573016794,
              39.925771235239736
            ],
            [
              -120.21805194853846,
              39.92580372565415
            ],
            [
              -120.21797442851145,
              39.925830564870715
            ],
            [
              -120.21789389813846,
              39.925851500820784
            ],
            [
              -120.21781111374574,
              39.92586633687804
            ],
            [
              -120.2177268528307,
              39.925874933705295
            ],
            [
              -120.21757435133483,
              39.925884733749385
            ],
            [
              -120.21747400634835,
              39.92588674419656
            ],
            [
              -120.21724540410888,
              39.92588124406591
            ],
            [
              -120.21719631634129,
              39.92587900111871
            ],
            [
              -120.21718082890725,
              39.92587795731897
            ],
            [
              -120.21715017732204,
              39.92592663511722
            ],
            [
              -120.2171071949726,
              39.92598111687713
            ],
            [
              -120.2170577315496,
              39.92603223545254
            ],
            [
              -120.21699683169196,
              39.926089335811625
            ],
            [
              -120.21697093898608,
              39.92611129104851
            ],
            [
              -120.21699363979327,
              39.926135661425654
            ],
            [
              -120.2170376709369,
              39.92618785159904
            ],
            [
              -120.21707527446743,
              39.926242941057176
            ],
            [
              -120.21710613098347,
              39.926300461898414
            ],
            [
              -120.21712997838729,
              39.92635992556892
            ],
            [
              -120.21714661411158,
              39.92642082701208
            ],
            [
              -120.21715589684031,
              39.92648264895812
            ],
            [
              -120.21715774770992,
              39.92654486631753
            ],
            [
              -120.21715215097967,
              39.926606950640846
            ],
            [
              -120.21714405164636,
              39.92666075072432
            ],
            [
              -120.217132173534,
              39.92671802059114
            ],
            [
              -120.21711395653547,
              39.92677429454918
            ],
            [
              -120.21706085803893,
              39.926912694984054
            ],
            [
              -120.21702536379212,
              39.92698831228911
            ],
            [
              -120.2169784472998,
              39.92706014552798
            ],
            [
              -120.21690184798786,
              39.9271618460503
            ],
            [
              -120.21685373999107,
              39.92721889056694
            ],
            [
              -120.21679842264841,
              39.927271919906744
            ],
            [
              -120.2167364571324,
              39.92732039609372
            ],
            [
              -120.21666847206455,
              39.92736382734213
            ],
            [
              -120.21659515713803,
              39.92740177304588
            ],
            [
              -120.21651725612081,
              39.92743384824876
            ],
            [
              -120.21643555930983,
              39.927459727550065
            ],
            [
              -120.21632905841436,
              39.92748872778655
            ],
            [
              -120.21625006219634,
              39.92750706909594
            ],
            [
              -120.21616917688227,
              39.92751961416166
            ],
            [
              -120.2160871182918,
              39.927526251962874
            ],
            [
              -120.21600461262858,
              39.927526923757014
            ],
            [
              -120.21592239005294,
              39.92752162359953
            ],
            [
              -120.21584117821955,
              39.9275103983966
            ],
            [
              -120.21576169583723,
              39.92749334748984
            ],
            [
              -120.21568464630803,
              39.92747062177718
            ],
            [
              -120.21561071150171,
              39.927442422377176
            ],
            [
              -120.21554054572107,
              39.92740899884909
            ],
            [
              -120.21551698278631,
              39.92739655792094
            ],
            [
              -120.21534242341053,
              39.927319944497334
            ],
            [
              -120.21527763336233,
              39.92728854740473
            ],
            [
              -120.21473418899178,
              39.926998953325345
            ],
            [
              -120.21471848640863,
              39.92699085340665
            ],
            [
              -120.21470071703385,
              39.92703847608392
            ],
            [
              -120.21467156505618,
              39.927096109098635
            ],
            [
              -120.21463568618626,
              39.92715144683016
            ],
            [
              -120.21459338139911,
              39.92720402504643
            ],
            [
              -120.2144638821206,
              39.927349625875365
            ],
            [
              -120.2144207256194,
              39.92739410822871
            ],
            [
              -120.21437296846706,
              39.92743571062639
            ],
            [
              -120.21429666846308,
              39.92749691104052
            ],
            [
              -120.21427235509722,
              39.927514309355594
            ],
            [
              -120.21427831544916,
              39.92753622170818
            ],
            [
              -120.21428763921514,
              39.92760562407431
            ],
            [
              -120.21428761138867,
              39.92767539667829
            ],
            [
              -120.2142782322384,
              39.927744794620935
            ],
            [
              -120.21425960186936,
              39.92781307700082
            ],
            [
              -120.21422890286925,
              39.92790237725855
            ],
            [
              -120.21420226511535,
              39.92796668028277
            ],
            [
              -120.2141674226579,
              39.928028614841494
            ],
            [
              -120.21412472356383,
              39.928087562187464
            ],
            [
              -120.21407459439362,
              39.928142933415245
            ],
            [
              -120.21401753594063,
              39.92819417534492
            ],
            [
              -120.21385505673192,
              39.928326129647594
            ],
            [
              -120.21374595173928,
              39.92842782450154
            ],
            [
              -120.21372272403352,
              39.92874554994803
            ],
            [
              -120.21371528772502,
              39.928803138224
            ],
            [
              -120.21370778821921,
              39.92884353829686
            ],
            [
              -120.21370553236503,
              39.928854988664504
            ],
            [
              -120.21365423195996,
              39.92910112538157
            ],
            [
              -120.21371845875952,
              39.929696420020754
            ],
            [
              -120.21380778997825,
              39.93011144150124
            ],
            [
              -120.21395937806952,
              39.93030989216188
            ],
            [
              -120.21414101025856,
              39.93044135426397
            ],
            [
              -120.21425308880796,
              39.930446454733406
            ],
            [
              -120.21432627665234,
              39.93043543837414
            ],
            [
              -120.21435799621942,
              39.93042062209957
            ],
            [
              -120.21443503598323,
              39.9303549284866
            ],
            [
              -120.21459743555415,
              39.93011875969142
            ],
            [
              -120.21460730263244,
              39.930101449367555
            ],
            [
              -120.21464496023795,
              39.93004318789613
            ],
            [
              -120.21468972746598,
              39.92998798760585
            ],
            [
              -120.21474118854468,
              39.929936361145074
            ],
            [
              -120.21479886553935,
              39.92988878797084
            ],
            [
              -120.21492116541825,
              39.92979718860852
            ],
            [
              -120.21498742214764,
              39.92975233050674
            ],
            [
              -120.21505919741574,
              39.92971282398918
            ],
            [
              -120.21513576494002,
              39.92967906881219
            ],
            [
              -120.21521634995001,
              39.929651406535314
            ],
            [
              -120.2153001370264,
              39.929630117065656
            ],
            [
              -120.21538627835169,
              39.929615415825545
            ],
            [
              -120.21547390228832,
              39.92960745157307
            ],
            [
              -120.21556212219764,
              39.92960630489683
            ],
            [
              -120.21565004541094,
              39.92961198740059
            ],
            [
              -120.21573678226115,
              39.92962444158581
            ],
            [
              -120.21582098151863,
              39.929639941412916
            ],
            [
              -120.21590136787856,
              39.92965790068492
            ],
            [
              -120.21597916468053,
              39.92968167722037
            ],
            [
              -120.21605366347312,
              39.92971105450148
            ],
            [
              -120.21612418583535,
              39.929745765007475
            ],
            [
              -120.21619008955442,
              39.929785492650545
            ],
            [
              -120.21625077447368,
              39.92982987565407
            ],
            [
              -120.21630568795787,
              39.929878509846816
            ],
            [
              -120.21635432992589,
              39.92993095234334
            ],
            [
              -120.21639625740494,
              39.92998672557684
            ],
            [
              -120.21657135971319,
              39.93024762448533
            ],
            [
              -120.21659809128867,
              39.93029119975652
            ],
            [
              -120.21663629197572,
              39.93035969951592
            ],
            [
              -120.21666605181612,
              39.930421131689506
            ],
            [
              -120.21668793276629,
              39.93048449620318
            ],
            [
              -120.21670172852497,
              39.93054919569888
            ],
            [
              -120.21670912915422,
              39.93059889566516
            ],
            [
              -120.2167145560382,
              39.930658728802264
            ],
            [
              -120.21671306516065,
              39.93071869664452
            ],
            [
              -120.21670466826545,
              39.93077832608795
            ],
            [
              -120.2166894315806,
              39.930837146697165
            ],
            [
              -120.21666747529615,
              39.93089469441674
            ],
            [
              -120.21662977616876,
              39.93097939471514
            ],
            [
              -120.21659150149326,
              39.93105152143819
            ],
            [
              -120.21658859528478,
              39.93105620610283
            ],
            [
              -120.21660113280866,
              39.931109896795306
            ],
            [
              -120.21660793517468,
              39.93117781253658
            ],
            [
              -120.21660581528157,
              39.93124591032531
            ],
            [
              -120.21659841624353,
              39.93132231041388
            ],
            [
              -120.21658831579636,
              39.93138582604813
            ],
            [
              -120.21657122178001,
              39.931445625094696
            ],
            [
              -120.21662319553393,
              39.9314910933474
            ],
            [
              -120.21667258781233,
              39.93154374837486
            ],
            [
              -120.21671518076874,
              39.9315998129085
            ],
            [
              -120.2167505803603,
              39.93165876829822
            ],
            [
              -120.21677845908692,
              39.93172006914929
            ],
            [
              -120.21679855902187,
              39.93178314836764
            ],
            [
              -120.21681069419823,
              39.93184742240589
            ],
            [
              -120.2168147523303,
              39.93191229666169
            ],
            [
              -120.21681475325188,
              39.931984396693345
            ],
            [
              -120.21681129330716,
              39.93204432197558
            ],
            [
              -120.21680093923428,
              39.93210377445211
            ],
            [
              -120.21678377271758,
              39.93216228499522
            ],
            [
              -120.21675992919795,
              39.93221939190864
            ],
            [
              -120.2167295968047,
              39.932274644570796
            ],
            [
              -120.21669119732856,
              39.93233674484975
            ],
            [
              -120.216649191263,
              39.932396686464415
            ],
            [
              -120.2165995555403,
              39.932453065691696
            ],
            [
              -120.21654279508785,
              39.93250530898528
            ],
            [
              -120.21647948731687,
              39.932552884872635
            ],
            [
              -120.21641027624877,
              39.932595309362
            ],
            [
              -120.21633586596343,
              39.93263215086642
            ],
            [
              -120.21625701343653,
              39.932663034594526
            ],
            [
              -120.21616584500342,
              39.93269439240147
            ],
            [
              -120.21619581087427,
              39.932704385675414
            ],
            [
              -120.2162715468007,
              39.93273681757841
            ],
            [
              -120.21634275592793,
              39.93277484463022
            ],
            [
              -120.21640874314795,
              39.932818095634815
            ],
            [
              -120.21646886432222,
              39.932866148402304
            ],
            [
              -120.21652253256937,
              39.93291853386979
            ],
            [
              -120.2165692239941,
              39.932974740679875
            ],
            [
              -120.2166084828015,
              39.93303422017191
            ],
            [
              -120.21663992574695,
              39.93309639173749
            ],
            [
              -120.21666324587765,
              39.93316064848795
            ],
            [
              -120.21667794648035,
              39.93321054840074
            ],
            [
              -120.21669280190216,
              39.933275561437306
            ],
            [
              -120.2166993407228,
              39.93334138044577
            ],
            [
              -120.21669750043313,
              39.93340737645865
            ],
            [
              -120.21668729859499,
              39.93347291881522
            ],
            [
              -120.21666883267423,
              39.933537381188096
            ],
            [
              -120.21664227911027,
              39.933600147568654
            ],
            [
              -120.21660789163079,
              39.93366061815376
            ],
            [
              -120.21656599882783,
              39.93371821507769
            ],
            [
              -120.21643669977927,
              39.93387721593524
            ],
            [
              -120.21639200630769,
              39.93392705754291
            ],
            [
              -120.21634169159924,
              39.93397361596142
            ],
            [
              -120.21631853105947,
              39.933991508673955
            ],
            [
              -120.21633156502448,
              39.93404067373411
            ],
            [
              -120.21634498847648,
              39.93410898013422
            ],
            [
              -120.2163492760523,
              39.93417798487704
            ],
            [
              -120.2163443828494,
              39.934246965739526
            ],
            [
              -120.21632163394277,
              39.934411984961926
            ],
            [
              -120.21627558275577,
              39.93475660407179
            ],
            [
              -120.21626483114177,
              39.93481330405637
            ],
            [
              -120.21624787384144,
              39.9348690982037
            ],
            [
              -120.21622483294267,
              39.9349235847627
            ],
            [
              -120.21619463356012,
              39.934985884996884
            ],
            [
              -120.21616161453778,
              39.93504518575032
            ],
            [
              -120.21612139447176,
              39.935101789988934
            ],
            [
              -120.2160743405126,
              39.93515518097507
            ],
            [
              -120.21602088220011,
              39.93520487130365
            ],
            [
              -120.21596150754257,
              39.935250407351916
            ],
            [
              -120.21589675856177,
              39.935291373420846
            ],
            [
              -120.21588175850117,
              39.93529997348621
            ],
            [
              -120.21584831854646,
              39.9353168528958
            ],
            [
              -120.21588696941052,
              39.93535801546792
            ],
            [
              -120.21593014775807,
              39.935414983312235
            ],
            [
              -120.2159659007679,
              39.93547492208524
            ],
            [
              -120.21600390152456,
              39.935547821845766
            ],
            [
              -120.21603136048405,
              39.935608773082315
            ],
            [
              -120.21605113853026,
              39.93567146329398
            ],
            [
              -120.21606305512739,
              39.93573532030671
            ],
            [
              -120.21606700149002,
              39.93579976129544
            ],
            [
              -120.21606294157704,
              39.93586419810343
            ],
            [
              -120.21605091242117,
              39.93592804261055
            ],
            [
              -120.21601251422621,
              39.93608024295626
            ],
            [
              -120.21599396789203,
              39.93613938099607
            ],
            [
              -120.21592506989376,
              39.93632248156296
            ],
            [
              -120.21589584578713,
              39.936387536285686
            ],
            [
              -120.21585817010981,
              39.936449962764456
            ],
            [
              -120.21581243433296,
              39.93650911231739
            ],
            [
              -120.21575911368494,
              39.93656437031207
            ],
            [
              -120.21569876221366,
              39.936615162552684
            ],
            [
              -120.21563200702985,
              39.93666096124677
            ],
            [
              -120.21555954179075,
              39.936701290490035
            ],
            [
              -120.21543044111057,
              39.936765690995145
            ],
            [
              -120.21536110799927,
              39.936796904029684
            ],
            [
              -120.21528835676581,
              39.93682310447211
            ],
            [
              -120.21526357549367,
              39.936829981429966
            ],
            [
              -120.21526512490914,
              39.936843222907555
            ],
            [
              -120.21526420173029,
              39.93691093861422
            ],
            [
              -120.2152544725815,
              39.93697824263188
            ],
            [
              -120.21523603528398,
              39.9370444580793
            ],
            [
              -120.2152090752388,
              39.93710891902116
            ],
            [
              -120.21517386356342,
              39.93717097716571
            ],
            [
              -120.2151307543657,
              39.93723000838474
            ],
            [
              -120.21508018118337,
              39.93728541899087
            ],
            [
              -120.21502265262447,
              39.93733665170865
            ],
            [
              -120.21495874725255,
              39.9373831912794
            ],
            [
              -120.21488910776816,
              39.937424569643696
            ],
            [
              -120.21474400708868,
              39.93750217024354
            ],
            [
              -120.21466817439955,
              39.93753846577986
            ],
            [
              -120.21458794113562,
              39.93756863873258
            ],
            [
              -120.21450413868949,
              39.93759237644274
            ],
            [
              -120.21441763544131,
              39.937609432934856
            ],
            [
              -120.21424253379095,
              39.9376367331398
            ],
            [
              -120.21416407347769,
              39.93764614308992
            ],
            [
              -120.21408482920016,
              39.93765005283798
            ],
            [
              -120.21402856349559,
              39.93764890278252
            ],
            [
              -120.21403368954428,
              39.9376770942564
            ],
            [
              -120.21403705684813,
              39.93774525577535
            ],
            [
              -120.21403147406309,
              39.93781333104858
            ],
            [
              -120.214016998127,
              39.93788062546713
            ],
            [
              -120.21399377672037,
              39.937946452387514
            ],
            [
              -120.21397107728232,
              39.93799995256927
            ],
            [
              -120.2139432367973,
              39.938056774001915
            ],
            [
              -120.21390887717526,
              39.93811144025943
            ],
            [
              -120.21386827629865,
              39.93816350920648
            ],
            [
              -120.21382176253086,
              39.93821255971364
            ],
            [
              -120.21375316271914,
              39.938278460123094
            ],
            [
              -120.21369733972358,
              39.938327098631085
            ],
            [
              -120.21363570862239,
              39.938371387192305
            ],
            [
              -120.21356883873572,
              39.93841091668228
            ],
            [
              -120.21349734778138,
              39.93844532193895
            ],
            [
              -120.21347088514331,
              39.938455480015335
            ],
            [
              -120.21346819974319,
              39.938489285635214
            ],
            [
              -120.21347748040705,
              39.93856105736275
            ],
            [
              -120.21353996545292,
              39.93876124636637
            ],
            [
              -120.21355663769859,
              39.93883029239816
            ],
            [
              -120.213563903853,
              39.93890029793804
            ],
            [
              -120.2135616852956,
              39.9389705057972
            ],
            [
              -120.21355000599374,
              39.93904015659619
            ],
            [
              -120.21352899224458,
              39.93910849697858
            ],
            [
              -120.21350285445078,
              39.93917731442248
            ],
            [
              -120.21349928489396,
              39.939188119965536
            ],
            [
              -120.2134742398796,
              39.939250955304
            ],
            [
              -120.21344137760113,
              39.939311618748704
            ],
            [
              -120.21340100937209,
              39.9393695355814
            ],
            [
              -120.2133535176194,
              39.93942415710361
            ],
            [
              -120.21329935226068,
              39.93947496583512
            ],
            [
              -120.21323902644222,
              39.93952148041689
            ],
            [
              -120.21317311167773,
              39.93956326017164
            ],
            [
              -120.21315811161713,
              39.939571860237
            ],
            [
              -120.2130954290625,
              39.93960465585362
            ],
            [
              -120.2130293029131,
              39.939633164259114
            ],
            [
              -120.21296022676536,
              39.9396571726523
            ],
            [
              -120.21288871623773,
              39.939676501822376
            ],
            [
              -120.2128062453766,
              39.93969575624656
            ],
            [
              -120.2127788998521,
              39.93970440328796
            ],
            [
              -120.21276421280157,
              39.939720023834305
            ],
            [
              -120.21271405831924,
              39.93976459259262
            ],
            [
              -120.21265904397525,
              39.93980562346183
            ],
            [
              -120.21262084389332,
              39.93983172364991
            ],
            [
              -120.21255727229223,
              39.93987124189738
            ],
            [
              -120.21248919958055,
              39.939906035524636
            ],
            [
              -120.21241721638397,
              39.93993580264596
            ],
            [
              -120.21234194726001,
              39.939960284987706
            ],
            [
              -120.21232714713739,
              39.93996448502202
            ],
            [
              -120.21224657116134,
              39.939984014294225
            ],
            [
              -120.21216392847437,
              39.93999748726107
            ],
            [
              -120.2120799854334,
              39.94000477898653
            ],
            [
              -120.21199552045452,
              39.94000582185421
            ],
            [
              -120.2119187197019,
              39.94000392180975
            ],
            [
              -120.21183748666778,
              39.93999899750364
            ],
            [
              -120.21181422052564,
              39.93999589542604
            ],
            [
              -120.21180357396085,
              39.9400059569489
            ],
            [
              -120.21180290400791,
              39.9400065037428
            ],
            [
              -120.21181323875088,
              39.940063351568334
            ],
            [
              -120.21181684148992,
              39.940128368735635
            ],
            [
              -120.21181229700203,
              39.94019335093151
            ],
            [
              -120.21179964747041,
              39.940257694643975
            ],
            [
              -120.21177901035358,
              39.94032080228913
            ],
            [
              -120.21175057729513,
              39.94038208776143
            ],
            [
              -120.21171461234468,
              39.940440981876996
            ],
            [
              -120.21167144950621,
              39.94049693766023
            ],
            [
              -120.21162148963657,
              39.94054943542389
            ],
            [
              -120.21156519672296,
              39.94059798759597
            ],
            [
              -120.21150309357392,
              39.940642143248205
            ],
            [
              -120.21143575696401,
              39.94068149228431
            ],
            [
              -120.21136381227687,
              39.94071566924905
            ],
            [
              -120.21130361189087,
              39.94074126945492
            ],
            [
              -120.21122632183966,
              39.94077042379416
            ],
            [
              -120.21114569213852,
              39.94079360763968
            ],
            [
              -120.2110624989699,
              39.940810597812046
            ],
            [
              -120.21097754319543,
              39.940821230755404
            ],
            [
              -120.21089164264582,
              39.94082540411203
            ],
            [
              -120.21080647785614,
              39.940823100794255
            ],
            [
              -120.21077975842807,
              39.94082966850755
            ],
            [
              -120.2107127500131,
              39.940843377867225
            ],
            [
              -120.21071678686361,
              39.94096305692545
            ],
            [
              -120.21074622255585,
              39.941092268476645
            ],
            [
              -120.21089567153108,
              39.94156974107063
            ],
            [
              -120.21102957072242,
              39.94192657120321
            ],
            [
              -120.21107922563979,
              39.94200510612105
            ],
            [
              -120.2112073130505,
              39.94220451465424
            ],
            [
              -120.21124293794524,
              39.94226795601467
            ],
            [
              -120.21126995161062,
              39.942333867998876
            ],
            [
              -120.21128807103976,
              39.94240156014676
            ],
            [
              -120.2112971063955,
              39.94247032334799
            ],
            [
              -120.21129696300004,
              39.94253943727025
            ],
            [
              -120.21129110950133,
              39.94262469985021
            ],
            [
              -120.21129115954884,
              39.94266374275741
            ],
            [
              -120.2113373312079,
              39.942732329282855
            ],
            [
              -120.21137266321414,
              39.942791671637515
            ],
            [
              -120.21140038616974,
              39.94285336262686
            ],
            [
              -120.21145398779757,
              39.94299436229554
            ],
            [
              -120.21147604364748,
              39.943067083172316
            ],
            [
              -120.21148753268935,
              39.943141233925765
            ],
            [
              -120.21148831438329,
              39.94321590772834
            ],
            [
              -120.21148053151278,
              39.943342559581296
            ],
            [
              -120.21164722006463,
              39.9435978271431
            ],
            [
              -120.21182998119458,
              39.94387650543868
            ],
            [
              -120.21185286244437,
              39.94391424505262
            ],
            [
              -120.21195986436778,
              39.9441059443786
            ],
            [
              -120.21199103178076,
              39.94417073603691
            ],
            [
              -120.21201343480655,
              39.94423763986412
            ],
            [
              -120.21202683889707,
              39.94430595548991
            ],
            [
              -120.21203110370641,
              39.94437496776263
            ],
            [
              -120.21203080451318,
              39.944438067792625
            ],
            [
              -120.21202581329803,
              39.94450757361253
            ],
            [
              -120.21201155193785,
              39.94457631459804
            ],
            [
              -120.21198817196232,
              39.94464356023159
            ],
            [
              -120.21195592180752,
              39.94470859588476
            ],
            [
              -120.211915144177,
              39.94477073041309
            ],
            [
              -120.2118662724006,
              39.944829303501066
            ],
            [
              -120.21180982583012,
              39.94488369267986
            ],
            [
              -120.21174640432062,
              39.94493331994272
            ],
            [
              -120.2115860040399,
              39.945046520749166
            ],
            [
              -120.2115270231115,
              39.94508461738759
            ],
            [
              -120.21146392951295,
              39.94511858683396
            ],
            [
              -120.21139720923318,
              39.945148167430546
            ],
            [
              -120.21129080851071,
              39.945190667774696
            ],
            [
              -120.21121897665184,
              39.94521626338648
            ],
            [
              -120.21114443982779,
              39.94523677144526
            ],
            [
              -120.21106780482005,
              39.94525202500132
            ],
            [
              -120.21098969549215,
              39.94526189988029
            ],
            [
              -120.21091074771049,
              39.945266315694155
            ],
            [
              -120.21081124672962,
              39.94526841568095
            ],
            [
              -120.21071590755506,
              39.94526643610366
            ],
            [
              -120.21062141094221,
              39.94525650254538
            ],
            [
              -120.21053469609572,
              39.94523985049925
            ],
            [
              -120.21053424850325,
              39.94528404759142
            ],
            [
              -120.21052548035073,
              39.945348671957284
            ],
            [
              -120.21050868320671,
              39.94541234851999
            ],
            [
              -120.21047038452201,
              39.945528548844706
            ],
            [
              -120.21046220494375,
              39.94555164100095
            ],
            [
              -120.21038561503515,
              39.94575368412993
            ],
            [
              -120.21037469608504,
              39.945959194891856
            ],
            [
              -120.21037062794854,
              39.946002149402034
            ],
            [
              -120.21034442777032,
              39.94619412115605
            ],
            [
              -120.21037863474956,
              39.946353020876444
            ],
            [
              -120.21038745276374,
              39.94640776778914
            ],
            [
              -120.21039043531475,
              39.946462886015645
            ],
            [
              -120.21039090334355,
              39.946933206989335
            ],
            [
              -120.21041502939457,
              39.94709368396882
            ],
            [
              -120.21041936962807,
              39.94713216321885
            ],
            [
              -120.21044045199812,
              39.947411642168724
            ],
            [
              -120.2104983340132,
              39.947764262709924
            ],
            [
              -120.2105046677147,
              39.94782423474163
            ],
            [
              -120.21050404014835,
              39.947884402633946
            ],
            [
              -120.21049645627856,
              39.94794428867122
            ],
            [
              -120.21048197630121,
              39.94800341737444
            ],
            [
              -120.21046071516623,
              39.948061319276476
            ],
            [
              -120.21043001591133,
              39.948132619521516
            ],
            [
              -120.21039745116079,
              39.948197013188775
            ],
            [
              -120.21035650671774,
              39.94825850830378
            ],
            [
              -120.21030761130433,
              39.94831646092998
            ],
            [
              -120.210251276904,
              39.94837026422403
            ],
            [
              -120.21018809340063,
              39.94841935479054
            ],
            [
              -120.2101187224021,
              39.94846321858201
            ],
            [
              -120.21007302221408,
              39.94848921878006
            ],
            [
              -120.20999813217522,
              39.94852742280536
            ],
            [
              -120.2099185582458,
              39.948559531574475
            ],
            [
              -120.20983513492423,
              39.94858520835867
            ],
            [
              -120.20974873708121,
              39.94860418388222
            ],
            [
              -120.20966027078411,
              39.94861625914644
            ],
            [
              -120.20957066379418,
              39.94862130751685
            ],
            [
              -120.20951432313608,
              39.948620033093285
            ],
            [
              -120.2094972499186,
              39.948636053276665
            ],
            [
              -120.20944083405797,
              39.94868409369409
            ],
            [
              -120.20937869878831,
              39.948727754107175
            ],
            [
              -120.20935573118904,
              39.948741025690055
            ],
            [
              -120.20935411908633,
              39.948751050213104
            ],
            [
              -120.20934041462428,
              39.94881269277451
            ],
            [
              -120.2093193593947,
              39.948873095168764
            ],
            [
              -120.20929113397348,
              39.94893173931282
            ],
            [
              -120.20926494307636,
              39.94897374700414
            ],
            [
              -120.20926798667323,
              39.949029206658636
            ],
            [
              -120.20926721434265,
              39.94909787525254
            ],
            [
              -120.2092573844975,
              39.94916612839478
            ],
            [
              -120.20921948666876,
              39.949345428751116
            ],
            [
              -120.20919290206186,
              39.94943350244632
            ],
            [
              -120.20911710412848,
              39.949625303063435
            ],
            [
              -120.20908999054075,
              39.94968402829644
            ],
            [
              -120.20906035310905,
              39.94973327586926
            ],
            [
              -120.20913710243376,
              39.94987095233899
            ],
            [
              -120.20916650400135,
              39.94993155204399
            ],
            [
              -120.20918823676871,
              39.949994038907825
            ],
            [
              -120.20921123776073,
              39.95007563877269
            ],
            [
              -120.20922491501737,
              39.95013823073612
            ],
            [
              -120.2092308961579,
              39.95020153454223
            ],
            [
              -120.20922912831877,
              39.95026499091423
            ],
            [
              -120.20921962709706,
              39.950328039225795
            ],
            [
              -120.20920247641368,
              39.950390122454365
            ],
            [
              -120.20917782777252,
              39.950450692102216
            ],
            [
              -120.20914589892264,
              39.95050921304259
            ],
            [
              -120.20910697193513,
              39.95056516824755
            ],
            [
              -120.20907607219283,
              39.95060496845613
            ],
            [
              -120.20902678770143,
              39.95066172227071
            ],
            [
              -120.20897031001371,
              39.95071435654893
            ],
            [
              -120.20890721627447,
              39.950762333407965
            ],
            [
              -120.20883815124368,
              39.95080516255946
            ],
            [
              -120.20876382070766,
              39.9508424063202
            ],
            [
              -120.20868498426623,
              39.95087368408514
            ],
            [
              -120.20860244756985,
              39.95089867621731
            ],
            [
              -120.20851705408603,
              39.950917127314455
            ],
            [
              -120.208429676479,
              39.95092884881927
            ],
            [
              -120.20835337573631,
              39.95093604886361
            ],
            [
              -120.20826989793623,
              39.950940829832795
            ],
            [
              -120.20818620806952,
              39.95093946639311
            ],
            [
              -120.20810306793184,
              39.95093197095614
            ],
            [
              -120.20802123431427,
              39.95091841175061
            ],
            [
              -120.20794145211397,
              39.9508989122012
            ],
            [
              -120.20786444755305,
              39.9508736498049
            ],
            [
              -120.20779092156779,
              39.95084285451526
            ],
            [
              -120.20772154342774,
              39.95080680664894
            ],
            [
              -120.20765694464355,
              39.950765834333936
            ],
            [
              -120.2076035446065,
              39.95072853406246
            ],
            [
              -120.20756372291032,
              39.9506989010011
            ],
            [
              -120.20747041397499,
              39.95062493908189
            ],
            [
              -120.20742546882504,
              39.95060089760434
            ],
            [
              -120.20735911923181,
              39.95056166758553
            ],
            [
              -120.20729792664316,
              39.950517751836124
            ],
            [
              -120.20722142671892,
              39.95045735142628
            ],
            [
              -120.2071588878673,
              39.9504023016356
            ],
            [
              -120.20710445006462,
              39.95034237002565
            ],
            [
              -120.20705875167071,
              39.950278259403994
            ],
            [
              -120.2070223285552,
              39.95021072158261
            ],
            [
              -120.20700067418016,
              39.95016349537662
            ],
            [
              -120.20678254706101,
              39.95000143900144
            ],
            [
              -120.20671208438995,
              39.94994248529528
            ],
            [
              -120.20665118811749,
              39.94987752454528
            ],
            [
              -120.20658288870212,
              39.94979472413125
            ],
            [
              -120.20654198985474,
              39.949739570393376
            ],
            [
              -120.20650800370805,
              39.94968170357197
            ],
            [
              -120.2064775043264,
              39.94962250337979
            ],
            [
              -120.20645029242301,
              39.94956127114544
            ],
            [
              -120.20643082136986,
              39.94949831526478
            ],
            [
              -120.20641926997875,
              39.9494342139612
            ],
            [
              -120.2064157443216,
              39.94936955597664
            ],
            [
              -120.20641763212296,
              39.94934264083131
            ],
            [
              -120.20627460101593,
              39.94932667899622
            ],
            [
              -120.20618340702055,
              39.949312669292254
            ],
            [
              -120.20609465191926,
              39.94929130947318
            ],
            [
              -120.20600933280983,
              39.949262839502396
            ],
            [
              -120.20592840818566,
              39.949227579220285
            ],
            [
              -120.20585278716725,
              39.94918592475086
            ],
            [
              -120.20578331928843,
              39.94913834405112
            ],
            [
              -120.20569181933205,
              39.94906864356798
            ],
            [
              -120.20563658874718,
              39.94902246751255
            ],
            [
              -120.20558716712252,
              39.94897254420702
            ],
            [
              -120.205543981397,
              39.9489193049381
            ],
            [
              -120.20550740463516,
              39.948863209637935
            ],
            [
              -120.20543080593892,
              39.94873070915589
            ],
            [
              -120.20540150155595,
              39.94867303245461
            ],
            [
              -120.20537918592566,
              39.948613531995605
            ],
            [
              -120.2053565867964,
              39.94854093186012
            ],
            [
              -120.2053398155147,
              39.94847096753431
            ],
            [
              -120.20533270144537,
              39.94840003342869
            ],
            [
              -120.20532500456316,
              39.94815663347811
            ],
            [
              -120.20532610462622,
              39.94810262191079
            ],
            [
              -120.20534140730328,
              39.947891322118004
            ],
            [
              -120.20534860218096,
              39.9478348348126
            ],
            [
              -120.2053619349742,
              39.94777901208636
            ],
            [
              -120.20546113885575,
              39.947443612948305
            ],
            [
              -120.20547311209208,
              39.94740771441579
            ],
            [
              -120.20562017487154,
              39.94701218920299
            ],
            [
              -120.20570047639946,
              39.94675056792338
            ],
            [
              -120.20569197360274,
              39.94662604326024
            ],
            [
              -120.20569116433538,
              39.94657021843289
            ],
            [
              -120.2056963491714,
              39.946514532941464
            ],
            [
              -120.20571155045295,
              39.94641133309935
            ],
            [
              -120.2057237113483,
              39.946352275003406
            ],
            [
              -120.20574261238683,
              39.94629427646749
            ],
            [
              -120.20576810534672,
              39.94623779226465
            ],
            [
              -120.2058141061995,
              39.946148792615816
            ],
            [
              -120.20584553173356,
              39.94609496751662
            ],
            [
              -120.20588294251856,
              39.94604345961988
            ],
            [
              -120.20598224327635,
              39.945919760281996
            ],
            [
              -120.20600267738936,
              39.945896502880075
            ],
            [
              -120.20601369426078,
              39.94578258012029
            ],
            [
              -120.20602996290486,
              39.94569406691481
            ],
            [
              -120.20606776453222,
              39.94555536724939
            ],
            [
              -120.2060955815652,
              39.945477067041985
            ],
            [
              -120.20615133557183,
              39.94535056864411
            ],
            [
              -120.20615802696045,
              39.94532216698085
            ],
            [
              -120.20612857673943,
              39.94528113536219
            ],
            [
              -120.20609358375071,
              39.94522673958357
            ],
            [
              -120.20606507833972,
              39.94517014495317
            ],
            [
              -120.20604329081364,
              39.94511180875576
            ],
            [
              -120.20600519228279,
              39.94498930852737
            ],
            [
              -120.20598625585473,
              39.94490529749143
            ],
            [
              -120.20594015998341,
              39.94457989728859
            ],
            [
              -120.20593765894716,
              39.94455932568977
            ],
            [
              -120.20588654692601,
              39.94405602034747
            ],
            [
              -120.20587887864491,
              39.94401379268372
            ],
            [
              -120.20582545401255,
              39.943819496423615
            ],
            [
              -120.20578138952479,
              39.94367015500398
            ],
            [
              -120.20576613719875,
              39.94360286165957
            ],
            [
              -120.20575979562255,
              39.94353472654469
            ],
            [
              -120.2057624296644,
              39.94346644690282
            ],
            [
              -120.20577719950084,
              39.94332515010881
            ],
            [
              -120.20579195943279,
              39.943134363542896
            ],
            [
              -120.20580544626198,
              39.94305000963745
            ],
            [
              -120.20590274654006,
              39.94265073641325
            ],
            [
              -120.20598799389958,
              39.94224576577259
            ],
            [
              -120.20601041436286,
              39.9420670102079
            ],
            [
              -120.20600648827416,
              39.94196122428789
            ],
            [
              -120.20597089254208,
              39.941828930290065
            ],
            [
              -120.20591602125701,
              39.941698666845916
            ],
            [
              -120.20580442468423,
              39.94153292483764
            ],
            [
              -120.2057625159986,
              39.94146058756403
            ],
            [
              -120.20573189947656,
              39.94138497067133
            ],
            [
              -120.20568650115393,
              39.94124427039742
            ],
            [
              -120.20567286515292,
              39.941193866316326
            ],
            [
              -120.20566425779059,
              39.94114280904596
            ],
            [
              -120.20563481491469,
              39.94089420713348
            ],
            [
              -120.20559371400904,
              39.940625904724385
            ],
            [
              -120.2054988759422,
              39.94022552969785
            ],
            [
              -120.20549421691146,
              39.940203871249025
            ],
            [
              -120.20543815380606,
              39.93991409727017
            ],
            [
              -120.20538898383631,
              39.939805933161544
            ],
            [
              -120.2053773811065,
              39.939778549513946
            ],
            [
              -120.2053469819915,
              39.939701249325424
            ],
            [
              -120.20532604759323,
              39.93963670648751
            ],
            [
              -120.2053134650859,
              39.939570891262065
            ],
            [
              -120.20530935656153,
              39.93950444240207
            ],
            [
              -120.20530945132403,
              39.93946201282772
            ],
            [
              -120.20523083696233,
              39.93944744684837
            ],
            [
              -120.2051501409769,
              39.93942591986515
            ],
            [
              -120.20507254687209,
              39.9393984546208
            ],
            [
              -120.20499879010686,
              39.93936531144092
            ],
            [
              -120.20492956976554,
              39.939326804468
            ],
            [
              -120.20486554193154,
              39.939283298683634
            ],
            [
              -120.20480731346863,
              39.93923520644884
            ],
            [
              -120.20475543626893,
              39.93918298359537
            ],
            [
              -120.20471040202219,
              39.939127125104875
            ],
            [
              -120.20467263755573,
              39.93906816041719
            ],
            [
              -120.20464250078942,
              39.93900664841186
            ],
            [
              -120.20462027734376,
              39.93894317211088
            ],
            [
              -120.2046048780044,
              39.93888877202038
            ],
            [
              -120.20459043147194,
              39.93882162914976
            ],
            [
              -120.2045848381971,
              39.93875370792685
            ],
            [
              -120.20458815496902,
              39.93868569828341
            ],
            [
              -120.20458974014103,
              39.93867693497089
            ],
            [
              -120.20451487511565,
              39.93864758983984
            ],
            [
              -120.20444237456279,
              39.938611885780276
            ],
            [
              -120.20437476831127,
              39.93857088455675
            ],
            [
              -120.20431270715397,
              39.9385249808627
            ],
            [
              -120.20425678850113,
              39.938474616583456
            ],
            [
              -120.20423358861132,
              39.93845151644908
            ],
            [
              -120.20418133265645,
              39.93839344350955
            ],
            [
              -120.20413724432795,
              39.938331485910375
            ],
            [
              -120.2041018061323,
              39.93826632175375
            ],
            [
              -120.20407540590026,
              39.93819866423433
            ],
            [
              -120.2040682061716,
              39.93817596419104
            ],
            [
              -120.20404690851134,
              39.9380780389378
            ],
            [
              -120.20403930931576,
              39.938014838908565
            ],
            [
              -120.2040355756844,
              39.93795259663313
            ],
            [
              -120.20403557611573,
              39.937919045049625
            ],
            [
              -120.20403335334962,
              39.937914586771925
            ],
            [
              -120.2040106069576,
              39.937851014334875
            ],
            [
              -120.20399602385737,
              39.937786037215496
            ],
            [
              -120.20398974308256,
              39.937720275003066
            ],
            [
              -120.20399182449934,
              39.93765435477135
            ],
            [
              -120.20400224823656,
              39.93758890509903
            ],
            [
              -120.20402091487597,
              39.937524550076084
            ],
            [
              -120.20404764640122,
              39.9374619033529
            ],
            [
              -120.20408218789612,
              39.937401562288926
            ],
            [
              -120.2041242099761,
              39.93734410225692
            ],
            [
              -120.20417331192961,
              39.9372900711567
            ],
            [
              -120.20422902553946,
              39.93723998419099
            ],
            [
              -120.20423897359254,
              39.93723263267231
            ],
            [
              -120.20427230370554,
              39.937203979360206
            ],
            [
              -120.2043325938857,
              39.93716101809988
            ],
            [
              -120.20439784068812,
              39.93712258704759
            ],
            [
              -120.20446747181796,
              39.9370890232872
            ],
            [
              -120.20454087652757,
              39.93706062121068
            ],
            [
              -120.20461741097338,
              39.93703762993597
            ],
            [
              -120.20464598721506,
              39.93703021242259
            ],
            [
              -120.2046459879558,
              39.9369717967444
            ],
            [
              -120.20464910490372,
              39.93693294938989
            ],
            [
              -120.20461567686044,
              39.936925817452746
            ],
            [
              -120.20427131504651,
              39.936866652134476
            ],
            [
              -120.20424064607369,
              39.9368609351448
            ],
            [
              -120.20401144409122,
              39.936814834640266
            ],
            [
              -120.2039334180538,
              39.9367961115325
            ],
            [
              -120.20385799435908,
              39.93677187961408
            ],
            [
              -120.20378582773886,
              39.93674234923712
            ],
            [
              -120.20371754464868,
              39.936707776748
            ],
            [
              -120.20364174440314,
              39.93666537640411
            ],
            [
              -120.20357078634181,
              39.93662116450228
            ],
            [
              -120.20350618148484,
              39.93657151518963
            ],
            [
              -120.20344862950589,
              39.93651696618261
            ],
            [
              -120.20338752986142,
              39.93645246582326
            ],
            [
              -120.20333670068955,
              39.93639234031262
            ],
            [
              -120.20316120254921,
              39.93615843923279
            ],
            [
              -120.20316010965574,
              39.936156978429445
            ],
            [
              -120.20307403887742,
              39.93604159993889
            ],
            [
              -120.20298636653611,
              39.9360184274874
            ],
            [
              -120.20266634162975,
              39.935953125404595
            ],
            [
              -120.20255609198206,
              39.935924482315414
            ],
            [
              -120.20249479154036,
              39.935904982123944
            ],
            [
              -120.20241602857126,
              39.935876323568166
            ],
            [
              -120.20234134686697,
              39.93584179212552
            ],
            [
              -120.20227148304713,
              39.935801728399255
            ],
            [
              -120.20220712620632,
              39.93575652755977
            ],
            [
              -120.20214891111723,
              39.93570663544657
            ],
            [
              -120.20209741196946,
              39.935652544170544
            ],
            [
              -120.2020531367064,
              39.93559478725957
            ],
            [
              -120.20201652201541,
              39.93553393439593
            ],
            [
              -120.2019879290214,
              39.93547058579707
            ],
            [
              -120.20196763972534,
              39.9354053662951
            ],
            [
              -120.20195585422388,
              39.935338919173745
            ],
            [
              -120.20194775514504,
              39.93526661914479
            ],
            [
              -120.20194453911937,
              39.93521394345444
            ],
            [
              -120.20194667250846,
              39.935161235196546
            ],
            [
              -120.20195447358533,
              39.93507583529226
            ],
            [
              -120.20196069572577,
              39.93503007037097
            ],
            [
              -120.20198339726424,
              39.934904570593304
            ],
            [
              -120.20199943660418,
              39.934839471342336
            ],
            [
              -120.2020236865388,
              39.93477589558731
            ],
            [
              -120.20205591356267,
              39.93471445544858
            ],
            [
              -120.20209580736783,
              39.93465574248276
            ],
            [
              -120.20214298383198,
              39.934600321987425
            ],
            [
              -120.20219698871757,
              39.93454872755853
            ],
            [
              -120.2022573020456,
              39.934501455953125
            ],
            [
              -120.20232334310226,
              39.93445896230681
            ],
            [
              -120.20239447603034,
              39.93442165575191
            ],
            [
              -120.20247001595104,
              39.934389895478546
            ],
            [
              -120.2025492355579,
              39.93436398727661
            ],
            [
              -120.202631372119,
              39.934344180591765
            ],
            [
              -120.20279217065539,
              39.93431198084599
            ],
            [
              -120.202865277632,
              39.93429987655697
            ],
            [
              -120.20293945814579,
              39.93429260960371
            ],
            [
              -120.20301417310957,
              39.93429023279741
            ],
            [
              -120.20336813268962,
              39.934290596606154
            ],
            [
              -120.20341898580389,
              39.934287507835876
            ],
            [
              -120.20355188266439,
              39.93426169294147
            ],
            [
              -120.2036114256911,
              39.93422973641871
            ],
            [
              -120.2040327828124,
              39.93399558412965
            ],
            [
              -120.20406286659627,
              39.93397958957673
            ],
            [
              -120.20437586499445,
              39.93382049081969
            ],
            [
              -120.20446015990568,
              39.93378264995304
            ],
            [
              -120.20454939290259,
              39.93375225086742
            ],
            [
              -120.20487020340627,
              39.93365901593655
            ],
            [
              -120.20521312358414,
              39.93354238581286
            ],
            [
              -120.20531493536772,
              39.93348335049197
            ],
            [
              -120.20530361181883,
              39.93344707269069
            ],
            [
              -120.20528746519227,
              39.93338103070535
            ],
            [
              -120.20527992541815,
              39.9333140802608
            ],
            [
              -120.2052810671443,
              39.933246884427575
            ],
            [
              -120.2053084186886,
              39.93291235113049
            ],
            [
              -120.20529560396903,
              39.93272084257489
            ],
            [
              -120.20529444256937,
              39.932686441224575
            ],
            [
              -120.20529435918309,
              39.93255816555019
            ],
            [
              -120.20524724286193,
              39.93252201967094
            ],
            [
              -120.20519016613761,
              39.932473781864495
            ],
            [
              -120.20513940359245,
              39.932421528338615
            ],
            [
              -120.20509542919375,
              39.93236574699785
            ],
            [
              -120.2050586535231,
              39.93230695868554
            ],
            [
              -120.2050294199432,
              39.93224571232037
            ],
            [
              -120.20500800139249,
              39.93218257977076
            ],
            [
              -120.20499459783724,
              39.932118150515116
            ],
            [
              -120.20498933440534,
              39.93205302613777
            ],
            [
              -120.20499226021879,
              39.9319878147117
            ],
            [
              -120.20500334793577,
              39.93192312512091
            ],
            [
              -120.20502249400708,
              39.93185956137545
            ],
            [
              -120.20503729444918,
              39.931819361497865
            ],
            [
              -120.20506627995492,
              39.931753694057505
            ],
            [
              -120.20510386182868,
              39.93169066179826
            ],
            [
              -120.2051496436078,
              39.93163092962904
            ],
            [
              -120.20520314233495,
              39.93157512764549
            ],
            [
              -120.20526379365324,
              39.93152384448373
            ],
            [
              -120.20530669426314,
              39.93149431963541
            ],
            [
              -120.20518463000649,
              39.93157277128576
            ],
            [
              -120.20512394817221,
              39.931608439672324
            ],
            [
              -120.20505946722633,
              39.931639910570325
            ],
            [
              -120.20499167569089,
              39.93166694554749
            ],
            [
              -120.2048617747328,
              39.93171334592595
            ],
            [
              -120.20478623279031,
              39.93173710769202
            ],
            [
              -120.20470814929256,
              39.93175536195512
            ],
            [
              -120.20462820009575,
              39.93176795071479
            ],
            [
              -120.204547077206,
              39.93177476500868
            ],
            [
              -120.20446548278917,
              39.93177574585586
            ],
            [
              -120.20438412309264,
              39.93177088476723
            ],
            [
              -120.20430370233181,
              39.93176022381904
            ],
            [
              -120.20422491659417,
              39.93174385528863
            ],
            [
              -120.2041641160993,
              39.93172885513191
            ],
            [
              -120.20408759863052,
              39.93170690465728
            ],
            [
              -120.20401406428743,
              39.93167957130128
            ],
            [
              -120.20394415037197,
              39.9316470919567
            ],
            [
              -120.20387846280607,
              39.93160974811505
            ],
            [
              -120.20381757088013,
              39.9315678634267
            ],
            [
              -120.20376200231902,
              39.931521800895744
            ],
            [
              -120.20371620246588,
              39.93148010063758
            ],
            [
              -120.20366381948901,
              39.931427350376296
            ],
            [
              -120.20361841927131,
              39.93137089453487
            ],
            [
              -120.20358044076812,
              39.931311278983536
            ],
            [
              -120.20355025117145,
              39.931249080142095
            ],
            [
              -120.20352814236034,
              39.93118489940643
            ],
            [
              -120.20351432807941,
              39.93111935733338
            ],
            [
              -120.20350894187305,
              39.93105308764062
            ],
            [
              -120.20351203579521,
              39.930986731079244
            ],
            [
              -120.20352357990681,
              39.93092092923841
            ],
            [
              -120.20354346256646,
              39.93085631834201
            ],
            [
              -120.20357149151053,
              39.93079352309721
            ],
            [
              -120.20362459248737,
              39.93069122350202
            ],
            [
              -120.20366038189533,
              39.930631021302666
            ],
            [
              -120.20372785207326,
              39.93053082291559
            ],
            [
              -120.20378748828169,
              39.93037179798819
            ],
            [
              -120.2038074303297,
              39.93032507689378
            ],
            [
              -120.20389933223623,
              39.93013357760837
            ],
            [
              -120.20392590748816,
              39.93008428677063
            ],
            [
              -120.20395745582587,
              39.93003676556132
            ],
            [
              -120.20414805766971,
              39.929775666875514
            ],
            [
              -120.2041960365464,
              39.929717174716565
            ],
            [
              -120.20421778269015,
              39.929693449151216
            ],
            [
              -120.2041942549668,
              39.929665906621885
            ],
            [
              -120.20415343490359,
              39.929605708229744
            ],
            [
              -120.20412067473039,
              39.92954265787649
            ],
            [
              -120.20409630573458,
              39.92947739320344
            ],
            [
              -120.20408292925272,
              39.929420576723594
            ],
            [
              -120.20402350963664,
              39.92942922970286
            ],
            [
              -120.20369651457901,
              39.929477569495624
            ],
            [
              -120.20338629807539,
              39.929578745024926
            ],
            [
              -120.20271729376206,
              39.929883560767315
            ],
            [
              -120.2023022976387,
              39.93008766245817
            ],
            [
              -120.20223452177596,
              39.93011780496651
            ],
            [
              -120.20216352530377,
              39.93014317579297
            ],
            [
              -120.20208987360007,
              39.93016357289739
            ],
            [
              -120.20195247239698,
              39.93019637316214
            ],
            [
              -120.20186398736932,
              39.93021366678333
            ],
            [
              -120.20177364676894,
              39.930223786119434
            ],
            [
              -120.2016824292674,
              39.930226621547334
            ],
            [
              -120.20159132303633,
              39.930222142351475
            ],
            [
              -120.20150131504174,
              39.93021039705655
            ],
            [
              -120.20137931395229,
              39.93018939681856
            ],
            [
              -120.20130041156355,
              39.930172806715866
            ],
            [
              -120.20114041026645,
              39.93013290629999
            ],
            [
              -120.20104075284804,
              39.93010276541759
            ],
            [
              -120.2009466083505,
              39.93006350079331
            ],
            [
              -120.20085279539414,
              39.930018465976794
            ],
            [
              -120.20071343474895,
              39.92997818926549
            ],
            [
              -120.20063912002757,
              39.92995364617541
            ],
            [
              -120.20056805712228,
              39.92992393837784
            ],
            [
              -120.20055688209658,
              39.929918181856124
            ],
            [
              -120.20052250943492,
              39.92992016989582
            ],
            [
              -120.20047205348094,
              39.92992196534112
            ],
            [
              -120.20011354994948,
              39.929926765266046
            ],
            [
              -120.20004466256181,
              39.92992560353543
            ],
            [
              -120.19997610619502,
              39.92992028235064
            ],
            [
              -120.19986900518529,
              39.92990868220343
            ],
            [
              -120.1997863021879,
              39.9298965838105
            ],
            [
              -120.19970548666085,
              39.92987843725683
            ],
            [
              -120.1996273030531,
              39.929854409704305
            ],
            [
              -120.19955247156706,
              39.92982472248874
            ],
            [
              -120.19948168152362,
              39.92978964908076
            ],
            [
              -120.19941558501218,
              39.92974951256652
            ],
            [
              -120.19935479088355,
              39.92970468267119
            ],
            [
              -120.19929985914143,
              39.92965557235308
            ],
            [
              -120.1992512957839,
              39.929602633999224
            ],
            [
              -120.19916769649447,
              39.92950153349298
            ],
            [
              -120.19912379481644,
              39.92944197496835
            ],
            [
              -120.19908795427025,
              39.929379299491785
            ],
            [
              -120.19906054343825,
              39.92931415165487
            ],
            [
              -120.19904184420415,
              39.92924720147455
            ],
            [
              -120.19903204885482,
              39.929179137502
            ],
            [
              -120.19902435012396,
              39.92907983748802
            ],
            [
              -120.19902361536057,
              39.929010348275646
            ],
            [
              -120.19903216078642,
              39.928941168884464
            ],
            [
              -120.19904989587465,
              39.92887303194914
            ],
            [
              -120.19907663277812,
              39.9288066590622
            ],
            [
              -120.19911208831981,
              39.92874275313242
            ],
            [
              -120.19915588699276,
              39.92868199094088
            ],
            [
              -120.19921678744393,
              39.92860689134531
            ],
            [
              -120.19925955366162,
              39.92855889103597
            ],
            [
              -120.1993075302212,
              39.928513904496945
            ],
            [
              -120.19939923030887,
              39.928435105014024
            ],
            [
              -120.19946112426166,
              39.928387005173434
            ],
            [
              -120.1995289634652,
              39.928343918921435
            ],
            [
              -120.19960206590603,
              39.928306279414954
            ],
            [
              -120.1996796966618,
              39.9282744650529
            ],
            [
              -120.19976107528943,
              39.928248795672346
            ],
            [
              -120.19984538367042,
              39.928229529333386
            ],
            [
              -120.19993177423527,
              39.92821685972498
            ],
            [
              -120.20006917290536,
              39.92820215982137
            ],
            [
              -120.20015004584607,
              39.92819642998928
            ],
            [
              -120.20023126048292,
              39.92819648372391
            ],
            [
              -120.20031212051894,
              39.928202320565234
            ],
            [
              -120.20061563186528,
              39.9282352016663
            ],
            [
              -120.20090887288013,
              39.928258115130674
            ],
            [
              -120.20127542763956,
              39.92827037675766
            ],
            [
              -120.20129461093235,
              39.9282679930248
            ],
            [
              -120.20135213957326,
              39.92825607849765
            ],
            [
              -120.2014675237282,
              39.928204314575964
            ],
            [
              -120.20170377576687,
              39.928090209048484
            ],
            [
              -120.20170102123406,
              39.92802849334209
            ],
            [
              -120.20170203992704,
              39.927965356603885
            ],
            [
              -120.20171071394806,
              39.92790256913317
            ],
            [
              -120.2017269674365,
              39.92784067990165
            ],
            [
              -120.20175065826304,
              39.92778023002607
            ],
            [
              -120.20178157927297,
              39.92772174803703
            ],
            [
              -120.20181946009797,
              39.92766574525813
            ],
            [
              -120.20186396952066,
              39.92761271133544
            ],
            [
              -120.20191471837086,
              39.92756310995658
            ],
            [
              -120.20195730894565,
              39.92752526568343
            ],
            [
              -120.20194043138038,
              39.927516954696436
            ],
            [
              -120.20187388985399,
              39.92747673983793
            ],
            [
              -120.20181268995762,
              39.927431776665394
            ],
            [
              -120.20175740099485,
              39.92738248345143
            ],
            [
              -120.20170853727923,
              39.92732931874788
            ],
            [
              -120.20166655335002,
              39.92727277712011
            ],
            [
              -120.20163625376011,
              39.92722697693107
            ],
            [
              -120.20160055543822,
              39.927165647220036
            ],
            [
              -120.20157295229248,
              39.92710188926204
            ],
            [
              -120.20155371772073,
              39.92703633460713
            ],
            [
              -120.20154304222466,
              39.92696963260051
            ],
            [
              -120.20154103152394,
              39.92690244395043
            ],
            [
              -120.20154770550978,
              39.92683543418362
            ],
            [
              -120.20156299804913,
              39.92676926705292
            ],
            [
              -120.20158675764053,
              39.92670459796285
            ],
            [
              -120.20161874891586,
              39.92664206747757
            ],
            [
              -120.20165865497253,
              39.926582294976235
            ],
            [
              -120.2017060805132,
              39.92652587251804
            ],
            [
              -120.20176055576188,
              39.92647335897802
            ],
            [
              -120.20182154111764,
              39.92642527451159
            ],
            [
              -120.2018884324997,
              39.926382095402495
            ],
            [
              -120.20194970396719,
              39.92634994889311
            ],
            [
              -120.20195953230943,
              39.92634371447104
            ],
            [
              -120.2019679792035,
              39.926329789226315
            ],
            [
              -120.20194731181532,
              39.92610969598356
            ],
            [
              -120.20194502925341,
              39.92606182100031
            ],
            [
              -120.20194473708024,
              39.92587605984424
            ],
            [
              -120.20194458815028,
              39.925865998390556
            ],
            [
              -120.20194830564013,
              39.92579572363565
            ],
            [
              -120.20196149694455,
              39.92572612776744
            ],
            [
              -120.20198401893144,
              39.92565796578566
            ],
            [
              -120.20201562724834,
              39.925591977132505
            ],
            [
              -120.20205597897434,
              39.92552887767138
            ],
            [
              -120.202104636341,
              39.925469351921045
            ],
            [
              -120.20218123672599,
              39.925385652405595
            ],
            [
              -120.20223206065674,
              39.92533534046976
            ],
            [
              -120.20228881923417,
              39.92528894196778
            ],
            [
              -120.20235100678502,
              39.925246870264395
            ],
            [
              -120.20241806927251,
              39.92520950017623
            ],
            [
              -120.20248940923189,
              39.92517716463286
            ],
            [
              -120.20256439109346,
              39.92515015171087
            ],
            [
              -120.20264234684426,
              39.9251287020676
            ],
            [
              -120.20276414577334,
              39.92510010229802
            ],
            [
              -120.20285225245885,
              39.92508319719152
            ],
            [
              -120.2029421570718,
              39.925073396155966
            ],
            [
              -120.20303289601264,
              39.92507080424004
            ],
            [
              -120.20312349674003,
              39.92507544922495
            ],
            [
              -120.20321298819357,
              39.925087281326626
            ],
            [
              -120.20330041120079,
              39.925106173729226
            ],
            [
              -120.20337701058966,
              39.92512607352382
            ],
            [
              -120.20344749942201,
              39.92514703068848
            ],
            [
              -120.2035153837985,
              39.9251725813371
            ],
            [
              -120.20360668328084,
              39.925210780991144
            ],
            [
              -120.20367616827255,
              39.925243148139835
            ],
            [
              -120.20374095883875,
              39.92528003562915
            ],
            [
              -120.20375332307299,
              39.92525209457819
            ],
            [
              -120.20378689364328,
              39.92519450693724
            ],
            [
              -120.20382730159912,
              39.925139584309484
            ],
            [
              -120.20387419384893,
              39.92508780659729
            ],
            [
              -120.20392716064552,
              39.9250396262225
            ],
            [
              -120.2039857391666,
              39.92499546417342
            ],
            [
              -120.20404941755898,
              39.92495570632659
            ],
            [
              -120.204119045852,
              39.924916239361366
            ],
            [
              -120.20413132734498,
              39.92487907928054
            ],
            [
              -120.20415845157109,
              39.92481187843277
            ],
            [
              -120.20419451191897,
              39.92474721584418
            ],
            [
              -120.20423911675044,
              39.924685793748246
            ],
            [
              -120.20429178163836,
              39.92462827918522
            ],
            [
              -120.20446688217521,
              39.92445678023974
            ],
            [
              -120.2044690160924,
              39.92445469863293
            ],
            [
              -120.20447601246303,
              39.92444790125641
            ],
            [
              -120.20447409687237,
              39.924447856330154
            ],
            [
              -120.20439108878739,
              39.92444286527123
            ],
            [
              -120.20430906947625,
              39.92443183629091
            ],
            [
              -120.20422877813421,
              39.92441486878819
            ],
            [
              -120.2041509383818,
              39.92439211568263
            ],
            [
              -120.20407625174259,
              39.92436378203603
            ],
            [
              -120.20400539132062,
              39.92433012320413
            ],
            [
              -120.20393899573351,
              39.924291442535086
            ],
            [
              -120.20387766335693,
              39.92424808863532
            ],
            [
              -120.2038237633979,
              39.924206188348535
            ],
            [
              -120.20376477754934,
              39.92415545592664
            ],
            [
              -120.20371272739484,
              39.92410040779277
            ],
            [
              -120.20366814215177,
              39.92404160366515
            ],
            [
              -120.20363147513224,
              39.92397964145059
            ],
            [
              -120.20360336062701,
              39.92391574546051
            ],
            [
              -120.20357382262142,
              39.923922431240754
            ],
            [
              -120.2035671431025,
              39.92392426700128
            ],
            [
              -120.20348459582388,
              39.92394348754654
            ],
            [
              -120.20339999586469,
              39.92395637321268
            ],
            [
              -120.20331416122052,
              39.923962799409175
            ],
            [
              -120.20322792182601,
              39.92396270400201
            ],
            [
              -120.20314211152939,
              39.92395608791454
            ],
            [
              -120.20305756002941,
              39.923943015118454
            ],
            [
              -120.20297508485223,
              39.92392361201525
            ],
            [
              -120.20289548344623,
              39.92389806621382
            ],
            [
              -120.20281952547079,
              39.923866624716354
            ],
            [
              -120.20274794535426,
              39.92382959152986
            ],
            [
              -120.20268143519229,
              39.92378732472647
            ],
            [
              -120.20262063805599,
              39.923740232981004
            ],
            [
              -120.20256614177401,
              39.92368877161924
            ],
            [
              -120.20253524194796,
              39.92365647143801
            ],
            [
              -120.20248802989042,
              39.923601728306814
            ],
            [
              -120.20244795228898,
              39.923543711167746
            ],
            [
              -120.20241538866092,
              39.92348296944524
            ],
            [
              -120.20240423282952,
              39.92345461192039
            ],
            [
              -120.202358829802,
              39.923479170310785
            ],
            [
              -120.2022842569294,
              39.92361201248981
            ],
            [
              -120.2022421237313,
              39.92367717790909
            ],
            [
              -120.2021911247087,
              39.92373847274195
            ],
            [
              -120.20213185249276,
              39.92379518468916
            ],
            [
              -120.20205525256374,
              39.92386088512059
            ],
            [
              -120.20199866996086,
              39.92390514163348
            ],
            [
              -120.20193704593767,
              39.92394520873171
            ],
            [
              -120.20187090168879,
              39.92398074753704
            ],
            [
              -120.20180079664256,
              39.924011457470066
            ],
            [
              -120.20172509612102,
              39.92404115771071
            ],
            [
              -120.20164417186714,
              39.924069035321246
            ],
            [
              -120.2015600056616,
              39.924090480315954
            ],
            [
              -120.20147345753233,
              39.924105273565715
            ],
            [
              -120.20145641063563,
              39.92410749809667
            ],
            [
              -120.20138180968499,
              39.92413617515092
            ],
            [
              -120.2011118759875,
              39.92426014020299
            ],
            [
              -120.20104295671375,
              39.9242886617595
            ],
            [
              -120.20097101011744,
              39.92431234055064
            ],
            [
              -120.20089660883217,
              39.9243309881132
            ],
            [
              -120.20082060814892,
              39.92434718824219
            ],
            [
              -120.20073548262413,
              39.92436186746867
            ],
            [
              -120.2006488841641,
              39.92436996315194
            ],
            [
              -120.20056166951349,
              39.9243713951998
            ],
            [
              -120.20047470151354,
              39.92436614944547
            ],
            [
              -120.20038884056477,
              39.924354277787614
            ],
            [
              -120.2003049361142,
              39.92433589767694
            ],
            [
              -120.20026663580926,
              39.924325897573816
            ],
            [
              -120.20017009616055,
              39.92429565659451
            ],
            [
              -120.20008610916514,
              39.92425988348999
            ],
            [
              -120.20005472351481,
              39.92425491113329
            ],
            [
              -120.1999839990473,
              39.9242568432194
            ],
            [
              -120.19989875464894,
              39.924255979783915
            ],
            [
              -120.19981402186103,
              39.92424874821827
            ],
            [
              -120.1997306013005,
              39.92423521685238
            ],
            [
              -120.19964928118412,
              39.924215513541164
            ],
            [
              -120.19957082988032,
              39.924189824456334
            ],
            [
              -120.19949598864842,
              39.924158392327136
            ],
            [
              -120.1994254646345,
              39.92412151414672
            ],
            [
              -120.19935992418941,
              39.92407953836565
            ],
            [
              -120.19929998657244,
              39.924032861599294
            ],
            [
              -120.19922438674293,
              39.92396796118164
            ],
            [
              -120.1991740776871,
              39.9239206230587
            ],
            [
              -120.19912953853793,
              39.92386997410638
            ],
            [
              -120.19909113472282,
              39.92381642989634
            ],
            [
              -120.1990591813269,
              39.92376042975453
            ],
            [
              -120.19903394050816,
              39.923702433156514
            ],
            [
              -120.19896484267049,
              39.92351603273122
            ],
            [
              -120.198942543639,
              39.92343912531476
            ],
            [
              -120.19893203297904,
              39.92336074142798
            ],
            [
              -120.19892473459315,
              39.923234541428904
            ],
            [
              -120.19892527076942,
              39.923166305107955
            ],
            [
              -120.19893474853112,
              39.923098458851484
            ],
            [
              -120.19895307106907,
              39.92303169547769
            ],
            [
              -120.19898005125638,
              39.92296669674484
            ],
            [
              -120.1990154135603,
              39.92290412638964
            ],
            [
              -120.19905879685659,
              39.92284462334969
            ],
            [
              -120.19910975811806,
              39.92278879523921
            ],
            [
              -120.19916777693896,
              39.92273721214464
            ],
            [
              -120.19923226084975,
              39.92269040080357
            ],
            [
              -120.19930255136696,
              39.922648839226284
            ],
            [
              -120.19937793071747,
              39.9226129518149
            ],
            [
              -120.19945762916785,
              39.9225831050299
            ],
            [
              -120.19954083288393,
              39.92255960364838
            ],
            [
              -120.19960943228362,
              39.922543203780705
            ],
            [
              -120.19968365492649,
              39.922528166930796
            ],
            [
              -120.19975582939449,
              39.92251864198647
            ],
            [
              -120.19972336956926,
              39.92247148210277
            ],
            [
              -120.19968992663112,
              39.92240811848758
            ],
            [
              -120.19966498003194,
              39.92234247514974
            ],
            [
              -120.19964878567671,
              39.92227522553146
            ],
            [
              -120.19964150967843,
              39.92220705955185
            ],
            [
              -120.19964322665527,
              39.922138676528974
            ],
            [
              -120.19965391896599,
              39.922070778005505
            ],
            [
              -120.19966901977352,
              39.92200357814541
            ],
            [
              -120.1996881788597,
              39.921937962429524
            ],
            [
              -120.19971571982829,
              39.92187413951277
            ],
            [
              -120.19975136947457,
              39.921812742462386
            ],
            [
              -120.19979477416557,
              39.921754380281634
            ],
            [
              -120.19999317552954,
              39.9215159815859
            ],
            [
              -120.20003940907097,
              39.92146564387479
            ],
            [
              -120.20009141262283,
              39.92141876273701
            ],
            [
              -120.20026701267565,
              39.921274363703446
            ],
            [
              -120.2002967766034,
              39.92125104619267
            ],
            [
              -120.20037287652423,
              39.92119424658854
            ],
            [
              -120.20043524548805,
              39.92115211848733
            ],
            [
              -120.20037561766398,
              39.92111109481954
            ],
            [
              -120.2003181280748,
              39.92106308289304
            ],
            [
              -120.20026693060403,
              39.92101101968371
            ],
            [
              -120.2002138309786,
              39.92095121936677
            ],
            [
              -120.20016863092755,
              39.92089450672182
            ],
            [
              -120.20013089947268,
              39.920834644158866
            ],
            [
              -120.2001010029635,
              39.92077221293949
            ],
            [
              -120.20007923167029,
              39.92070781926509
            ],
            [
              -120.20006579696636,
              39.92064208839052
            ],
            [
              -120.20006082927641,
              39.92057565855284
            ],
            [
              -120.20006437681128,
              39.920509174774104
            ],
            [
              -120.2000764051005,
              39.920443282598235
            ],
            [
              -120.20009679732819,
              39.92037862182304
            ],
            [
              -120.20012535546807,
              39.920315820287975
            ],
            [
              -120.20019345668679,
              39.920186820804844
            ],
            [
              -120.20022376176253,
              39.92013563764195
            ],
            [
              -120.2003843636991,
              39.91989183878672
            ],
            [
              -120.20043780566702,
              39.91982156649166
            ],
            [
              -120.2005018449303,
              39.91975675852189
            ],
            [
              -120.20051837422275,
              39.919741973464184
            ],
            [
              -120.20050615076096,
              39.91974061964994
            ],
            [
              -120.20042847575036,
              39.91972636686251
            ],
            [
              -120.200352806389,
              39.919706733166606
            ],
            [
              -120.20027977000223,
              39.91968188133356
            ],
            [
              -120.20020997208513,
              39.91965201739473
            ],
            [
              -120.20008728942517,
              39.9195937452694
            ],
            [
              -120.2000897031126,
              39.91962273435067
            ],
            [
              -120.20009030340039,
              39.9196452343561
            ],
            [
              -120.20008747594424,
              39.919715025029454
            ],
            [
              -120.20007530379124,
              39.91978421777796
            ],
            [
              -120.20005391706056,
              39.91985207277963
            ],
            [
              -120.20002281792982,
              39.91993237303396
            ],
            [
              -120.19999161939806,
              39.919999692126524
            ],
            [
              -120.19995135417622,
              39.920064094893895
            ],
            [
              -120.19990247338234,
              39.920124859750686
            ],
            [
              -120.1998455246697,
              39.9201813058699
            ],
            [
              -120.19978114609178,
              39.9202328008115
            ],
            [
              -120.19971005895341,
              39.920278767608856
            ],
            [
              -120.19969505889445,
              39.92028746767471
            ],
            [
              -120.19964200512142,
              39.92031594046619
            ],
            [
              -120.19958637060752,
              39.92034132558731
            ],
            [
              -120.1995254702112,
              39.920366825792534
            ],
            [
              -120.19944445838514,
              39.92039671455869
            ],
            [
              -120.19935990057441,
              39.920420065488244
            ],
            [
              -120.19927268399006,
              39.92043663357499
            ],
            [
              -120.19918372374217,
              39.920446244980845
            ],
            [
              -120.19909395323744,
              39.920448798860015
            ],
            [
              -120.19900431438448,
              39.920444268417135
            ],
            [
              -120.1989253583021,
              39.92043395638078
            ],
            [
              -120.19892145689916,
              39.92044445733798
            ],
            [
              -120.19888903218596,
              39.920507205566686
            ],
            [
              -120.19884862967265,
              39.920567146267175
            ],
            [
              -120.19881842993877,
              39.92060694647261
            ],
            [
              -120.19877295808206,
              39.9206608150612
            ],
            [
              -120.19872104314553,
              39.92071111242069
            ],
            [
              -120.19866315506887,
              39.92075738324156
            ],
            [
              -120.19859981786594,
              39.9207992086632
            ],
            [
              -120.19853160488132,
              39.92083621006582
            ],
            [
              -120.19845913360015,
              39.92086805249809
            ],
            [
              -120.1983830600582,
              39.92089444770948
            ],
            [
              -120.19831425950433,
              39.92091534788032
            ],
            [
              -120.19823827884916,
              39.920935385215614
            ],
            [
              -120.19816023610129,
              39.92094998655914
            ],
            [
              -120.19808078577645,
              39.92095902945533
            ],
            [
              -120.19800059419615,
              39.920962438065295
            ],
            [
              -120.19792033389888,
              39.920960183802926
            ],
            [
              -120.19784067799934,
              39.9209522855746
            ],
            [
              -120.19776229454273,
              39.92093880962061
            ],
            [
              -120.19773924866561,
              39.92093398474497
            ],
            [
              -120.19769401994563,
              39.92093533401523
            ],
            [
              -120.19752187087228,
              39.92094379567174
            ],
            [
              -120.19744396172175,
              39.92094495411771
            ],
            [
              -120.19742846156979,
              39.920944654109526
            ],
            [
              -120.19734180582233,
              39.92093966094406
            ],
            [
              -120.19725621725664,
              39.92092808914644
            ],
            [
              -120.19717253619314,
              39.920910052331116
            ],
            [
              -120.19709814059526,
              39.920887697672455
            ],
            [
              -120.19709927895764,
              39.92089900271227
            ],
            [
              -120.19709804835415,
              39.920961466287935
            ],
            [
              -120.19708932598337,
              39.921023574997534
            ],
            [
              -120.19707318647671,
              39.921084797275626
            ],
            [
              -120.19704976794726,
              39.92114460914207
            ],
            [
              -120.19701916862641,
              39.921211409382735
            ],
            [
              -120.19698504160738,
              39.92127528954249
            ],
            [
              -120.19694261765247,
              39.921336151145844
            ],
            [
              -120.19689234064433,
              39.92139335736713
            ],
            [
              -120.19683473663993,
              39.92144630962735
            ],
            [
              -120.19681893664655,
              39.92145940971469
            ],
            [
              -120.19676075291558,
              39.9215033647921
            ],
            [
              -120.19669752027112,
              39.92154297065999
            ],
            [
              -120.19662978495421,
              39.92157788517503
            ],
            [
              -120.19655813210595,
              39.92160780672077
            ],
            [
              -120.19648318071232,
              39.92163247681337
            ],
            [
              -120.19640557825682,
              39.92165168233475
            ],
            [
              -120.1963259951265,
              39.921665257373775
            ],
            [
              -120.19624511882034,
              39.92167308465962
            ],
            [
              -120.19619231830208,
              39.921676284672856
            ],
            [
              -120.196115328565,
              39.92167833751685
            ],
            [
              -120.19603840188249,
              39.92167518039
            ],
            [
              -120.19596213181386,
              39.92166683765297
            ],
            [
              -120.19588710685153,
              39.921653373678176
            ],
            [
              -120.1958639066545,
              39.921648373624286
            ],
            [
              -120.19578346062386,
              39.9216277592816
            ],
            [
              -120.195705975814,
              39.92160126018642
            ],
            [
              -120.19563217640169,
              39.92156912400262
            ],
            [
              -120.19556275211684,
              39.9215316510784
            ],
            [
              -120.19555261671171,
              39.92152496876307
            ],
            [
              -120.19554458187257,
              39.921534754082174
            ],
            [
              -120.1954944157075,
              39.92158961225477
            ],
            [
              -120.19543742685474,
              39.921640366585976
            ],
            [
              -120.19537417789486,
              39.921686516029034
            ],
            [
              -120.19530529321207,
              39.92172760499587
            ],
            [
              -120.19523145283026,
              39.92176322785491
            ],
            [
              -120.19515338569963,
              39.9217930329358
            ],
            [
              -120.19507186250033,
              39.92181672600131
            ],
            [
              -120.19498768803352,
              39.9218340731523
            ],
            [
              -120.19490169327601,
              39.92184490313693
            ],
            [
              -120.19481472717598,
              39.92184910904144
            ],
            [
              -120.19472764827147,
              39.92184664934558
            ],
            [
              -120.19462114724368,
              39.921839549240865
            ],
            [
              -120.19453892799767,
              39.92183103546743
            ],
            [
              -120.19445812141264,
              39.921816578159095
            ],
            [
              -120.19437945055297,
              39.92179630668207
            ],
            [
              -120.19430361937066,
              39.92177040242809
            ],
            [
              -120.19423130640577,
              39.921739097191264
            ],
            [
              -120.19409360577275,
              39.921672696619325
            ],
            [
              -120.19402035079604,
              39.921633232060735
            ],
            [
              -120.19395269490302,
              39.92158823001836
            ],
            [
              -120.19389134121039,
              39.921538158186415
            ],
            [
              -120.1938369273338,
              39.92148353694688
            ],
            [
              -120.19377573223238,
              39.92141515351646
            ],
            [
              -120.193767389726,
              39.92141900851662
            ],
            [
              -120.19364374860348,
              39.921510324391534
            ],
            [
              -120.19361530429985,
              39.92172086847225
            ],
            [
              -120.19360250139658,
              39.921785263131824
            ],
            [
              -120.19358169905549,
              39.9218484082283
            ],
            [
              -120.19355309086423,
              39.92190971606485
            ],
            [
              -120.19351694306232,
              39.921968616042776
            ],
            [
              -120.19347359206371,
              39.922024559972186
            ],
            [
              -120.19342344132642,
              39.92207702717436
            ],
            [
              -120.19336695759785,
              39.92212552932801
            ],
            [
              -120.19330466657102,
              39.922169615014376
            ],
            [
              -120.19323714799198,
              39.92220887391889
            ],
            [
              -120.193165030264,
              39.9222429406504
            ],
            [
              -120.19308898459872,
              39.92227149814204
            ],
            [
              -120.19300971876879,
              39.9222942806026
            ],
            [
              -120.19292631804444,
              39.92231478076838
            ],
            [
              -120.19284734049279,
              39.92233111218951
            ],
            [
              -120.1927667306217,
              39.92234170867196
            ],
            [
              -120.19268518929972,
              39.92234647808453
            ],
            [
              -120.19260342549453,
              39.92234537895987
            ],
            [
              -120.19252215010813,
              39.92233842085516
            ],
            [
              -120.19238464882498,
              39.92232162064851
            ],
            [
              -120.19230955435292,
              39.92230983487474
            ],
            [
              -120.19223608297443,
              39.92229304630883
            ],
            [
              -120.19216479574642,
              39.92227138315588
            ],
            [
              -120.1920962370452,
              39.92224501084522
            ],
            [
              -120.19202556540553,
              39.92221478550889
            ],
            [
              -120.19194667135794,
              39.92219511122709
            ],
            [
              -120.19186892937438,
              39.92217253892349
            ],
            [
              -120.19179431054191,
              39.92214440347546
            ],
            [
              -120.19172348458295,
              39.922110957407845
            ],
            [
              -120.191657087175,
              39.922072500909515
            ],
            [
              -120.19159571424503,
              39.92202937913869
            ],
            [
              -120.1915399166208,
              39.921981979125
            ],
            [
              -120.19149019508723,
              39.921930726295436
            ],
            [
              -120.1914469958917,
              39.921876080655885
            ],
            [
              -120.19141070673936,
              39.921818532662236
            ],
            [
              -120.19137260742731,
              39.92175003242252
            ],
            [
              -120.19134944422476,
              39.921703760935685
            ],
            [
              -120.1912884457311,
              39.9215671605538
            ],
            [
              -120.19126736808778,
              39.92151257340219
            ],
            [
              -120.19125233910503,
              39.92145681291244
            ],
            [
              -120.19124346566069,
              39.92140027567787
            ],
            [
              -120.19122786761756,
              39.92124677562866
            ],
            [
              -120.19122537569339,
              39.92118041676484
            ],
            [
              -120.19123135846547,
              39.92111419018367
            ],
            [
              -120.19124575808479,
              39.921048735978026
            ],
            [
              -120.19126843535305,
              39.92098468677386
            ],
            [
              -120.1912991710687,
              39.920922661615876
            ],
            [
              -120.19133766814655,
              39.92086325998453
            ],
            [
              -120.19138355448972,
              39.92080705600217
            ],
            [
              -120.19143638658656,
              39.92075459288431
            ],
            [
              -120.19149565379786,
              39.92070637768971
            ],
            [
              -120.19156078329219,
              39.92066287641988
            ],
            [
              -120.19163114558273,
              39.92062450951541
            ],
            [
              -120.1916401592362,
              39.920620090172775
            ],
            [
              -120.19169948281342,
              39.92029589263246
            ],
            [
              -120.19170452242193,
              39.920271570904895
            ],
            [
              -120.1917657255869,
              39.920007271468045
            ],
            [
              -120.19179002894703,
              39.91992938553835
            ],
            [
              -120.19181292957099,
              39.919871385724846
            ],
            [
              -120.19184228775835,
              39.919808423153924
            ],
            [
              -120.19187959283535,
              39.91974800627153
            ],
            [
              -120.19192447865343,
              39.919690728035874
            ],
            [
              -120.19197650466663,
              39.919637150599776
            ],
            [
              -120.19203516025557,
              39.919587799793746
            ],
            [
              -120.19209986973938,
              39.919543159965464
            ],
            [
              -120.19213189293633,
              39.91952512702914
            ],
            [
              -120.19212430558721,
              39.919492569780125
            ],
            [
              -120.19211896767025,
              39.91946681270819
            ],
            [
              -120.19210336874944,
              39.91938091262934
            ],
            [
              -120.19209602903108,
              39.91932136003115
            ],
            [
              -120.19209556294474,
              39.91926154094831
            ],
            [
              -120.19210197413022,
              39.919201924826176
            ],
            [
              -120.19211521225658,
              39.91914297951611
            ],
            [
              -120.19213517341746,
              39.91908516760395
            ],
            [
              -120.19216607422416,
              39.91900936785376
            ],
            [
              -120.19219339613386,
              39.9189516714432
            ],
            [
              -120.19222426305761,
              39.91890126787493
            ],
            [
              -120.19214046595785,
              39.91879164562403
            ],
            [
              -120.192056331323,
              39.91869015539628
            ],
            [
              -120.19191414073893,
              39.918574115394826
            ],
            [
              -120.19186003852911,
              39.91852554534604
            ],
            [
              -120.19181214987069,
              39.91847325020974
            ],
            [
              -120.19177090476954,
              39.918417699575606
            ],
            [
              -120.19173667357252,
              39.91835939226515
            ],
            [
              -120.19170976364204,
              39.918298851852306
            ],
            [
              -120.19169041659681,
              39.918236621961796
            ],
            [
              -120.1916788061428,
              39.91817326138753
            ],
            [
              -120.19167503651433,
              39.91810933907485
            ],
            [
              -120.19167523749259,
              39.918032739110274
            ],
            [
              -120.19167574908519,
              39.91801100099144
            ],
            [
              -120.1916763492568,
              39.9179975010019
            ],
            [
              -120.19168293711068,
              39.917934843243984
            ],
            [
              -120.19169706349105,
              39.91787292871212
            ],
            [
              -120.19170486380155,
              39.91784612878016
            ],
            [
              -120.19172739950723,
              39.91778315027761
            ],
            [
              -120.19175773279314,
              39.917722143197075
            ],
            [
              -120.19179557976317,
              39.917663678477766
            ],
            [
              -120.19184058620641,
              39.917608303264636
            ],
            [
              -120.19189233091278,
              39.9175565357882
            ],
            [
              -120.19195032961518,
              39.917508860514864
            ],
            [
              -120.19201403952194,
              39.9174657236133
            ],
            [
              -120.19208286439644,
              39.91742752877921
            ],
            [
              -120.19215616013715,
              39.917394633457654
            ],
            [
              -120.19223324080517,
              39.917367345498036
            ],
            [
              -120.1923133850432,
              39.917345920273426
            ],
            [
              -120.19239584282603,
              39.91733055829073
            ],
            [
              -120.1924798424789,
              39.917321403314475
            ],
            [
              -120.1925645978987,
              39.91731854102147
            ],
            [
              -120.19316387783947,
              39.9173206430586
            ],
            [
              -120.1935196923081,
              39.91728651300062
            ],
            [
              -120.19363130297879,
              39.917281338140825
            ],
            [
              -120.19384470088063,
              39.91728193806227
            ],
            [
              -120.19393595637806,
              39.91728586192866
            ],
            [
              -120.19401387956525,
              39.91729554815566
            ],
            [
              -120.19403585033079,
              39.91727881784859
            ],
            [
              -120.19410505088042,
              39.91723586624279
            ],
            [
              -120.19417954221336,
              39.91719852893701
            ],
            [
              -120.19425855911989,
              39.91716718947452
            ],
            [
              -120.19434128990534,
              39.917142169786146
            ],
            [
              -120.19442688472775,
              39.91712372688354
            ],
            [
              -120.19451446432699,
              39.91711205021922
            ],
            [
              -120.19460312905616,
              39.91710725974066
            ],
            [
              -120.19469196812236,
              39.91710940465814
            ],
            [
              -120.19473822370087,
              39.91711416053668
            ],
            [
              -120.19489411313532,
              39.91711798285401
            ],
            [
              -120.19501502496037,
              39.91711321446889
            ],
            [
              -120.19548599889629,
              39.91704788017802
            ],
            [
              -120.19573814542308,
              39.916986931564196
            ],
            [
              -120.19580963569156,
              39.91697217173128
            ],
            [
              -120.19582132036676,
              39.91697016210658
            ],
            [
              -120.19583614325987,
              39.916963742398075
            ],
            [
              -120.19603575481308,
              39.91685475645533
            ],
            [
              -120.1961400357511,
              39.91680584405178
            ],
            [
              -120.19629993466317,
              39.916742144566996
            ],
            [
              -120.19636708997068,
              39.91671810269238
            ],
            [
              -120.19643664016117,
              39.916698509604664
            ],
            [
              -120.19650808922574,
              39.91668350503533
            ],
            [
              -120.19653088901399,
              39.916679505066114
            ],
            [
              -120.19664752389097,
              39.916665321010534
            ],
            [
              -120.1966781381735,
              39.91666321114071
            ],
            [
              -120.19677655988595,
              39.91663555381321
            ],
            [
              -120.1968614210338,
              39.916615393026916
            ],
            [
              -120.19694555915524,
              39.91660239796167
            ],
            [
              -120.19695706292647,
              39.9165719001313
            ],
            [
              -120.19700286397959,
              39.916469400493625
            ],
            [
              -120.19703046174976,
              39.916415321770685
            ],
            [
              -120.19706116222484,
              39.916362021998296
            ],
            [
              -120.1971047278502,
              39.91629632438546
            ],
            [
              -120.19715733984634,
              39.91623467793334
            ],
            [
              -120.1972183703524,
              39.916177818292056
            ],
            [
              -120.19730227039528,
              39.916107818757474
            ],
            [
              -120.19736241105703,
              39.91606225037686
            ],
            [
              -120.1974279603802,
              39.91602134334479
            ],
            [
              -120.19749831157864,
              39.91598547633042
            ],
            [
              -120.19757281341914,
              39.91595498134804
            ],
            [
              -120.19765077624979,
              39.91593014068375
            ],
            [
              -120.19773147838335,
              39.91591118428264
            ],
            [
              -120.19793717650322,
              39.915871084597455
            ],
            [
              -120.19799077633199,
              39.91586199972599
            ],
            [
              -120.19820477430123,
              39.91583109995249
            ],
            [
              -120.19826053073038,
              39.91582447083893
            ],
            [
              -120.19833780766994,
              39.915817234085814
            ],
            [
              -120.19841327287192,
              39.91571715744075
            ],
            [
              -120.19857846585111,
              39.91547059769782
            ],
            [
              -120.19861866478797,
              39.9154168167538
            ],
            [
              -120.19866510523093,
              39.915366104389484
            ],
            [
              -120.19871739500906,
              39.915318888836644
            ],
            [
              -120.19877509256052,
              39.91527556879807
            ],
            [
              -120.1988377106613,
              39.915236510081044
            ],
            [
              -120.19895971015548,
              39.915167310608005
            ],
            [
              -120.1990295282864,
              39.91513154348573
            ],
            [
              -120.19910346374321,
              39.91510107505741
            ],
            [
              -120.19918084045001,
              39.91507618392927
            ],
            [
              -120.19926095086622,
              39.915057097708164
            ],
            [
              -120.19934306245594,
              39.9150439909203
            ],
            [
              -120.19940476186295,
              39.91503649097219
            ],
            [
              -120.1994954627446,
              39.915029162575834
            ],
            [
              -120.19958666153677,
              39.91502912744836
            ],
            [
              -120.19967737190198,
              39.915036385970666
            ],
            [
              -120.19976661278442,
              39.915050859641
            ],
            [
              -120.19979187974707,
              39.91505712711798
            ],
            [
              -120.19980082044601,
              39.915045489146095
            ],
            [
              -120.19976681127967,
              39.91501697130798
            ],
            [
              -120.19971401410568,
              39.91496262676978
            ],
            [
              -120.19966856787345,
              39.9149044756679
            ],
            [
              -120.1996309316513,
              39.91484310543242
            ],
            [
              -120.19960148560943,
              39.91477913601067
            ],
            [
              -120.19958052718016,
              39.91471321360454
            ],
            [
              -120.1995682680544,
              39.91464600414242
            ],
            [
              -120.19956483204396,
              39.91457818655222
            ],
            [
              -120.19956750082468,
              39.91454484242032
            ],
            [
              -120.19956061121925,
              39.914530846123725
            ],
            [
              -120.19954382331345,
              39.91449347455518
            ],
            [
              -120.19948272501445,
              39.91434337417532
            ],
            [
              -120.1994586025841,
              39.91426989012968
            ],
            [
              -120.19944532657745,
              39.91419478728666
            ],
            [
              -120.19943742755473,
              39.91411808726121
            ],
            [
              -120.19943511611822,
              39.9140434817503
            ],
            [
              -120.19944226157007,
              39.91398018920049
            ],
            [
              -120.19944227804028,
              39.91397098270935
            ],
            [
              -120.1994025082493,
              39.913799256887515
            ],
            [
              -120.19939078660144,
              39.913725116049434
            ],
            [
              -120.19938976946332,
              39.913650431886325
            ],
            [
              -120.19939946924336,
              39.91357611804768
            ],
            [
              -120.19941064326504,
              39.913521231545936
            ],
            [
              -120.19935173844168,
              39.913482318400916
            ],
            [
              -120.1992834661157,
              39.91343205579111
            ],
            [
              -120.19922261023265,
              39.91337643014927
            ],
            [
              -120.19916987682639,
              39.91331608684753
            ],
            [
              -120.19912587768837,
              39.91325172599062
            ],
            [
              -120.1990911232705,
              39.91318409429287
            ],
            [
              -120.1990525433897,
              39.9130953156794
            ],
            [
              -120.1990306946591,
              39.91305227498922
            ],
            [
              -120.19894963955211,
              39.912972279964734
            ],
            [
              -120.19886367109424,
              39.91292170706999
            ],
            [
              -120.19879484739427,
              39.91287671657304
            ],
            [
              -120.1987323954124,
              39.9128265154445
            ],
            [
              -120.19867697707119,
              39.912771635773865
            ],
            [
              -120.1986291797382,
              39.91271265923769
            ],
            [
              -120.1985895100011,
              39.91265021093404
            ],
            [
              -120.1985583882989,
              39.91258495275669
            ],
            [
              -120.19853614446646,
              39.91251757637945
            ],
            [
              -120.19852301423958,
              39.912448795924874
            ],
            [
              -120.19852296732483,
              39.91244795556309
            ],
            [
              -120.19851122760275,
              39.91243323188111
            ],
            [
              -120.19847157190074,
              39.91237783407147
            ],
            [
              -120.19843882187106,
              39.91231982179461
            ],
            [
              -120.19841326489225,
              39.91225970413519
            ],
            [
              -120.19841285879758,
              39.912258322953456
            ],
            [
              -120.19838133938848,
              39.912226168994536
            ],
            [
              -120.19833614871253,
              39.912169099911104
            ],
            [
              -120.19829850629893,
              39.912108869899285
            ],
            [
              -120.19826878096421,
              39.91204606911977
            ],
            [
              -120.19824726394734,
              39.91198131292107
            ],
            [
              -120.19823416605672,
              39.911915235809865
            ],
            [
              -120.19822636680145,
              39.91185653577725
            ],
            [
              -120.1982218320781,
              39.91179230622344
            ],
            [
              -120.19822525404841,
              39.91172803580958
            ],
            [
              -120.19823660163932,
              39.911664307723775
            ],
            [
              -120.19825577186161,
              39.9116017002315
            ],
            [
              -120.1982825907453,
              39.91154078142852
            ],
            [
              -120.19831681491878,
              39.911482104086105
            ],
            [
              -120.19835166176425,
              39.91143495717172
            ],
            [
              -120.19834609749876,
              39.91142773797409
            ],
            [
              -120.19830893818201,
              39.91136616951967
            ],
            [
              -120.19827999506846,
              39.91130203879254
            ],
            [
              -120.19825956071944,
              39.91123599408844
            ],
            [
              -120.19824784167965,
              39.911168703049434
            ],
            [
              -120.1982449563899,
              39.91110084591474
            ],
            [
              -120.1982509339911,
              39.91103310864412
            ],
            [
              -120.1982657140306,
              39.91096617598373
            ],
            [
              -120.1982812146535,
              39.91091247611912
            ],
            [
              -120.19830296071589,
              39.91085099497597
            ],
            [
              -120.19833213524007,
              39.910791366044094
            ],
            [
              -120.19836847842411,
              39.91073412028686
            ],
            [
              -120.1984116666355,
              39.91067976744555
            ],
            [
              -120.19846131529322,
              39.91062879150057
            ],
            [
              -120.19851698229273,
              39.91058164636214
            ],
            [
              -120.19857817194286,
              39.91053875182866
            ],
            [
              -120.1985789435137,
              39.91053830566061
            ],
            [
              -120.19857828845944,
              39.910536854295934
            ],
            [
              -120.19855872988207,
              39.91047558018136
            ],
            [
              -120.19854668350928,
              39.910413167702266
            ],
            [
              -120.1985422545014,
              39.91035016180359
            ],
            [
              -120.19854548150855,
              39.91028711261014
            ],
            [
              -120.19855633633382,
              39.9102245706232
            ],
            [
              -120.19857472418023,
              39.91016308191408
            ],
            [
              -120.19860048447907,
              39.9101031833562
            ],
            [
              -120.19861661631651,
              39.91007485620801
            ],
            [
              -120.19861138653249,
              39.91004496161958
            ],
            [
              -120.19860382058616,
              39.909972011522534
            ],
            [
              -120.19860655023042,
              39.90989885931107
            ],
            [
              -120.19861909207606,
              39.90978267829401
            ],
            [
              -120.1986099710733,
              39.90974497415215
            ],
            [
              -120.19859760376536,
              39.909671887404485
            ],
            [
              -120.1985956535287,
              39.90959819802614
            ],
            [
              -120.19859625370025,
              39.909584698036596
            ],
            [
              -120.1986101112053,
              39.90948604932511
            ],
            [
              -120.1986250119521,
              39.909423449461215
            ],
            [
              -120.19863584700998,
              39.90938793099278
            ],
            [
              -120.1986281089952,
              39.90933848234378
            ],
            [
              -120.19862735175336,
              39.909296767984294
            ],
            [
              -120.19860711488369,
              39.90927192478491
            ],
            [
              -120.19856684734506,
              39.90920868584621
            ],
            [
              -120.19852124817113,
              39.90912648555931
            ],
            [
              -120.1984940096807,
              39.90907068557437
            ],
            [
              -120.198473267665,
              39.90901325302549
            ],
            [
              -120.19845918375722,
              39.90895463550471
            ],
            [
              -120.19845186770063,
              39.908895289837766
            ],
            [
              -120.19844841937935,
              39.90884274871598
            ],
            [
              -120.19830393022936,
              39.90883642248234
            ],
            [
              -120.19828324257341,
              39.90883588513272
            ],
            [
              -120.198185900419,
              39.90882915979495
            ],
            [
              -120.19808313635471,
              39.90881758452326
            ],
            [
              -120.19802679638559,
              39.90883945010831
            ],
            [
              -120.19784793394763,
              39.90890049991533
            ],
            [
              -120.19784550260457,
              39.90891358140928
            ],
            [
              -120.19782824188529,
              39.9089814533438
            ],
            [
              -120.19780205685096,
              39.909047609636374
            ],
            [
              -120.19776722215923,
              39.90911135630367
            ],
            [
              -120.19772410320608,
              39.909172024637606
            ],
            [
              -120.19767315229365,
              39.9092289782206
            ],
            [
              -120.19761490388615,
              39.909281619601785
            ],
            [
              -120.1975499690037,
              39.909329396564765
            ],
            [
              -120.19750416888952,
              39.90935979678577
            ],
            [
              -120.19743987530023,
              39.90939860360793
            ],
            [
              -120.19737117120698,
              39.90943263437086
            ],
            [
              -120.19729865289486,
              39.90946159371822
            ],
            [
              -120.19722294975544,
              39.90948523030882
            ],
            [
              -120.19714471882386,
              39.90950333899817
            ],
            [
              -120.19706463907607,
              39.909515762619094
            ],
            [
              -120.19698340553528,
              39.909522393345874
            ],
            [
              -120.19685370425992,
              39.90952829335923
            ],
            [
              -120.19684777840206,
              39.90952832737967
            ],
            [
              -120.19683085276507,
              39.90954231612454
            ],
            [
              -120.19676021668833,
              39.90958945629288
            ],
            [
              -120.1966834660558,
              39.90963053837098
            ],
            [
              -120.19660147296791,
              39.90966509554807
            ],
            [
              -120.19657847280219,
              39.909673595617186
            ],
            [
              -120.19650057562176,
              39.90969890218236
            ],
            [
              -120.19641987572827,
              39.90971831382307
            ],
            [
              -120.19633712336028,
              39.909731650076445
            ],
            [
              -120.19627602277355,
              39.90973915012847
            ],
            [
              -120.19619666019982,
              39.90974605533431
            ],
            [
              -120.19611681095948,
              39.909747370872154
            ],
            [
              -120.19603713751775,
              39.90974308582832
            ],
            [
              -120.19595830088112,
              39.90973323575414
            ],
            [
              -120.19588095511278,
              39.909717902370865
            ],
            [
              -120.19577465423502,
              39.909692802106
            ],
            [
              -120.1956875893666,
              39.90966829714878
            ],
            [
              -120.19560570983614,
              39.90963735708204
            ],
            [
              -120.19554434287961,
              39.909663814646144
            ],
            [
              -120.19545465129022,
              39.909697474013626
            ],
            [
              -120.1953605749608,
              39.90972306876177
            ],
            [
              -120.1953429169195,
              39.90972701843491
            ],
            [
              -120.19531014415814,
              39.909786350637134
            ],
            [
              -120.1952700704926,
              39.90984312187407
            ],
            [
              -120.19522313401275,
              39.90989668347476
            ],
            [
              -120.19516976449623,
              39.90994654498128
            ],
            [
              -120.19511045063058,
              39.909992249816106
            ],
            [
              -120.19504573553854,
              39.91003337946333
            ],
            [
              -120.19502333544892,
              39.91004627956115
            ],
            [
              -120.19495410063517,
              39.91008232200726
            ],
            [
              -120.19488072470378,
              39.91011312505044
            ],
            [
              -120.19480387415257,
              39.91013840889514
            ],
            [
              -120.19472424704318,
              39.91015794387869
            ],
            [
              -120.19464256665972,
              39.91017155255753
            ],
            [
              -120.19455957493851,
              39.91017911131911
            ],
            [
              -120.19447602572806,
              39.91018055150479
            ],
            [
              -120.19446062557712,
              39.91018025149662
            ],
            [
              -120.19446036899552,
              39.91018024581947
            ],
            [
              -120.1944302761861,
              39.91021266401859
            ],
            [
              -120.19435347641185,
              39.910287364479444
            ],
            [
              -120.1942917411423,
              39.91034125205537
            ],
            [
              -120.19422291913794,
              39.91038978224056
            ],
            [
              -120.19414778981985,
              39.910432405413545
            ],
            [
              -120.1940672040465,
              39.91046863885112
            ],
            [
              -120.19401370368092,
              39.91048983902262
            ],
            [
              -120.19390636958768,
              39.9105256161618
            ],
            [
              -120.19387606933348,
              39.910533916229376
            ],
            [
              -120.19381611695009,
              39.910548496551975
            ],
            [
              -120.1937401162671,
              39.91056469668083
            ],
            [
              -120.19366318086375,
              39.910578257841884
            ],
            [
              -120.19358497366449,
              39.91058643672746
            ],
            [
              -120.1935061282748,
              39.910589167075926
            ],
            [
              -120.1934272834709,
              39.91058642676767
            ],
            [
              -120.19334907802411,
              39.910578238004284
            ],
            [
              -120.19331057767015,
              39.910572837940116
            ],
            [
              -120.19330784625156,
              39.910572451388084
            ],
            [
              -120.19320691643415,
              39.91055804041459
            ],
            [
              -120.19319926421674,
              39.91061765845979
            ],
            [
              -120.1931841370973,
              39.91067825251869
            ],
            [
              -120.1931618906561,
              39.91073753024637
            ],
            [
              -120.19313271062825,
              39.91079499668671
            ],
            [
              -120.19309684064453,
              39.91085017200628
            ],
            [
              -120.19305458019764,
              39.91090259550101
            ],
            [
              -120.19300628214198,
              39.91095182944314
            ],
            [
              -120.19298268219289,
              39.91097372958155
            ],
            [
              -120.19292896369532,
              39.91101919763039
            ],
            [
              -120.192883663669,
              39.911054197870875
            ],
            [
              -120.1928181698031,
              39.91109993788297
            ],
            [
              -120.19274702744681,
              39.91114036634605
            ],
            [
              -120.19267095989866,
              39.911175072222896
            ],
            [
              -120.19262351174183,
              39.911192006565074
            ],
            [
              -120.19261542911859,
              39.911198728455645
            ],
            [
              -120.19254840895684,
              39.911244171869214
            ],
            [
              -120.19247573457574,
              39.911284130582565
            ],
            [
              -120.19241463424754,
              39.91131423081891
            ],
            [
              -120.19234753749598,
              39.91134415140481
            ],
            [
              -120.19227727084339,
              39.91136939075102
            ],
            [
              -120.19220438366573,
              39.9113897515246
            ],
            [
              -120.19208797416353,
              39.91141785178297
            ],
            [
              -120.19207622548025,
              39.911436649971016
            ],
            [
              -120.19203316526706,
              39.91149737411652
            ],
            [
              -120.19198226213891,
              39.911554386394954
            ],
            [
              -120.19192405047487,
              39.91160708827356
            ],
            [
              -120.19185914138563,
              39.91165492647037
            ],
            [
              -120.19178821629798,
              39.91169739876307
            ],
            [
              -120.19171201980102,
              39.91173405926182
            ],
            [
              -120.19163135182913,
              39.91176452309074
            ],
            [
              -120.1915549512386,
              39.91178972329659
            ],
            [
              -120.19147983539581,
              39.91181142504094
            ],
            [
              -120.19140245822646,
              39.91182774908179
            ],
            [
              -120.19132346746191,
              39.911838558769524
            ],
            [
              -120.19124352434211,
              39.91184376361572
            ],
            [
              -120.19115942351407,
              39.911846263611395
            ],
            [
              -120.19107053387904,
              39.91184543333711
            ],
            [
              -120.19098221020016,
              39.91183767674916
            ],
            [
              -120.19089536023645,
              39.911823073567874
            ],
            [
              -120.19087961851422,
              39.91181910483143
            ],
            [
              -120.19089866582904,
              39.91187307415094
            ],
            [
              -120.19091279078894,
              39.91193633500447
            ],
            [
              -120.19092799198674,
              39.912031234932535
            ],
            [
              -120.19093432672985,
              39.9120974215136
            ],
            [
              -120.19093219392606,
              39.91216376729574
            ],
            [
              -120.19092161415229,
              39.91222963142781
            ],
            [
              -120.19090268957764,
              39.912294377709344
            ],
            [
              -120.19087560297756,
              39.912357380735735
            ],
            [
              -120.19084061596894,
              39.91241803193944
            ],
            [
              -120.19079806648416,
              39.912475745468484
            ],
            [
              -120.19074836550728,
              39.91252996384564
            ],
            [
              -120.19069199310472,
              39.91258016335359
            ],
            [
              -120.19062949378866,
              39.912625859093914
            ],
            [
              -120.19060370530644,
              39.91264293913426
            ],
            [
              -120.19057554320148,
              39.91270211904887
            ],
            [
              -120.19053999677234,
              39.91275945949186
            ],
            [
              -120.19049760891176,
              39.91281397326833
            ],
            [
              -120.19044994550916,
              39.91286919885159
            ],
            [
              -120.19044105694533,
              39.91288350537909
            ],
            [
              -120.19039889953615,
              39.912937685587565
            ],
            [
              -120.1903279452892,
              39.91301989318882
            ],
            [
              -120.19026640577005,
              39.913112913831725
            ],
            [
              -120.19027893644223,
              39.913135954421044
            ],
            [
              -120.19030843688834,
              39.913198744260406
            ],
            [
              -120.19032974010432,
              39.913263470723585
            ],
            [
              -120.19034263776395,
              39.91332950091607
            ],
            [
              -120.19034700372916,
              39.913396189193584
            ],
            [
              -120.19034710482244,
              39.913481789230765
            ],
            [
              -120.19034292301507,
              39.91354827449412
            ],
            [
              -120.19033026118422,
              39.913614119704
            ],
            [
              -120.19030924233789,
              39.91367868505829
            ],
            [
              -120.19028007068884,
              39.91374134318916
            ],
            [
              -120.19019617213897,
              39.91389694382254
            ],
            [
              -120.19017075619547,
              39.91393979544393
            ],
            [
              -120.1900813276598,
              39.91407763528505
            ],
            [
              -120.1900584543794,
              39.914143965849064
            ],
            [
              -120.19004847295479,
              39.91428274511529
            ],
            [
              -120.19004212727103,
              39.91433462077435
            ],
            [
              -120.19003653625157,
              39.91435953736833
            ],
            [
              -120.19003776879627,
              39.914362334910976
            ],
            [
              -120.19015848941271,
              39.914551952208484
            ],
            [
              -120.19020592228257,
              39.91464248641317
            ],
            [
              -120.19029712474034,
              39.91486088584517
            ],
            [
              -120.1903167674962,
              39.91491576026834
            ],
            [
              -120.19038523540176,
              39.9151442208558
            ],
            [
              -120.19040135398906,
              39.915174669340125
            ],
            [
              -120.1905521887552,
              39.915390388499574
            ],
            [
              -120.19073166475997,
              39.91563803590272
            ],
            [
              -120.19076833821498,
              39.91569473552182
            ],
            [
              -120.19079795087349,
              39.915753831768974
            ],
            [
              -120.19082024214907,
              39.91581480464476
            ],
            [
              -120.19083501587598,
              39.91587711763553
            ],
            [
              -120.19086581809563,
              39.91605351748282
            ],
            [
              -120.19087363764982,
              39.91614485426752
            ],
            [
              -120.19087323960619,
              39.91629805433841
            ],
            [
              -120.19086834055878,
              39.91636799353755
            ],
            [
              -120.19085405958344,
              39.91643716575413
            ],
            [
              -120.19083055029586,
              39.91650482679099
            ],
            [
              -120.19080055104594,
              39.91657612703177
            ],
            [
              -120.19076995992742,
              39.91663823401689
            ],
            [
              -120.19073159240197,
              39.916697726197555
            ],
            [
              -120.19068581970447,
              39.916754027912226
            ],
            [
              -120.1906330847275,
              39.91680659436985
            ],
            [
              -120.19057389773592,
              39.91685491692172
            ],
            [
              -120.19050883143002,
              39.916898527983555
            ],
            [
              -120.19040163105652,
              39.91696352846965
            ],
            [
              -120.19033139115272,
              39.91700196845322
            ],
            [
              -120.19025659076246,
              39.91703491451875
            ],
            [
              -120.19017795216097,
              39.917062048536174
            ],
            [
              -120.1900962346884,
              39.917083108496904
            ],
            [
              -120.19001222741714,
              39.91709789104407
            ],
            [
              -120.1898445258182,
              39.917120791208944
            ],
            [
              -120.18975694836767,
              39.91712927612928
            ],
            [
              -120.18966870682914,
              39.91713093896964
            ],
            [
              -120.18958069520905,
              39.91712576288411
            ],
            [
              -120.18933679289523,
              39.91710186257212
            ],
            [
              -120.18922453144684,
              39.91708507380827
            ],
            [
              -120.18889602861213,
              39.91701857308135
            ],
            [
              -120.18878805176085,
              39.916990832718916
            ],
            [
              -120.1883989489357,
              39.916868731515855
            ],
            [
              -120.18833620146019,
              39.91684678951153
            ],
            [
              -120.18827588536129,
              39.9168211212104
            ],
            [
              -120.18812308461656,
              39.91674992058925
            ],
            [
              -120.18805407229827,
              39.916714215380885
            ],
            [
              -120.18798976156361,
              39.91667363799812
            ],
            [
              -120.18781496142938,
              39.91655223711247
            ],
            [
              -120.1877458783675,
              39.916498563623186
            ],
            [
              -120.18756997879898,
              39.91634566264738
            ],
            [
              -120.18752161794559,
              39.91629971913628
            ],
            [
              -120.18738411870685,
              39.91615671833115
            ],
            [
              -120.18736847520874,
              39.91613991704614
            ],
            [
              -120.18721387995978,
              39.915968394533486
            ],
            [
              -120.18716359198403,
              39.915926966962076
            ],
            [
              -120.18720704640387,
              39.9159808220354
            ],
            [
              -120.18724414394478,
              39.916038367692614
            ],
            [
              -120.18725974421636,
              39.91606576759454
            ],
            [
              -120.18729228797211,
              39.91613223053069
            ],
            [
              -120.18731558517122,
              39.91620095810106
            ],
            [
              -120.18732937801043,
              39.916271189860616
            ],
            [
              -120.18733351384718,
              39.91634214871863
            ],
            [
              -120.18733301447892,
              39.916391648744344
            ],
            [
              -120.18732828371273,
              39.91645664425883
            ],
            [
              -120.18731544724105,
              39.9165209869836
            ],
            [
              -120.1872946243385,
              39.91658407894351
            ],
            [
              -120.1872660085038,
              39.91664533378591
            ],
            [
              -120.18722986566222,
              39.916704182230156
            ],
            [
              -120.18718653169492,
              39.91676007735852
            ],
            [
              -120.18711043216283,
              39.916848277851756
            ],
            [
              -120.1870579317712,
              39.91690294140897
            ],
            [
              -120.18699855891582,
              39.91695326276911
            ],
            [
              -120.18693291547027,
              39.916998731804085
            ],
            [
              -120.18686166687964,
              39.91703888757503
            ],
            [
              -120.18678553541471,
              39.917073323005354
            ],
            [
              -120.18670529284971,
              39.91710168900764
            ],
            [
              -120.18651509132705,
              39.91716018948565
            ],
            [
              -120.18644428552034,
              39.917179305678346
            ],
            [
              -120.18637161670169,
              39.91719369127382
            ],
            [
              -120.18620371512787,
              39.917221091481096
            ],
            [
              -120.18608494102358,
              39.91723401680113
            ],
            [
              -120.18580203824469,
              39.91724971685758
            ],
            [
              -120.18577244621035,
              39.917250972446105
            ],
            [
              -120.18552064373065,
              39.91725837243218
            ],
            [
              -120.1854453045451,
              39.917258092605664
            ],
            [
              -120.18508690104738,
              39.91724489235523
            ],
            [
              -120.18506697055075,
              39.91724398306332
            ],
            [
              -120.18491446907161,
              39.91723568293099
            ],
            [
              -120.1848236000194,
              39.91722704760734
            ],
            [
              -120.18473439552737,
              39.91721116395584
            ],
            [
              -120.18464782799478,
              39.917188205122045
            ],
            [
              -120.18456484107324,
              39.91715842137638
            ],
            [
              -120.18456393782358,
              39.917158051841575
            ],
            [
              -120.1845493715727,
              39.91716460666047
            ],
            [
              -120.18446973694591,
              39.917196353114996
            ],
            [
              -120.18438630822764,
              39.91722167136669
            ],
            [
              -120.18429995780886,
              39.917240296669576
            ],
            [
              -120.18421158863433,
              39.91725203426407
            ],
            [
              -120.18412212476012,
              39.91725676141373
            ],
            [
              -120.18403250169006,
              39.917254428688814
            ],
            [
              -120.18399710668648,
              39.91725069649719
            ],
            [
              -120.18398885547491,
              39.917255255167866
            ],
            [
              -120.18391761785831,
              39.91728726870309
            ],
            [
              -120.18384278921485,
              39.917313986981185
            ],
            [
              -120.18376503152773,
              39.91733517363417
            ],
            [
              -120.18358942997975,
              39.917375973962066
            ],
            [
              -120.18352348203437,
              39.91738916757826
            ],
            [
              -120.18345640283654,
              39.917398378750796
            ],
            [
              -120.18325010084006,
              39.91742037889431
            ],
            [
              -120.1831852616191,
              39.91742541103375
            ],
            [
              -120.1831201161216,
              39.91742672165786
            ],
            [
              -120.1829531214774,
              39.91742530146014
            ],
            [
              -120.18289103592205,
              39.91743552147433
            ],
            [
              -120.18280797199529,
              39.917442923767524
            ],
            [
              -120.18272437007653,
              39.917444200622015
            ],
            [
              -120.1827010698482,
              39.9174437006092
            ],
            [
              -120.1826974639909,
              39.917443617513
            ],
            [
              -120.18251476220189,
              39.91743911740679
            ],
            [
              -120.1824262311306,
              39.91743347034033
            ],
            [
              -120.18233889626752,
              39.91742095551401
            ],
            [
              -120.18225469552554,
              39.91740545534085
            ],
            [
              -120.18217020112259,
              39.91738640198479
            ],
            [
              -120.18208861372145,
              39.91736092085867
            ],
            [
              -120.18201075570022,
              39.917329268807066
            ],
            [
              -120.18193741184253,
              39.91729176487555
            ],
            [
              -120.18186932142687,
              39.91724878709449
            ],
            [
              -120.18180717077449,
              39.91720076866836
            ],
            [
              -120.18175158633166,
              39.91714819360881
            ],
            [
              -120.1817031283553,
              39.91709159185568
            ],
            [
              -120.18165742881897,
              39.917031891575554
            ],
            [
              -120.18161332282207,
              39.91696632156777
            ],
            [
              -120.18157877874343,
              39.916897435210764
            ],
            [
              -120.18155420965516,
              39.9168260562953
            ],
            [
              -120.18152371103785,
              39.9167127561187
            ],
            [
              -120.18151011420343,
              39.91664519002246
            ],
            [
              -120.18150842574966,
              39.91662041861736
            ],
            [
              -120.18150073347334,
              39.9166139392014
            ],
            [
              -120.18144922542992,
              39.916560948082015
            ],
            [
              -120.18140470243551,
              39.91650432843991
            ],
            [
              -120.18136759226489,
              39.91644462429726
            ],
            [
              -120.18133825146494,
              39.91638240931164
            ],
            [
              -120.18131696192937,
              39.916318281264
            ],
            [
              -120.18130392819104,
              39.9162528563148
            ],
            [
              -120.18129927545762,
              39.916186763083786
            ],
            [
              -120.18129897603264,
              39.91614176310153
            ],
            [
              -120.18130398427556,
              39.91606615555902
            ],
            [
              -120.18131995191177,
              39.91599145486497
            ],
            [
              -120.18132900121891,
              39.91596678679936
            ],
            [
              -120.18131565191966,
              39.915935250463974
            ],
            [
              -120.18129275266332,
              39.91587155032378
            ],
            [
              -120.18127302024952,
              39.91580296149708
            ],
            [
              -120.18126264891964,
              39.91573316521585
            ],
            [
              -120.1812617508994,
              39.915662916923075
            ],
            [
              -120.18127033587956,
              39.9155929769519
            ],
            [
              -120.18128831091215,
              39.915524102296025
            ],
            [
              -120.18133990599085,
              39.915368743067454
            ],
            [
              -120.18134853943268,
              39.91534081988726
            ],
            [
              -120.18133418364992,
              39.91530221805864
            ],
            [
              -120.18128768569085,
              39.91513441778749
            ],
            [
              -120.18127685442369,
              39.915087158546385
            ],
            [
              -120.18121175400492,
              39.914729210451085
            ],
            [
              -120.18119969932977,
              39.91471528829859
            ],
            [
              -120.18116666641184,
              39.91466992195506
            ],
            [
              -120.18116043026723,
              39.91466052654766
            ],
            [
              -120.18107867327438,
              39.91454990715366
            ],
            [
              -120.18103615991704,
              39.9144843466117
            ],
            [
              -120.1810031226241,
              39.9144156246937
            ],
            [
              -120.18096472371008,
              39.914320124455465
            ],
            [
              -120.18093993867178,
              39.9142424766123
            ],
            [
              -120.1809272465692,
              39.91416311713223
            ],
            [
              -120.18091586784656,
              39.914024873431245
            ],
            [
              -120.18083870907938,
              39.91375294827599
            ],
            [
              -120.18082461176469,
              39.91368840856223
            ],
            [
              -120.18081869418182,
              39.91362312107925
            ],
            [
              -120.18082101189394,
              39.9135576991024
            ],
            [
              -120.1808315431064,
              39.913492757168676
            ],
            [
              -120.18084674391156,
              39.91342565730938
            ],
            [
              -120.18086539498076,
              39.91336179056605
            ],
            [
              -120.18089198911733,
              39.91329961461144
            ],
            [
              -120.18092627637458,
              39.91323971376168
            ],
            [
              -120.18097237694614,
              39.91316871409185
            ],
            [
              -120.18098942797974,
              39.91314538808517
            ],
            [
              -120.18095738519949,
              39.913112662024346
            ],
            [
              -120.18088588308352,
              39.913125368829526
            ],
            [
              -120.18081088254998,
              39.91313607539538
            ],
            [
              -120.18076525194151,
              39.91313946913595
            ],
            [
              -120.18057268846034,
              39.913272588420256
            ],
            [
              -120.18052288482826,
              39.91330453826086
            ],
            [
              -120.18047015230567,
              39.913333567711106
            ],
            [
              -120.18022515105197,
              39.91345816868342
            ],
            [
              -120.18016341779116,
              39.913486830117954
            ],
            [
              -120.18009883599316,
              39.91351149011812
            ],
            [
              -120.17993943478793,
              39.91356619056438
            ],
            [
              -120.17986035784574,
              39.91358986634992
            ],
            [
              -120.17977867971837,
              39.91360754646827
            ],
            [
              -120.17969516504162,
              39.91361906540616
            ],
            [
              -120.17961059564557,
              39.91362431532882
            ],
            [
              -120.17952576323482,
              39.913623247089355
            ],
            [
              -120.17944146197627,
              39.91361587068902
            ],
            [
              -120.17935848106366,
              39.913602255183484
            ],
            [
              -120.179277597329,
              39.91358252803623
            ],
            [
              -120.1791995679695,
              39.91355687392525
            ],
            [
              -120.17912512345858,
              39.913525533013946
            ],
            [
              -120.179054960707,
              39.913488798702616
            ],
            [
              -120.17898973653855,
              39.913447014881555
            ],
            [
              -120.17893006154094,
              39.91340057271152
            ],
            [
              -120.17887649434971,
              39.91334990696151
            ],
            [
              -120.17884559452372,
              39.91331760678037
            ],
            [
              -120.17879675298755,
              39.913260749930764
            ],
            [
              -120.17875560486661,
              39.913200390656606
            ],
            [
              -120.17872256952118,
              39.91313714413961
            ],
            [
              -120.1786979836233,
              39.913071654986375
            ],
            [
              -120.1786820977262,
              39.9130045906585
            ],
            [
              -120.17867507371167,
              39.91293663466963
            ],
            [
              -120.17867698314122,
              39.91286847961908
            ],
            [
              -120.17868780652776,
              39.912800820132944
            ],
            [
              -120.17870743353531,
              39.91273434578459
            ],
            [
              -120.17873566410462,
              39.91266973406677
            ],
            [
              -120.17874478519936,
              39.91265189340376
            ],
            [
              -120.17872924992312,
              39.9126400641651
            ],
            [
              -120.17866701357258,
              39.91258739407049
            ],
            [
              -120.17861232630635,
              39.912529969709844
            ],
            [
              -120.17856579630408,
              39.912468429723766
            ],
            [
              -120.17852794102095,
              39.912403458522576
            ],
            [
              -120.17850792536056,
              39.912363601051595
            ],
            [
              -120.17848302810376,
              39.9123495006826
            ],
            [
              -120.17842553349463,
              39.91231055308477
            ],
            [
              -120.17831843350153,
              39.91223135252684
            ],
            [
              -120.17826194892716,
              39.912185479424814
            ],
            [
              -120.1782112826613,
              39.91213573968449
            ],
            [
              -120.17816687875289,
              39.91208256924808
            ],
            [
              -120.178129126362,
              39.912026434124854
            ],
            [
              -120.17809835634928,
              39.91196782630666
            ],
            [
              -120.17805275744534,
              39.91186772602108
            ],
            [
              -120.1780256125337,
              39.91179548514642
            ],
            [
              -120.17800906751916,
              39.91172136785021
            ],
            [
              -120.17800332758299,
              39.911646293446104
            ],
            [
              -120.17800312821653,
              39.911596693466706
            ],
            [
              -120.17800729163845,
              39.9115288457292
            ],
            [
              -120.17802028510519,
              39.91146166332528
            ],
            [
              -120.17804197712384,
              39.911395826003655
            ],
            [
              -120.17807214819183,
              39.91133199990175
            ],
            [
              -120.17811049301854,
              39.91127083080589
            ],
            [
              -120.17815662361507,
              39.911212937617464
            ],
            [
              -120.17821007322057,
              39.91115890609128
            ],
            [
              -120.17827030102536,
              39.91110928290924
            ],
            [
              -120.17833669764303,
              39.911064570149385
            ],
            [
              -120.17840859127634,
              39.91102522020629
            ],
            [
              -120.17848525451416,
              39.91099163121413
            ],
            [
              -120.17852124069002,
              39.91097766013635
            ],
            [
              -120.17867415066593,
              39.910902125470145
            ],
            [
              -120.17874552593668,
              39.91087040987544
            ],
            [
              -120.17880220475577,
              39.91085042726763
            ],
            [
              -120.17872163977472,
              39.91080615151094
            ],
            [
              -120.17865591614927,
              39.91076625366177
            ],
            [
              -120.17859543106388,
              39.910721712462966
            ],
            [
              -120.1785407354756,
              39.91067293364766
            ],
            [
              -120.1784923276007,
              39.910620361549086
            ],
            [
              -120.17845064837684,
              39.91056447505284
            ],
            [
              -120.17841607744678,
              39.91050578323443
            ],
            [
              -120.1783889297007,
              39.91044482072195
            ],
            [
              -120.1783694524083,
              39.91038214282589
            ],
            [
              -120.17835782296733,
              39.910318320480634
            ],
            [
              -120.17835414728819,
              39.9102539350438
            ],
            [
              -120.17835434780643,
              39.91021333506337
            ],
            [
              -120.17835859193278,
              39.910149496253176
            ],
            [
              -120.1783706555705,
              39.91008625252181
            ],
            [
              -120.1783904305953,
              39.9100241706003
            ],
            [
              -120.17841773978206,
              39.90996380680725
            ],
            [
              -120.17845233839361,
              39.90990570206359
            ],
            [
              -120.17849391637432,
              39.90985037704568
            ],
            [
              -120.17854210112924,
              39.90979832751964
            ],
            [
              -120.17859646086316,
              39.909750019899
            ],
            [
              -120.17865650845027,
              39.90970588706544
            ],
            [
              -120.17865912949033,
              39.90970429658686
            ],
            [
              -120.17865739332252,
              39.909702886775285
            ],
            [
              -120.17826166131054,
              39.90934752213971
            ],
            [
              -120.17804664291131,
              39.90915616047748
            ],
            [
              -120.178035996281,
              39.90915273812376
            ],
            [
              -120.17774629433316,
              39.90905113715245
            ],
            [
              -120.17767982348829,
              39.90902514337458
            ],
            [
              -120.17752568522688,
              39.9089583732583
            ],
            [
              -120.17744746600519,
              39.90892970602141
            ],
            [
              -120.17736913854961,
              39.90889281020875
            ],
            [
              -120.17729625061234,
              39.90884980885998
            ],
            [
              -120.17718235044569,
              39.90877500829809
            ],
            [
              -120.17712024734949,
              39.90873002917983
            ],
            [
              -120.17709694737626,
              39.90871142905459
            ],
            [
              -120.17704173244574,
              39.908662912859164
            ],
            [
              -120.17699278147877,
              39.908610560291805
            ],
            [
              -120.17695054126311,
              39.90855484920411
            ],
            [
              -120.17691539733092,
              39.90849628810149
            ],
            [
              -120.17688767044018,
              39.908435411501536
            ],
            [
              -120.17686761364763,
              39.908372775055085
            ],
            [
              -120.17685540999956,
              39.908308950474385
            ],
            [
              -120.17685117086204,
              39.908244520314724
            ],
            [
              -120.17685087189774,
              39.90816342034859
            ],
            [
              -120.1768543648927,
              39.90810125923319
            ],
            [
              -120.17686527245013,
              39.9080396095861
            ],
            [
              -120.17688350194608,
              39.90797899480807
            ],
            [
              -120.176908898595,
              39.907919929512616
            ],
            [
              -120.17692397548367,
              39.9078933561806
            ],
            [
              -120.17688767184967,
              39.90788308426198
            ],
            [
              -120.17680588744741,
              39.9078521897286
            ],
            [
              -120.17672870656124,
              39.907814927332566
            ],
            [
              -120.17660640612431,
              39.907748826788726
            ],
            [
              -120.17654457643677,
              39.90771214066636
            ],
            [
              -120.17648722807644,
              39.90767136540592
            ],
            [
              -120.17643481547412,
              39.90762682411877
            ],
            [
              -120.17638775394623,
              39.9075788697582
            ],
            [
              -120.176346416404,
              39.907527882322526
            ],
            [
              -120.17623221767442,
              39.90737198161848
            ],
            [
              -120.17619613907041,
              39.907317010628304
            ],
            [
              -120.17616671469533,
              39.9072597365409
            ],
            [
              -120.1761441893503,
              39.90720063589136
            ],
            [
              -120.17612875043321,
              39.907140200410964
            ],
            [
              -120.17609795241546,
              39.90698180025095
            ],
            [
              -120.17608941214405,
              39.90691603081132
            ],
            [
              -120.17608926213683,
              39.906849933426045
            ],
            [
              -120.17609750380687,
              39.90678414139541
            ],
            [
              -120.176097553888,
              39.90678394518894
            ],
            [
              -120.1760065917713,
              39.90667893139934
            ],
            [
              -120.17596640744186,
              39.9066277687594
            ],
            [
              -120.17593225761297,
              39.90657406900952
            ],
            [
              -120.17590441004367,
              39.90651825321742
            ],
            [
              -120.1758830830745,
              39.906460759041934
            ],
            [
              -120.17586844391577,
              39.90640203730116
            ],
            [
              -120.175838345899,
              39.906243737146276
            ],
            [
              -120.17582967600647,
              39.90617049120871
            ],
            [
              -120.17583140130634,
              39.90609695356896
            ],
            [
              -120.17584350129715,
              39.906023996648
            ],
            [
              -120.1758894035938,
              39.90583139706782
            ],
            [
              -120.17590982383275,
              39.9057648786375
            ],
            [
              -120.1759388710174,
              39.905700290825216
            ],
            [
              -120.17597624750537,
              39.9056382954009
            ],
            [
              -120.176021570315,
              39.90557952757115
            ],
            [
              -120.17607437504986,
              39.90552458947108
            ],
            [
              -120.17613412065764,
              39.905474043995206
            ],
            [
              -120.17617947291063,
              39.905442720965816
            ],
            [
              -120.17616837058878,
              39.90543510371169
            ],
            [
              -120.17611010617347,
              39.90539122246123
            ],
            [
              -120.17605738356214,
              39.90534336460081
            ],
            [
              -120.17588168440379,
              39.90516796358355
            ],
            [
              -120.17582143936644,
              39.90509953454342
            ],
            [
              -120.17554236466712,
              39.90473652838347
            ],
            [
              -120.17541034186604,
              39.90462817533121
            ],
            [
              -120.17535464279914,
              39.90457771580345
            ],
            [
              -120.17530563000372,
              39.90452329670782
            ],
            [
              -120.1751532313663,
              39.904334995782335
            ],
            [
              -120.17511511887633,
              39.904282899349234
            ],
            [
              -120.17508314005413,
              39.904228410446976
            ],
            [
              -120.1750215412873,
              39.904109710059686
            ],
            [
              -120.17499399265941,
              39.90404816968942
            ],
            [
              -120.17497426602449,
              39.90398487233163
            ],
            [
              -120.17496254467984,
              39.90392040620794
            ],
            [
              -120.17495893752874,
              39.90385537039959
            ],
            [
              -120.17496347806913,
              39.90379036928019
            ],
            [
              -120.17497612408324,
              39.90372600689931
            ],
            [
              -120.17499675803072,
              39.90366288136908
            ],
            [
              -120.1750424592768,
              39.90354698174159
            ],
            [
              -120.17507365555164,
              39.90348057484575
            ],
            [
              -120.17511368621881,
              39.90341704036073
            ],
            [
              -120.17516211343595,
              39.90335707316926
            ],
            [
              -120.17535361443525,
              39.90314547438609
            ],
            [
              -120.1753691785157,
              39.90312958763007
            ],
            [
              -120.1753645434874,
              39.903089909873735
            ],
            [
              -120.17532316004562,
              39.90294664131849
            ],
            [
              -120.17530748335152,
              39.90287376036368
            ],
            [
              -120.17530223749729,
              39.90279999664077
            ],
            [
              -120.17530223979733,
              39.90261979672107
            ],
            [
              -120.1753053809953,
              39.90256269422044
            ],
            [
              -120.17531478062709,
              39.90250600083775
            ],
            [
              -120.17533037134041,
              39.90245012271244
            ],
            [
              -120.1753845731463,
              39.902289323170194
            ],
            [
              -120.17538798763181,
              39.902279498269976
            ],
            [
              -120.17548709069357,
              39.90200269909558
            ],
            [
              -120.17550788762348,
              39.90195237960157
            ],
            [
              -120.17553372633047,
              39.901903465623334
            ],
            [
              -120.17567863243782,
              39.90165720280439
            ],
            [
              -120.17569165042322,
              39.9016293416761
            ],
            [
              -120.17569140534904,
              39.90153320350921
            ],
            [
              -120.17568571718189,
              39.901460180868476
            ],
            [
              -120.175676661087,
              39.9014623518666
            ],
            [
              -120.17559432468933,
              39.90147876271037
            ],
            [
              -120.17551031115696,
              39.901488951963806
            ],
            [
              -120.1754254110786,
              39.90149282374425
            ],
            [
              -120.17534042338605,
              39.90149034161806
            ],
            [
              -120.17523402236003,
              39.90148324151312
            ],
            [
              -120.17514319035936,
              39.90147347185872
            ],
            [
              -120.17505418045894,
              39.901456447528524
            ],
            [
              -120.17496796668036,
              39.901432354818446
            ],
            [
              -120.17488549244483,
              39.90140145737239
            ],
            [
              -120.17480766024876,
              39.901364093297
            ],
            [
              -120.17473532178738,
              39.90132067146143
            ],
            [
              -120.17465132168168,
              39.90126457104375
            ],
            [
              -120.17458985261896,
              39.90121931408437
            ],
            [
              -120.1745343653381,
              39.90116968349013
            ],
            [
              -120.17448538182471,
              39.90111614616384
            ],
            [
              -120.17444336287667,
              39.9010592057599
            ],
            [
              -120.17440870376946,
              39.90099939794586
            ],
            [
              -120.17438173053817,
              39.90093728536298
            ],
            [
              -120.17436269691096,
              39.90087345233297
            ],
            [
              -120.1743517819229,
              39.90080849936084
            ],
            [
              -120.17434908823246,
              39.900743037485725
            ],
            [
              -120.17435464115671,
              39.900677682532404
            ],
            [
              -120.17436838843408,
              39.900613049318096
            ],
            [
              -120.17439020071664,
              39.900549745868716
            ],
            [
              -120.17441987278805,
              39.900488367699005
            ],
            [
              -120.17445712549456,
              39.900429492210556
            ],
            [
              -120.17450160837207,
              39.90037367326019
            ],
            [
              -120.17455290294328,
              39.90032143594992
            ],
            [
              -120.17461052665512,
              39.900273271687375
            ],
            [
              -120.17467393741822,
              39.900229633563335
            ],
            [
              -120.17474253870687,
              39.900190932089615
            ],
            [
              -120.17481568517042,
              39.90015753133759
            ],
            [
              -120.17489580774199,
              39.90012488110443
            ],
            [
              -120.17506078608243,
              39.900042433826265
            ],
            [
              -120.17512736462614,
              39.90001228467687
            ],
            [
              -120.17535636310063,
              39.8999187854305
            ],
            [
              -120.17542793919313,
              39.89989267919367
            ],
            [
              -120.17550228188165,
              39.8998716541884
            ],
            [
              -120.17575397969192,
              39.89981025468366
            ],
            [
              -120.17578652505284,
              39.89980284614303
            ],
            [
              -120.17581301923893,
              39.89979724215312
            ],
            [
              -120.17587595644639,
              39.899760209132445
            ],
            [
              -120.17593842911238,
              39.89972665580557
            ],
            [
              -120.17600444685863,
              39.899697405089384
            ],
            [
              -120.17630174484088,
              39.89957860604892
            ],
            [
              -120.17633479157557,
              39.89956639569849
            ],
            [
              -120.17633138219401,
              39.89955086289628
            ],
            [
              -120.17631568344981,
              39.89945136282286
            ],
            [
              -120.17630951627531,
              39.8993855519535
            ],
            [
              -120.17631171766028,
              39.899319591672224
            ],
            [
              -120.17632226656228,
              39.89925411175842
            ],
            [
              -120.17634106223863,
              39.89918973740324
            ],
            [
              -120.17636792520933,
              39.89912708324049
            ],
            [
              -120.17640259897132,
              39.899066747478315
            ],
            [
              -120.1764066585144,
              39.89906121566469
            ],
            [
              -120.17635864213241,
              39.89905244705339
            ],
            [
              -120.17633632814449,
              39.899048133189936
            ],
            [
              -120.17616092663505,
              39.89901233279924
            ],
            [
              -120.17604303502064,
              39.89898121264484
            ],
            [
              -120.1757300328075,
              39.89887891164779
            ],
            [
              -120.17562967648848,
              39.898840093220365
            ],
            [
              -120.1754925757855,
              39.89877829267487
            ],
            [
              -120.17542317248572,
              39.89874351878013
            ],
            [
              -120.17535833772745,
              39.898703857216006
            ],
            [
              -120.17529864975982,
              39.89865966172249
            ],
            [
              -120.175244640925,
              39.89861132647652
            ],
            [
              -120.17519679291024,
              39.89855928257631
            ],
            [
              -120.17515553245204,
              39.89850399419611
            ],
            [
              -120.17512122753052,
              39.89844595444611
            ],
            [
              -120.1750941840878,
              39.89838568097426
            ],
            [
              -120.17507464330001,
              39.89832371134927
            ],
            [
              -120.17506277942691,
              39.89826059826608
            ],
            [
              -120.17505869825837,
              39.89819690461632
            ],
            [
              -120.17505846967752,
              39.89811206567058
            ],
            [
              -120.17498388861809,
              39.897989226818034
            ],
            [
              -120.1749097974116,
              39.89797033026257
            ],
            [
              -120.17483169906325,
              39.897943665759115
            ],
            [
              -120.17475734086777,
              39.89791127326523
            ],
            [
              -120.17468742886038,
              39.89787346035275
            ],
            [
              -120.17462262685594,
              39.89783058606044
            ],
            [
              -120.17454602684698,
              39.8977746856638
            ],
            [
              -120.17448710142153,
              39.897727291162575
            ],
            [
              -120.17443442693637,
              39.89767571503654
            ],
            [
              -120.17438850083083,
              39.89762044436757
            ],
            [
              -120.17434975680978,
              39.89756200112715
            ],
            [
              -120.17431856074829,
              39.89750093724688
            ],
            [
              -120.1742952072369,
              39.89743782940576
            ],
            [
              -120.17427991680026,
              39.89737327358402
            ],
            [
              -120.17427283381531,
              39.89730787943467
            ],
            [
              -120.1742740251487,
              39.897242264525936
            ],
            [
              -120.17428347952617,
              39.897177048509114
            ],
            [
              -120.17430110763988,
              39.89711284726674
            ],
            [
              -120.17432674299278,
              39.89705026709644
            ],
            [
              -120.17436014347163,
              39.89698989898535
            ],
            [
              -120.17440099363431,
              39.89693231302922
            ],
            [
              -120.17444890768923,
              39.896878053048745
            ],
            [
              -120.17450343313921,
              39.89682763145428
            ],
            [
              -120.174564055055,
              39.89678152440695
            ],
            [
              -120.17463020093831,
              39.896740167322285
            ],
            [
              -120.1747066006189,
              39.89669696765123
            ],
            [
              -120.17479089666013,
              39.896654807971736
            ],
            [
              -120.17488090346626,
              39.89662035680645
            ],
            [
              -120.1750720019876,
              39.89655745731968
            ],
            [
              -120.17514382067894,
              39.89653663161451
            ],
            [
              -120.17521772864193,
              39.896520723228676
            ],
            [
              -120.17529315959331,
              39.89650985405266
            ],
            [
              -120.17536953558165,
              39.89650410736657
            ],
            [
              -120.17557523355886,
              39.89649560737884
            ],
            [
              -120.17566799769932,
              39.89649555966913
            ],
            [
              -120.17575389787929,
              39.89650254552198
            ],
            [
              -120.17581150837137,
              39.89648402219684
            ],
            [
              -120.17589088569699,
              39.8964650680835
            ],
            [
              -120.17597223640364,
              39.89645198828544
            ],
            [
              -120.17605482950235,
              39.896444900333826
            ],
            [
              -120.17613792284119,
              39.8964438679192
            ],
            [
              -120.17628312142025,
              39.89644736783541
            ],
            [
              -120.17636222615535,
              39.896452040980684
            ],
            [
              -120.17643120751836,
              39.896461001605346
            ],
            [
              -120.176497488022,
              39.896422877208806
            ],
            [
              -120.17656862464786,
              39.89638955246552
            ],
            [
              -120.1766435447211,
              39.89636157588906
            ],
            [
              -120.1767215724995,
              39.89633919981368
            ],
            [
              -120.17680497177555,
              39.89631869997913
            ],
            [
              -120.17688868092448,
              39.89630158284486
            ],
            [
              -120.17697417430605,
              39.896290911192075
            ],
            [
              -120.17706061754534,
              39.89628678917186
            ],
            [
              -120.17714716699784,
              39.896289257014054
            ],
            [
              -120.17723297798237,
              39.89629829063454
            ],
            [
              -120.17730406625842,
              39.8963113809989
            ],
            [
              -120.1773237136416,
              39.89630369749034
            ],
            [
              -120.17740872111015,
              39.89627471146712
            ],
            [
              -120.17749723551934,
              39.89625282187774
            ],
            [
              -120.17758826156346,
              39.89623827486143
            ],
            [
              -120.17768077569677,
              39.89623123399358
            ],
            [
              -120.17790917344972,
              39.89622323399322
            ],
            [
              -120.17800843213595,
              39.896224090283646
            ],
            [
              -120.17816893057909,
              39.89623249014746
            ],
            [
              -120.17825669252338,
              39.89624052241228
            ],
            [
              -120.17834295860807,
              39.896255319854724
            ],
            [
              -120.17842685213965,
              39.89627673209437
            ],
            [
              -120.17850752053373,
              39.8963045415267
            ],
            [
              -120.17860101980123,
              39.8963412377881
            ],
            [
              -120.17860151714663,
              39.89634139864517
            ],
            [
              -120.17867485294559,
              39.89636825958129
            ],
            [
              -120.17874464745488,
              39.896400231883696
            ],
            [
              -120.17881030185258,
              39.89643704124
            ],
            [
              -120.17887125283517,
              39.896478371836785
            ],
            [
              -120.17894005284536,
              39.89652957147754
            ],
            [
              -120.17899249282002,
              39.896573387909406
            ],
            [
              -120.17905481446826,
              39.896576120104726
            ],
            [
              -120.17931411200432,
              39.896600519782254
            ],
            [
              -120.17938946337425,
              39.89661019275182
            ],
            [
              -120.17946343548022,
              39.89662488144032
            ],
            [
              -120.1797841328286,
              39.8967001806444
            ],
            [
              -120.17980973139204,
              39.896706523180235
            ],
            [
              -120.17994703382826,
              39.896742341215784
            ],
            [
              -120.18002273343257,
              39.89675160615676
            ],
            [
              -120.18010834344693,
              39.89676905142597
            ],
            [
              -120.18051209684941,
              39.89686838139153
            ],
            [
              -120.1805367808328,
              39.896857316769434
            ],
            [
              -120.18061552624201,
              39.896829626799715
            ],
            [
              -120.18069743304,
              39.896808053281184
            ],
            [
              -120.18078170270579,
              39.8967928065374
            ],
            [
              -120.18086751368436,
              39.89678403521132
            ],
            [
              -120.18095402939531,
              39.896781824816394
            ],
            [
              -120.18104040638812,
              39.896786196902866
            ],
            [
              -120.18112580256427,
              39.89679710884767
            ],
            [
              -120.18120938538634,
              39.896814454269865
            ],
            [
              -120.18137008408432,
              39.89685445385277
            ],
            [
              -120.18143788888152,
              39.896873743099846
            ],
            [
              -120.18150340025745,
              39.89689726906068
            ],
            [
              -120.18196079752077,
              39.89707956738408
            ],
            [
              -120.1820646219009,
              39.897128254741126
            ],
            [
              -120.18226332120885,
              39.89723665385313
            ],
            [
              -120.18231820232786,
              39.89726917476191
            ],
            [
              -120.18236958015343,
              39.89730493030836
            ],
            [
              -120.18249928019436,
              39.897402629627614
            ],
            [
              -120.1825584247647,
              39.89745183868738
            ],
            [
              -120.18261094107714,
              39.897505323452584
            ],
            [
              -120.18265631121663,
              39.897562556474426
            ],
            [
              -120.18269408773794,
              39.89762297333857
            ],
            [
              -120.18276581368501,
              39.89775395329159
            ],
            [
              -120.18280240797661,
              39.89778494952876
            ],
            [
              -120.18292281141692,
              39.89786387537784
            ],
            [
              -120.18333004517761,
              39.89804829198782
            ],
            [
              -120.18340330516358,
              39.89808538432794
            ],
            [
              -120.183670604318,
              39.898235983111356
            ],
            [
              -120.18373070431315,
              39.89827307159045
            ],
            [
              -120.18378634681528,
              39.898314079253325
            ],
            [
              -120.1838371024843,
              39.898358689689694
            ],
            [
              -120.18388257968414,
              39.89840655868997
            ],
            [
              -120.18405768100868,
              39.89860895763997
            ],
            [
              -120.18412036033105,
              39.89869422973178
            ],
            [
              -120.18416775131041,
              39.89877125554073
            ],
            [
              -120.18418788311581,
              39.89876931503448
            ],
            [
              -120.18427877762736,
              39.89876786185327
            ],
            [
              -120.18440807636186,
              39.89877096177897
            ],
            [
              -120.1844893837403,
              39.89877583397252
            ],
            [
              -120.18456975158213,
              39.89878650415437
            ],
            [
              -120.18464848448824,
              39.898802879999366
            ],
            [
              -120.1847249012047,
              39.898824819812866
            ],
            [
              -120.1847983405171,
              39.89885213375662
            ],
            [
              -120.18486816697146,
              39.898884585491274
            ],
            [
              -120.18493377637222,
              39.89892189422114
            ],
            [
              -120.18499460101026,
              39.89896373712368
            ],
            [
              -120.18505011457482,
              39.899009752142554
            ],
            [
              -120.18514161486753,
              39.899093051627275
            ],
            [
              -120.18519635695641,
              39.899148442583126
            ],
            [
              -120.18524340434595,
              39.899207879996325
            ],
            [
              -120.18528225703182,
              39.89927073221234
            ],
            [
              -120.18531250209323,
              39.89933633128483
            ],
            [
              -120.18533381808189,
              39.89940398007386
            ],
            [
              -120.18535711925237,
              39.89949907994235
            ],
            [
              -120.18537137965406,
              39.89959293586361
            ],
            [
              -120.1853777280292,
              39.89969808336729
            ],
            [
              -120.1854173791742,
              39.89971673711469
            ],
            [
              -120.18548856908313,
              39.899758454485514
            ],
            [
              -120.18555386944584,
              39.89980554180799
            ],
            [
              -120.1856126004835,
              39.89985750891155
            ],
            [
              -120.18562068689026,
              39.899866341309824
            ],
            [
              -120.18565882546115,
              39.89986298204116
            ],
            [
              -120.18574360686151,
              39.89986186455955
            ],
            [
              -120.1858889054394,
              39.899865364475914
            ],
            [
              -120.18597492649356,
              39.89987070949228
            ],
            [
              -120.1860598485539,
              39.899882542357815
            ],
            [
              -120.18614284880177,
              39.8999007484236
            ],
            [
              -120.18622312303732,
              39.899925151289956
            ],
            [
              -120.18629989347095,
              39.89995551451551
            ],
            [
              -120.18637241625889,
              39.89999154390782
            ],
            [
              -120.18643998871012,
              39.90003289037365
            ],
            [
              -120.1865159886261,
              39.900084289993494
            ],
            [
              -120.1865773623238,
              39.900130064166554
            ],
            [
              -120.18663266036505,
              39.90018022176915
            ],
            [
              -120.18668135766535,
              39.9002342865413
            ],
            [
              -120.18669880499654,
              39.90025836532014
            ],
            [
              -120.18675648787243,
              39.900289961974444
            ],
            [
              -120.18682506002567,
              39.9003365189115
            ],
            [
              -120.18688696566662,
              39.900388321896436
            ],
            [
              -120.18694153182517,
              39.900444807798266
            ],
            [
              -120.18698816531165,
              39.90050536257804
            ],
            [
              -120.1870193657113,
              39.9005511623841
            ],
            [
              -120.18705530854643,
              39.90061081617671
            ],
            [
              -120.18708354684478,
              39.90067287993462
            ],
            [
              -120.18710381275126,
              39.900736764997944
            ],
            [
              -120.18711591402541,
              39.9008018654304
            ],
            [
              -120.18711973586541,
              39.900867563766425
            ],
            [
              -120.18711943661172,
              39.90092606379462
            ],
            [
              -120.18711524392243,
              39.90098941654892
            ],
            [
              -120.18710335111945,
              39.9010521867427
            ],
            [
              -120.18708386313499,
              39.901113820434176
            ],
            [
              -120.18705695192948,
              39.901173773709594
            ],
            [
              -120.18702285497459,
              39.90123151748353
            ],
            [
              -120.18701753793006,
              39.90123865647768
            ],
            [
              -120.18703177380851,
              39.90138092286306
            ],
            [
              -120.18706790915327,
              39.901460549577585
            ],
            [
              -120.18735074265932,
              39.90184904196763
            ],
            [
              -120.18735632547556,
              39.90185683014326
            ],
            [
              -120.18773345337013,
              39.902391218400005
            ],
            [
              -120.18814274352084,
              39.90282583546263
            ],
            [
              -120.18814666132378,
              39.902830029331
            ],
            [
              -120.18830541080565,
              39.90300134310584
            ],
            [
              -120.18850997777056,
              39.90314427099594
            ],
            [
              -120.18872962732476,
              39.903258676774925
            ],
            [
              -120.18901237441275,
              39.903355445135226
            ],
            [
              -120.18942103959468,
              39.90345669846556
            ],
            [
              -120.18956702568494,
              39.903478402473596
            ],
            [
              -120.18980042998415,
              39.903474422202656
            ],
            [
              -120.19000476809772,
              39.90347044861423
            ],
            [
              -120.19007249186939,
              39.9034711469861
            ],
            [
              -120.19013994358991,
              39.9034758694186
            ],
            [
              -120.19065183877464,
              39.903527125873225
            ],
            [
              -120.19086061756845,
              39.903539655847105
            ],
            [
              -120.19090405276499,
              39.90354070430678
            ],
            [
              -120.19093887002482,
              39.9035269513116
            ],
            [
              -120.19096056404258,
              39.90351867140908
            ],
            [
              -120.19117661918219,
              39.90343905240142
            ],
            [
              -120.19120053451707,
              39.903429468654586
            ],
            [
              -120.19124099928018,
              39.90321159595617
            ],
            [
              -120.19126944937514,
              39.903047908176795
            ],
            [
              -120.19126634920228,
              39.90295342529855
            ],
            [
              -120.1912019911586,
              39.90273866025517
            ],
            [
              -120.19120055182417,
              39.90273377448952
            ],
            [
              -120.191170353085,
              39.90262947431156
            ],
            [
              -120.19115709104773,
              39.902572126436276
            ],
            [
              -120.19115029555294,
              39.902514111651065
            ],
            [
              -120.19115001715127,
              39.90245586165961
            ],
            [
              -120.19115625789787,
              39.90239780991467
            ],
            [
              -120.19117318116194,
              39.90229470933799
            ],
            [
              -120.19116030042969,
              39.90220851967501
            ],
            [
              -120.19111744006861,
              39.9020625629695
            ],
            [
              -120.19110281089871,
              39.901998575022404
            ],
            [
              -120.19109623405332,
              39.90193380042638
            ],
            [
              -120.1910977703965,
              39.901868838849715
            ],
            [
              -120.19110740568227,
              39.901804291690105
            ],
            [
              -120.19112505068733,
              39.90174075650698
            ],
            [
              -120.19115575168557,
              39.90165145676489
            ],
            [
              -120.19118195144637,
              39.901588055458774
            ],
            [
              -120.19121612513186,
              39.90152694773488
            ],
            [
              -120.1914072603145,
              39.901226800871115
            ],
            [
              -120.19145140505384,
              39.90109974429883
            ],
            [
              -120.19149796465615,
              39.90076572208303
            ],
            [
              -120.19150467213497,
              39.90072777534497
            ],
            [
              -120.1915773739484,
              39.90038871162858
            ],
            [
              -120.19159793734093,
              39.900256068449984
            ],
            [
              -120.19159729777122,
              39.90023920970351
            ],
            [
              -120.19157872012761,
              39.900207746545895
            ],
            [
              -120.19154726895306,
              39.900146783718014
            ],
            [
              -120.19144817141475,
              39.89992368309815
            ],
            [
              -120.19142567599592,
              39.899864279717086
            ],
            [
              -120.19141033514798,
              39.899803539713275
            ],
            [
              -120.19140227767075,
              39.89974197312844
            ],
            [
              -120.19138658049363,
              39.89952087310853
            ],
            [
              -120.19138527281558,
              39.89948361808879
            ],
            [
              -120.1913854393114,
              39.89925880151635
            ],
            [
              -120.19134966038177,
              39.89907294405371
            ],
            [
              -120.19134017943897,
              39.89897439917545
            ],
            [
              -120.19134008075984,
              39.898870899220555
            ],
            [
              -120.19134517805927,
              39.89879769085781
            ],
            [
              -120.19136054944984,
              39.89872533958022
            ],
            [
              -120.1913860137126,
              39.898654698214
            ],
            [
              -120.1914212706634,
              39.89858659942762
            ],
            [
              -120.1914269597625,
              39.89857713891132
            ],
            [
              -120.19138367467092,
              39.898402211085454
            ],
            [
              -120.19129359732008,
              39.898212051500316
            ],
            [
              -120.19127354417385,
              39.8981642703161
            ],
            [
              -120.1912581564811,
              39.89811547344976
            ],
            [
              -120.19121255858556,
              39.89794317318675
            ],
            [
              -120.19119932099215,
              39.897876077204124
            ],
            [
              -120.19119489414126,
              39.897808296649586
            ],
            [
              -120.19119489598009,
              39.89766419671344
            ],
            [
              -120.1912033898657,
              39.89757043338974
            ],
            [
              -120.19120754813162,
              39.89754759209647
            ],
            [
              -120.19111563988356,
              39.89730342029712
            ],
            [
              -120.19094266860971,
              39.89693733546425
            ],
            [
              -120.1909105348138,
              39.896852367979044
            ],
            [
              -120.19080363931238,
              39.89648046735023
            ],
            [
              -120.19079644484583,
              39.896452688359474
            ],
            [
              -120.19070665585895,
              39.89606363105912
            ],
            [
              -120.19049182534314,
              39.89594049529434
            ],
            [
              -120.19037283612086,
              39.89590960918135
            ],
            [
              -120.19029613353695,
              39.89588655678697
            ],
            [
              -120.19022257693474,
              39.895858063509486
            ],
            [
              -120.19015281511523,
              39.89582438067423
            ],
            [
              -120.19008746340472,
              39.895785805380456
            ],
            [
              -120.18970586279711,
              39.895537803508425
            ],
            [
              -120.1896263243037,
              39.89547914087307
            ],
            [
              -120.18916052516305,
              39.89508953832571
            ],
            [
              -120.18911628277353,
              39.895049512357645
            ],
            [
              -120.18907621671563,
              39.89500695674536
            ],
            [
              -120.18899251734594,
              39.89491035624363
            ],
            [
              -120.1889493172356,
              39.89485492139966
            ],
            [
              -120.18891319810325,
              39.894796558246696
            ],
            [
              -120.18888449105893,
              39.894735801839914
            ],
            [
              -120.1888634592589,
              39.89467320917361
            ],
            [
              -120.18885029549364,
              39.894609354074696
            ],
            [
              -120.18884512042129,
              39.894544821941935
            ],
            [
              -120.18884798146216,
              39.89448020437924
            ],
            [
              -120.18885885236499,
              39.89441609377207
            ],
            [
              -120.1888776334483,
              39.89435307785672
            ],
            [
              -120.18890415251505,
              39.89429173433227
            ],
            [
              -120.1889381664321,
              39.89423262556477
            ],
            [
              -120.1889793633596,
              39.894176293431784
            ],
            [
              -120.18902736561056,
              39.89412325435499
            ],
            [
              -120.18962316763395,
              39.89352785797462
            ],
            [
              -120.1903166893822,
              39.89283484280759
            ],
            [
              -120.19037357895327,
              39.892783517872935
            ],
            [
              -120.19043683519973,
              39.8927368233547
            ],
            [
              -120.19050582629639,
              39.892695225645824
            ],
            [
              -120.19057986314115,
              39.892659140230734
            ],
            [
              -120.19065820623787,
              39.89262892753584
            ],
            [
              -120.19074007308215,
              39.892604889329746
            ],
            [
              -120.19082464597678,
              39.89258726570937
            ],
            [
              -120.19091108019816,
              39.89257623270199
            ],
            [
              -120.19099851243311,
              39.89257190050713
            ],
            [
              -120.19108606940077,
              39.892574312396064
            ],
            [
              -120.19117287657431,
              39.89258344427952
            ],
            [
              -120.19125806691513,
              39.892599204948255
            ],
            [
              -120.19134078953192,
              39.89262143698393
            ],
            [
              -120.1914202181791,
              39.892649918331294
            ],
            [
              -120.1914955595088,
              39.89268436451587
            ],
            [
              -120.19185991803302,
              39.892870519371705
            ],
            [
              -120.19203720185064,
              39.892867497005035
            ],
            [
              -120.19204106857849,
              39.89286758668628
            ],
            [
              -120.19208875879461,
              39.892858664043054
            ],
            [
              -120.19226445714021,
              39.89283136424689
            ],
            [
              -120.19235508873022,
              39.89282104382995
            ],
            [
              -120.19244662367393,
              39.89281806573432
            ],
            [
              -120.19253806225448,
              39.89282246248688
            ],
            [
              -120.19262840580717,
              39.892834186068654
            ],
            [
              -120.19271990499067,
              39.89284988589069
            ],
            [
              -120.1928170968344,
              39.89287115747851
            ],
            [
              -120.1929104656789,
              39.89290090213679
            ],
            [
              -120.1931052644726,
              39.892973350315096
            ],
            [
              -120.19321000867086,
              39.89299716551373
            ],
            [
              -120.1937259360945,
              39.893044713303325
            ],
            [
              -120.19403991731777,
              39.89306998843012
            ],
            [
              -120.19411603046437,
              39.89307873125801
            ],
            [
              -120.19419085499518,
              39.893092582023094
            ],
            [
              -120.19448775249498,
              39.893158281319764
            ],
            [
              -120.19456625559349,
              39.89317879399481
            ],
            [
              -120.19464189242422,
              39.89320492661216
            ],
            [
              -120.19471398667008,
              39.893236445505394
            ],
            [
              -120.19474396019353,
              39.89325103438688
            ],
            [
              -120.19531492561558,
              39.89305429476843
            ],
            [
              -120.19536738234537,
              39.8930377653615
            ],
            [
              -120.19551228115054,
              39.89299626569983
            ],
            [
              -120.19558058445197,
              39.892979122178396
            ],
            [
              -120.19565048065631,
              39.89296634400446
            ],
            [
              -120.19572150041107,
              39.892958016983755
            ],
            [
              -120.19613379639301,
              39.89292291718506
            ],
            [
              -120.19615460657448,
              39.89292133879764
            ],
            [
              -120.19624755100476,
              39.89291515040818
            ],
            [
              -120.19630033238377,
              39.89284168837372
            ],
            [
              -120.1964600390847,
              39.89251006212735
            ],
            [
              -120.19663360236589,
              39.89208058688999
            ],
            [
              -120.19668424816176,
              39.89184706677196
            ],
            [
              -120.19672198996496,
              39.891662005676224
            ],
            [
              -120.19674035101758,
              39.89159460411646
            ],
            [
              -120.19676752888316,
              39.89152899368972
            ],
            [
              -120.19680324084756,
              39.89146585684097
            ],
            [
              -120.19684711543243,
              39.89140585028462
            ],
            [
              -120.19689869625988,
              39.89134959817394
            ],
            [
              -120.19695744680016,
              39.89129768560937
            ],
            [
              -120.19702275595259,
              39.8912506525529
            ],
            [
              -120.19707615580649,
              39.89121595280678
            ],
            [
              -120.19714639934521,
              39.891174785688385
            ],
            [
              -120.19722166076147,
              39.89113926822347
            ],
            [
              -120.19730117711656,
              39.891109760456615
            ],
            [
              -120.1973841423423,
              39.89108656151126
            ],
            [
              -120.19757444067375,
              39.89104156187342
            ],
            [
              -120.19759168967443,
              39.891038361787636
            ],
            [
              -120.19765215750643,
              39.89098084771234
            ],
            [
              -120.1978262086783,
              39.8907915324635
            ],
            [
              -120.19787971982939,
              39.89073903579315
            ],
            [
              -120.19793969740923,
              39.89069086490501
            ],
            [
              -120.19800555543836,
              39.89064749041808
            ],
            [
              -120.19807665049028,
              39.890609336090854
            ],
            [
              -120.19815228797762,
              39.89057677468169
            ],
            [
              -120.19823172893783,
              39.89055012430717
            ],
            [
              -120.19831419725226,
              39.890529645334524
            ],
            [
              -120.19839888722821,
              39.890515537838
            ],
            [
              -120.19848497146963,
              39.89050793964438
            ],
            [
              -120.19857160895987,
              39.890506924986575
            ],
            [
              -120.19860950858924,
              39.89050792496396
            ],
            [
              -120.1986918830169,
              39.89051310131932
            ],
            [
              -120.19877325852033,
              39.890524230484885
            ],
            [
              -120.19885291178294,
              39.89054121353843
            ],
            [
              -120.19893013479506,
              39.89056389952462
            ],
            [
              -120.19900424114661,
              39.890592086796666
            ],
            [
              -120.19907457212798,
              39.89062552480846
            ],
            [
              -120.19914050258485,
              39.89066391634146
            ],
            [
              -120.19920144647475,
              39.89070692014632
            ],
            [
              -120.1992568620761,
              39.89075415397598
            ],
            [
              -120.1993258623306,
              39.8908188535838
            ],
            [
              -120.19937320551492,
              39.89086756501645
            ],
            [
              -120.19941466395456,
              39.89091936164696
            ],
            [
              -120.19944990098446,
              39.89097382287624
            ],
            [
              -120.19947863045672,
              39.891030506467054
            ],
            [
              -120.1995006190644,
              39.89108895213494
            ],
            [
              -120.19951568823659,
              39.891148685285664
            ],
            [
              -120.19956210263037,
              39.89139037454774
            ],
            [
              -120.1995759357622,
              39.89143219272382
            ],
            [
              -120.19981695103624,
              39.89153197786064
            ],
            [
              -120.2004039707649,
              39.89176089938052
            ],
            [
              -120.20078176504468,
              39.891869458572664
            ],
            [
              -120.20122001873229,
              39.89199163027776
            ],
            [
              -120.20130992383153,
              39.89202115589008
            ],
            [
              -120.20155505559019,
              39.892114421062445
            ],
            [
              -120.20160138557941,
              39.892110241318264
            ],
            [
              -120.2020091734337,
              39.8920419757056
            ],
            [
              -120.20205953440407,
              39.892010174660584
            ],
            [
              -120.20209640885163,
              39.89198812766118
            ],
            [
              -120.20231790792766,
              39.89186282861523
            ],
            [
              -120.20237882651801,
              39.8918313035191
            ],
            [
              -120.20244295476054,
              39.89180381389223
            ],
            [
              -120.20255263282793,
              39.89176132849969
            ],
            [
              -120.20258737634741,
              39.891709617427416
            ],
            [
              -120.20262784151389,
              39.89166033541868
            ],
            [
              -120.20267367528072,
              39.8916139263045
            ],
            [
              -120.20277317549261,
              39.89152172688726
            ],
            [
              -120.20283463305044,
              39.89147042316628
            ],
            [
              -120.20290263811364,
              39.89142428105084
            ],
            [
              -120.20297646390901,
              39.89138379365647
            ],
            [
              -120.2030553214622,
              39.891349393666744
            ],
            [
              -120.20313836802916,
              39.89132144870955
            ],
            [
              -120.20322471610179,
              39.89130025742862
            ],
            [
              -120.20332411519989,
              39.89128015758722
            ],
            [
              -120.20340577664037,
              39.89126681002251
            ],
            [
              -120.20348871599589,
              39.89125950638629
            ],
            [
              -120.20357218116244,
              39.89125831290959
            ],
            [
              -120.20365541526803,
              39.89126324041576
            ],
            [
              -120.20373766353566,
              39.89127424422233
            ],
            [
              -120.20381818012699,
              39.891291224546116
            ],
            [
              -120.20389623490523,
              39.891314027408015
            ],
            [
              -120.2039711200557,
              39.89134244602913
            ],
            [
              -120.20404215650376,
              39.89137622270562
            ],
            [
              -120.20410870007272,
              39.89141505114556
            ],
            [
              -120.20417014732497,
              39.89145857924606
            ],
            [
              -120.20422594103411,
              39.89150641228613
            ],
            [
              -120.20427557523796,
              39.8915581165057
            ],
            [
              -120.20435937586649,
              39.89165471600342
            ],
            [
              -120.20440388129482,
              39.89171195043389
            ],
            [
              -120.20444083763022,
              39.89177228847421
            ],
            [
              -120.2044698841148,
              39.891835141154374
            ],
            [
              -120.20449073719764,
              39.89189989495684
            ],
            [
              -120.20450319330345,
              39.89196591780509
            ],
            [
              -120.20450713082056,
              39.89203256523319
            ],
            [
              -120.20450251128887,
              39.8920991866767
            ],
            [
              -120.20448937977645,
              39.89216513182299
            ],
            [
              -120.2044513814586,
              39.892308332161164
            ],
            [
              -120.20442468115371,
              39.89238541893728
            ],
            [
              -120.2043863640106,
              39.89245954190262
            ],
            [
              -120.20433236476823,
              39.8925483422966
            ],
            [
              -120.20428289705798,
              39.89261855149854
            ],
            [
              -120.20422301188638,
              39.89268376962302
            ],
            [
              -120.20408611226452,
              39.89281557044003
            ],
            [
              -120.2040356144819,
              39.892860049238124
            ],
            [
              -120.2039802621291,
              39.892900957316144
            ],
            [
              -120.20392047902507,
              39.89293798144586
            ],
            [
              -120.20371537110351,
              39.89305400179325
            ],
            [
              -120.20369995313872,
              39.89306593098131
            ],
            [
              -120.2036982543747,
              39.8930686547149
            ],
            [
              -120.20364290759278,
              39.893150236575735
            ],
            [
              -120.20359422210468,
              39.893235738634225
            ],
            [
              -120.20355867278363,
              39.89329113201242
            ],
            [
              -120.20351669860042,
              39.89334379033809
            ],
            [
              -120.2034686510183,
              39.89339327266905
            ],
            [
              -120.20341493235955,
              39.893439164657025
            ],
            [
              -120.20335599243685,
              39.89348108201727
            ],
            [
              -120.20329232478689,
              39.893518673746854
            ],
            [
              -120.20322446253746,
              39.893551625063864
            ],
            [
              -120.20289363249306,
              39.89369641061423
            ],
            [
              -120.20266125592296,
              39.89381117041542
            ],
            [
              -120.20260385063415,
              39.89383720418064
            ],
            [
              -120.2023064486832,
              39.89396060517391
            ],
            [
              -120.20221075699531,
              39.89399475979603
            ],
            [
              -120.20192075465665,
              39.894082360511376
            ],
            [
              -120.20185100458089,
              39.89410086165842
            ],
            [
              -120.20177948206401,
              39.894114780242575
            ],
            [
              -120.20153517977164,
              39.89415398053794
            ],
            [
              -120.20144690901476,
              39.89416456290935
            ],
            [
              -120.20135769839531,
              39.89416817069928
            ],
            [
              -120.20118229667142,
              39.894168370641566
            ],
            [
              -120.20111219384071,
              39.894166288261005
            ],
            [
              -120.20104253166045,
              39.894159894749244
            ],
            [
              -120.2009516308136,
              39.894148694611935
            ],
            [
              -120.20086215096784,
              39.89413394412556
            ],
            [
              -120.20077515474026,
              39.89411208944868
            ],
            [
              -120.20069158999206,
              39.89408336869902
            ],
            [
              -120.20061236719354,
              39.89404809480285
            ],
            [
              -120.20027009908611,
              39.893876744586166
            ],
            [
              -120.19963890415895,
              39.893654966210455
            ],
            [
              -120.19943690088635,
              39.89361907211159
            ],
            [
              -120.19939368049539,
              39.893618725963854
            ],
            [
              -120.19935967803485,
              39.893635862724146
            ],
            [
              -120.19930526950715,
              39.89367502717346
            ],
            [
              -120.19920871356837,
              39.89378050853826
            ],
            [
              -120.19912511163022,
              39.89397090621725
            ],
            [
              -120.19904083440434,
              39.894240842002255
            ],
            [
              -120.19899924319614,
              39.89441528040718
            ],
            [
              -120.19897941536964,
              39.89448020533096
            ],
            [
              -120.19895136912146,
              39.89454330688462
            ],
            [
              -120.19891537804344,
              39.89460396946203
            ],
            [
              -120.1988717932383,
              39.89466160124964
            ],
            [
              -120.19882103989497,
              39.894715640000506
            ],
            [
              -120.19876361314104,
              39.89476555851965
            ],
            [
              -120.19870251312113,
              39.89481365884744
            ],
            [
              -120.19863998132892,
              39.89485831832077
            ],
            [
              -120.19857211224348,
              39.89489808683473
            ],
            [
              -120.19844111287081,
              39.894967367228254
            ],
            [
              -120.19845311762023,
              39.89497926554347
            ],
            [
              -120.19850245396813,
              39.89504075660609
            ],
            [
              -120.1985707547776,
              39.895137056183316
            ],
            [
              -120.19860745343641,
              39.89519526584445
            ],
            [
              -120.19863675007184,
              39.89525591396285
            ],
            [
              -120.1986583756309,
              39.8953184436031
            ],
            [
              -120.1986721315028,
              39.89538228055011
            ],
            [
              -120.19867789134356,
              39.895446838581975
            ],
            [
              -120.19867560223722,
              39.89551152485341
            ],
            [
              -120.19866528518237,
              39.89557574533975
            ],
            [
              -120.19864218641862,
              39.89567874555378
            ],
            [
              -120.19862395763505,
              39.89574184977755
            ],
            [
              -120.1985979780751,
              39.89580332214178
            ],
            [
              -120.1985644858318,
              39.89586259922766
            ],
            [
              -120.19852378785713,
              39.895919137735724
            ],
            [
              -120.19847625714944,
              39.89597241946544
            ],
            [
              -120.19842232933509,
              39.89602195606512
            ],
            [
              -120.19836249867613,
              39.89606729350798
            ],
            [
              -120.19829731354027,
              39.896108016253876
            ],
            [
              -120.19814461290352,
              39.896194416911776
            ],
            [
              -120.19808268841125,
              39.89622642335405
            ],
            [
              -120.19801745643313,
              39.896254260322586
            ],
            [
              -120.19788770347104,
              39.896304198316834
            ],
            [
              -120.19789025925758,
              39.89633380993431
            ],
            [
              -120.19789218697437,
              39.89637677379965
            ],
            [
              -120.1978924880669,
              39.89646237383523
            ],
            [
              -120.19788729753432,
              39.89653759808166
            ],
            [
              -120.19787126140028,
              39.896611908945594
            ],
            [
              -120.19784457919705,
              39.89668438164216
            ],
            [
              -120.19780475856682,
              39.896773308078345
            ],
            [
              -120.19776143516765,
              39.89688528970785
            ],
            [
              -120.1978019988327,
              39.89698939413138
            ],
            [
              -120.1978185906759,
              39.8970386449351
            ],
            [
              -120.1978303208003,
              39.89708871819675
            ],
            [
              -120.1978780024413,
              39.89734777363153
            ],
            [
              -120.19798299254391,
              39.8976898507222
            ],
            [
              -120.19798800044813,
              39.897707181944
            ],
            [
              -120.1980312840969,
              39.89786684713382
            ],
            [
              -120.19812684066422,
              39.897981873691165
            ],
            [
              -120.19846112731089,
              39.898353937053734
            ],
            [
              -120.19847780731064,
              39.89837319944097
            ],
            [
              -120.19860050832935,
              39.89852029869979
            ],
            [
              -120.19864925423596,
              39.89858670981653
            ],
            [
              -120.1986879635293,
              39.898656932050876
            ],
            [
              -120.19871614211104,
              39.89873006912105
            ],
            [
              -120.1987472071122,
              39.8988313639899
            ],
            [
              -120.19875094042754,
              39.89883452696073
            ],
            [
              -120.19881994098921,
              39.89885925378034
            ],
            [
              -120.19888079477393,
              39.89888332854227
            ],
            [
              -120.19893902617424,
              39.89891098459263
            ],
            [
              -120.19898482599179,
              39.89893468439419
            ],
            [
              -120.19905452071418,
              39.89897475140459
            ],
            [
              -120.19911871873775,
              39.899019939604685
            ],
            [
              -120.19917678835554,
              39.899069804352486
            ],
            [
              -120.1992302885645,
              39.89912060404718
            ],
            [
              -120.19928028569285,
              39.89917305378356
            ],
            [
              -120.19932349661146,
              39.89922896635414
            ],
            [
              -120.19935952009239,
              39.899287822614646
            ],
            [
              -120.19938802163999,
              39.89934907608744
            ],
            [
              -120.19940873659723,
              39.899412158035226
            ],
            [
              -120.19942147260375,
              39.899476482741825
            ],
            [
              -120.19942611138262,
              39.89954145295029
            ],
            [
              -120.19942260983949,
              39.89960646540844
            ],
            [
              -120.19941100046358,
              39.899670916470185
            ],
            [
              -120.19939139102675,
              39.89973420770035
            ],
            [
              -120.19936396358368,
              39.89979575143137
            ],
            [
              -120.19934096400884,
              39.899840251606825
            ],
            [
              -120.19930738708426,
              39.89989735084388
            ],
            [
              -120.19926708053323,
              39.8999518060457
            ],
            [
              -120.19926638887742,
              39.89995256663332
            ],
            [
              -120.19927823389904,
              39.899996986247196
            ],
            [
              -120.19928717519117,
              39.90006089819368
            ],
            [
              -120.19929487645717,
              39.900160098179725
            ],
            [
              -120.19929590273787,
              39.90022403065683
            ],
            [
              -120.199289073773,
              39.90028775131169
            ],
            [
              -120.19927533432832,
              39.90034688601349
            ],
            [
              -120.19928390823763,
              39.90037732197672
            ],
            [
              -120.19929449855438,
              39.90042217279993
            ],
            [
              -120.19932621096949,
              39.90058811969581
            ],
            [
              -120.19934712329685,
              39.90061862679545
            ],
            [
              -120.19937761902706,
              39.90066782826314
            ],
            [
              -120.19945382039965,
              39.900804727783836
            ],
            [
              -120.19949529733732,
              39.90089724535069
            ],
            [
              -120.19960545691825,
              39.90121626371646
            ],
            [
              -120.19964717727049,
              39.901320698152546
            ],
            [
              -120.19973758394764,
              39.901440310327544
            ],
            [
              -120.19985626336153,
              39.90157998305955
            ],
            [
              -120.20013532718536,
              39.90180404752297
            ],
            [
              -120.20018333529907,
              39.90184593259343
            ],
            [
              -120.20022668345123,
              39.90189073093003
            ],
            [
              -120.20026507489261,
              39.901938135866104
            ],
            [
              -120.20031917548636,
              39.902011535532765
            ],
            [
              -120.20035950909062,
              39.90207345480649
            ],
            [
              -120.20039139376084,
              39.902138230880446
            ],
            [
              -120.20041449391051,
              39.902205182035985
            ],
            [
              -120.20042856640123,
              39.90227360366131
            ],
            [
              -120.2004583632228,
              39.902489735194955
            ],
            [
              -120.20047641287603,
              39.90261786470196
            ],
            [
              -120.20049420431235,
              39.90265195168354
            ],
            [
              -120.20059210089546,
              39.90278775239668
            ],
            [
              -120.20063017153083,
              39.90283013443137
            ],
            [
              -120.2006452817693,
              39.902832056595855
            ],
            [
              -120.20074434486611,
              39.90284924870225
            ],
            [
              -120.20090444351709,
              39.90288464832323
            ],
            [
              -120.2009942605039,
              39.90290863734481
            ],
            [
              -120.20108017741782,
              39.90293997455948
            ],
            [
              -120.2011611842374,
              39.90297829157664
            ],
            [
              -120.20123632865817,
              39.903023137952246
            ],
            [
              -120.20132032855017,
              39.90307913753497
            ],
            [
              -120.20138878595895,
              39.90313003463493
            ],
            [
              -120.20147538310196,
              39.903201807620555
            ],
            [
              -120.20150031296639,
              39.903198133339025
            ],
            [
              -120.20160761192679,
              39.90318713340958
            ],
            [
              -120.20168693150195,
              39.903181810605254
            ],
            [
              -120.2017665509828,
              39.90318205151539
            ],
            [
              -120.20184581381328,
              39.90318785415402
            ],
            [
              -120.20197390536546,
              39.90320177538256
            ],
            [
              -120.20202080723503,
              39.90320418060228
            ],
            [
              -120.20219484941578,
              39.90315697401093
            ],
            [
              -120.20228287646418,
              39.90313701853657
            ],
            [
              -120.2023731293861,
              39.90312425789437
            ],
            [
              -120.20266292657573,
              39.90309525807809
            ],
            [
              -120.20267907114484,
              39.90309375959614
            ],
            [
              -120.20304741630005,
              39.90306223657055
            ],
            [
              -120.20309669561775,
              39.9030441270672
            ],
            [
              -120.20318413348399,
              39.90302035166344
            ],
            [
              -120.20327434254703,
              39.90300382125979
            ],
            [
              -120.20330049536496,
              39.90300014182181
            ],
            [
              -120.20331853986913,
              39.902991451642734
            ],
            [
              -120.20339262897579,
              39.902959505195206
            ],
            [
              -120.20347038290457,
              39.90293322806254
            ],
            [
              -120.20356958209544,
              39.90290402830098
            ],
            [
              -120.20364835722866,
              39.902884073808416
            ],
            [
              -120.20372922774666,
              39.90286994039076
            ],
            [
              -120.20381147023512,
              39.90286175447684
            ],
            [
              -120.20389434900771,
              39.90285958929312
            ],
            [
              -120.20397712268677,
              39.90286346420862
            ],
            [
              -120.2041952749871,
              39.9028816832473
            ],
            [
              -120.20431023625954,
              39.902889121921504
            ],
            [
              -120.20467328595524,
              39.902851469110786
            ],
            [
              -120.20474968349264,
              39.9028461533075
            ],
            [
              -120.20482639192078,
              39.90284600071138
            ],
            [
              -120.20490282409902,
              39.902851012491034
            ],
            [
              -120.20526102070589,
              39.902886712028
            ],
            [
              -120.20526706124569,
              39.902887330491566
            ],
            [
              -120.20587785547998,
              39.902951529671135
            ],
            [
              -120.20598649519187,
              39.90296839252448
            ],
            [
              -120.2063272886078,
              39.903038809056184
            ],
            [
              -120.20633596582827,
              39.90303778712325
            ],
            [
              -120.20642230027075,
              39.90303096590303
            ],
            [
              -120.20649119959309,
              39.90302816590695
            ],
            [
              -120.2065804286478,
              39.90302804143045
            ],
            [
              -120.20666921207419,
              39.903034902248905
            ],
            [
              -120.20675663036924,
              39.90304867730786
            ],
            [
              -120.2068417781668,
              39.90306922394402
            ],
            [
              -120.20692377361337,
              39.90309632936272
            ],
            [
              -120.20711447241013,
              39.90316842868903
            ],
            [
              -120.2072030370211,
              39.903206976355406
            ],
            [
              -120.20728520824497,
              39.903253165262285
            ],
            [
              -120.20748627816239,
              39.90338059047645
            ],
            [
              -120.20774736886572,
              39.903526464653716
            ],
            [
              -120.20786198330185,
              39.90357724796303
            ],
            [
              -120.20808865192122,
              39.90353648227203
            ],
            [
              -120.20813684617285,
              39.903509055693206
            ],
            [
              -120.2082159171194,
              39.90347323603864
            ],
            [
              -120.20829941460053,
              39.90344397518163
            ],
            [
              -120.20838642461716,
              39.90342159342336
            ],
            [
              -120.2084624239344,
              39.90340539355231
            ],
            [
              -120.20854293652314,
              39.903391337423756
            ],
            [
              -120.2086248087212,
              39.9033831755771
            ],
            [
              -120.20870731471167,
              39.903380980369846
            ],
            [
              -120.20878972305918,
              39.90338477126376
            ],
            [
              -120.2088713031938,
              39.9033945146524
            ],
            [
              -120.20895133188706,
              39.90341012415892
            ],
            [
              -120.20905853099943,
              39.903435223893744
            ],
            [
              -120.20914149551484,
              39.903458218095565
            ],
            [
              -120.20914965892081,
              39.90346122452885
            ],
            [
              -120.20919718047051,
              39.90346020404431
            ],
            [
              -120.20928594593029,
              39.903465250458936
            ],
            [
              -120.20937358973768,
              39.9034772018754
            ],
            [
              -120.20951563487702,
              39.90350235783933
            ],
            [
              -120.20970969934685,
              39.90351379526235
            ],
            [
              -120.2097213410067,
              39.90351454147861
            ],
            [
              -120.20987172888958,
              39.90352495843883
            ],
            [
              -120.2100415907044,
              39.90349240730553
            ],
            [
              -120.2101210125603,
              39.90348015673897
            ],
            [
              -120.21020156337931,
              39.903473603184665
            ],
            [
              -120.2103311621052,
              39.903467703198245
            ],
            [
              -120.21041841843574,
              39.9034670808141
            ],
            [
              -120.21050532298105,
              39.90347314129094
            ],
            [
              -120.21059101499795,
              39.903485824603784
            ],
            [
              -120.21062329603511,
              39.90349189937434
            ],
            [
              -120.21066741349021,
              39.90347263965075
            ],
            [
              -120.21077441276087,
              39.90343013999454
            ],
            [
              -120.21085280628867,
              39.90340266801269
            ],
            [
              -120.21093432120814,
              39.90338125215755
            ],
            [
              -120.21101817098113,
              39.90336609907114
            ],
            [
              -120.21109455290394,
              39.903358276091275
            ],
            [
              -120.21111668661692,
              39.90299578279526
            ],
            [
              -120.21111705101248,
              39.902990291448745
            ],
            [
              -120.21114765641212,
              39.90256319186469
            ],
            [
              -120.21115649605719,
              39.90249784084097
            ],
            [
              -120.21117354018753,
              39.9024334608179
            ],
            [
              -120.21122684200246,
              39.90227256126896
            ],
            [
              -120.21124782364352,
              39.90221869673942
            ],
            [
              -120.21137792661021,
              39.90192909776649
            ],
            [
              -120.21138807390453,
              39.90190768695223
            ],
            [
              -120.21154797702779,
              39.90158718818261
            ],
            [
              -120.21158807840465,
              39.901518515458534
            ],
            [
              -120.21163785734176,
              39.901453708300394
            ],
            [
              -120.21165246242303,
              39.90143690787939
            ],
            [
              -120.21175847102458,
              39.901314209574466
            ],
            [
              -120.21183537854685,
              39.901237705824144
            ],
            [
              -120.21200357870794,
              39.90109310677202
            ],
            [
              -120.21208320673608,
              39.90103285366379
            ],
            [
              -120.21240310595105,
              39.9008198552104
            ],
            [
              -120.21246953090584,
              39.900779762338004
            ],
            [
              -120.21291212891418,
              39.90053816419441
            ],
            [
              -120.21295121788462,
              39.90051801773076
            ],
            [
              -120.21339008402374,
              39.90030472388246
            ],
            [
              -120.21366848305344,
              39.900159902956915
            ],
            [
              -120.21373935794726,
              39.90012668277117
            ],
            [
              -120.21381399244771,
              39.900098771243115
            ],
            [
              -120.21389171821436,
              39.900076418315436
            ],
            [
              -120.21399141735013,
              39.90005181851448
            ],
            [
              -120.21406656201997,
              39.900036074397406
            ],
            [
              -120.21414322411766,
              39.90002552809265
            ],
            [
              -120.21422079882811,
              39.90002026280435
            ],
            [
              -120.21429867413676,
              39.900020320072926
            ],
            [
              -120.21437623565765,
              39.90002569944714
            ],
            [
              -120.21465793299679,
              39.90005499907195
            ],
            [
              -120.21472958572843,
              39.900064798979294
            ],
            [
              -120.21479993644046,
              39.90007914194055
            ],
            [
              -120.21493960002502,
              39.90011245060061
            ],
            [
              -120.21497552114725,
              39.90011468659833
            ],
            [
              -120.21499263245047,
              39.90009924346741
            ],
            [
              -120.21505190770405,
              39.90005496420514
            ],
            [
              -120.21511632860576,
              39.900015176415906
            ],
            [
              -120.21518532370975,
              39.899980233033034
            ],
            [
              -120.21525828099821,
              39.899950444017726
            ],
            [
              -120.21533455330983,
              39.89992607360975
            ],
            [
              -120.21541346408003,
              39.8999073379837
            ],
            [
              -120.21549431334203,
              39.89989440333166
            ],
            [
              -120.21557638393536,
              39.89988738438903
            ],
            [
              -120.21565894786654,
              39.899886343416874
            ],
            [
              -120.2157223358205,
              39.899887844692664
            ],
            [
              -120.21588968258307,
              39.899888097175925
            ],
            [
              -120.21592053343663,
              39.89988712241834
            ],
            [
              -120.21595592280195,
              39.899877165043854
            ],
            [
              -120.21603279764663,
              39.899861445711736
            ],
            [
              -120.21611120573321,
              39.899851156975274
            ],
            [
              -120.21619050177596,
              39.89984638350966
            ],
            [
              -120.21626807770245,
              39.89984443349194
            ],
            [
              -120.2163705112394,
              39.89977921908947
            ],
            [
              -120.21643894164465,
              39.899739813010825
            ],
            [
              -120.21651202711791,
              39.89970572430783
            ],
            [
              -120.21658907355675,
              39.89967727672333
            ],
            [
              -120.2167186725463,
              39.89963527706662
            ],
            [
              -120.21679784365168,
              39.89961300517173
            ],
            [
              -120.21687942558026,
              39.89959669162012
            ],
            [
              -120.21696266435605,
              39.899586487181324
            ],
            [
              -120.21704679069173,
              39.899582486164896
            ],
            [
              -120.21713102709766,
              39.89958472554869
            ],
            [
              -120.21724552599207,
              39.89959202543961
            ],
            [
              -120.21732456396435,
              39.89959986345991
            ],
            [
              -120.21740235145072,
              39.89961319660115
            ],
            [
              -120.21747824580986,
              39.899631914712344
            ],
            [
              -120.21750686518618,
              39.89964125573072
            ],
            [
              -120.2175675960823,
              39.89962957046971
            ],
            [
              -120.21765332014085,
              39.89961986577231
            ],
            [
              -120.21769891969505,
              39.89961646579004
            ],
            [
              -120.21778264028346,
              39.89961332387312
            ],
            [
              -120.2178663678208,
              39.89961635400691
            ],
            [
              -120.21794933704894,
              39.89962552849716
            ],
            [
              -120.21803078963967,
              39.89964076349099
            ],
            [
              -120.21810998112541,
              39.89966191974324
            ],
            [
              -120.21818618770276,
              39.89968880388894
            ],
            [
              -120.2182587128477,
              39.89972117021052
            ],
            [
              -120.21832689368136,
              39.899758722883426
            ],
            [
              -120.21839010702848,
              39.89980111867979
            ],
            [
              -120.218447775113,
              39.899847970105135
            ],
            [
              -120.21849937083898,
              39.8998988489399
            ],
            [
              -120.21854442260839,
              39.89995329015311
            ],
            [
              -120.21858251863185,
              39.900010796152515
            ],
            [
              -120.21858374822658,
              39.9000131938907
            ],
            [
              -120.2186391184,
              39.90006063879548
            ],
            [
              -120.21869072314855,
              39.900114855938554
            ],
            [
              -120.21873507314176,
              39.90017275634541
            ],
            [
              -120.21876627354109,
              39.90021855615135
            ],
            [
              -120.21880332292,
              39.90028031848337
            ],
            [
              -120.2188205671305,
              39.9003188409221
            ],
            [
              -120.21890670056732,
              39.900367811695595
            ],
            [
              -120.21897631769879,
              39.90041182050487
            ],
            [
              -120.21903970578573,
              39.90046109781875
            ],
            [
              -120.21909619593964,
              39.900515123661286
            ],
            [
              -120.21914519205505,
              39.9005733279484
            ],
            [
              -120.21918617710017,
              39.900635096503166
            ],
            [
              -120.21921871857317,
              39.90069977753637
            ],
            [
              -120.2192424730668,
              39.90076668852395
            ],
            [
              -120.2192571898931,
              39.90083512340895
            ],
            [
              -120.21926271372953,
              39.900904360051854
            ],
            [
              -120.21925898625945,
              39.900973667850565
            ],
            [
              -120.2192513870452,
              39.9010365679345
            ],
            [
              -120.21923920167087,
              39.90110224851843
            ],
            [
              -120.21921870642767,
              39.901166691071275
            ],
            [
              -120.21919009914693,
              39.90122927348672
            ],
            [
              -120.21915365597293,
              39.901289391613965
            ],
            [
              -120.21910972869792,
              39.90134646509019
            ],
            [
              -120.21905874136661,
              39.90139994294352
            ],
            [
              -120.2190011861829,
              39.901449308912106
            ],
            [
              -120.21893761875887,
              39.90149408642831
            ],
            [
              -120.21886865275094,
              39.90153384321963
            ],
            [
              -120.21879495393587,
              39.90156819548202
            ],
            [
              -120.21871723378331,
              39.901596811585364
            ],
            [
              -120.21862613307147,
              39.90162621182571
            ],
            [
              -120.2185440702974,
              39.90164906880079
            ],
            [
              -120.21845946385977,
              39.90166552964531
            ],
            [
              -120.21837315190274,
              39.90167543129237
            ],
            [
              -120.21828598946738,
              39.901678675653095
            ],
            [
              -120.21819884002036,
              39.90167523058844
            ],
            [
              -120.21811433921,
              39.90166863049643
            ],
            [
              -120.21802998413254,
              39.90165882879076
            ],
            [
              -120.21794726521539,
              39.90164275937042
            ],
            [
              -120.21786696560777,
              39.90162057437521
            ],
            [
              -120.21778984555168,
              39.9015924838446
            ],
            [
              -120.21768367339882,
              39.90154882240655
            ],
            [
              -120.2176395677271,
              39.90155243615791
            ],
            [
              -120.21757127452351,
              39.90157314873419
            ],
            [
              -120.2174952741086,
              39.90159028429731
            ],
            [
              -120.21741757621876,
              39.90160206840943
            ],
            [
              -120.21733881471711,
              39.901608404935736
            ],
            [
              -120.21725963214433,
              39.901609242183206
            ],
            [
              -120.21721423169996,
              39.90160814215719
            ],
            [
              -120.21714921850469,
              39.901604700735206
            ],
            [
              -120.21708471678184,
              39.90159754966041
            ],
            [
              -120.21704621642795,
              39.90159214959634
            ],
            [
              -120.21695362518318,
              39.9015751168904
            ],
            [
              -120.21686397737882,
              39.901550453067685
            ],
            [
              -120.21677832987416,
              39.901518448892446
            ],
            [
              -120.21669769236469,
              39.901479481664204
            ],
            [
              -120.21669081471208,
              39.90147574256357
            ],
            [
              -120.21665195792714,
              39.9014827903125
            ],
            [
              -120.21662301370652,
              39.90150600652083
            ],
            [
              -120.21662175362015,
              39.90150690436963
            ],
            [
              -120.21662336376254,
              39.901536174317634
            ],
            [
              -120.21662346468155,
              39.9016081743485
            ],
            [
              -120.21661984694742,
              39.901670188385886
            ],
            [
              -120.21660885047235,
              39.901731684518566
            ],
            [
              -120.21659056816536,
              39.90179214305744
            ],
            [
              -120.21658236841171,
              39.901814543125276
            ],
            [
              -120.21655664586348,
              39.901874071516275
            ],
            [
              -120.21652386110452,
              39.9019315043484
            ],
            [
              -120.21648429711543,
              39.901986345862404
            ],
            [
              -120.2164382953975,
              39.90203812266613
            ],
            [
              -120.21638625302512,
              39.902086387821136
            ],
            [
              -120.21633109777991,
              39.90212881798019
            ],
            [
              -120.21633017025742,
              39.9021505531031
            ],
            [
              -120.21632217115805,
              39.90222245319405
            ],
            [
              -120.21631030293844,
              39.902289462250415
            ],
            [
              -120.2162897915706,
              39.90235522094068
            ],
            [
              -120.21626084276613,
              39.90241906968348
            ],
            [
              -120.2162237468693,
              39.90248036805312
            ],
            [
              -120.21617887594545,
              39.90253850120353
            ],
            [
              -120.21612668004987,
              39.90259288603555
            ],
            [
              -120.21606768271397,
              39.902642977046064
            ],
            [
              -120.21600247569437,
              39.90268827179983
            ],
            [
              -120.21593171303763,
              39.9027283159694
            ],
            [
              -120.2158556126487,
              39.90276701627141
            ],
            [
              -120.2157869254487,
              39.902798579507206
            ],
            [
              -120.21571478933495,
              39.90282519048268
            ],
            [
              -120.2156398046334,
              39.90284662773732
            ],
            [
              -120.21556259537822,
              39.902862712867055
            ],
            [
              -120.21553979516587,
              39.90286661289692
            ],
            [
              -120.21545565095391,
              39.902877726772005
            ],
            [
              -120.21537050219537,
              39.90288248520681
            ],
            [
              -120.21528515621058,
              39.90288084308604
            ],
            [
              -120.21514795488174,
              39.90287304296434
            ],
            [
              -120.2150490333363,
              39.90286303511123
            ],
            [
              -120.21495222855665,
              39.902844436488024
            ],
            [
              -120.21485879408164,
              39.90281748793258
            ],
            [
              -120.21474272331943,
              39.902778074793005
            ],
            [
              -120.21455235593017,
              39.90278518287629
            ],
            [
              -120.2144608995345,
              39.9027849196149
            ],
            [
              -120.21436997631596,
              39.902777320357906
            ],
            [
              -120.21428057560344,
              39.90276246779326
            ],
            [
              -120.2141588745615,
              39.90273706751796
            ],
            [
              -120.21407600518833,
              39.90271631641569
            ],
            [
              -120.2139962196238,
              39.902689332367785
            ],
            [
              -120.21392030596998,
              39.90265638191816
            ],
            [
              -120.21384901407988,
              39.902617790545236
            ],
            [
              -120.21384828427671,
              39.90261730540633
            ],
            [
              -120.213859466786,
              39.90263748705436
            ],
            [
              -120.21388487852798,
              39.90269909722985
            ],
            [
              -120.21390182832084,
              39.90275980234167
            ],
            [
              -120.21391594244496,
              39.90276965867161
            ],
            [
              -120.21397139581599,
              39.90281638543299
            ],
            [
              -120.21402092424952,
              39.90286690623674
            ],
            [
              -120.21407402462343,
              39.902926705919924
            ],
            [
              -120.21411974780744,
              39.902984152817
            ],
            [
              -120.21415780991106,
              39.9030448231913
            ],
            [
              -120.21418783194336,
              39.903108112971275
            ],
            [
              -120.2142095149627,
              39.9031733920032
            ],
            [
              -120.21422264305414,
              39.90324001032517
            ],
            [
              -120.21422708548005,
              39.90330730463849
            ],
            [
              -120.2142272488927,
              39.90344926901726
            ],
            [
              -120.21427595266191,
              39.903519116766496
            ],
            [
              -120.21431222942724,
              39.90357774309013
            ],
            [
              -120.21434102609263,
              39.90363878217691
            ],
            [
              -120.21436207629087,
              39.903701669462976
            ],
            [
              -120.21437518530182,
              39.903765823288474
            ],
            [
              -120.21443489845434,
              39.904190035389455
            ],
            [
              -120.21444753666611,
              39.904221754120734
            ],
            [
              -120.21451780793173,
              39.90425676559207
            ],
            [
              -120.21458371077642,
              39.90429698927765
            ],
            [
              -120.21464430752289,
              39.90434189004328
            ],
            [
              -120.21469904082406,
              39.90439105491665
            ],
            [
              -120.2147474072584,
              39.904444031705516
            ],
            [
              -120.21478896196027,
              39.90450033315642
            ],
            [
              -120.21482332271212,
              39.904559441436035
            ],
            [
              -120.21485017346029,
              39.90462081289373
            ],
            [
              -120.21486527393463,
              39.90466171280082
            ],
            [
              -120.21488553361208,
              39.9047297934899
            ],
            [
              -120.21489655381976,
              39.90479912171689
            ],
            [
              -120.21489821663097,
              39.9048689557813
            ],
            [
              -120.21489050422778,
              39.90493854856874
            ],
            [
              -120.21487349909286,
              39.90500715554389
            ],
            [
              -120.21484738312814,
              39.905074042715945
            ],
            [
              -120.21481243571006,
              39.90513849449136
            ],
            [
              -120.21478203611834,
              39.905187294711595
            ],
            [
              -120.21474377212681,
              39.90524209272944
            ],
            [
              -120.21469912151572,
              39.90529394575445
            ],
            [
              -120.21464846334577,
              39.90534241356571
            ],
            [
              -120.21459222768323,
              39.90538708468123
            ],
            [
              -120.21453089194904,
              39.90542757985155
            ],
            [
              -120.21446497686549,
              39.90546355527969
            ],
            [
              -120.21439504203559,
              39.90549470554016
            ],
            [
              -120.21423524095101,
              39.90555850605605
            ],
            [
              -120.21417506606396,
              39.90558034186769
            ],
            [
              -120.21374397355096,
              39.90572164205363
            ],
            [
              -120.21345904395766,
              39.905843641384514
            ],
            [
              -120.21338843800595,
              39.90588038362872
            ],
            [
              -120.21338137018218,
              39.90588668628476
            ],
            [
              -120.21333840298567,
              39.905951491810704
            ],
            [
              -120.2133013381535,
              39.90600192667088
            ],
            [
              -120.21325879471317,
              39.90604972827424
            ],
            [
              -120.21319009497925,
              39.906120228696764
            ],
            [
              -120.21313712700328,
              39.90616953341137
            ],
            [
              -120.2130783367072,
              39.90621475534322
            ],
            [
              -120.2130142520495,
              39.90625548837515
            ],
            [
              -120.2129454485381,
              39.906291366702135
            ],
            [
              -120.21287254406172,
              39.9063220681167
            ],
            [
              -120.21279619334088,
              39.90634731690278
            ],
            [
              -120.21271708204766,
              39.9063668863118
            ],
            [
              -120.21263592064767,
              39.90638060059939
            ],
            [
              -120.21255343801914,
              39.906388336603584
            ],
            [
              -120.21247037490659,
              39.906390024851085
            ],
            [
              -120.21238747726791,
              39.90638565018115
            ],
            [
              -120.2123182766083,
              39.906379450098285
            ],
            [
              -120.21223488889987,
              39.906368820318484
            ],
            [
              -120.21215321761362,
              39.90635205652946
            ],
            [
              -120.21207402167289,
              39.90632931450833
            ],
            [
              -120.21199803699704,
              39.906300805584344
            ],
            [
              -120.21192596966243,
              39.90626679467479
            ],
            [
              -120.2118584893409,
              39.90622759782321
            ],
            [
              -120.21179622307676,
              39.90618357926227
            ],
            [
              -120.21173974946001,
              39.906135148029016
            ],
            [
              -120.21168959324993,
              39.906082754163585
            ],
            [
              -120.21166011768486,
              39.906044785886714
            ],
            [
              -120.21164627082756,
              39.906029420538076
            ],
            [
              -120.21160306240883,
              39.905976382557064
            ],
            [
              -120.21156641850013,
              39.90592049040875
            ],
            [
              -120.21153665412994,
              39.90586222462464
            ],
            [
              -120.21151402517802,
              39.905802086142295
            ],
            [
              -120.21149872617605,
              39.90574059199826
            ],
            [
              -120.21149088863585,
              39.90567827088288
            ],
            [
              -120.21147691916373,
              39.90546403037039
            ],
            [
              -120.21146574417213,
              39.905386484789524
            ],
            [
              -120.21135500214618,
              39.90514057255882
            ],
            [
              -120.21134686546728,
              39.9051216023672
            ],
            [
              -120.21134337094779,
              39.90511303141597
            ],
            [
              -120.21127663729631,
              39.905134424112376
            ],
            [
              -120.21125575565621,
              39.905140877268096
            ],
            [
              -120.21113759960707,
              39.90517604279434
            ],
            [
              -120.21092603504037,
              39.90526305665064
            ],
            [
              -120.2108707933576,
              39.90528389298172
            ],
            [
              -120.21074849243529,
              39.90532599332535
            ],
            [
              -120.2106641582681,
              39.90535109180364
            ],
            [
              -120.21057691645186,
              39.90536936842933
            ],
            [
              -120.21048769461905,
              39.905380628869736
            ],
            [
              -120.21039744145693,
              39.905384753394564
            ],
            [
              -120.21030711661965,
              39.905381698149085
            ],
            [
              -120.21021768052316,
              39.90537149562042
            ],
            [
              -120.21009231014696,
              39.90535206043276
            ],
            [
              -120.20982579824025,
              39.90531669077705
            ],
            [
              -120.20971984312538,
              39.90530485509046
            ],
            [
              -120.2094200101916,
              39.90531849765502
            ],
            [
              -120.20937824293372,
              39.905319629595375
            ],
            [
              -120.20930306400504,
              39.90532028617454
            ],
            [
              -120.20891600447297,
              39.90536626515333
            ],
            [
              -120.20865064741957,
              39.905409753297306
            ],
            [
              -120.20864631290016,
              39.90543034810971
            ],
            [
              -120.2086246941734,
              39.905505586577426
            ],
            [
              -120.20859208599327,
              39.905578438280116
            ],
            [
              -120.20855418666206,
              39.905649638566985
            ],
            [
              -120.20851912468018,
              39.90570754030911
            ],
            [
              -120.20847711433011,
              39.90576263096854
            ],
            [
              -120.20842853165205,
              39.90581441740107
            ],
            [
              -120.20837381152131,
              39.90586243603931
            ],
            [
              -120.2083134437559,
              39.905906257042574
            ],
            [
              -120.208247968732,
              39.90594548814484
            ],
            [
              -120.20817797254668,
              39.90597977816633
            ],
            [
              -120.20810408177151,
              39.906008820157346
            ],
            [
              -120.20802695784334,
              39.906032354146134
            ],
            [
              -120.20794729114314,
              39.90605016946621
            ],
            [
              -120.20786579481556,
              39.9060621066424
            ],
            [
              -120.20778319838459,
              39.90606805881826
            ],
            [
              -120.2077069976347,
              39.906070758818736
            ],
            [
              -120.20763948795857,
              39.906071147071636
            ],
            [
              -120.20759348750825,
              39.90607004704536
            ],
            [
              -120.2075086331831,
              39.90606483407312
            ],
            [
              -120.20742483512907,
              39.90605330876582
            ],
            [
              -120.20734288316862,
              39.9060355797539
            ],
            [
              -120.20726354972241,
              39.90601181413947
            ],
            [
              -120.20718758252859,
              39.9059822359213
            ],
            [
              -120.20711569759472,
              39.90594712388319
            ],
            [
              -120.20704857244884,
              39.90590680896624
            ],
            [
              -120.2069868397533,
              39.90586167114937
            ],
            [
              -120.20693108134193,
              39.90581213586766
            ],
            [
              -120.20688182273598,
              39.9057586700023
            ],
            [
              -120.20674452389149,
              39.905593169171794
            ],
            [
              -120.20668869511411,
              39.9055149066141
            ],
            [
              -120.20649803734716,
              39.90519991251866
            ],
            [
              -120.20629376155527,
              39.90494710533679
            ],
            [
              -120.20612738421211,
              39.90479737618895
            ],
            [
              -120.20604745931875,
              39.904754592511914
            ],
            [
              -120.20597806384566,
              39.90474896581331
            ],
            [
              -120.2054844960209,
              39.904760687995406
            ],
            [
              -120.20518877032043,
              39.90477347653156
            ],
            [
              -120.20502632071842,
              39.90478871674888
            ],
            [
              -120.20495473474757,
              39.90479315059462
            ],
            [
              -120.20488291775327,
              39.90479305753661
            ],
            [
              -120.20481135156533,
              39.90478843819968
            ],
            [
              -120.20461333887042,
              39.90476934061444
            ],
            [
              -120.20446247286038,
              39.90480215696646
            ],
            [
              -120.20395709230026,
              39.90492592153571
            ],
            [
              -120.20393406646038,
              39.9049312935964
            ],
            [
              -120.20320145993466,
              39.9050937948961
            ],
            [
              -120.20319157098203,
              39.905095940112375
            ],
            [
              -120.20274143422722,
              39.905191398899
            ],
            [
              -120.20244766230508,
              39.905280760055945
            ],
            [
              -120.20240262643692,
              39.905311337281745
            ],
            [
              -120.20231270104932,
              39.90536483290295
            ],
            [
              -120.20194254308554,
              39.90555689033232
            ],
            [
              -120.20167923507334,
              39.90571013741534
            ],
            [
              -120.20161789272876,
              39.905742778683205
            ],
            [
              -120.20155317127515,
              39.90577128824112
            ],
            [
              -120.2013410684279,
              39.90585571184705
            ],
            [
              -120.20117325670428,
              39.90592301054497
            ],
            [
              -120.20117323169431,
              39.905951001289914
            ],
            [
              -120.20119168415128,
              39.906193931020624
            ],
            [
              -120.2012467477255,
              39.906416103121124
            ],
            [
              -120.20134528447055,
              39.90675268411026
            ],
            [
              -120.20151505695375,
              39.90710985609943
            ],
            [
              -120.20171538481922,
              39.90751996974929
            ],
            [
              -120.20191474289192,
              39.90784818606702
            ],
            [
              -120.20195454929481,
              39.90792592474512
            ],
            [
              -120.20200055052003,
              39.9080351244583
            ],
            [
              -120.20202223965346,
              39.90809624382341
            ],
            [
              -120.2020363948275,
              39.908158659670185
            ],
            [
              -120.20204289139852,
              39.90822182248638
            ],
            [
              -120.20204167214895,
              39.90828517618187
            ],
            [
              -120.20203274779196,
              39.90834816298446
            ],
            [
              -120.20201619687772,
              39.90841022835063
            ],
            [
              -120.20199216510274,
              39.908470825847886
            ],
            [
              -120.20196086402757,
              39.908529421965646
            ],
            [
              -120.20195139979766,
              39.908543281375216
            ],
            [
              -120.20196415273452,
              39.9085729460986
            ],
            [
              -120.20198220039454,
              39.908632568397685
            ],
            [
              -120.20199316208326,
              39.908693204441924
            ],
            [
              -120.20199694768272,
              39.90875435583674
            ],
            [
              -120.20199714854469,
              39.90882185586504
            ],
            [
              -120.20199453889715,
              39.90887548537547
            ],
            [
              -120.20198640728712,
              39.90892878591921
            ],
            [
              -120.20196340864551,
              39.909040886137085
            ],
            [
              -120.20194779169226,
              39.909099833480035
            ],
            [
              -120.20194199329457,
              39.90911477625218
            ],
            [
              -120.20196700983936,
              39.90916040478547
            ],
            [
              -120.20199294975622,
              39.9092251976499
            ],
            [
              -120.20201032175856,
              39.90929166716152
            ],
            [
              -120.2020261227773,
              39.90937306707916
            ],
            [
              -120.20203294657709,
              39.90941886131053
            ],
            [
              -120.20205168918956,
              39.909598635742626
            ],
            [
              -120.20207183272682,
              39.90962522847078
            ],
            [
              -120.202103969952,
              39.90967746565926
            ],
            [
              -120.20213397050503,
              39.909732165470444
            ],
            [
              -120.20216291908729,
              39.9097929164424
            ],
            [
              -120.2021841835623,
              39.90985552239315
            ],
            [
              -120.20219756862338,
              39.90991940837244
            ],
            [
              -120.20220295132442,
              39.909983987673094
            ],
            [
              -120.20220028220977,
              39.91004866721902
            ],
            [
              -120.20218958576915,
              39.91011285301185
            ],
            [
              -120.20217096021375,
              39.910175955586084
            ],
            [
              -120.20214457657491,
              39.91023739542268
            ],
            [
              -120.20211067713424,
              39.910296608271295
            ],
            [
              -120.20202727817099,
              39.9104252088685
            ],
            [
              -120.20198115274324,
              39.910487758790495
            ],
            [
              -120.20192664892795,
              39.910546175387054
            ],
            [
              -120.20188632367109,
              39.91058090277166
            ],
            [
              -120.20189611389497,
              39.91062786266065
            ],
            [
              -120.20194127812657,
              39.91076862873989
            ],
            [
              -120.20195697738237,
              39.91082941762006
            ],
            [
              -120.20196537287636,
              39.91089105893051
            ],
            [
              -120.20196639386161,
              39.91095303337932
            ],
            [
              -120.201960031717,
              39.911014818866654
            ],
            [
              -120.2019463400204,
              39.911075894883176
            ],
            [
              -120.20191909215684,
              39.911171133397545
            ],
            [
              -120.20188903943192,
              39.911298112046985
            ],
            [
              -120.20200059514276,
              39.911301329160914
            ],
            [
              -120.20207639441753,
              39.91130762907465
            ],
            [
              -120.20215664689712,
              39.911317211877204
            ],
            [
              -120.20223540399351,
              39.9113324710032
            ],
            [
              -120.20231199019868,
              39.91135327557439
            ],
            [
              -120.20238574862287,
              39.91137944714855
            ],
            [
              -120.2025541476158,
              39.911446646530784
            ],
            [
              -120.20262787546397,
              39.91147966487023
            ],
            [
              -120.20268175337081,
              39.911509539235986
            ],
            [
              -120.20272564081145,
              39.91149712587484
            ],
            [
              -120.2028064894287,
              39.91147806024052
            ],
            [
              -120.2028333842483,
              39.91146516173115
            ],
            [
              -120.20309288117089,
              39.91126923681672
            ],
            [
              -120.20329978763019,
              39.91107961693859
            ],
            [
              -120.20328397808217,
              39.91094289863259
            ],
            [
              -120.2032805320352,
              39.91088624965775
            ],
            [
              -120.20328327063295,
              39.910829577785584
            ],
            [
              -120.20329217454459,
              39.910773282728194
            ],
            [
              -120.20332187622132,
              39.910634383006624
            ],
            [
              -120.20333851426014,
              39.91057396043312
            ],
            [
              -120.20336225195878,
              39.910514961357165
            ],
            [
              -120.20339289069926,
              39.910457879391394
            ],
            [
              -120.20348459198897,
              39.9103069800608
            ],
            [
              -120.20351034133147,
              39.91027032855148
            ],
            [
              -120.2034969204289,
              39.91020442699967
            ],
            [
              -120.20348685261231,
              39.91012307334822
            ],
            [
              -120.20348961996689,
              39.910041378877985
            ],
            [
              -120.20351242249954,
              39.9098391791364
            ],
            [
              -120.20352364770092,
              39.90977525285276
            ],
            [
              -120.20354274254946,
              39.90971244311545
            ],
            [
              -120.20356953276878,
              39.909651323111916
            ],
            [
              -120.20360377385825,
              39.90959245060811
            ],
            [
              -120.20364515332476,
              39.90953636285847
            ],
            [
              -120.20369329353507,
              39.90948357170343
            ],
            [
              -120.20374775516237,
              39.90943455889861
            ],
            [
              -120.20380804119578,
              39.909389771718715
            ],
            [
              -120.20387360147609,
              39.909349618876135
            ],
            [
              -120.20394383771632,
              39.9093144667913
            ],
            [
              -120.20401810896142,
              39.90928463624929
            ],
            [
              -120.20409573743716,
              39.90926039947238
            ],
            [
              -120.20414163705028,
              39.909247999573324
            ],
            [
              -120.20422405667262,
              39.90922917297431
            ],
            [
              -120.20430847408151,
              39.90921665220063
            ],
            [
              -120.20439407786003,
              39.90921055760221
            ],
            [
              -120.20448004518867,
              39.90921094776089
            ],
            [
              -120.2045655497536,
              39.909217818927345
            ],
            [
              -120.20464976968844,
              39.90923110505702
            ],
            [
              -120.20473189547334,
              39.909250678444934
            ],
            [
              -120.2048111377155,
              39.909276350953036
            ],
            [
              -120.20490263712584,
              39.90931015063496
            ],
            [
              -120.20497932101986,
              39.9093421840492
            ],
            [
              -120.20505149215455,
              39.90937992696661
            ],
            [
              -120.20511843616151,
              39.90942300580306
            ],
            [
              -120.20517949040756,
              39.90947099415795
            ],
            [
              -120.20523405055349,
              39.90952341703436
            ],
            [
              -120.20528157653607,
              39.90957975554048
            ],
            [
              -120.20532159791418,
              39.90963945202535
            ],
            [
              -120.20535371852577,
              39.9097019155984
            ],
            [
              -120.20546361915886,
              39.90995120252155
            ],
            [
              -120.20558089840745,
              39.91019170532129
            ],
            [
              -120.20560649194948,
              39.910252892872656
            ],
            [
              -120.20562441429361,
              39.91031567730954
            ],
            [
              -120.205677517273,
              39.91055567701859
            ],
            [
              -120.20568932937084,
              39.91064317431321
            ],
            [
              -120.20570463329189,
              39.910949874333554
            ],
            [
              -120.20570527959902,
              39.91097642068397
            ],
            [
              -120.20570496576133,
              39.911240744911076
            ],
            [
              -120.20577094694937,
              39.91120725717253
            ],
            [
              -120.20584642918976,
              39.91117659791337
            ],
            [
              -120.20592542393868,
              39.911151734063736
            ],
            [
              -120.2060071830372,
              39.91113290110885
            ],
            [
              -120.20609093214749,
              39.911120277415435
            ],
            [
              -120.20617587808577,
              39.91111398254265
            ],
            [
              -120.206261216334,
              39.911114076109676
            ],
            [
              -120.20634613865866,
              39.91112055723115
            ],
            [
              -120.20642984076495,
              39.91113336452551
            ],
            [
              -120.20651152991341,
              39.91115237669633
            ],
            [
              -120.20659043242743,
              39.91117741368085
            ],
            [
              -120.20664373207798,
              39.91119671349816
            ],
            [
              -120.20672310139778,
              39.91122938300505
            ],
            [
              -120.20679770455287,
              39.911268145055935
            ],
            [
              -120.20686675574257,
              39.911312591372614
            ],
            [
              -120.20692952764058,
              39.91136225380376
            ],
            [
              -120.20698535905602,
              39.911416609255625
            ],
            [
              -120.20703366189775,
              39.91147508520149
            ],
            [
              -120.20707392736945,
              39.91153706571173
            ],
            [
              -120.20710573132912,
              39.911601897941175
            ],
            [
              -120.2071284319441,
              39.91165649779974
            ],
            [
              -120.20714826943117,
              39.911712353895986
            ],
            [
              -120.20722477254814,
              39.911970853442334
            ],
            [
              -120.20723697457467,
              39.91202063552966
            ],
            [
              -120.20724429572714,
              39.91207098197329
            ],
            [
              -120.20726689872069,
              39.91230578190701
            ],
            [
              -120.20726769720014,
              39.91239368206093
            ],
            [
              -120.20734028745316,
              39.91241367794675
            ],
            [
              -120.20738578712725,
              39.91242827780384
            ],
            [
              -120.20746222496442,
              39.912456210112516
            ],
            [
              -120.20747249768586,
              39.91246094762624
            ],
            [
              -120.20753927552813,
              39.91243591966765
            ],
            [
              -120.20762796542331,
              39.91241134360736
            ],
            [
              -120.2077195683828,
              39.912394240044044
            ],
            [
              -120.2078130260631,
              39.912384806586175
            ],
            [
              -120.2079072586937,
              39.91238315222501
            ],
            [
              -120.20795335824229,
              39.91238425219871
            ],
            [
              -120.20804047168087,
              39.91238968633463
            ],
            [
              -120.20812645001632,
              39.91240177116261
            ],
            [
              -120.20821043918822,
              39.91242038663973
            ],
            [
              -120.20829160489347,
              39.91244534785114
            ],
            [
              -120.20836914087317,
              39.91247640684674
            ],
            [
              -120.20844227692108,
              39.91251325510393
            ],
            [
              -120.20851028653402,
              39.91255552659203
            ],
            [
              -120.20851475416114,
              39.91255892177956
            ],
            [
              -120.20854897962768,
              39.91256779808875
            ],
            [
              -120.20862248727872,
              39.91259284290019
            ],
            [
              -120.2086927080901,
              39.91262296575219
            ],
            [
              -120.20875905204512,
              39.91265791354597
            ],
            [
              -120.20882096169882,
              39.91269739264196
            ],
            [
              -120.2088779168616,
              39.912741071326806
            ],
            [
              -120.20892943897013,
              39.91278858260043
            ],
            [
              -120.20897503920045,
              39.91283478233522
            ],
            [
              -120.20902129957504,
              39.91288647309028
            ],
            [
              -120.20906112650094,
              39.912941248628925
            ],
            [
              -120.2090941757584,
              39.912998635554565
            ],
            [
              -120.20912016170142,
              39.91305813790039
            ],
            [
              -120.20913885972686,
              39.91311924141573
            ],
            [
              -120.20916966128954,
              39.91324604124181
            ],
            [
              -120.20917144273143,
              39.91325588405227
            ],
            [
              -120.20917526024805,
              39.91325333998588
            ],
            [
              -120.20964332647198,
              39.91296156774883
            ],
            [
              -120.20983579172042,
              39.91275924758289
            ],
            [
              -120.20991472763134,
              39.912687371934055
            ],
            [
              -120.21007482759197,
              39.912560672795976
            ],
            [
              -120.21013639299031,
              39.91251641715238
            ],
            [
              -120.21020318759219,
              39.91247691368263
            ],
            [
              -120.21027459527103,
              39.912442526770384
            ],
            [
              -120.21034995735198,
              39.91241357360334
            ],
            [
              -120.21044935659555,
              39.912379873878635
            ],
            [
              -120.21052199961173,
              39.91235815853089
            ],
            [
              -120.21059685917994,
              39.91234149499121
            ],
            [
              -120.21067334417148,
              39.912330014843626
            ],
            [
              -120.21075085062338,
              39.912323808741554
            ],
            [
              -120.21082876650742,
              39.912322925691996
            ],
            [
              -120.21086806612249,
              39.91232382566993
            ],
            [
              -120.21087094834289,
              39.91232389532626
            ],
            [
              -120.21094564761167,
              39.91232579528252
            ],
            [
              -120.2110320976618,
              39.91233129985015
            ],
            [
              -120.21111741850906,
              39.912343354872114
            ],
            [
              -120.2112007752564,
              39.91236184238635
            ],
            [
              -120.2112813522243,
              39.91238658148629
            ],
            [
              -120.21135836093205,
              39.91241733009089
            ],
            [
              -120.21143104781275,
              39.91245378731331
            ],
            [
              -120.2114987015871,
              39.912495596404966
            ],
            [
              -120.21156066022317,
              39.912542348246106
            ],
            [
              -120.21161631741475,
              39.912593585349086
            ],
            [
              -120.21166512851458,
              39.9126488063347
            ],
            [
              -120.21170661586406,
              39.912707470838214
            ],
            [
              -120.21174037346805,
              39.91276900479679
            ],
            [
              -120.2117660709682,
              39.912832806066824
            ],
            [
              -120.2117887717744,
              39.91290090592915
            ],
            [
              -120.21180528364931,
              39.91296205733775
            ],
            [
              -120.21181438764516,
              39.913024121990404
            ],
            [
              -120.21181600585426,
              39.91308656890541
            ],
            [
              -120.21181012441194,
              39.91314886382922
            ],
            [
              -120.21179679361572,
              39.91321047380725
            ],
            [
              -120.21176689486808,
              39.91331777407034
            ],
            [
              -120.21175550515231,
              39.9133505025064
            ],
            [
              -120.21180933214676,
              39.91332198425324
            ],
            [
              -120.21195463131814,
              39.913253484795504
            ],
            [
              -120.21203219215168,
              39.91322093635389
            ],
            [
              -120.212113611595,
              39.913194561500696
            ],
            [
              -120.21219806356322,
              39.913174627835936
            ],
            [
              -120.21228469120582,
              39.913161337607164
            ],
            [
              -120.2123726155996,
              39.91315482565776
            ],
            [
              -120.21246094466547,
              39.9131551580587
            ],
            [
              -120.2125487822186,
              39.91316233143836
            ],
            [
              -120.21263523706047,
              39.91317627301667
            ],
            [
              -120.21271943202002,
              39.91319684134336
            ],
            [
              -120.21280051285282,
              39.913223827733006
            ],
            [
              -120.21291421213844,
              39.91326702732991
            ],
            [
              -120.2129851867386,
              39.91329721241566
            ],
            [
              -120.21305223759862,
              39.913332316413644
            ],
            [
              -120.21311479151268,
              39.91337203923014
            ],
            [
              -120.21317231371546,
              39.913416041285686
            ],
            [
              -120.21322431245348,
              39.91346394641803
            ],
            [
              -120.21334731307432,
              39.91358854570268
            ],
            [
              -120.21339666157937,
              39.9136440750317
            ],
            [
              -120.21343858862434,
              39.91370311055997
            ],
            [
              -120.21347267789947,
              39.91376506612944
            ],
            [
              -120.21349859091262,
              39.91382932658749
            ],
            [
              -120.21351607035098,
              39.91389525389459
            ],
            [
              -120.21352494263668,
              39.9139621934593
            ],
            [
              -120.21353224402058,
              39.91407049345209
            ],
            [
              -120.21353203282764,
              39.9141435165454
            ],
            [
              -120.2135215831273,
              39.914216095109964
            ],
            [
              -120.21350101708694,
              39.914287380407984
            ],
            [
              -120.21344751871162,
              39.914434680851535
            ],
            [
              -120.21342410808447,
              39.914489871433354
            ],
            [
              -120.21339462727082,
              39.91454330945459
            ],
            [
              -120.21335929419953,
              39.91459459986464
            ],
            [
              -120.21318399572729,
              39.91482460105472
            ],
            [
              -120.21316511106158,
              39.91484825110315
            ],
            [
              -120.21294371256441,
              39.91511315255566
            ],
            [
              -120.21288748127068,
              39.915172971484445
            ],
            [
              -120.21282310361275,
              39.915227704600156
            ],
            [
              -120.21275134947791,
              39.91527669733936
            ],
            [
              -120.21248034975022,
              39.91544226463759
            ],
            [
              -120.2121570222343,
              39.91568363779125
            ],
            [
              -120.2119347829736,
              39.915871345667206
            ],
            [
              -120.21181572319432,
              39.915998919400636
            ],
            [
              -120.2118000641778,
              39.91602727486979
            ],
            [
              -120.21168170632556,
              39.91630699623318
            ],
            [
              -120.21165545857897,
              39.916361064853994
            ],
            [
              -120.21162330997814,
              39.91641320982422
            ],
            [
              -120.2115854954214,
              39.91646305011852
            ],
            [
              -120.21147859614871,
              39.916591050820095
            ],
            [
              -120.21142097728537,
              39.91665222542404
            ],
            [
              -120.2113548422782,
              39.916708059494056
            ],
            [
              -120.21092383515149,
              39.917033344665555
            ],
            [
              -120.21042112877022,
              39.9174814394054
            ],
            [
              -120.21035728568908,
              39.917532079303015
            ],
            [
              -120.21035769342093,
              39.917538670626875
            ],
            [
              -120.2103615814329,
              39.91756483364373
            ],
            [
              -120.21036657067239,
              39.91761469609256
            ],
            [
              -120.21036675375248,
              39.917664706121606
            ],
            [
              -120.21036094238143,
              39.91779542309765
            ],
            [
              -120.21050863598217,
              39.91791465316354
            ],
            [
              -120.21081280488539,
              39.91811803584229
            ],
            [
              -120.2108770546667,
              39.91816561651885
            ],
            [
              -120.21089330519573,
              39.91818037638063
            ],
            [
              -120.21095342901324,
              39.91818260279903
            ],
            [
              -120.2110330306414,
              39.91819122462303
            ],
            [
              -120.21111127262327,
              39.91820542255143
            ],
            [
              -120.21118017204087,
              39.91822052238944
            ],
            [
              -120.2112590881279,
              39.918240982290435
            ],
            [
              -120.21133512842317,
              39.91826711312838
            ],
            [
              -120.21140760739067,
              39.918298679324415
            ],
            [
              -120.21147587159835,
              39.918335396297444
            ],
            [
              -120.211539305609,
              39.91837693302952
            ],
            [
              -120.21159733752856,
              39.918422915049845
            ],
            [
              -120.21164944416192,
              39.918472927810555
            ],
            [
              -120.21169515572997,
              39.91852652042387
            ],
            [
              -120.2117340601051,
              39.91858320972681
            ],
            [
              -120.21176580652713,
              39.9186424846369
            ],
            [
              -120.21179010876625,
              39.91870381075974
            ],
            [
              -120.2118067477039,
              39.91876663520661
            ],
            [
              -120.21181557330915,
              39.91883039157905
            ],
            [
              -120.21181650599196,
              39.918894505075144
            ],
            [
              -120.21180953732157,
              39.91895839767165
            ],
            [
              -120.21180719161337,
              39.918972076903465
            ],
            [
              -120.21180393251434,
              39.91901427985565
            ],
            [
              -120.21179090958378,
              39.91907829410027
            ],
            [
              -120.21176997852722,
              39.919141052574005
            ],
            [
              -120.2117413320397,
              39.91920197744794
            ],
            [
              -120.21169553282519,
              39.919286477793015
            ],
            [
              -120.21166392020899,
              39.91933846786958
            ],
            [
              -120.2116266869107,
              39.919388202629534
            ],
            [
              -120.21152226896541,
              39.91951490747127
            ],
            [
              -120.21161123004279,
              39.91964316596013
            ],
            [
              -120.21170620156092,
              39.91974646605703
            ],
            [
              -120.21228649628088,
              39.9192970818681
            ],
            [
              -120.21229934689377,
              39.91928733279304
            ],
            [
              -120.21260464655961,
              39.91906043437695
            ],
            [
              -120.21268584093373,
              39.91900704596189
            ],
            [
              -120.2127082408459,
              39.91899404606032
            ],
            [
              -120.2127786248232,
              39.918957181671956
            ],
            [
              -120.21285331875693,
              39.918925745091144
            ],
            [
              -120.21293161893843,
              39.91890003248773
            ],
            [
              -120.21301278768645,
              39.91888028610482
            ],
            [
              -120.2130960602967,
              39.91886669197675
            ],
            [
              -120.21318065224554,
              39.918859378176506
            ],
            [
              -120.21324215164083,
              39.91885637818495
            ],
            [
              -120.21332320435826,
              39.91885531497467
            ],
            [
              -120.2134040383151,
              39.91886001899912
            ],
            [
              -120.21348396285987,
              39.91887045006746
            ],
            [
              -120.2135622951102,
              39.91888651905645
            ],
            [
              -120.2136383657872,
              39.91890808867194
            ],
            [
              -120.21371152493332,
              39.91893497462168
            ],
            [
              -120.21378114746511,
              39.918966947189894
            ],
            [
              -120.2137975505396,
              39.91897529462442
            ],
            [
              -120.2138907970425,
              39.91894377729701
            ],
            [
              -120.21397612094191,
              39.918918927425665
            ],
            [
              -120.21406433564457,
              39.91890103662142
            ],
            [
              -120.21415448669266,
              39.918890298458365
            ],
            [
              -120.21424559867931,
              39.91888682912111
            ],
            [
              -120.2143366858012,
              39.91889066614775
            ],
            [
              -120.21441308506974,
              39.918896966061375
            ],
            [
              -120.21449423633594,
              39.91890663496923
            ],
            [
              -120.21457385738135,
              39.91892210593333
            ],
            [
              -120.21465125013655,
              39.91894324331449
            ],
            [
              -120.21472573606651,
              39.91896986179368
            ],
            [
              -120.21479666211935,
              39.9190017279966
            ],
            [
              -120.2148634064514,
              39.919038562539654
            ],
            [
              -120.21492538387919,
              39.91908004247918
            ],
            [
              -120.21498205100971,
              39.919125804142595
            ],
            [
              -120.21503291100476,
              39.91917544631673
            ],
            [
              -120.21507751793699,
              39.919228533765136
            ],
            [
              -120.2151157183343,
              39.91927903353043
            ],
            [
              -120.21513576867277,
              39.91930794495507
            ],
            [
              -120.2151451375872,
              39.919312914752176
            ],
            [
              -120.21521231629319,
              39.91935235446524
            ],
            [
              -120.21527425512961,
              39.91939658810003
            ],
            [
              -120.21533037936828,
              39.91944520522257
            ],
            [
              -120.21538016823006,
              39.9194977547244
            ],
            [
              -120.21542315971733,
              39.91955374900814
            ],
            [
              -120.21545895490112,
              39.91961266851151
            ],
            [
              -120.21550515579081,
              39.91969936822048
            ],
            [
              -120.21553354544973,
              39.91976098008658
            ],
            [
              -120.21555406455259,
              39.91982441701417
            ],
            [
              -120.21556356193182,
              39.919873723445065
            ],
            [
              -120.2155830862357,
              39.91987413478323
            ],
            [
              -120.2156663350897,
              39.919882061621
            ],
            [
              -120.21574821962449,
              39.91989607617146
            ],
            [
              -120.21582799073867,
              39.91991605022673
            ],
            [
              -120.21590491866316,
              39.919941801059615
            ],
            [
              -120.21597829963673,
              39.91997309309525
            ],
            [
              -120.216047462344,
              39.920009640065814
            ],
            [
              -120.21611177405653,
              39.92005110762933
            ],
            [
              -120.21617064642095,
              39.92009711642802
            ],
            [
              -120.2162235408416,
              39.92014724555853
            ],
            [
              -120.21626997340778,
              39.920201036422306
            ],
            [
              -120.21630951932106,
              39.92025799692078
            ],
            [
              -120.21634051979547,
              39.92030829672635
            ],
            [
              -120.2163718758385,
              39.92036591346685
            ],
            [
              -120.21639618258364,
              39.9204255148104
            ],
            [
              -120.21641323198614,
              39.9204865906674
            ],
            [
              -120.2164228781111,
              39.92054861832748
            ],
            [
              -120.21642503838285,
              39.92061106693286
            ],
            [
              -120.21641969429243,
              39.92067340202177
            ],
            [
              -120.21640689155672,
              39.92073509010247
            ],
            [
              -120.21638673972782,
              39.92079560321926
            ],
            [
              -120.21635972906121,
              39.920863489702796
            ],
            [
              -120.21637047607848,
              39.92086012999246
            ],
            [
              -120.21644741812541,
              39.92083923034981
            ],
            [
              -120.21652654962816,
              39.92082392660091
            ],
            [
              -120.21660718573625,
              39.92081435119386
            ],
            [
              -120.21668862857858,
              39.92081058700044
            ],
            [
              -120.21677017330245,
              39.920812666598785
            ],
            [
              -120.21685111417338,
              39.920820571991634
            ],
            [
              -120.21697321304467,
              39.92083697179495
            ],
            [
              -120.21706189685997,
              39.9208525708299
            ],
            [
              -120.21714800508713,
              39.920875159152246
            ],
            [
              -120.21723061131135,
              39.9209044937421
            ],
            [
              -120.2173088267915,
              39.920940258998186
            ],
            [
              -120.21738181002132,
              39.92098207013282
            ],
            [
              -120.2174487757827,
              39.921029477311606
            ],
            [
              -120.21750900359339,
              39.9210819704926
            ],
            [
              -120.21756184545869,
              39.92113898491338
            ],
            [
              -120.21765324623064,
              39.921249284360115
            ],
            [
              -120.21770348165,
              39.92131857548821
            ],
            [
              -120.21774281294375,
              39.92139192578871
            ],
            [
              -120.21776055525228,
              39.921431453300805
            ],
            [
              -120.21811316572109,
              39.92170261285061
            ],
            [
              -120.21817668100303,
              39.921757061424145
            ],
            [
              -120.21823217037141,
              39.921816482679816
            ],
            [
              -120.21841547190927,
              39.92203708157075
            ],
            [
              -120.21845406675162,
              39.92208835449471
            ],
            [
              -120.21848667456277,
              39.922142035358135
            ],
            [
              -120.2185703761461,
              39.92229723483083
            ],
            [
              -120.21859971797542,
              39.92236030618337
            ],
            [
              -120.21870712109461,
              39.922633105517036
            ],
            [
              -120.21872800641609,
              39.92269734637624
            ],
            [
              -120.21874061885794,
              39.922762853426
            ],
            [
              -120.21874483709813,
              39.92282899666277
            ],
            [
              -120.21874483801804,
              39.92290099669438
            ],
            [
              -120.21874116385,
              39.922962749471225
            ],
            [
              -120.2187301705495,
              39.92302398479073
            ],
            [
              -120.21871195022564,
              39.923084189475865
            ],
            [
              -120.2187037504723,
              39.92310658954371
            ],
            [
              -120.21866237829757,
              39.92319534081246
            ],
            [
              -120.21863957865556,
              39.923235240981796
            ],
            [
              -120.21859875768423,
              39.92329769176406
            ],
            [
              -120.21854976895978,
              39.92335655811505
            ],
            [
              -120.21849313759476,
              39.9234112090201
            ],
            [
              -120.21842947063108,
              39.92346105865051
            ],
            [
              -120.21835945053297,
              39.923505572643656
            ],
            [
              -120.21828382787155,
              39.92354427383145
            ],
            [
              -120.21806802414189,
              39.92364271002821
            ],
            [
              -120.21819353856489,
              39.92369378792772
            ],
            [
              -120.21827242644082,
              39.92373008418458
            ],
            [
              -120.21834594844364,
              39.92377253682603
            ],
            [
              -120.21841329734032,
              39.92382067975143
            ],
            [
              -120.2184737336698,
              39.92387398438343
            ],
            [
              -120.21852659386177,
              39.92393186547113
            ],
            [
              -120.21857129752277,
              39.92399368751529
            ],
            [
              -120.21860909807052,
              39.92405308727866
            ],
            [
              -120.21864188441066,
              39.924111402848446
            ],
            [
              -120.21866740614747,
              39.92417183303722
            ],
            [
              -120.21868543726268,
              39.92423384272726
            ],
            [
              -120.21869581806715,
              39.92429688281264
            ],
            [
              -120.21870371904618,
              39.924373682787
            ],
            [
              -120.21870621966369,
              39.92444272828485
            ],
            [
              -120.21869954627836,
              39.92451160925435
            ],
            [
              -120.21868376868542,
              39.92457960500506
            ],
            [
              -120.21865905193731,
              39.92464600410636
            ],
            [
              -120.21862565461768,
              39.92471011183127
            ],
            [
              -120.21858392613704,
              39.924771257425384
            ],
            [
              -120.21850631467616,
              39.92487209462508
            ]
          ],
          [
            [
              -120.18696475983045,
              39.91576884061246
            ],
            [
              -120.18695421036583,
              39.915758199305685
            ],
            [
              -120.18690851116895,
              39.91570115056151
            ],
            [
              -120.18687038217519,
              39.91564089411759
            ],
            [
              -120.18686964134777,
              39.915639351000245
            ],
            [
              -120.1868642431651,
              39.915644890259166
            ],
            [
              -120.18680801384376,
              39.9156970123655
            ],
            [
              -120.18685477511917,
              39.91571413094363
            ],
            [
              -120.18692638059936,
              39.91574710494846
            ],
            [
              -120.18696475983045,
              39.91576884061246
            ]
          ],
          [
            [
              -120.20534390757032,
              39.931470402289406
            ],
            [
              -120.20540392615561,
              39.931436945120765
            ],
            [
              -120.20547072666322,
              39.93140359357147
            ],
            [
              -120.20546082102352,
              39.93139236389834
            ],
            [
              -120.20542113068147,
              39.93142077016824
            ],
            [
              -120.20534390757032,
              39.931470402289406
            ]
          ]
        ]
      }
    }
  ]
}