{
  "type": "FeatureCollection",
  "features": [
    {
      "type": "Feature",
      "properties": {
        "reservoir_name": "HIDDEN DAM (HENSLEY)",
        "cdec_station_id": "HID",
        "source": "osm_tight_polygon_75m_buffer"
      },
      "geometry": {
        "type": "Polygon",
        "coordinates": [
          [
            [
              -119.89470157793453,
              37.121098049824965
            ],
            [
              -119.89469081225488,
              37.12111078748278
            ],
            [
              -119.89463913352787,
              37.12115991196724
            ],
            [
              -119.8946301770277,
              37.12119079700496
            ],
            [
              -119.8946027873283,
              37.12125508683215
            ],
            [
              -119.89456747309845,
              37.12131684887354
            ],
            [
              -119.89452459141127,
              37.12137545860006
            ],
            [
              -119.89447457586381,
              37.121430323356954
            ],
            [
              -119.89441793219314,
              37.121480888356764
            ],
            [
              -119.89435523316261,
              37.12152664228955
            ],
            [
              -119.89428711277064,
              37.12156712249352
            ],
            [
              -119.89426651269676,
              37.121578122577695
            ],
            [
              -119.89419487220783,
              37.121612403914504
            ],
            [
              -119.89411935213445,
              37.12164084889589
            ],
            [
              -119.89404069164168,
              37.12166317910958
            ],
            [
              -119.89395966063469,
              37.12167917599265
            ],
            [
              -119.89387705222255,
              37.121688682970905
            ],
            [
              -119.89379367495498,
              37.12169160699154
            ],
            [
              -119.89371034490789,
              37.12168791943407
            ],
            [
              -119.89362787769522,
              37.12167765639044
            ],
            [
              -119.89354708048523,
              37.12166091831186
            ],
            [
              -119.89346874409962,
              37.12163786902549
            ],
            [
              -119.89339363527239,
              37.12160873413093
            ],
            [
              -119.89332248914509,
              37.1215737987919
            ],
            [
              -119.89325600207074,
              37.12153340494501
            ],
            [
              -119.89319482479806,
              37.12148794795278
            ],
            [
              -119.89313955610194,
              37.12143787273369
            ],
            [
              -119.89308475623342,
              37.12138297242468
            ],
            [
              -119.89304474904614,
              37.12133942723267
            ],
            [
              -119.89300921836671,
              37.121293459677936
            ],
            [
              -119.89298380484561,
              37.12125743537767
            ],
            [
              -119.89295017591799,
              37.12126426851728
            ],
            [
              -119.89292960937021,
              37.12126758867955
            ],
            [
              -119.89288663724737,
              37.1213364350645
            ],
            [
              -119.89286468785268,
              37.12136628803488
            ],
            [
              -119.89290692195287,
              37.121422001466364
            ],
            [
              -119.89298526144933,
              37.12145663939218
            ],
            [
              -119.89305749288997,
              37.12149249210374
            ],
            [
              -119.89312485323399,
              37.12153398234348
            ],
            [
              -119.89318665888293,
              37.12158068905682
            ],
            [
              -119.89324228260556,
              37.121632138250355
            ],
            [
              -119.89329115990328,
              37.12168780780176
            ],
            [
              -119.89333279473888,
              37.121747132758266
            ],
            [
              -119.8933532949686,
              37.12178013261836
            ],
            [
              -119.89338779409681,
              37.12184363710274
            ],
            [
              -119.89341399250907,
              37.12190963630577
            ],
            [
              -119.89343161483906,
              37.121977436577
            ],
            [
              -119.89344047585303,
              37.12204632533496
            ],
            [
              -119.89344048239764,
              37.12211557855636
            ],
            [
              -119.89343163437998,
              37.1221844683854
            ],
            [
              -119.89341402476951,
              37.122252270783605
            ],
            [
              -119.89338783862195,
              37.12231827313954
            ],
            [
              -119.89335335113527,
              37.122381781758584
            ],
            [
              -119.89333975131088,
              37.122403681837376
            ],
            [
              -119.8932980976547,
              37.12246304916358
            ],
            [
              -119.8932491915418,
              37.122518756783066
            ],
            [
              -119.89319352993081,
              37.12257023860548
            ],
            [
              -119.89313167843187,
              37.122616971480916
            ],
            [
              -119.89306426555927,
              37.122658480516456
            ],
            [
              -119.89299197634482,
              37.1226943439021
            ],
            [
              -119.89291554537633,
              37.122724197197584
            ],
            [
              -119.89283574933295,
              37.122747737035944
            ],
            [
              -119.89275339909194,
              37.122764724206604
            ],
            [
              -119.89266933148845,
              37.12277498608637
            ],
            [
              -119.89258440081082,
              37.12277841839379
            ],
            [
              -119.89244719958965,
              37.12277841844593
            ],
            [
              -119.89235524110396,
              37.122774392912284
            ],
            [
              -119.89226437862413,
              37.12276236432554
            ],
            [
              -119.89217569509488,
              37.12274247604726
            ],
            [
              -119.89211919539063,
              37.122727096578636
            ],
            [
              -119.89210479362164,
              37.122782433816774
            ],
            [
              -119.89208091637585,
              37.1228440308397
            ],
            [
              -119.89204981192107,
              37.12290352367724
            ],
            [
              -119.8920117637846,
              37.12296037000026
            ],
            [
              -119.89199126396878,
              37.122987770117035
            ],
            [
              -119.8919448279067,
              37.12304338986918
            ],
            [
              -119.89189174864227,
              37.12309505855648
            ],
            [
              -119.89183254683788,
              37.12314226933954
            ],
            [
              -119.8917678032179,
              37.12318455910727
            ],
            [
              -119.89169815287198,
              37.12322151302009
            ],
            [
              -119.89162427902528,
              37.123252768579476
            ],
            [
              -119.89154690633629,
              37.123278019184156
            ],
            [
              -119.89146679378784,
              37.123297017137894
            ],
            [
              -119.89138472724177,
              37.12330957607952
            ],
            [
              -119.89133662683246,
              37.12331497614433
            ],
            [
              -119.89123434782728,
              37.12332141421613
            ],
            [
              -119.89113184920593,
              37.12331786272558
            ],
            [
              -119.89112064894607,
              37.12331692579909
            ],
            [
              -119.891111566762,
              37.12332830080636
            ],
            [
              -119.89106028090477,
              37.12338044210569
            ],
            [
              -119.89100285245918,
              37.12342830156668
            ],
            [
              -119.89093983582173,
              37.1234714171588
            ],
            [
              -119.89087183934002,
              37.123509372647426
            ],
            [
              -119.89079951943977,
              37.12354180161246
            ],
            [
              -119.89075831920992,
              37.12355820175225
            ],
            [
              -119.89068214781376,
              37.12358485988089
            ],
            [
              -119.89060306964248,
              37.123605385453374
            ],
            [
              -119.89052185257007,
              37.123619579158536
            ],
            [
              -119.89048075222577,
              37.123625079221235
            ],
            [
              -119.8904369637667,
              37.12362906200224
            ],
            [
              -119.89043717545394,
              37.123638998087486
            ],
            [
              -119.89043048411092,
              37.123704998293796
            ],
            [
              -119.89041575515404,
              37.123770156815226
            ],
            [
              -119.8904125618352,
              37.12378117187563
            ],
            [
              -119.8904321701539,
              37.123794373680546
            ],
            [
              -119.890438596194,
              37.12379740337515
            ],
            [
              -119.89050834648428,
              37.12379343059188
            ],
            [
              -119.89059257761339,
              37.12379538163077
            ],
            [
              -119.89067614546616,
              37.12380405171935
            ],
            [
              -119.89075821625661,
              37.12381935435213
            ],
            [
              -119.89080621586695,
              37.12383035427514
            ],
            [
              -119.89088514454158,
              37.12385187391105
            ],
            [
              -119.89096103486418,
              37.123879527361666
            ],
            [
              -119.89103314551906,
              37.12391304450151
            ],
            [
              -119.89110077210866,
              37.12395209792707
            ],
            [
              -119.89116937189569,
              37.123995997632605
            ],
            [
              -119.89124046786162,
              37.12404703341707
            ],
            [
              -119.89127466784045,
              37.12407453324619
            ],
            [
              -119.89132528390613,
              37.12411903334027
            ],
            [
              -119.89134194068778,
              37.124136592402905
            ],
            [
              -119.89135640309611,
              37.124137166891536
            ],
            [
              -119.89143831241735,
              37.12414693001572
            ],
            [
              -119.89151863170632,
              37.12416307667999
            ],
            [
              -119.89159658702134,
              37.124185451297414
            ],
            [
              -119.89167142719789,
              37.124213838269576
            ],
            [
              -119.89174243108641,
              37.12424796406406
            ],
            [
              -119.89180891450059,
              37.12428749984987
            ],
            [
              -119.89187023680994,
              37.12433206466585
            ],
            [
              -119.89200043672479,
              37.12443646401645
            ],
            [
              -119.89205578339192,
              37.12448540978982
            ],
            [
              -119.89210489813327,
              37.124538448469146
            ],
            [
              -119.89214731169274,
              37.12459507332157
            ],
            [
              -119.89218261883478,
              37.12465474335091
            ],
            [
              -119.89219343371134,
              37.12467886433349
            ],
            [
              -119.89219449190868,
              37.12468022377929
            ],
            [
              -119.89223004323243,
              37.1247372531245
            ],
            [
              -119.89225872367595,
              37.124796711680546
            ],
            [
              -119.89228612426929,
              37.12486261147094
            ],
            [
              -119.89231271292225,
              37.12494261936053
            ],
            [
              -119.89232687891925,
              37.12502463082368
            ],
            [
              -119.89233367969963,
              37.12509603074232
            ],
            [
              -119.8923360410132,
              37.125156805518266
            ],
            [
              -119.89233156795166,
              37.12521750411441
            ],
            [
              -119.89232029673946,
              37.1252776347501
            ],
            [
              -119.89230231868015,
              37.12533671024508
            ],
            [
              -119.89227777941721,
              37.12539425196679
            ],
            [
              -119.89227636335981,
              37.12539679714862
            ],
            [
              -119.89228591031292,
              37.125418197309614
            ],
            [
              -119.89230596606596,
              37.12548241000021
            ],
            [
              -119.89231807737224,
              37.125547886108144
            ],
            [
              -119.8923221279314,
              37.12561399700124
            ],
            [
              -119.89232212829825,
              37.125646996985594
            ],
            [
              -119.89231829025127,
              37.12571136612338
            ],
            [
              -119.89230735754212,
              37.12577210526331
            ],
            [
              -119.89232215123671,
              37.12578669367536
            ],
            [
              -119.89237698394271,
              37.12585680698365
            ],
            [
              -119.89241808432446,
              37.12591730671144
            ],
            [
              -119.89245179871814,
              37.125972839974196
            ],
            [
              -119.89247903951082,
              37.126030606283514
            ],
            [
              -119.89249957908535,
              37.12609012298977
            ],
            [
              -119.89251324581325,
              37.12615089281741
            ],
            [
              -119.89251992548924,
              37.126212408019576
            ],
            [
              -119.89251956228593,
              37.126274154620454
            ],
            [
              -119.89251215922081,
              37.12633561670955
            ],
            [
              -119.89249846006165,
              37.1264124167698
            ],
            [
              -119.89248076524139,
              37.12648385246632
            ],
            [
              -119.89245356906021,
              37.12655334772384
            ],
            [
              -119.89241718759229,
              37.126620094801595
            ],
            [
              -119.89239648785495,
              37.1266530949215
            ],
            [
              -119.89235125906426,
              37.12671642320284
            ],
            [
              -119.89229776518705,
              37.12677547679511
            ],
            [
              -119.89223663010311,
              37.12682956695604
            ],
            [
              -119.89216856681624,
              37.12687806283031
            ],
            [
              -119.89213426674962,
              37.126899962984744
            ],
            [
              -119.89206771888072,
              37.12693836855087
            ],
            [
              -119.89199682727762,
              37.1269714173944
            ],
            [
              -119.89192226220334,
              37.12699879704328
            ],
            [
              -119.89184472865557,
              37.12702024862633
            ],
            [
              -119.8917649597008,
              37.12703556932105
            ],
            [
              -119.89168370954268,
              37.12704461427149
            ],
            [
              -119.89160174639089,
              37.12704729795793
            ],
            [
              -119.89151984519704,
              37.12704359500555
            ],
            [
              -119.89138954404336,
              37.12703259495794
            ],
            [
              -119.89131845457698,
              37.127024128590804
            ],
            [
              -119.89124852305883,
              37.12701084798637
            ],
            [
              -119.89098122088306,
              37.126950347563806
            ],
            [
              -119.89089393107601,
              37.126926391466675
            ],
            [
              -119.89083406238069,
              37.12690384487883
            ],
            [
              -119.89088869432659,
              37.12734778145174
            ],
            [
              -119.89100159745706,
              37.127525433066985
            ],
            [
              -119.89103001488672,
              37.12757500240271
            ],
            [
              -119.89105334535378,
              37.12762624585793
            ],
            [
              -119.89127245037879,
              37.12817544416408
            ],
            [
              -119.89129495978153,
              37.12824413032149
            ],
            [
              -119.89130833974374,
              37.128314328986306
            ],
            [
              -119.89132194093378,
              37.12842412883962
            ],
            [
              -119.89132600575438,
              37.128483115477785
            ],
            [
              -119.89132361860443,
              37.12854216091021
            ],
            [
              -119.89131681939784,
              37.12861356092442
            ],
            [
              -119.89130830514245,
              37.128670715606226
            ],
            [
              -119.89129374503376,
              37.12872708243432
            ],
            [
              -119.89127994548979,
              37.12877098250974
            ],
            [
              -119.89125640648868,
              37.12883309119063
            ],
            [
              -119.89122553174425,
              37.128893104345146
            ],
            [
              -119.89118760627235,
              37.12895046793633
            ],
            [
              -119.89114298018296,
              37.129004652386506
            ],
            [
              -119.8910920654483,
              37.12905515746647
            ],
            [
              -119.89103716557263,
              37.129104557751894
            ],
            [
              -119.89097887246712,
              37.129152071859245
            ],
            [
              -119.89091501886011,
              37.129194758562704
            ],
            [
              -119.89084622550287,
              37.1292322028778
            ],
            [
              -119.89077316117226,
              37.12926404078388
            ],
            [
              -119.89069653616907,
              37.12928996276318
            ],
            [
              -119.89061709541231,
              37.12930971681019
            ],
            [
              -119.89053561119707,
              37.129323110881664
            ],
            [
              -119.89045287568604,
              37.129330014763845
            ],
            [
              -119.89036969320777,
              37.12933036133845
            ],
            [
              -119.89028687243669,
              37.129324147235245
            ],
            [
              -119.89020521853074,
              37.12931143286493
            ],
            [
              -119.89012552530329,
              37.12929234183173
            ],
            [
              -119.89000902441104,
              37.12925934159435
            ],
            [
              -119.88993020017935,
              37.12923335603463
            ],
            [
              -119.88985505330008,
              37.12920113421819
            ],
            [
              -119.88978435095903,
              37.12916300510354
            ],
            [
              -119.88970205065544,
              37.12911360476654
            ],
            [
              -119.88963881211745,
              37.12907164569828
            ],
            [
              -119.88958096861833,
              37.129024962071824
            ],
            [
              -119.88951926866118,
              37.128970061744866
            ],
            [
              -119.88946193499935,
              37.12891312763777
            ],
            [
              -119.88941262457085,
              37.12885156429326
            ],
            [
              -119.8893719153682,
              37.12878609335027
            ],
            [
              -119.8892719432284,
              37.12860079467716
            ],
            [
              -119.88922566740229,
              37.128594436998064
            ],
            [
              -119.88913792204825,
              37.12857437518576
            ],
            [
              -119.88905339610335,
              37.128546842557874
            ],
            [
              -119.88897307846628,
              37.12851216122826
            ],
            [
              -119.88884967781821,
              37.12845176079964
            ],
            [
              -119.88876770390571,
              37.128406090394556
            ],
            [
              -119.88869304423413,
              37.12835298403436
            ],
            [
              -119.88865570987407,
              37.128323080145194
            ],
            [
              -119.88865138115405,
              37.12843856756538
            ],
            [
              -119.88864378372145,
              37.12851097807372
            ],
            [
              -119.88862651631467,
              37.12858231620983
            ],
            [
              -119.88858531768503,
              37.12871411643474
            ],
            [
              -119.88855931111081,
              37.128781961012315
            ],
            [
              -119.88852455857457,
              37.12884724655062
            ],
            [
              -119.8884814436231,
              37.12890925248276
            ],
            [
              -119.88843044210368,
              37.128967294437494
            ],
            [
              -119.88837211691302,
              37.12902073179314
            ],
            [
              -119.88830711178468,
              37.129068974748435
            ],
            [
              -119.88826591172372,
              37.12909647493805
            ],
            [
              -119.88819543435888,
              37.129138728066124
            ],
            [
              -119.88811984110292,
              37.12917487003938
            ],
            [
              -119.88803995523661,
              37.129204507233986
            ],
            [
              -119.88795664679512,
              37.12922731686929
            ],
            [
              -119.88786054606385,
              37.12924921708693
            ],
            [
              -119.8877785921018,
              37.12926440217969
            ],
            [
              -119.88769515689782,
              37.1292729771257
            ],
            [
              -119.88761106994006,
              37.129274856674385
            ],
            [
              -119.88752716719694,
              37.129270022138876
            ],
            [
              -119.88744428280555,
              37.129258521581804
            ],
            [
              -119.8873632407783,
              37.12924046933743
            ],
            [
              -119.8872848468101,
              37.12921604487499
            ],
            [
              -119.88720988026787,
              37.1291854910143
            ],
            [
              -119.8871390864418,
              37.12914911151162
            ],
            [
              -119.88707316913552,
              37.12910726803956
            ],
            [
              -119.8870183690169,
              37.12906876778839
            ],
            [
              -119.88696209716933,
              37.129025380817616
            ],
            [
              -119.8869110786913,
              37.12897801226174
            ],
            [
              -119.88687598191217,
              37.128938566830584
            ],
            [
              -119.88688490618325,
              37.128989107843196
            ],
            [
              -119.886888826797,
              37.12904776580106
            ],
            [
              -119.88688636816096,
              37.129106474702986
            ],
            [
              -119.88687754885183,
              37.129164790609906
            ],
            [
              -119.88687074920918,
              37.12919769064224
            ],
            [
              -119.88685294749645,
              37.1292633549647
            ],
            [
              -119.88682708647477,
              37.12932727838703
            ],
            [
              -119.88679342199855,
              37.12938882843671
            ],
            [
              -119.88677972217464,
              37.12941082851612
            ],
            [
              -119.88673633921078,
              37.12947223856361
            ],
            [
              -119.88668519328768,
              37.129529690628544
            ],
            [
              -119.88662684231626,
              37.12958255799114
            ],
            [
              -119.88656192280831,
              37.12963026394272
            ],
            [
              -119.88649114293312,
              37.12967228807712
            ],
            [
              -119.88641527479264,
              37.12970817196793
            ],
            [
              -119.88633514599861,
              37.129737524169634
            ],
            [
              -119.88630074577046,
              37.12974842426909
            ],
            [
              -119.88624752289127,
              37.12976283442238
            ],
            [
              -119.8862464529415,
              37.12976628041061
            ],
            [
              -119.88622332005403,
              37.129828032888504
            ],
            [
              -119.8861929402337,
              37.12988773841647
            ],
            [
              -119.88616926884644,
              37.12992393610698
            ],
            [
              -119.88624848272416,
              37.12993808413406
            ],
            [
              -119.8863635063744,
              37.129965635944934
            ],
            [
              -119.88661720447969,
              37.13004253538888
            ],
            [
              -119.88667676527959,
              37.130062711090495
            ],
            [
              -119.88673422099976,
              37.13008648039495
            ],
            [
              -119.88689192009618,
              37.130157979882576
            ],
            [
              -119.88695196699965,
              37.13018793395564
            ],
            [
              -119.88700866849395,
              37.13022181078582
            ],
            [
              -119.88711826817261,
              37.13029321030915
            ],
            [
              -119.8871852843584,
              37.13034187567378
            ],
            [
              -119.88724540687139,
              37.13039600703301
            ],
            [
              -119.88729794432788,
              37.13045498191142
            ],
            [
              -119.88734594462818,
              37.13051548161141
            ],
            [
              -119.88739533001718,
              37.13058693233051
            ],
            [
              -119.8874335865416,
              37.13066263234067
            ],
            [
              -119.8874473868369,
              37.13069553223537
            ],
            [
              -119.88746962671812,
              37.13075850984434
            ],
            [
              -119.88748415077565,
              37.13082291505425
            ],
            [
              -119.88749082266209,
              37.13088814333537
            ],
            [
              -119.88748957973247,
              37.13095358243089
            ],
            [
              -119.88748258071057,
              37.13104148243875
            ],
            [
              -119.88747360712472,
              37.13110566185029
            ],
            [
              -119.88745702020117,
              37.13116886187676
            ],
            [
              -119.88743297151859,
              37.13123050489596
            ],
            [
              -119.88740168085445,
              37.13129002751465
            ],
            [
              -119.88736343417683,
              37.13134688571792
            ],
            [
              -119.88734283436,
              37.13137428583525
            ],
            [
              -119.88729683740381,
              37.13142919347448
            ],
            [
              -119.88724435688985,
              37.13148023794919
            ],
            [
              -119.8871858955262,
              37.131526930294
            ],
            [
              -119.88712201331587,
              37.131568823232506
            ],
            [
              -119.8870533221925,
              37.13160551546197
            ],
            [
              -119.88698048015858,
              37.13163665549786
            ],
            [
              -119.886904184982,
              37.1316619450409
            ],
            [
              -119.88682516751184,
              37.13168114183489
            ],
            [
              -119.8867977672964,
              37.13168664189128
            ],
            [
              -119.88671318034456,
              37.13169998508726
            ],
            [
              -119.88662733428929,
              37.131706347056536
            ],
            [
              -119.88654112553297,
              37.131705661366574
            ],
            [
              -119.88650996896368,
              37.131702851545306
            ],
            [
              -119.88645896135704,
              37.13174725133497
            ],
            [
              -119.88640011408697,
              37.13178969179895
            ],
            [
              -119.88636894294542,
              37.13180824748783
            ],
            [
              -119.88634557019262,
              37.131824267646174
            ],
            [
              -119.88628087232884,
              37.131864426908756
            ],
            [
              -119.88621161796087,
              37.13189937679882
            ],
            [
              -119.88613845909825,
              37.131928788269654
            ],
            [
              -119.8860620845134,
              37.13195238441718
            ],
            [
              -119.88598321325644,
              37.13196994308716
            ],
            [
              -119.88590258788521,
              37.13198129896689
            ],
            [
              -119.88582096747373,
              37.13198634514182
            ],
            [
              -119.8857391204651,
              37.13198503410212
            ],
            [
              -119.88565781743621,
              37.13197737819017
            ],
            [
              -119.88561671707895,
              37.13197187815735
            ],
            [
              -119.88553390827732,
              37.13195733916316
            ],
            [
              -119.8854533398646,
              37.131936219808246
            ],
            [
              -119.88537582532118,
              37.13190873332938
            ],
            [
              -119.88530214729126,
              37.131875157250626
            ],
            [
              -119.88522674691706,
              37.131836656979154
            ],
            [
              -119.88518389482769,
              37.131813262289974
            ],
            [
              -119.88510839453009,
              37.13176926198766
            ],
            [
              -119.88503392706595,
              37.131720425587
            ],
            [
              -119.88496689202002,
              37.131665115539185
            ],
            [
              -119.88482369172218,
              37.13153260817251
            ],
            [
              -119.88472723654863,
              37.131463323180355
            ],
            [
              -119.88472212079151,
              37.13146091008215
            ],
            [
              -119.88451035456406,
              37.131384118120074
            ],
            [
              -119.88449073520475,
              37.13141172110248
            ],
            [
              -119.8844378168836,
              37.13147048680811
            ],
            [
              -119.88439447327933,
              37.13150911147853
            ],
            [
              -119.88437829701664,
              37.13157178705705
            ],
            [
              -119.88435439458146,
              37.131633707563886
            ],
            [
              -119.8843231908891,
              37.13169350907708
            ],
            [
              -119.88428497314852,
              37.1317506411308
            ],
            [
              -119.88426447333276,
              37.13177804124763
            ],
            [
              -119.88422307182205,
              37.13182817562064
            ],
            [
              -119.88417626857489,
              37.13187516516346
            ],
            [
              -119.88412443408131,
              37.13191863790105
            ],
            [
              -119.88406797866146,
              37.131958249697156
            ],
            [
              -119.88400734921747,
              37.13199368697861
            ],
            [
              -119.88392494891873,
              37.132037487314406
            ],
            [
              -119.88384862169453,
              37.13207358373883
            ],
            [
              -119.88376798538717,
              37.132103068712986
            ],
            [
              -119.88368393020164,
              37.13212561672738
            ],
            [
              -119.88362690184576,
              37.132135739395224
            ],
            [
              -119.88363269736581,
              37.13214983183695
            ],
            [
              -119.88365022013284,
              37.132211145896946
            ],
            [
              -119.8836638207597,
              37.13227154577542
            ],
            [
              -119.88367477057083,
              37.132340098539586
            ],
            [
              -119.88367691491152,
              37.13240918830029
            ],
            [
              -119.88367023131318,
              37.13247809190343
            ],
            [
              -119.88365478970846,
              37.13254608814152
            ],
            [
              -119.88363075170015,
              37.132612465302344
            ],
            [
              -119.88359836887068,
              37.132676528618596
            ],
            [
              -119.88355798014975,
              37.13273760754014
            ],
            [
              -119.88353748033548,
              37.13276510765704
            ],
            [
              -119.88349075146951,
              37.13282122393946
            ],
            [
              -119.88343726646944,
              37.13287332973918
            ],
            [
              -119.8833775584842,
              37.13292090564156
            ],
            [
              -119.8833122226997,
              37.13296347738698
            ],
            [
              -119.88329010097519,
              37.13297647743694
            ],
            [
              -119.88327914426088,
              37.13299376985273
            ],
            [
              -119.88323700317898,
              37.13304722015642
            ],
            [
              -119.8831890034728,
              37.13310222042286
            ],
            [
              -119.88313575095702,
              37.13315701093874
            ],
            [
              -119.88307575586485,
              37.13320713596298
            ],
            [
              -119.8830096518806,
              37.133252066050005
            ],
            [
              -119.88293813721769,
              37.13329132662468
            ],
            [
              -119.88284883683822,
              37.13333512697152
            ],
            [
              -119.88277991408395,
              37.13336548893919
            ],
            [
              -119.88270775896349,
              37.133390579361524
            ],
            [
              -119.88263299875355,
              37.133410180114545
            ],
            [
              -119.88255628338007,
              37.133424120798416
            ],
            [
              -119.8824782797676,
              37.13343228021902
            ],
            [
              -119.88239597904894,
              37.133437780298095
            ],
            [
              -119.88231859080277,
              37.13344009656296
            ],
            [
              -119.88224126328934,
              37.13343672184386
            ],
            [
              -119.88216464799604,
              37.13342768457224
            ],
            [
              -119.88208939040939,
              37.13341306088669
            ],
            [
              -119.88201612457651,
              37.13339297399156
            ],
            [
              -119.88194546776276,
              37.13336759311885
            ],
            [
              -119.88187801525093,
              37.13333713210236
            ],
            [
              -119.88176831469265,
              37.133282131713365
            ],
            [
              -119.88170992358816,
              37.13325004850617
            ],
            [
              -119.88165509871081,
              37.13321415766764
            ],
            [
              -119.88160422632029,
              37.13317471206362
            ],
            [
              -119.88147402631836,
              37.13306491139434
            ],
            [
              -119.88141984755809,
              37.13301364690451
            ],
            [
              -119.88136154913502,
              37.1329989074672
            ],
            [
              -119.88150918175833,
              37.13322468856236
            ],
            [
              -119.88153961089235,
              37.13327644744195
            ],
            [
              -119.88156446134333,
              37.133330082039805
            ],
            [
              -119.881612415817,
              37.13344876792863
            ],
            [
              -119.88173145703215,
              37.1335601075477
            ],
            [
              -119.88177194897877,
              37.133601087376654
            ],
            [
              -119.88179485936062,
              37.133626213011155
            ],
            [
              -119.88186208878405,
              37.133660147922974
            ],
            [
              -119.88192593812555,
              37.133699675725836
            ],
            [
              -119.88198477808673,
              37.13374390722253
            ],
            [
              -119.88203807023882,
              37.13379243766845
            ],
            [
              -119.88209277037197,
              37.13384733735963
            ],
            [
              -119.88215685620897,
              37.13392126910068
            ],
            [
              -119.88226800763789,
              37.13406971713178
            ],
            [
              -119.88244828550067,
              37.13421423701011
            ],
            [
              -119.88250047310981,
              37.134260105389956
            ],
            [
              -119.88290487385267,
              37.13465010315248
            ],
            [
              -119.88294641557864,
              37.13469364357054
            ],
            [
              -119.88298341347411,
              37.13473973617324
            ],
            [
              -119.8831203145374,
              37.13492653529093
            ],
            [
              -119.88315737621559,
              37.13498306692279
            ],
            [
              -119.8831876063709,
              37.135042147390436
            ],
            [
              -119.88321073495023,
              37.135103248944944
            ],
            [
              -119.88322655533509,
              37.13516582578237
            ],
            [
              -119.88324025608863,
              37.13523722565435
            ],
            [
              -119.88324846393427,
              37.13529852819054
            ],
            [
              -119.88324965662422,
              37.13536017454192
            ],
            [
              -119.88324382420645,
              37.13542165119922
            ],
            [
              -119.88323101524756,
              37.13548244606548
            ],
            [
              -119.88321133642897,
              37.13554205272184
            ],
            [
              -119.88318495165869,
              37.135599974645885
            ],
            [
              -119.88315065224641,
              37.13566577484531
            ],
            [
              -119.88311449690151,
              37.13572644997834
            ],
            [
              -119.88307098791736,
              37.135783947486665
            ],
            [
              -119.88302055618742,
              37.13583769791844
            ],
            [
              -119.88298625629909,
              37.13587069810061
            ],
            [
              -119.88293101672008,
              37.13591889332974
            ],
            [
              -119.88287021386378,
              37.135962585128624
            ],
            [
              -119.88280441784282,
              37.13600136381763
            ],
            [
              -119.88273424559179,
              37.13603486578446
            ],
            [
              -119.88266035508212,
              37.136062776893944
            ],
            [
              -119.88258343915253,
              37.13608483543374
            ],
            [
              -119.88250421901223,
              37.13610083456844
            ],
            [
              -119.88242343747801,
              37.13611062427926
            ],
            [
              -119.88234185200851,
              37.136114112770805
            ],
            [
              -119.88226022760153,
              37.13611126733187
            ],
            [
              -119.88217932962013,
              37.136102114642256
            ],
            [
              -119.8820999166156,
              37.13608674052258
            ],
            [
              -119.8820227332143,
              37.136065289129604
            ],
            [
              -119.88195413271515,
              37.13604318896925
            ],
            [
              -119.88187700177896,
              37.136014648219906
            ],
            [
              -119.88180384747216,
              37.135980041191075
            ],
            [
              -119.88173541171518,
              37.135939718863995
            ],
            [
              -119.88167238857037,
              37.13589409018365
            ],
            [
              -119.88153528847924,
              37.13578428950012
            ],
            [
              -119.88146286531044,
              37.13571819348313
            ],
            [
              -119.88146029285394,
              37.13571551210354
            ],
            [
              -119.8812903063506,
              37.135678082930525
            ],
            [
              -119.88111775366438,
              37.13564962538018
            ],
            [
              -119.8811056646179,
              37.13564924548351
            ],
            [
              -119.88102245925509,
              37.13566202478184
            ],
            [
              -119.88094275006416,
              37.1356711351171
            ],
            [
              -119.88086231915008,
              37.1356741208911
            ],
            [
              -119.88077311835566,
              37.13567402092398
            ],
            [
              -119.88066727046917,
              37.135668564586105
            ],
            [
              -119.88034496763031,
              37.135635564416866
            ],
            [
              -119.88026863815969,
              37.1356248770501
            ],
            [
              -119.8801938552422,
              37.13560862829167
            ],
            [
              -119.88002245388964,
              37.13556452797733
            ],
            [
              -119.8799524079044,
              37.13554372398436
            ],
            [
              -119.8798849351515,
              37.13551804065485
            ],
            [
              -119.87982056465783,
              37.13548767936194
            ],
            [
              -119.87975980112512,
              37.13545287815677
            ],
            [
              -119.87966380081053,
              37.135392577750046
            ],
            [
              -119.8795921402756,
              37.135342068904016
            ],
            [
              -119.87952806572447,
              37.1352854017172
            ],
            [
              -119.87947239756467,
              37.135223301767816
            ],
            [
              -119.87942439786521,
              37.13516280146782
            ],
            [
              -119.87940713825991,
              37.13513777673132
            ],
            [
              -119.87938483630559,
              37.13514094713499
            ],
            [
              -119.87929959861953,
              37.13514603241742
            ],
            [
              -119.87921415568705,
              37.135144187074076
            ],
            [
              -119.87903595410157,
              37.1351330870434
            ],
            [
              -119.87896241978443,
              37.13512589491238
            ],
            [
              -119.87888995688543,
              37.13511356628857
            ],
            [
              -119.87887575430963,
              37.13511008344846
            ],
            [
              -119.87886889931461,
              37.13512162494821
            ],
            [
              -119.87882216298256,
              37.13518266716213
            ],
            [
              -119.8787466634644,
              37.135270467582544
            ],
            [
              -119.87869285398438,
              37.135326520355285
            ],
            [
              -119.87863202221025,
              37.13537776370317
            ],
            [
              -119.8785837702008,
              37.13541436778838
            ],
            [
              -119.87858644363205,
              37.135463210830515
            ],
            [
              -119.87858340071233,
              37.135521125600306
            ],
            [
              -119.87857640144281,
              37.135586925618746
            ],
            [
              -119.87856539845465,
              37.13565235087946
            ],
            [
              -119.87854647161079,
              37.135716603866086
            ],
            [
              -119.87851980164797,
              37.135779070944025
            ],
            [
              -119.87848564325361,
              37.13583915553307
            ],
            [
              -119.8784443226341,
              37.135896283805074
            ],
            [
              -119.87841095637845,
              37.135937616011894
            ],
            [
              -119.87840225429882,
              37.135980738215395
            ],
            [
              -119.87837806831847,
              37.1360511571553
            ],
            [
              -119.87835056896071,
              37.13611705731295
            ],
            [
              -119.87831962964486,
              37.13618039658747
            ],
            [
              -119.87829413774016,
              37.13622022788526
            ],
            [
              -119.87831287305274,
              37.13622318963336
            ],
            [
              -119.87837328086212,
              37.13623653460468
            ],
            [
              -119.87850357982946,
              37.13626953436992
            ],
            [
              -119.87858129007546,
              37.13629263459524
            ],
            [
              -119.87865579412545,
              37.136321728278446
            ],
            [
              -119.87872637288673,
              37.13635653461586
            ],
            [
              -119.87879234514958,
              37.13639671766677
            ],
            [
              -119.87896364470461,
              37.13651211690374
            ],
            [
              -119.87902219451847,
              37.136555506705164
            ],
            [
              -119.87907536383338,
              37.1366031299573
            ],
            [
              -119.87912267726541,
              37.136654560871804
            ],
            [
              -119.87917757756232,
              37.13672056053524
            ],
            [
              -119.87921941007379,
              37.13677653137896
            ],
            [
              -119.87925430524483,
              37.13683547135037
            ],
            [
              -119.87928850577372,
              37.136901271104065
            ],
            [
              -119.87931557049801,
              37.13696115526579
            ],
            [
              -119.87933547134135,
              37.137022813784384
            ],
            [
              -119.87934803141927,
              37.1370856986748
            ],
            [
              -119.87935313908663,
              37.13714925105144
            ],
            [
              -119.87935074893063,
              37.137212906095066
            ],
            [
              -119.87934384972418,
              37.13728430611014
            ],
            [
              -119.87933401997715,
              37.13734732685145
            ],
            [
              -119.87931684119498,
              37.13740932999968
            ],
            [
              -119.87929246520538,
              37.13746976750022
            ],
            [
              -119.87927186561616,
              37.13751366761949
            ],
            [
              -119.87923589575712,
              37.13757946595832
            ],
            [
              -119.87919140315394,
              37.13764183482055
            ],
            [
              -119.87913889077204,
              37.13770006912963
            ],
            [
              -119.87907895224392,
              37.137753510548116
            ],
            [
              -119.87902405228135,
              37.1377975108219
            ],
            [
              -119.87896406172953,
              37.13784117799491
            ],
            [
              -119.87889911300427,
              37.13788003374329
            ],
            [
              -119.87882980581834,
              37.13791371928223
            ],
            [
              -119.87875678013239,
              37.137941923566736
            ],
            [
              -119.87868071024533,
              37.13796438616404
            ],
            [
              -119.87860229856784,
              37.13798089965858
            ],
            [
              -119.87852226913594,
              37.13799131156729
            ],
            [
              -119.87844136092511,
              37.13799552574786
            ],
            [
              -119.87836032102611,
              37.13799350328654
            ],
            [
              -119.87827989774597,
              37.13798526285747
            ],
            [
              -119.87822630172337,
              37.13797551337
            ],
            [
              -119.87821751807803,
              37.138040002388365
            ],
            [
              -119.87819691921452,
              37.13814430248439
            ],
            [
              -119.87818089108868,
              37.138206401986764
            ],
            [
              -119.87815766037983,
              37.13826702466704
            ],
            [
              -119.87812743177226,
              37.13832563633769
            ],
            [
              -119.8780904716151,
              37.138381720530305
            ],
            [
              -119.8780471055759,
              37.138434783046655
            ],
            [
              -119.87795790606798,
              37.138533483538126
            ],
            [
              -119.87791073730833,
              37.13858102210043
            ],
            [
              -119.87785842771366,
              37.13862497816285
            ],
            [
              -119.87780139980684,
              37.13866499666921
            ],
            [
              -119.87773269967535,
              37.13870899697908
            ],
            [
              -119.87767225288611,
              37.13874430941463
            ],
            [
              -119.87760813597106,
              37.138775195552086
            ],
            [
              -119.87754085319129,
              37.13880141247827
            ],
            [
              -119.87747093370857,
              37.13882275400201
            ],
            [
              -119.87742983341147,
              37.13883365410625
            ],
            [
              -119.87733020883003,
              37.13885476751254
            ],
            [
              -119.87729590854887,
              37.13886026757223
            ],
            [
              -119.87721891282595,
              37.138869678670574
            ],
            [
              -119.87714116117557,
              37.13887336564126
            ],
            [
              -119.87706331611982,
              37.138871297066835
            ],
            [
              -119.87698604097709,
              37.138863490572895
            ],
            [
              -119.87690999420914,
              37.138850012677885
            ],
            [
              -119.87683582381028,
              37.13883097822622
            ],
            [
              -119.87676416178502,
              37.13880654940976
            ],
            [
              -119.87669561876272,
              37.13877693438561
            ],
            [
              -119.87666131857875,
              37.138760434268164
            ],
            [
              -119.87659229354266,
              37.138723408995716
            ],
            [
              -119.87652815161744,
              37.138681128329424
            ],
            [
              -119.8764695147335,
              37.13863400223417
            ],
            [
              -119.87641695143981,
              37.13858248765679
            ],
            [
              -119.87633253087787,
              37.13849089238437
            ],
            [
              -119.87621229269834,
              37.138390337200285
            ],
            [
              -119.87615787872407,
              37.13834009780013
            ],
            [
              -119.87610989814596,
              37.138285818719254
            ],
            [
              -119.87606189844514,
              37.13822541841946
            ],
            [
              -119.87603725604652,
              37.138191414507254
            ],
            [
              -119.87592140348443,
              37.138282076948954
            ],
            [
              -119.87585754704291,
              37.1383272331245
            ],
            [
              -119.87578832804905,
              37.138367003531464
            ],
            [
              -119.87572651729675,
              37.138395433363364
            ],
            [
              -119.87573202893871,
              37.13842421614733
            ],
            [
              -119.87573647224701,
              37.138490800334786
            ],
            [
              -119.8757326945599,
              37.13855741085396
            ],
            [
              -119.87572353610231,
              37.138607933529514
            ],
            [
              -119.87576403436701,
              37.13865838341392
            ],
            [
              -119.87580685006716,
              37.13871823247372
            ],
            [
              -119.87584182010708,
              37.13878126474655
            ],
            [
              -119.87586857993776,
              37.13884682318042
            ],
            [
              -119.87588685059146,
              37.138914224389005
            ],
            [
              -119.8758964415904,
              37.1389827657749
            ],
            [
              -119.87589725293334,
              37.13905173285358
            ],
            [
              -119.87588927613879,
              37.139120406701124
            ],
            [
              -119.8758725943346,
              37.13918807144838
            ],
            [
              -119.87584669519333,
              37.139270671590076
            ],
            [
              -119.87582566308657,
              37.139327179731055
            ],
            [
              -119.87579855599874,
              37.139382004294
            ],
            [
              -119.87576558044128,
              37.13943472757922
            ],
            [
              -119.87573107178757,
              37.13948436463526
            ],
            [
              -119.87572726607443,
              37.13949589980079
            ],
            [
              -119.87574167310656,
              37.139499186527495
            ],
            [
              -119.87581717430292,
              37.13952289218188
            ],
            [
              -119.87589427377286,
              37.13955059198056
            ],
            [
              -119.87596708413346,
              37.13958021945206
            ],
            [
              -119.87603597548129,
              37.139615343770075
            ],
            [
              -119.87610030235045,
              37.139655635845294
            ],
            [
              -119.87615946203825,
              37.13970071816992
            ],
            [
              -119.87621290025184,
              37.13975016835449
            ],
            [
              -119.87626011630161,
              37.139803523085064
            ],
            [
              -119.87630066779246,
              37.139860282464
            ],
            [
              -119.87633417476907,
              37.13991991469338
            ],
            [
              -119.87636032327609,
              37.139981861057414
            ],
            [
              -119.87637886830034,
              37.1400455411571
            ],
            [
              -119.87638963606696,
              37.140110358347954
            ],
            [
              -119.87639252566836,
              37.140175705330236
            ],
            [
              -119.87638775045194,
              37.14046906656583
            ],
            [
              -119.8763989338306,
              37.14066614638674
            ],
            [
              -119.876398561027,
              37.14073344382484
            ],
            [
              -119.87638982589165,
              37.140800377606304
            ],
            [
              -119.87637281509785,
              37.140866283419804
            ],
            [
              -119.87634769745505,
              37.140930507154785
            ],
            [
              -119.87631472223416,
              37.14099241139349
            ],
            [
              -119.8762742166944,
              37.141051381737505
            ],
            [
              -119.87622658283594,
              37.1411068329057
            ],
            [
              -119.87619811889476,
              37.14113666790761
            ],
            [
              -119.87620703411191,
              37.141159719198136
            ],
            [
              -119.87624344491965,
              37.141199566853885
            ],
            [
              -119.87629345457594,
              37.14126104448932
            ],
            [
              -119.87633484164128,
              37.14132650119972
            ],
            [
              -119.87636711794399,
              37.1413951649402
            ],
            [
              -119.8763786169081,
              37.1414243450122
            ],
            [
              -119.87640760627653,
              37.141455390711
            ],
            [
              -119.87645072374612,
              37.14151258752217
            ],
            [
              -119.87648657345764,
              37.14157291410483
            ],
            [
              -119.87651480478318,
              37.14163578046388
            ],
            [
              -119.87653514160044,
              37.14170057176385
            ],
            [
              -119.87654738499398,
              37.141766654341716
            ],
            [
              -119.87655141520126,
              37.14183338190413
            ],
            [
              -119.8765513159679,
              37.141902281872326
            ],
            [
              -119.87654714305621,
              37.141968606002095
            ],
            [
              -119.87653485568863,
              37.142034281637436
            ],
            [
              -119.87651457259145,
              37.14209867407729
            ],
            [
              -119.87648648976432,
              37.14216116101995
            ],
            [
              -119.8764508785869,
              37.1422211385773
            ],
            [
              -119.87640808319671,
              37.14227802711099
            ],
            [
              -119.87635851716406,
              37.14233127683442
            ],
            [
              -119.87630265949558,
              37.14238037312619
            ],
            [
              -119.87625105952664,
              37.14242147338291
            ],
            [
              -119.87618704479235,
              37.14246750736812
            ],
            [
              -119.87611750656518,
              37.14250808281846
            ],
            [
              -119.8760431679796,
              37.142542777780335
            ],
            [
              -119.87596480209355,
              37.14257123145201
            ],
            [
              -119.875883223849,
              37.14259314793584
            ],
            [
              -119.8757992815967,
              37.142608299315725
            ],
            [
              -119.87571384827352,
              37.14261652802743
            ],
            [
              -119.87562781232383,
              37.14261774849734
            ],
            [
              -119.87554358808683,
              37.14261205083385
            ],
            [
              -119.87554462675142,
              37.14261354664428
            ],
            [
              -119.87557807507424,
              37.14267562526169
            ],
            [
              -119.8756036048148,
              37.142740069498416
            ],
            [
              -119.87562096024112,
              37.14280623386565
            ],
            [
              -119.8757237292759,
              37.14332620564048
            ],
            [
              -119.87578750947814,
              37.14351098794633
            ],
            [
              -119.8758154775843,
              37.14355635441781
            ],
            [
              -119.87584301770544,
              37.14361360148173
            ],
            [
              -119.87586395695914,
              37.1436726125497
            ],
            [
              -119.87587812264861,
              37.14373290097022
            ],
            [
              -119.87588539793616,
              37.14379396955665
            ],
            [
              -119.87591830378057,
              37.144323969075906
            ],
            [
              -119.87591837133239,
              37.144389930619674
            ],
            [
              -119.87591040244281,
              37.14445558297878
            ],
            [
              -119.87589447307127,
              37.14452030018383
            ],
            [
              -119.87587073507807,
              37.144583465180155
            ],
            [
              -119.87583941477732,
              37.144644475711296
            ],
            [
              -119.87580081077978,
              37.144702750061356
            ],
            [
              -119.8757552911463,
              37.144757732601654
            ],
            [
              -119.87570328987894,
              37.14480889908868
            ],
            [
              -119.87564530278341,
              37.14485576166276
            ],
            [
              -119.87558188274191,
              37.14489787349998
            ],
            [
              -119.87551363444157,
              37.14493483307272
            ],
            [
              -119.87544120860909,
              37.14496628797844
            ],
            [
              -119.87536529580585,
              37.14499193829992
            ],
            [
              -119.87528661984355,
              37.14501153946518
            ],
            [
              -119.87520593088215,
              37.14502490457965
            ],
            [
              -119.87512399827699,
              37.145031906208246
            ],
            [
              -119.87504160324248,
              37.14503247759069
            ],
            [
              -119.87495953140277,
              37.14502661327803
            ],
            [
              -119.87487856530036,
              37.145014369184736
            ],
            [
              -119.87479947693414,
              37.144995862055445
            ],
            [
              -119.87475596884657,
              37.14498186685718
            ],
            [
              -119.8747526330043,
              37.1450462481057
            ],
            [
              -119.87474130494033,
              37.14511124033665
            ],
            [
              -119.8747221528918,
              37.14517504602977
            ],
            [
              -119.87469535757057,
              37.145237063071846
            ],
            [
              -119.87466117181711,
              37.14529670622705
            ],
            [
              -119.87461991821526,
              37.14535341265983
            ],
            [
              -119.87457198604862,
              37.145406647246254
            ],
            [
              -119.87451782762744,
              37.145455907624154
            ],
            [
              -119.87445795402064,
              37.14550072893392
            ],
            [
              -119.8743929302332,
              37.14554068820555
            ],
            [
              -119.87432336987433,
              37.145575408350346
            ],
            [
              -119.87424992936707,
              37.1456045617197
            ],
            [
              -119.87417330175339,
              37.14562787319724
            ],
            [
              -119.87409421015383,
              37.14564512279525
            ],
            [
              -119.87401340094328,
              37.14565614773092
            ],
            [
              -119.87383759943113,
              37.14567314794446
            ],
            [
              -119.87375835762414,
              37.14567779451548
            ],
            [
              -119.87367892114625,
              37.145676454360476
            ],
            [
              -119.8735999942427,
              37.14566913935984
            ],
            [
              -119.87352227664084,
              37.14565591436399
            ],
            [
              -119.87344645734635,
              37.14563689661848
            ],
            [
              -119.87337320853426,
              37.14561225472449
            ],
            [
              -119.87330317958944,
              37.14558220714399
            ],
            [
              -119.8732553361489,
              37.14555677270166
            ],
            [
              -119.87327422848226,
              37.14572704384674
            ],
            [
              -119.87336846266874,
              37.14602626539477
            ],
            [
              -119.87338435609784,
              37.14608922249988
            ],
            [
              -119.87339270837126,
              37.146153103364405
            ],
            [
              -119.87339344396158,
              37.146217330475515
            ],
            [
              -119.87338655619935,
              37.146281323188774
            ],
            [
              -119.87337210733425,
              37.14634450297728
            ],
            [
              -119.87335022797289,
              37.146406298662
            ],
            [
              -119.87332111589875,
              37.146466151575524
            ],
            [
              -119.8732850342847,
              37.1465235206128
            ],
            [
              -119.8732423093144,
              37.146577887123186
            ],
            [
              -119.87319332723384,
              37.146628759599515
            ],
            [
              -119.87313853085978,
              37.14667567812181
            ],
            [
              -119.87298313709658,
              37.14679665214221
            ],
            [
              -119.87296551054449,
              37.14682980585944
            ],
            [
              -119.87292547846968,
              37.14688830444754
            ],
            [
              -119.8728784346511,
              37.146943357518964
            ],
            [
              -119.87268933554182,
              37.14714275854928
            ],
            [
              -119.87263357189482,
              37.14719569090349
            ],
            [
              -119.87257133221175,
              37.14724377564078
            ],
            [
              -119.87250327041419,
              37.147286507548706
            ],
            [
              -119.87243010159871,
              37.14732343765441
            ],
            [
              -119.87235259452362,
              37.147354177942226
            ],
            [
              -119.87232916180334,
              37.147361184107744
            ],
            [
              -119.87232597077168,
              37.14738447310353
            ],
            [
              -119.87230833320909,
              37.147450813733954
            ],
            [
              -119.87228247396114,
              37.14751540413834
            ],
            [
              -119.87224865370341,
              37.14757759315704
            ],
            [
              -119.87220721337171,
              37.147636753838036
            ],
            [
              -119.8721585707255,
              37.14769228975763
            ],
            [
              -119.87210321613703,
              37.14774364103346
            ],
            [
              -119.87204170764795,
              37.14779028996919
            ],
            [
              -119.87198160757632,
              37.14783149024944
            ],
            [
              -119.87191697345023,
              37.1478716206526
            ],
            [
              -119.87184778931663,
              37.147906553343745
            ],
            [
              -119.87177470519077,
              37.14793596011118
            ],
            [
              -119.87169840773309,
              37.147959564661804
            ],
            [
              -119.87161961379735,
              37.14797714521709
            ],
            [
              -119.87131931138579,
              37.14803174579082
            ],
            [
              -119.87124304731984,
              37.14804269212202
            ],
            [
              -119.87116585049633,
              37.14804799307507
            ],
            [
              -119.87108837168135,
              37.14804760396243
            ],
            [
              -119.87101126401853,
              37.14804152806357
            ],
            [
              -119.87083126244065,
              37.14802062794712
            ],
            [
              -119.87075035329269,
              37.14800797640048
            ],
            [
              -119.87067137234301,
              37.14798906570075
            ],
            [
              -119.87059507333338,
              37.14796407631856
            ],
            [
              -119.8705221844091,
              37.147933246735484
            ],
            [
              -119.87045340116978,
              37.14789687116786
            ],
            [
              -119.87038938003045,
              37.147855296758905
            ],
            [
              -119.87033073195708,
              37.147808920265604
            ],
            [
              -119.87027801663594,
              37.14775818427207
            ],
            [
              -119.87023173713222,
              37.147703572965646
            ],
            [
              -119.87019233508953,
              37.14764560751591
            ],
            [
              -119.87016018651533,
              37.14758484110081
            ],
            [
              -119.87013559819313,
              37.147521853627325
            ],
            [
              -119.87011880475535,
              37.147457246197135
            ],
            [
              -119.87010996644484,
              37.14739163536998
            ],
            [
              -119.87010916758629,
              37.14732564727966
            ],
            [
              -119.8701164157824,
              37.14725991165865
            ],
            [
              -119.87013164184211,
              37.147195055828455
            ],
            [
              -119.87015470044149,
              37.14713169871304
            ],
            [
              -119.8702496025655,
              37.14691159925929
            ],
            [
              -119.87027884720382,
              37.14685284785116
            ],
            [
              -119.87031482728605,
              37.146796543236505
            ],
            [
              -119.87035722743397,
              37.14674317892168
            ],
            [
              -119.87048081213509,
              37.14660262797573
            ],
            [
              -119.87048055145459,
              37.14659890473358
            ],
            [
              -119.87047979701296,
              37.14653632521189
            ],
            [
              -119.87048628036881,
              37.146473958349596
            ],
            [
              -119.87049994585978,
              37.146412339421076
            ],
            [
              -119.87052067618222,
              37.14635199728016
            ],
            [
              -119.87054829339861,
              37.14629344982113
            ],
            [
              -119.8705825604652,
              37.14623719953397
            ],
            [
              -119.87063408466963,
              37.14616171170032
            ],
            [
              -119.87062629351958,
              37.14611499511767
            ],
            [
              -119.8705762795857,
              37.14609238053985
            ],
            [
              -119.8705012957611,
              37.1460541714226
            ],
            [
              -119.87043174862046,
              37.14600986036681
            ],
            [
              -119.87025194825009,
              37.14588235953711
            ],
            [
              -119.87018951901155,
              37.14583323328335
            ],
            [
              -119.87013378348757,
              37.145779193922785
            ],
            [
              -119.8700853414856,
              37.14572082302253
            ],
            [
              -119.87004471431706,
              37.14565874876422
            ],
            [
              -119.87001233918748,
              37.14559363918322
            ],
            [
              -119.86999357584585,
              37.14554041123003
            ],
            [
              -119.86996632216095,
              37.14549238922374
            ],
            [
              -119.86995930541886,
              37.14547550786912
            ],
            [
              -119.86977005925554,
              37.145427661203136
            ],
            [
              -119.86969997070997,
              37.14540717140808
            ],
            [
              -119.86963241721352,
              37.14538180539262
            ],
            [
              -119.86956792694457,
              37.145351761485486
            ],
            [
              -119.86950700412923,
              37.14531727459032
            ],
            [
              -119.86945012509922,
              37.14527861434885
            ],
            [
              -119.86933882492731,
              37.14519591381922
            ],
            [
              -119.86927956336467,
              37.145147211881024
            ],
            [
              -119.86922671731611,
              37.14509398798724
            ],
            [
              -119.86918082208315,
              37.14503678127976
            ],
            [
              -119.86914234255433,
              37.14497617124408
            ],
            [
              -119.86911166849659,
              37.14491277183908
            ],
            [
              -119.86904346999037,
              37.144747571316756
            ],
            [
              -119.86901970967192,
              37.14467761956305
            ],
            [
              -119.8690054498085,
              37.14460603237217
            ],
            [
              -119.86900085458753,
              37.14453363412999
            ],
            [
              -119.8690009106165,
              37.14451824517139
            ],
            [
              -119.86898249139603,
              37.14457946728699
            ],
            [
              -119.86895436077198,
              37.14464370840407
            ],
            [
              -119.86891829642406,
              37.14470535690242
            ],
            [
              -119.86891804992844,
              37.14470568699862
            ],
            [
              -119.86885559097713,
              37.14488215518945
            ],
            [
              -119.86882538016776,
              37.1449524907962
            ],
            [
              -119.8687856932216,
              37.1450197413204
            ],
            [
              -119.86873701122994,
              37.14508309149813
            ],
            [
              -119.86865961171317,
              37.145172391928604
            ],
            [
              -119.86860995771227,
              37.145224150744184
            ],
            [
              -119.86855429635635,
              37.14527183243212
            ],
            [
              -119.86849314712995,
              37.14531499197164
            ],
            [
              -119.86842708073982,
              37.14535322654706
            ],
            [
              -119.86835671378839,
              37.14538617930747
            ],
            [
              -119.86828270301886,
              37.14541354269765
            ],
            [
              -119.86820573918551,
              37.1454350613286
            ],
            [
              -119.86812654060635,
              37.14545053436148
            ],
            [
              -119.8680458464586,
              37.14545981738211
            ],
            [
              -119.86796440987922,
              37.14546282374907
            ],
            [
              -119.86785290888577,
              37.14546262378929
            ],
            [
              -119.86776921163958,
              37.1454591419245
            ],
            [
              -119.86768635865302,
              37.14544903098397
            ],
            [
              -119.86760516720872,
              37.14543239070366
            ],
            [
              -119.86757767120814,
              37.145424356079516
            ],
            [
              -119.86757320542503,
              37.14543006858076
            ],
            [
              -119.86752189440321,
              37.14548314922972
            ],
            [
              -119.86746425663257,
              37.145531891817015
            ],
            [
              -119.86740086108655,
              37.145575815167625
            ],
            [
              -119.86733233358137,
              37.14561448567997
            ],
            [
              -119.86725935059802,
              37.14564752160647
            ],
            [
              -119.86718263260421,
              37.14567459682242
            ],
            [
              -119.86710293694173,
              37.14569544404558
            ],
            [
              -119.8670557365779,
              37.14570574414897
            ],
            [
              -119.86696482840316,
              37.14572133279799
            ],
            [
              -119.86687232976224,
              37.14572882132014
            ],
            [
              -119.86677936342902,
              37.14572811881639
            ],
            [
              -119.86664216220618,
              37.145721018805304
            ],
            [
              -119.86655399019818,
              37.145712709533804
            ],
            [
              -119.86646739672302,
              37.14569703058636
            ],
            [
              -119.86638334027754,
              37.14567415551116
            ],
            [
              -119.86630275127443,
              37.145644337509786
            ],
            [
              -119.86622652174296,
              37.14560790663431
            ],
            [
              -119.86620082162491,
              37.1455941065378
            ],
            [
              -119.86613388233958,
              37.145554182538376
            ],
            [
              -119.86607219805244,
              37.14550915955023
            ],
            [
              -119.86598850757552,
              37.145441711088296
            ],
            [
              -119.86592680590212,
              37.14547474712635
            ],
            [
              -119.86584522082528,
              37.14550878376276
            ],
            [
              -119.86565631968162,
              37.14557738436442
            ],
            [
              -119.86557226240728,
              37.14560366856026
            ],
            [
              -119.86548517948644,
              37.1456226167966
            ],
            [
              -119.8653960668318,
              37.14563401237284
            ],
            [
              -119.86530594357107,
              37.14563772496346
            ],
            [
              -119.86524594303647,
              37.14563762498515
            ],
            [
              -119.86516303323752,
              37.14563421771511
            ],
            [
              -119.86508094290687,
              37.14562430525669
            ],
            [
              -119.86500046658132,
              37.14560798354983
            ],
            [
              -119.86492238317506,
              37.14558541056835
            ],
            [
              -119.86484744844002,
              37.14555680479091
            ],
            [
              -119.86477638765076,
              37.14552244308618
            ],
            [
              -119.86470988858426,
              37.145482658032996
            ],
            [
              -119.86464859486271,
              37.14543783470117
            ],
            [
              -119.86459729483374,
              37.14539643444416
            ],
            [
              -119.86454490455314,
              37.14535004374324
            ],
            [
              -119.86449809798492,
              37.14529997335843
            ],
            [
              -119.8644572762789,
              37.14524665242308
            ],
            [
              -119.8644227892887,
              37.14519053792885
            ],
            [
              -119.86439493257356,
              37.14513211080887
            ],
            [
              -119.86437793294748,
              37.1450908106786
            ],
            [
              -119.86436575258608,
              37.14505852928955
            ],
            [
              -119.86432315377725,
              37.14493452894801
            ],
            [
              -119.86430111560091,
              37.14484917243727
            ],
            [
              -119.86428746176601,
              37.144771191928484
            ],
            [
              -119.86427140756133,
              37.14472405984421
            ],
            [
              -119.86426429202875,
              37.1447171612236
            ],
            [
              -119.86424945851513,
              37.144701782789
            ],
            [
              -119.86413404808461,
              37.144617602506976
            ],
            [
              -119.86411845187031,
              37.14461191376442
            ],
            [
              -119.86404937805888,
              37.14458010663391
            ],
            [
              -119.86402229987236,
              37.14456474665375
            ],
            [
              -119.86339104326476,
              37.14454169599918
            ],
            [
              -119.86297577297981,
              37.14457127019966
            ],
            [
              -119.86289364757197,
              37.14457390179705
            ],
            [
              -119.862811591911,
              37.144570125022916
            ],
            [
              -119.8628065450232,
              37.14456949426403
            ],
            [
              -119.86280542688262,
              37.144589109323384
            ],
            [
              -119.86279222822039,
              37.144709609360184
            ],
            [
              -119.8627806047178,
              37.144776771813085
            ],
            [
              -119.86276062935968,
              37.14484266317442
            ],
            [
              -119.86273250336734,
              37.14490661961748
            ],
            [
              -119.86269651007805,
              37.144967996807296
            ],
            [
              -119.86265301209126,
              37.14502617639226
            ],
            [
              -119.86260244761627,
              37.14508057223382
            ],
            [
              -119.86254532605794,
              37.145130636312025
            ],
            [
              -119.86248222288492,
              37.14517586424676
            ],
            [
              -119.86241377383232,
              37.14521580037952
            ],
            [
              -119.86234066849691,
              37.14525004236434
            ],
            [
              -119.86226364338947,
              37.145278245221576
            ],
            [
              -119.86218347451444,
              37.14530012481373
            ],
            [
              -119.86210096955149,
              37.14531546070828
            ],
            [
              -119.86201695971793,
              37.14532409839876
            ],
            [
              -119.86154790890038,
              37.14535326789562
            ],
            [
              -119.86137197338716,
              37.14538870665912
            ],
            [
              -119.86121184370616,
              37.14544793469432
            ],
            [
              -119.8611495442791,
              37.14546860145546
            ],
            [
              -119.861113841972,
              37.14547912772334
            ],
            [
              -119.86111811251666,
              37.14550476482632
            ],
            [
              -119.86114033470427,
              37.14553025041431
            ],
            [
              -119.86117947361554,
              37.14558558261591
            ],
            [
              -119.86121194012574,
              37.14564361560808
            ],
            [
              -119.86123744655899,
              37.145703835205175
            ],
            [
              -119.86125576690547,
              37.14576570784651
            ],
            [
              -119.86126673882453,
              37.14582868532381
            ],
            [
              -119.8612667447645,
              37.14582879233067
            ],
            [
              -119.86127939921572,
              37.145853406668536
            ],
            [
              -119.86130120707323,
              37.145909034997615
            ],
            [
              -119.86131694172907,
              37.145965961447665
            ],
            [
              -119.86132648596255,
              37.14602376197479
            ],
            [
              -119.86135158843669,
              37.146250861693154
            ],
            [
              -119.86135467582373,
              37.14629581049006
            ],
            [
              -119.86135646583185,
              37.14636212865252
            ],
            [
              -119.8613918241224,
              37.146425577073074
            ],
            [
              -119.86142162464361,
              37.14648747685393
            ],
            [
              -119.86145149272949,
              37.14656217946404
            ],
            [
              -119.86145577299496,
              37.146579657366
            ],
            [
              -119.86148423044861,
              37.14661745812867
            ],
            [
              -119.86152003561904,
              37.146677803149366
            ],
            [
              -119.861527083928,
              37.14669352843713
            ],
            [
              -119.86157098849151,
              37.14673635830217
            ],
            [
              -119.86161467062023,
              37.14678805030926
            ],
            [
              -119.86164887085938,
              37.14683285009227
            ],
            [
              -119.86168325173209,
              37.14688245421802
            ],
            [
              -119.86171231238059,
              37.14693419256575
            ],
            [
              -119.86173584786485,
              37.14698770028804
            ],
            [
              -119.86177004869872,
              37.14707730002096
            ],
            [
              -119.86179028548392,
              37.147141382716164
            ],
            [
              -119.86180260180787,
              37.14720674182639
            ],
            [
              -119.86180687973317,
              37.147272751600724
            ],
            [
              -119.8618030782818,
              37.14733878005723
            ],
            [
              -119.8617912338281,
              37.14740419503342
            ],
            [
              -119.86177145975155,
              37.14746837023874
            ],
            [
              -119.8617439453518,
              37.1475306912507
            ],
            [
              -119.86170895403725,
              37.14759056139762
            ],
            [
              -119.86166682080366,
              37.147647407471304
            ],
            [
              -119.86161794902745,
              37.147700685215305
            ],
            [
              -119.86156280660421,
              37.147749884535855
            ],
            [
              -119.86150192146924,
              37.14779453438592
            ],
            [
              -119.86143587654321,
              37.1478342072753
            ],
            [
              -119.86136530415124,
              37.14786852336383
            ],
            [
              -119.8612908799686,
              37.14789715409831
            ],
            [
              -119.86121331655168,
              37.14791982535835
            ],
            [
              -119.8611333565152,
              37.14793632008115
            ],
            [
              -119.86105176542182,
              37.14794648033993
            ],
            [
              -119.86096932445199,
              37.14795020885603
            ],
            [
              -119.86089495810678,
              37.14795065500183
            ],
            [
              -119.86089129326218,
              37.147999777025305
            ],
            [
              -119.86087868071363,
              37.14806400070247
            ],
            [
              -119.86085841416593,
              37.14812695642674
            ],
            [
              -119.86083068131052,
              37.14818806109721
            ],
            [
              -119.86080202145202,
              37.14823619700822
            ],
            [
              -119.86076708853301,
              37.148498984923705
            ],
            [
              -119.86077369353735,
              37.14873785424964
            ],
            [
              -119.86077168371439,
              37.148801731143884
            ],
            [
              -119.86076214335313,
              37.148865170278455
            ],
            [
              -119.86074515779228,
              37.14892760406358
            ],
            [
              -119.86072087898368,
              37.1489884739029
            ],
            [
              -119.86068952413332,
              37.14904723519132
            ],
            [
              -119.86065137375859,
              37.149103362187795
            ],
            [
              -119.86060676917904,
              37.149156352719224
            ],
            [
              -119.8604971631829,
              37.14927413449788
            ],
            [
              -119.86048806762045,
              37.14930896105462
            ],
            [
              -119.86046260074599,
              37.1493734360029
            ],
            [
              -119.86043222068795,
              37.14942994735214
            ],
            [
              -119.86042965397341,
              37.149452147320886
            ],
            [
              -119.86039422436836,
              37.14965344253049
            ],
            [
              -119.86039411020205,
              37.14971667923923
            ],
            [
              -119.86038965080027,
              37.1497850641871
            ],
            [
              -119.86037656533969,
              37.149852736391495
            ],
            [
              -119.86035498826134,
              37.14991900046351
            ],
            [
              -119.86032514126633,
              37.14998317548216
            ],
            [
              -119.86028733103838,
              37.15004460199148
            ],
            [
              -119.86024194609313,
              37.15010264877729
            ],
            [
              -119.86018945278657,
              37.15015671935368
            ],
            [
              -119.86013039052327,
              37.150206258092666
            ],
            [
              -119.86006536621377,
              37.150250755934124
            ],
            [
              -119.85997086599714,
              37.15030905635233
            ],
            [
              -119.85986876455421,
              37.15036307704534
            ],
            [
              -119.85969327491614,
              37.150441924216025
            ],
            [
              -119.85945615265418,
              37.150570284263196
            ],
            [
              -119.85939291646224,
              37.150601362971216
            ],
            [
              -119.85934312433724,
              37.15062124318112
            ],
            [
              -119.85930773475572,
              37.150642945915024
            ],
            [
              -119.85924292597443,
              37.15067897059062
            ],
            [
              -119.8591741972639,
              37.1507099928348
            ],
            [
              -119.85910214941295,
              37.15073574146531
            ],
            [
              -119.85902741222705,
              37.15075599139903
            ],
            [
              -119.85895063902248,
              37.15077056561961
            ],
            [
              -119.85887250091491,
              37.15077933672505
            ],
            [
              -119.8587936809526,
              37.15078222804151
            ],
            [
              -119.85866507980677,
              37.15078212808889
            ],
            [
              -119.85858216636962,
              37.15077879505042
            ],
            [
              -119.85850006323268,
              37.15076895717067
            ],
            [
              -119.85841956492293,
              37.15075270965171
            ],
            [
              -119.85834145043609,
              37.15073020972286
            ],
            [
              -119.85826647569769,
              37.15070167511898
            ],
            [
              -119.85819536624724,
              37.150667381973435
            ],
            [
              -119.85814487407002,
              37.15064023588645
            ],
            [
              -119.85809822166615,
              37.15063133825502
            ],
            [
              -119.85802386238221,
              37.15061115126427
            ],
            [
              -119.85795216887024,
              37.150585519615454
            ],
            [
              -119.85776366767139,
              37.15050951906467
            ],
            [
              -119.85768438304115,
              37.15047311646734
            ],
            [
              -119.85761048166441,
              37.150430063846045
            ],
            [
              -119.85754283042097,
              37.15038086622217
            ],
            [
              -119.85748222287009,
              37.15032610069927
            ],
            [
              -119.85741382304265,
              37.150257100312054
            ],
            [
              -119.85736165975159,
              37.150198283472854
            ],
            [
              -119.85731762850891,
              37.150135349779895
            ],
            [
              -119.8572896039172,
              37.15008283275816
            ],
            [
              -119.85728110018186,
              37.15011581937807
            ],
            [
              -119.85726097188477,
              37.150170287135694
            ],
            [
              -119.85723519831822,
              37.15022320878385
            ],
            [
              -119.857199690313,
              37.1502879357417
            ],
            [
              -119.85717724416429,
              37.15035354071038
            ],
            [
              -119.8571510131625,
              37.15041750710529
            ],
            [
              -119.85711695815785,
              37.150479065821266
            ],
            [
              -119.85707541738469,
              37.15053760542271
            ],
            [
              -119.85702680343282,
              37.1505925444601
            ],
            [
              -119.85697159915007,
              37.15064333724541
            ],
            [
              -119.85691035284678,
              37.15068947927262
            ],
            [
              -119.85684367284982,
              37.15073051222884
            ],
            [
              -119.85677222146035,
              37.150766028546975
            ],
            [
              -119.85669670837557,
              37.150795675454226
            ],
            [
              -119.85661788363912,
              37.150819158476196
            ],
            [
              -119.8565365301909,
              37.15083624436218
            ],
            [
              -119.85645345608984,
              37.15084676340211
            ],
            [
              -119.85636948648725,
              37.15085061111239
            ],
            [
              -119.85628545543008,
              37.15084774927383
            ],
            [
              -119.85623825501088,
              37.150844249260615
            ],
            [
              -119.85615594288532,
              37.15083485303613
            ],
            [
              -119.85607518536288,
              37.15081901887809
            ],
            [
              -119.85599676633741,
              37.1507969004841
            ],
            [
              -119.85592144700203,
              37.15076871255139
            ],
            [
              -119.85584995845974,
              37.15073472869255
            ],
            [
              -119.85578299462658,
              37.15069527877948
            ],
            [
              -119.85576284876436,
              37.150680759140776
            ],
            [
              -119.85572906768303,
              37.15066029296263
            ],
            [
              -119.85566389064951,
              37.15061131151536
            ],
            [
              -119.85555259063571,
              37.15051831094603
            ],
            [
              -119.85549700032864,
              37.15046691554693
            ],
            [
              -119.85544814488888,
              37.15041130797193
            ],
            [
              -119.8554065190912,
              37.15035205139322
            ],
            [
              -119.8553725444882,
              37.150289745937464
            ],
            [
              -119.8553465651415,
              37.15022502260776
            ],
            [
              -119.85532884413796,
              37.15015853689292
            ],
            [
              -119.85531956092585,
              37.15009096212866
            ],
            [
              -119.85531880949837,
              37.15002298267844
            ],
            [
              -119.85532791145516,
              37.14984748266058
            ],
            [
              -119.85533689594442,
              37.149773318627055
            ],
            [
              -119.85535602967161,
              37.14970039780923
            ],
            [
              -119.85539063073236,
              37.149597198001565
            ],
            [
              -119.85541320719472,
              37.149540102985235
            ],
            [
              -119.85544201189936,
              37.149484832850185
            ],
            [
              -119.85547681845509,
              37.14943182196709
            ],
            [
              -119.85551735330343,
              37.149381486950105
            ],
            [
              -119.85554032640829,
              37.149355560047546
            ],
            [
              -119.85554533022322,
              37.14933710560735
            ],
            [
              -119.85556910178427,
              37.14927707869626
            ],
            [
              -119.8555997526571,
              37.14921908443652
            ],
            [
              -119.85569445396031,
              37.14906088498723
            ],
            [
              -119.85573686201897,
              37.148998649644284
            ],
            [
              -119.85578718424857,
              37.148940314528936
            ],
            [
              -119.8558448664457,
              37.14888652207003
            ],
            [
              -119.85618866688796,
              37.14859802381535
            ],
            [
              -119.85625485303494,
              37.148548159945136
            ],
            [
              -119.85636655288423,
              37.148472660462474
            ],
            [
              -119.85643769244972,
              37.14842952043906
            ],
            [
              -119.85651412560708,
              37.1483926356506
            ],
            [
              -119.8566428249393,
              37.14833773610789
            ],
            [
              -119.85671217785168,
              37.14831132205535
            ],
            [
              -119.85678424347569,
              37.14829006462022
            ],
            [
              -119.8568584249226,
              37.14827413986745
            ],
            [
              -119.85693410778084,
              37.14826367969372
            ],
            [
              -119.8570106652044,
              37.14825877073501
            ],
            [
              -119.85708746310439,
              37.148259453649224
            ],
            [
              -119.85732326100133,
              37.14827015364315
            ],
            [
              -119.8574126413305,
              37.14827805067723
            ],
            [
              -119.85750046453536,
              37.14829351591879
            ],
            [
              -119.85758573346045,
              37.14831637377261
            ],
            [
              -119.85762028062629,
              37.1483273055463
            ],
            [
              -119.85791296756126,
              37.1483781192547
            ],
            [
              -119.85798232638774,
              37.14839265526602
            ],
            [
              -119.8580498935564,
              37.148411851506424
            ],
            [
              -119.85815398955198,
              37.1484454760122
            ],
            [
              -119.85816196357823,
              37.14842487249535
            ],
            [
              -119.85816507593611,
              37.14841787315055
            ],
            [
              -119.8581793245565,
              37.14805564257235
            ],
            [
              -119.85818600930928,
              37.14798944207676
            ],
            [
              -119.85820078276106,
              37.147924087009095
            ],
            [
              -119.85822614922402,
              37.14783665187266
            ],
            [
              -119.85822403973134,
              37.14780152750907
            ],
            [
              -119.85819322515984,
              37.14771136553613
            ],
            [
              -119.85817883392647,
              37.147662068926316
            ],
            [
              -119.85816909494598,
              37.14761204802165
            ],
            [
              -119.85816712141595,
              37.147598622368875
            ],
            [
              -119.85814669594897,
              37.14756716101989
            ],
            [
              -119.85811614793758,
              37.14750632312977
            ],
            [
              -119.85809311194308,
              37.14744340108651
            ],
            [
              -119.85807780497356,
              37.14737898769115
            ],
            [
              -119.8580703712191,
              37.147313689793606
            ],
            [
              -119.85807088069392,
              37.14724812257535
            ],
            [
              -119.85807408171999,
              37.147201384540544
            ],
            [
              -119.85806533336026,
              37.147181997320175
            ],
            [
              -119.85799749863061,
              37.14700651413187
            ],
            [
              -119.8578688698005,
              37.146787271883305
            ],
            [
              -119.85786843190776,
              37.14678640452016
            ],
            [
              -119.85777861080018,
              37.1467473343765
            ],
            [
              -119.85775677326107,
              37.146742663473766
            ],
            [
              -119.85767538275489,
              37.14671781392991
            ],
            [
              -119.85759762600536,
              37.14668638021921
            ],
            [
              -119.85753752566445,
              37.14665888002209
            ],
            [
              -119.85745623961031,
              37.146616548262145
            ],
            [
              -119.85738155711456,
              37.146567030848395
            ],
            [
              -119.85715915677703,
              37.14640142978863
            ],
            [
              -119.85709437202756,
              37.14634753543367
            ],
            [
              -119.8569831721743,
              37.14624413482997
            ],
            [
              -119.85693124385631,
              37.14619064181819
            ],
            [
              -119.85688626974935,
              37.14613325423909
            ],
            [
              -119.8568487021576,
              37.14607254925871
            ],
            [
              -119.85683654968948,
              37.14605015419816
            ],
            [
              -119.85682729668359,
              37.146041204134306
            ],
            [
              -119.85676646476098,
              37.14597443552946
            ],
            [
              -119.85671627258591,
              37.1459022204
            ],
            [
              -119.85664224902341,
              37.14577845362144
            ],
            [
              -119.85653017181005,
              37.14567080860528
            ],
            [
              -119.85648629624923,
              37.145624794141135
            ],
            [
              -119.85626399727356,
              37.14536969280532
            ],
            [
              -119.8562193133418,
              37.14531253293634
            ],
            [
              -119.85618197051559,
              37.14525209174787
            ],
            [
              -119.8561523408492,
              37.14518897145601
            ],
            [
              -119.85613071954316,
              37.14512380096916
            ],
            [
              -119.8561173220035,
              37.14505722962161
            ],
            [
              -119.85611228169641,
              37.144989920703644
            ],
            [
              -119.85611564881917,
              37.144922544852705
            ],
            [
              -119.85612738980095,
              37.14485577337133
            ],
            [
              -119.8561473876382,
              37.14479027153868
            ],
            [
              -119.8561754430612,
              37.14472669198197
            ],
            [
              -119.85621127652036,
              37.14466566817417
            ],
            [
              -119.85625453097225,
              37.14460780812252
            ],
            [
              -119.85630613132874,
              37.14454600841169
            ],
            [
              -119.8563486339013,
              37.14449952458204
            ],
            [
              -119.85639592898669,
              37.14445610854216
            ],
            [
              -119.85644767266223,
              37.144416075999025
            ],
            [
              -119.85647676605561,
              37.14439541342764
            ],
            [
              -119.85668491367386,
              37.144194614810075
            ],
            [
              -119.85674081032577,
              37.14414577674118
            ],
            [
              -119.85680241293902,
              37.14410155573831
            ],
            [
              -119.8568691292403,
              37.144062376953094
            ],
            [
              -119.85694031779518,
              37.144028617059256
            ],
            [
              -119.85701529417493,
              37.14400060063141
            ],
            [
              -119.85709333753657,
              37.14397859702477
            ],
            [
              -119.85717369755288,
              37.1439628177857
            ],
            [
              -119.85725560162577,
              37.14395341461803
            ],
            [
              -119.85733826231359,
              37.14395047792472
            ],
            [
              -119.8574208849013,
              37.14395403593881
            ],
            [
              -119.85750267504041,
              37.14396405445199
            ],
            [
              -119.8575828463852,
              37.14398043714355
            ],
            [
              -119.85766062815243,
              37.14400302650633
            ],
            [
              -119.8577352725311,
              37.14403160536106
            ],
            [
              -119.85780606187164,
              37.14406589894404
            ],
            [
              -119.85787231558515,
              37.14410557754878
            ],
            [
              -119.85793339668649,
              37.14415025969558
            ],
            [
              -119.8579675966672,
              37.14417785952425
            ],
            [
              -119.85798081477931,
              37.14418989849382
            ],
            [
              -119.85798503800412,
              37.14418397916724
            ],
            [
              -119.85800136277939,
              37.144165314099006
            ],
            [
              -119.85800456038287,
              37.14415414135845
            ],
            [
              -119.85802423977802,
              37.14409701723167
            ],
            [
              -119.85805009681789,
              37.144041493468194
            ],
            [
              -119.85808193253082,
              37.143987997297955
            ],
            [
              -119.85813199257566,
              37.143912585876265
            ],
            [
              -119.85814842926972,
              37.14387649280377
            ],
            [
              -119.85815400294324,
              37.143841428858124
            ],
            [
              -119.85817127424,
              37.14376666792796
            ],
            [
              -119.85819893004395,
              37.14369393412494
            ],
            [
              -119.8582366200172,
              37.143624148747406
            ],
            [
              -119.85828128794675,
              37.14355276430231
            ],
            [
              -119.85829326025218,
              37.14351459303168
            ],
            [
              -119.85831574696138,
              37.143454763164364
            ],
            [
              -119.85834504243503,
              37.143396852360716
            ],
            [
              -119.85838089605745,
              37.14334135600278
            ],
            [
              -119.85842300111494,
              37.143288748817696
            ],
            [
              -119.85852630172296,
              37.143171949389824
            ],
            [
              -119.85857758140766,
              37.14311963298409
            ],
            [
              -119.85863503800236,
              37.14307160631686
            ],
            [
              -119.85869811471179,
              37.14302833479053
            ],
            [
              -119.85876620028216,
              37.14299023772696
            ],
            [
              -119.85883863492452,
              37.14295768430415
            ],
            [
              -119.85891471670851,
              37.1429309899791
            ],
            [
              -119.85894686431568,
              37.142921190452434
            ],
            [
              -119.8590684369383,
              37.142813452316986
            ],
            [
              -119.85945543022002,
              37.14242186578734
            ],
            [
              -119.8595088752611,
              37.14237283733094
            ],
            [
              -119.85956796486322,
              37.14232815296306
            ],
            [
              -119.85963215073211,
              37.14228822730344
            ],
            [
              -119.85970083728897,
              37.14225343081567
            ],
            [
              -119.85977338719663,
              37.142224086369936
            ],
            [
              -119.8598491272732,
              37.14220046624742
            ],
            [
              -119.85992735473809,
              37.142182789614026
            ],
            [
              -119.8600073437327,
              37.1421712204869
            ],
            [
              -119.86008835205496,
              37.142165866212814
            ],
            [
              -119.86016962804561,
              37.14216677647208
            ],
            [
              -119.86025041756224,
              37.142173942817784
            ],
            [
              -119.86032997097604,
              37.14218729875406
            ],
            [
              -119.86040755012716,
              37.14220672035316
            ],
            [
              -119.86048243517318,
              37.14223202740527
            ],
            [
              -119.8605520898051,
              37.1422621877411
            ],
            [
              -119.86056986359236,
              37.14225951498747
            ],
            [
              -119.86071576235337,
              37.14224251518872
            ],
            [
              -119.86079490355748,
              37.14223632478267
            ],
            [
              -119.86087442123663,
              37.14223612559717
            ],
            [
              -119.86095360927408,
              37.142241919400206
            ],
            [
              -119.86114210761899,
              37.14226291928581
            ],
            [
              -119.86121434583872,
              37.14227398603336
            ],
            [
              -119.86123987733424,
              37.142241707456634
            ],
            [
              -119.86128690093966,
              37.14218818156649
            ],
            [
              -119.86134017306419,
              37.14213854916104
            ],
            [
              -119.8613991938122,
              37.14209327596973
            ],
            [
              -119.86146340934842,
              37.14205278681603
            ],
            [
              -119.8615322170951,
              37.1420174616314
            ],
            [
              -119.86160497138614,
              37.141987631890245
            ],
            [
              -119.86168098952565,
              37.14196357749993
            ],
            [
              -119.86170253498312,
              37.141957708756166
            ],
            [
              -119.86165356022144,
              37.14192033587538
            ],
            [
              -119.86160075462944,
              37.141871521359086
            ],
            [
              -119.86155401249486,
              37.141818893427946
            ],
            [
              -119.86151376093336,
              37.141762932993984
            ],
            [
              -119.8614803677474,
              37.14170415142057
            ],
            [
              -119.86145413806571,
              37.141643085849374
            ],
            [
              -119.86143531155551,
              37.14158029429185
            ],
            [
              -119.86142406023299,
              37.14151635053005
            ],
            [
              -119.8614204868921,
              37.14145183887332
            ],
            [
              -119.86142078765779,
              37.14138303884313
            ],
            [
              -119.86142486771921,
              37.14131901093556
            ],
            [
              -119.86143651123737,
              37.141255581020935
            ],
            [
              -119.86145561332039,
              37.141193320411276
            ],
            [
              -119.86148200189827,
              37.1411327898853
            ],
            [
              -119.86151543927333,
              37.141074534637546
            ],
            [
              -119.86164454082133,
              37.14087513538486
            ],
            [
              -119.86169362629839,
              37.14080886852205
            ],
            [
              -119.86175181734592,
              37.14074750693211
            ],
            [
              -119.86181835707531,
              37.14069184871931
            ],
            [
              -119.86207605702009,
              37.140499549967366
            ],
            [
              -119.86214551475526,
              37.1404530371842
            ],
            [
              -119.86222079843019,
              37.14041275095865
            ],
            [
              -119.86222486966237,
              37.140411046430266
            ],
            [
              -119.8622309139692,
              37.14033306538619
            ],
            [
              -119.86224084935871,
              37.14026349023803
            ],
            [
              -119.8622597283673,
              37.14019511236807
            ],
            [
              -119.86228734809141,
              37.140128666585255
            ],
            [
              -119.86232341169917,
              37.14006486693381
            ],
            [
              -119.8623675316211,
              37.140004399020036
            ],
            [
              -119.86241923371594,
              37.13994791264488
            ],
            [
              -119.8624779623663,
              37.13989601482131
            ],
            [
              -119.8625295623972,
              37.139854915078025
            ],
            [
              -119.86258771879136,
              37.13981271566725
            ],
            [
              -119.86265052136912,
              37.13977502497086
            ],
            [
              -119.86271742672943,
              37.13974216910403
            ],
            [
              -119.86278785597477,
              37.13971443234851
            ],
            [
              -119.86286119971976,
              37.139692054693015
            ],
            [
              -119.86293682336374,
              37.139675229756975
            ],
            [
              -119.86301407258098,
              37.139664103115386
            ],
            [
              -119.86307867856895,
              37.13965969831293
            ],
            [
              -119.86305778998045,
              37.13960764368941
            ],
            [
              -119.8630401739659,
              37.139541872271714
            ],
            [
              -119.86303081580073,
              37.13947502434106
            ],
            [
              -119.86301876412651,
              37.13931910157992
            ],
            [
              -119.86297184074502,
              37.13931032581376
            ],
            [
              -119.8628888387028,
              37.13928729367902
            ],
            [
              -119.86280927759961,
              37.13925747763356
            ],
            [
              -119.86266357671583,
              37.13919527718486
            ],
            [
              -119.86259162587943,
              37.13916077935306
            ],
            [
              -119.86252430815662,
              37.13912073362124
            ],
            [
              -119.86246228858923,
              37.139075535610786
            ],
            [
              -119.8624109885587,
              37.13903423535418
            ],
            [
              -119.86235649335624,
              37.13898591369392
            ],
            [
              -119.86230806142432,
              37.13893361669839
            ],
            [
              -119.86226614258638,
              37.13887783010184
            ],
            [
              -119.86223112616962,
              37.138819072048975
            ],
            [
              -119.8622033373893,
              37.13875788828222
            ],
            [
              -119.86218303432857,
              37.138694847072685
            ],
            [
              -119.86217040554207,
              37.13863053394197
            ],
            [
              -119.86216556830519,
              37.138565546223724
            ],
            [
              -119.86216856752563,
              37.1385004875156
            ],
            [
              -119.86217736844269,
              37.13841788753907
            ],
            [
              -119.86218882264116,
              37.13835057521276
            ],
            [
              -119.86220866344974,
              37.138284524281126
            ],
            [
              -119.86223669019353,
              37.138220402727036
            ],
            [
              -119.86225514352961,
              37.13818879374039
            ],
            [
              -119.86227497196296,
              37.138048532615514
            ],
            [
              -119.86228772206447,
              37.137985323255336
            ],
            [
              -119.86230788979557,
              37.13792336424569
            ],
            [
              -119.8623108207762,
              37.137916930758045
            ],
            [
              -119.86231051562967,
              37.13791355657652
            ],
            [
              -119.86230744702837,
              37.13790860842089
            ],
            [
              -119.86230465165673,
              37.13790350777202
            ],
            [
              -119.86228028055821,
              37.13789187032516
            ],
            [
              -119.86221068670596,
              37.13785477734911
            ],
            [
              -119.86214601967062,
              37.13781235250462
            ],
            [
              -119.86208691434706,
              37.13776501231953
            ],
            [
              -119.86203395102186,
              37.13771322157992
            ],
            [
              -119.86198764967631,
              37.13765748876669
            ],
            [
              -119.86194846488137,
              37.13759836106295
            ],
            [
              -119.86191678133503,
              37.137536418981576
            ],
            [
              -119.86189291008598,
              37.13747227066558
            ],
            [
              -119.86187708548022,
              37.137406545917166
            ],
            [
              -119.86186946286102,
              37.13733989001418
            ],
            [
              -119.86187011704469,
              37.13727295737488
            ],
            [
              -119.86187904158666,
              37.1372064051327
            ],
            [
              -119.86192244398602,
              37.136986205335354
            ],
            [
              -119.86193846330387,
              37.13692405475155
            ],
            [
              -119.86196169644192,
              37.13686338189191
            ],
            [
              -119.86199193835216,
              37.13680472218973
            ],
            [
              -119.86202892213645,
              37.13674859331115
            ],
            [
              -119.86202919873793,
              37.13674825486576
            ],
            [
              -119.86203207762698,
              37.13663190521253
            ],
            [
              -119.86201652804023,
              37.13659412669776
            ],
            [
              -119.86199428770168,
              37.13652945023111
            ],
            [
              -119.86198016930685,
              37.13646332663851
            ],
            [
              -119.86197431206116,
              37.136396407988606
            ],
            [
              -119.8619767737031,
              37.13632935418868
            ],
            [
              -119.86198752993567,
              37.136262826477065
            ],
            [
              -119.86200647466684,
              37.13619748090244
            ],
            [
              -119.86203342105661,
              37.13613396185441
            ],
            [
              -119.86206810336033,
              37.13607289570908
            ],
            [
              -119.86211017954989,
              37.13601488465231
            ],
            [
              -119.86215923468731,
              37.13596050074172
            ],
            [
              -119.8622279349518,
              37.13589180111072
            ],
            [
              -119.86227733011265,
              37.13584667053334
            ],
            [
              -119.86233153259774,
              37.135805227388296
            ],
            [
              -119.86239011472506,
              37.135767798674316
            ],
            [
              -119.86245261425803,
              37.135734679714545
            ],
            [
              -119.86253841387996,
              37.135693480043344
            ],
            [
              -119.86261001181781,
              37.13566275073349
            ],
            [
              -119.86268496897071,
              37.13563767647776
            ],
            [
              -119.8627625905073,
              37.135618489705564
            ],
            [
              -119.86284215690024,
              37.13560536827104
            ],
            [
              -119.86292293059567,
              37.13559843380458
            ],
            [
              -119.86300416284948,
              37.135597750585404
            ],
            [
              -119.86308510066746,
              37.13560332494588
            ],
            [
              -119.86316499378468,
              37.135615105212814
            ],
            [
              -119.86324310161972,
              37.13563298218643
            ],
            [
              -119.86331870013888,
              37.13565679015257
            ],
            [
              -119.86339108856745,
              37.13568630841878
            ],
            [
              -119.86345959588517,
              37.1357212633598
            ],
            [
              -119.86352358704603,
              37.135761330953954
            ],
            [
              -119.86361348683592,
              37.1358234305465
            ],
            [
              -119.86365910361523,
              37.13585737097779
            ],
            [
              -119.86370146951242,
              37.13589391262215
            ],
            [
              -119.86384909716351,
              37.13603106576405
            ],
            [
              -119.8639041649923,
              37.13605423889974
            ],
            [
              -119.86397380845548,
              37.13608704510257
            ],
            [
              -119.8640392129857,
              37.13612503444309
            ],
            [
              -119.86409977874932,
              37.13616785851903
            ],
            [
              -119.86414393578308,
              37.13620223041629
            ],
            [
              -119.86424774668852,
              37.136248563379965
            ],
            [
              -119.86430847871537,
              37.136278428531796
            ],
            [
              -119.86436584593527,
              37.136312290677886
            ],
            [
              -119.86449880697486,
              37.136397942858565
            ],
            [
              -119.86446658339426,
              37.13634454858911
            ],
            [
              -119.86443616479012,
              37.13627630674954
            ],
            [
              -119.8644105654366,
              37.13620740654828
            ],
            [
              -119.86440279655926,
              37.13618062521459
            ],
            [
              -119.86435332466984,
              37.13614369761766
            ],
            [
              -119.86429659777791,
              37.13609706682926
            ],
            [
              -119.86424574005957,
              37.136046281297745
            ],
            [
              -119.86420122372537,
              37.135991812574744
            ],
            [
              -119.86416346210245,
              37.13593416641
            ],
            [
              -119.86413280579697,
              37.13587387805519
            ],
            [
              -119.86410953943903,
              37.13581150729386
            ],
            [
              -119.86406610452588,
              37.13567064158786
            ],
            [
              -119.86405907044463,
              37.13566430360488
            ],
            [
              -119.86400160295088,
              37.13560643217036
            ],
            [
              -119.86395237879582,
              37.13554387935056
            ],
            [
              -119.863911987574,
              37.13547739441278
            ],
            [
              -119.86388091307369,
              37.135407773722164
            ],
            [
              -119.8638554137197,
              37.13533897352156
            ],
            [
              -119.86383547456876,
              37.135273285415906
            ],
            [
              -119.86382383532533,
              37.13520633070932
            ],
            [
              -119.8638206125235,
              37.13513877988975
            ],
            [
              -119.86382583841414,
              37.135071309413
            ],
            [
              -119.86383946064268,
              37.135004594928475
            ],
            [
              -119.86386536166493,
              37.13490829506478
            ],
            [
              -119.86388615724657,
              37.13484571932075
            ],
            [
              -119.86391434049116,
              37.13478502516765
            ],
            [
              -119.86394965242934,
              37.134726770271975
            ],
            [
              -119.86399176859435,
              37.13467148988659
            ],
            [
              -119.86404030200379,
              37.13461969193307
            ],
            [
              -119.86409480671574,
              37.13457185233486
            ],
            [
              -119.86415478192627,
              37.13452841064481
            ],
            [
              -119.8642196765712,
              37.134489766006666
            ],
            [
              -119.86428889438919,
              37.134456273487935
            ],
            [
              -119.86436179940027,
              37.13442824081781
            ],
            [
              -119.86443772174906,
              37.13440592555988
            ],
            [
              -119.86451596385902,
              37.13438953274583
            ],
            [
              -119.86459580684148,
              37.13437921299181
            ],
            [
              -119.86467651710039,
              37.134375061114696
            ],
            [
              -119.86475735307195,
              37.134377115261
            ],
            [
              -119.86483757203759,
              37.13438535655646
            ],
            [
              -119.86512023775065,
              37.134425502025344
            ],
            [
              -119.86595068722771,
              37.134445993251234
            ],
            [
              -119.86603644428524,
              37.134451623380144
            ],
            [
              -119.86612103922376,
              37.13446421706323
            ],
            [
              -119.86620359227612,
              37.13448364332826
            ],
            [
              -119.86628324490896,
              37.134509700145806
            ],
            [
              -119.86635916875042,
              37.13454211653006
            ],
            [
              -119.86643057420476,
              37.13458055535699
            ],
            [
              -119.86649671866334,
              37.13462461687004
            ],
            [
              -119.86682239001682,
              37.13486508620048
            ],
            [
              -119.86684295111387,
              37.13487760441756
            ],
            [
              -119.8668738284358,
              37.13488688529588
            ],
            [
              -119.86694434966846,
              37.13491430480953
            ],
            [
              -119.86701138784301,
              37.13494684643228
            ],
            [
              -119.867112371565,
              37.13500115741246
            ],
            [
              -119.86712775574952,
              37.13500246025997
            ],
            [
              -119.86720639787448,
              37.1350152583939
            ],
            [
              -119.86728316566641,
              37.1350339803784
            ],
            [
              -119.8674159646531,
              37.135071980104414
            ],
            [
              -119.86746651258832,
              37.135087931436786
            ],
            [
              -119.86760649643807,
              37.13513633069248
            ],
            [
              -119.86761012410132,
              37.13513281136388
            ],
            [
              -119.86760309541913,
              37.1350820458157
            ],
            [
              -119.86759650985043,
              37.13499189738523
            ],
            [
              -119.86755058457072,
              37.13496455334961
            ],
            [
              -119.86746530491949,
              37.13494087664344
            ],
            [
              -119.86743141307487,
              37.134936261024265
            ],
            [
              -119.86735689142787,
              37.13492331356519
            ],
            [
              -119.86728413423378,
              37.13490503208322
            ],
            [
              -119.86721373580549,
              37.13488156590922
            ],
            [
              -119.86715955029693,
              37.13485870837161
            ],
            [
              -119.86712251058215,
              37.13484747197941
            ],
            [
              -119.86704502654345,
              37.134816350936774
            ],
            [
              -119.86697193987969,
              37.13477902882066
            ],
            [
              -119.86690402209231,
              37.13473589960507
            ],
            [
              -119.8666986216562,
              37.1345910986613
            ],
            [
              -119.86664694490302,
              37.13455142774289
            ],
            [
              -119.86659965484301,
              37.13450839207062
            ],
            [
              -119.86648845509426,
              37.1343980914466
            ],
            [
              -119.86644008278192,
              37.134345023879774
            ],
            [
              -119.86639837773991,
              37.13428844524219
            ],
            [
              -119.86636373440926,
              37.134228890667295
            ],
            [
              -119.86633648043728,
              37.1341669234344
            ],
            [
              -119.86631687357908,
              37.13410312964101
            ],
            [
              -119.86630509926032,
              37.134038112659134
            ],
            [
              -119.86630126882407,
              37.13397248742838
            ],
            [
              -119.86630136928348,
              37.13393118740967
            ],
            [
              -119.86630584343065,
              37.13386301472172
            ],
            [
              -119.86631888847904,
              37.13379555168299
            ],
            [
              -119.86634037118348,
              37.13372948725879
            ],
            [
              -119.86637007213072,
              37.133665496129346
            ],
            [
              -119.86640768798117,
              37.13360423179964
            ],
            [
              -119.86645283456731,
              37.133546319925784
            ],
            [
              -119.86650505081778,
              37.13349235192575
            ],
            [
              -119.86655665096102,
              37.13344425219718
            ],
            [
              -119.86661590780076,
              37.13339439573426
            ],
            [
              -119.8666811928978,
              37.13334962529225
            ],
            [
              -119.86675182862325,
              37.13331040555972
            ],
            [
              -119.86682708181564,
              37.133277143611544
            ],
            [
              -119.86690617139075,
              37.133250184683995
            ],
            [
              -119.86698827644821,
              37.13322980859174
            ],
            [
              -119.86707254479157,
              37.13321622682371
            ],
            [
              -119.86715810177293,
              37.13320958034832
            ],
            [
              -119.867338100183,
              37.133202980473925
            ],
            [
              -119.86741584243099,
              37.13320300052489
            ],
            [
              -119.86749325235908,
              37.13320874964959
            ],
            [
              -119.86771175044133,
              37.13323314951676
            ],
            [
              -119.86773950633432,
              37.13323745547973
            ],
            [
              -119.86780302118248,
              37.13320113628532
            ],
            [
              -119.86787285744536,
              37.13316878479297
            ],
            [
              -119.86794623390371,
              37.133141922023455
            ],
            [
              -119.86802247956768,
              37.13312079362095
            ],
            [
              -119.86810089721233,
              37.133105592791786
            ],
            [
              -119.86818076975285,
              37.13309645853792
            ],
            [
              -119.86826136680156,
              37.1330934743859
            ],
            [
              -119.86841566542745,
              37.13309367444227
            ],
            [
              -119.86848139599374,
              37.13309581296514
            ],
            [
              -119.86850232748739,
              37.133097809966046
            ],
            [
              -119.86847202279075,
              37.132812805664955
            ],
            [
              -119.86846951615645,
              37.13273146444729
            ],
            [
              -119.86847369197267,
              37.13263756886205
            ],
            [
              -119.86846569588194,
              37.132638506566295
            ],
            [
              -119.86838265427097,
              37.13264162458103
            ],
            [
              -119.8683311538123,
              37.13264152459956
            ],
            [
              -119.86824572648918,
              37.13263788621664
            ],
            [
              -119.86816119848163,
              37.13262734024392
            ],
            [
              -119.86807843882795,
              37.132609995104275
            ],
            [
              -119.86799829838465,
              37.13258602912335
            ],
            [
              -119.86792160107814,
              37.13255568869591
            ],
            [
              -119.86784913543337,
              37.132519285752636
            ],
            [
              -119.86778164646647,
              37.13247719455281
            ],
            [
              -119.86772164632703,
              37.132435694280666
            ],
            [
              -119.86766569305468,
              37.13239326953975
            ],
            [
              -119.86761480781517,
              37.13234693421851
            ],
            [
              -119.86756941510156,
              37.132297074861896
            ],
            [
              -119.86751821538506,
              37.13223507454717
            ],
            [
              -119.86747481900238,
              37.13217626136398
            ],
            [
              -119.86743906299567,
              37.13211423982919
            ],
            [
              -119.86741131297283,
              37.13204964414985
            ],
            [
              -119.86739185267344,
              37.131983134853684
            ],
            [
              -119.86738088106794,
              37.13191539203452
            ],
            [
              -119.8673785103241,
              37.131847108397984
            ],
            [
              -119.86738413657031,
              37.13164948891886
            ],
            [
              -119.86731870639306,
              37.131584617024906
            ],
            [
              -119.86730185361911,
              37.131565973789414
            ],
            [
              -119.86729535646933,
              37.13156616052109
            ],
            [
              -119.8669395532978,
              37.13156216061982
            ],
            [
              -119.86686592114918,
              37.13155875130263
            ],
            [
              -119.86679294223642,
              37.131550206174005
            ],
            [
              -119.8667211742735,
              37.1315365905363
            ],
            [
              -119.8666807046616,
              37.131527399797776
            ],
            [
              -119.86651791881758,
              37.13151263306005
            ],
            [
              -119.86643760762864,
              37.131502186424356
            ],
            [
              -119.86635892670112,
              37.13148559440249
            ],
            [
              -119.86628260778795,
              37.1314630113039
            ],
            [
              -119.86620936067314,
              37.13143464715657
            ],
            [
              -119.86613986657026,
              37.131400765753604
            ],
            [
              -119.86607477178663,
              37.1313616821997
            ],
            [
              -119.86601468171222,
              37.13131775998041
            ],
            [
              -119.86596338168154,
              37.13127645972388
            ],
            [
              -119.86590800023829,
              37.13122727001866
            ],
            [
              -119.8658589006538,
              37.13117397476887
            ],
            [
              -119.86581655481942,
              37.13111708620379
            ],
            [
              -119.86578136971211,
              37.1310571510876
            ],
            [
              -119.86575368348362,
              37.13099474546413
            ],
            [
              -119.86573376221074,
              37.13093046912025
            ],
            [
              -119.86572179733882,
              37.13086493982103
            ],
            [
              -119.86571790384241,
              37.1307987873723
            ],
            [
              -119.86571800430173,
              37.13075748735359
            ],
            [
              -119.86572259578874,
              37.13068841067419
            ],
            [
              -119.86573598600401,
              37.13062007211955
            ],
            [
              -119.86575803451603,
              37.130553188277624
            ],
            [
              -119.8657885101052,
              37.1304884604806
            ],
            [
              -119.86582709318917,
              37.13042656745087
            ],
            [
              -119.86586589358355,
              37.130371567673635
            ],
            [
              -119.8659209223919,
              37.13030346538708
            ],
            [
              -119.86598574885356,
              37.13024113492545
            ],
            [
              -119.86608523979605,
              37.1301563865509
            ],
            [
              -119.86603158268441,
              37.13000636008589
            ],
            [
              -119.86597035057561,
              37.129944639149194
            ],
            [
              -119.86590186884546,
              37.12989714835356
            ],
            [
              -119.86555994085316,
              37.129912636043876
            ],
            [
              -119.86548462266231,
              37.12994142097268
            ],
            [
              -119.86540591551936,
              37.1299641483697
            ],
            [
              -119.86532478387662,
              37.12998052195525
            ],
            [
              -119.86524202566702,
              37.12999038069328
            ],
            [
              -119.86515845482243,
              37.12999362762158
            ],
            [
              -119.86504705383057,
              37.12999352766264
            ],
            [
              -119.86496601138771,
              37.129990330766894
            ],
            [
              -119.86488572730373,
              37.1299809151704
            ],
            [
              -119.86480694417641,
              37.129965367963074
            ],
            [
              -119.86473039071923,
              37.12994383294994
            ],
            [
              -119.86465677502086,
              37.1299165093209
            ],
            [
              -119.86458677799482,
              37.12988364980817
            ],
            [
              -119.86452104708113,
              37.12984555834849
            ],
            [
              -119.86446019025753,
              37.12980258727162
            ],
            [
              -119.86440477041569,
              37.12975513404131
            ],
            [
              -119.86435357049346,
              37.12970683376134
            ],
            [
              -119.86429957334668,
              37.12965007111152
            ],
            [
              -119.86425335508913,
              37.12958906475976
            ],
            [
              -119.86421543135448,
              37.1295244953473
            ],
            [
              -119.8641862252319,
              37.12945708326647
            ],
            [
              -119.86416606254636,
              37.12938758062311
            ],
            [
              -119.86415516822439,
              37.12931676284512
            ],
            [
              -119.86414676927942,
              37.129220462741145
            ],
            [
              -119.86414530247087,
              37.12914829660739
            ],
            [
              -119.86415346003125,
              37.1290764170748
            ],
            [
              -119.86417114881078,
              37.12900564468266
            ],
            [
              -119.86419816685766,
              37.1289367873294
            ],
            [
              -119.86422860236459,
              37.12888091710381
            ],
            [
              -119.86411754216141,
              37.12880086589735
            ],
            [
              -119.86404876051942,
              37.12874517977785
            ],
            [
              -119.86398849089011,
              37.128683493502976
            ],
            [
              -119.86392879117194,
              37.12861449314321
            ],
            [
              -119.86388015655639,
              37.12855108482774
            ],
            [
              -119.86384052698516,
              37.12848377815324
            ],
            [
              -119.86381538932177,
              37.128425079364284
            ],
            [
              -119.86375596394835,
              37.12835544889498
            ],
            [
              -119.86364407769264,
              37.12827159599562
            ],
            [
              -119.86358626085149,
              37.12822377395936
            ],
            [
              -119.86353460221052,
              37.128171628270344
            ],
            [
              -119.8634896032621,
              37.12811566516137
            ],
            [
              -119.86345170084299,
              37.12805642792397
            ],
            [
              -119.86342126289388,
              37.12799449163384
            ],
            [
              -119.86339858488793,
              37.1279304575678
            ],
            [
              -119.86338388696295,
              37.127864947366405
            ],
            [
              -119.86337731178502,
              37.12779859699897
            ],
            [
              -119.86336921418449,
              37.127581796840204
            ],
            [
              -119.86337079927975,
              37.12751555761818
            ],
            [
              -119.86338048016384,
              37.12744976127768
            ],
            [
              -119.86339816370152,
              37.12738504067184
            ],
            [
              -119.86342367978608,
              37.12732201830542
            ],
            [
              -119.86345678297633,
              37.12726130034733
            ],
            [
              -119.86349715485801,
              37.12720347080047
            ],
            [
              -119.8635444071069,
              37.127149085884774
            ],
            [
              -119.8636304074896,
              37.12705978635129
            ],
            [
              -119.86368435725424,
              37.127009137972635
            ],
            [
              -119.86374427064645,
              37.12696298719892
            ],
            [
              -119.86380956586693,
              37.126921782176446
            ],
            [
              -119.86387960885938,
              37.126885923025014
            ],
            [
              -119.86395371946759,
              37.12685575795281
            ],
            [
              -119.86403117803978,
              37.126831579875464
            ],
            [
              -119.86411123241653,
              37.126813623571806
            ],
            [
              -119.86419310523416,
              37.12680206340435
            ],
            [
              -119.86427600147273,
              37.12679701162627
            ],
            [
              -119.86435911617546,
              37.12679851729153
            ],
            [
              -119.8644416422646,
              37.12680656577861
            ],
            [
              -119.86447101118077,
              37.126811819125884
            ],
            [
              -119.86449271145563,
              37.12681222650227
            ],
            [
              -119.86456717343752,
              37.12681894985844
            ],
            [
              -119.86463433326969,
              37.126827447008246
            ],
            [
              -119.86465004597389,
              37.12679798112601
            ],
            [
              -119.8646876578928,
              37.126742467841154
            ],
            [
              -119.86473158002246,
              37.12669000972819
            ],
            [
              -119.86477882528091,
              37.126643621259426
            ],
            [
              -119.86474679566116,
              37.126410594646934
            ],
            [
              -119.86473635488784,
              37.12639351523207
            ],
            [
              -119.86470845181435,
              37.12633446214265
            ],
            [
              -119.86468755616508,
              37.12627358100814
            ],
            [
              -119.86467385046382,
              37.12621140367497
            ],
            [
              -119.86466745442318,
              37.126148473311716
            ],
            [
              -119.86466345545035,
              37.126055573239945
            ],
            [
              -119.86466453002309,
              37.12599104073559
            ],
            [
              -119.86467024052224,
              37.1259492208241
            ],
            [
              -119.86464800965197,
              37.12593568466748
            ],
            [
              -119.86459489188923,
              37.12589723341625
            ],
            [
              -119.86454603768931,
              37.12585531382545
            ],
            [
              -119.86419622573015,
              37.12552837412812
            ],
            [
              -119.86407364595648,
              37.12543389511109
            ],
            [
              -119.86401660590961,
              37.12538536873845
            ],
            [
              -119.86396581456664,
              37.12533257827571
            ],
            [
              -119.86392176620362,
              37.12527603746636
            ],
            [
              -119.86388488947262,
              37.12521629655033
            ],
            [
              -119.8638555432306,
              37.1251539369089
            ],
            [
              -119.86383401304768,
              37.12508956540671
            ],
            [
              -119.86382050842863,
              37.125023808485786
            ],
            [
              -119.86381516077482,
              37.12495730606894
            ],
            [
              -119.86381802210623,
              37.12489070533229
            ],
            [
              -119.86382906455597,
              37.124824654407114
            ],
            [
              -119.8638481806424,
              37.1247597960724
            ],
            [
              -119.86389138185416,
              37.124639996315324
            ],
            [
              -119.86391858587076,
              37.12457656008036
            ],
            [
              -119.86395351185756,
              37.12451559668744
            ],
            [
              -119.86399581549314,
              37.124457707117955
            ],
            [
              -119.8640450797294,
              37.124403462049884
            ],
            [
              -119.86410081890332,
              37.124353396232245
            ],
            [
              -119.86416248352509,
              37.124308003213756
            ],
            [
              -119.86422946569525,
              37.12426773047767
            ],
            [
              -119.86430110509727,
              37.1242329750308
            ],
            [
              -119.86437669550706,
              37.12420407949005
            ],
            [
              -119.86445549175453,
              37.12418132870516
            ],
            [
              -119.8645367170692,
              37.124164946950934
            ],
            [
              -119.86461957073708,
              37.124155095716524
            ],
            [
              -119.86470323599342,
              37.12415187211366
            ],
            [
              -119.86478688807381,
              37.12415530791939
            ],
            [
              -119.86486970234397,
              37.124165369262904
            ],
            [
              -119.8649508624282,
              37.12418195695951
            ],
            [
              -119.86543565856398,
              37.12430185610897
            ],
            [
              -119.86552373052146,
              37.12432802079616
            ],
            [
              -119.8656076237682,
              37.12436186380334
            ],
            [
              -119.86568629814002,
              37.12440296552355
            ],
            [
              -119.86582214060563,
              37.12448290700965
            ],
            [
              -119.8658762912956,
              37.12444051268327
            ],
            [
              -119.86616889104144,
              37.12423401406518
            ],
            [
              -119.86623177788935,
              37.124193734720784
            ],
            [
              -119.86629917440243,
              37.12415844025021
            ],
            [
              -119.8663704664659,
              37.12412845225164
            ],
            [
              -119.86644500447183,
              37.124104043970966
            ],
            [
              -119.86652210923805,
              37.12408543781208
            ],
            [
              -119.86660107819633,
              37.124072803310646
            ],
            [
              -119.86668119179373,
              37.124066255589355
            ],
            [
              -119.86676172004864,
              37.12406585430911
            ],
            [
              -119.8668419292016,
              37.1240716031255
            ],
            [
              -119.86692108840066,
              37.12408344965547
            ],
            [
              -119.86699847636041,
              37.12410128595465
            ],
            [
              -119.86707338793353,
              37.12412494950088
            ],
            [
              -119.86714514053564,
              37.12415422467498
            ],
            [
              -119.8672130803644,
              37.12418884472532
            ],
            [
              -119.86727658835667,
              37.124228494198285
            ],
            [
              -119.86733508582907,
              37.12427281181247
            ],
            [
              -119.86738803975071,
              37.1243213937504
            ],
            [
              -119.86743496760023,
              37.12437379733794
            ],
            [
              -119.86760176858809,
              37.12458019630365
            ],
            [
              -119.86763563072846,
              37.12462595075304
            ],
            [
              -119.86766489271193,
              37.124673696521015
            ],
            [
              -119.86770826640914,
              37.124752132696
            ],
            [
              -119.86775394834342,
              37.124766117059906
            ],
            [
              -119.86782593879008,
              37.12479470960871
            ],
            [
              -119.86789420523398,
              37.124828657168436
            ],
            [
              -119.86821950380823,
              37.12500815592054
            ],
            [
              -119.86828409876468,
              37.12504760250485
            ],
            [
              -119.8683436561202,
              37.12509184103497
            ],
            [
              -119.86839762363563,
              37.12514046131985
            ],
            [
              -119.86844550089941,
              37.12519301253901
            ],
            [
              -119.86845561310952,
              37.125206708484775
            ],
            [
              -119.86847739693725,
              37.125204736344976
            ],
            [
              -119.86854179637174,
              37.125201336398945
            ],
            [
              -119.86862977098296,
              37.12520037339963
            ],
            [
              -119.868692954731,
              37.12520497317632
            ],
            [
              -119.86872638898919,
              37.1250394462565
            ],
            [
              -119.86874302826452,
              37.12497634788264
            ],
            [
              -119.86876710585152,
              37.12491480754134
            ],
            [
              -119.86879840229733,
              37.12485538609005
            ],
            [
              -119.86883663236063,
              37.124798625074035
            ],
            [
              -119.86888144761195,
              37.12474504179103
            ],
            [
              -119.86893243960942,
              37.12469512457701
            ],
            [
              -119.86900973977028,
              37.12462642497723
            ],
            [
              -119.86906603485781,
              37.1245809289982
            ],
            [
              -119.86912745760367,
              37.12453990643858
            ],
            [
              -119.86919345589762,
              37.12450372603167
            ],
            [
              -119.86926343650453,
              37.12447271298614
            ],
            [
              -119.86933677039661,
              37.12444714606318
            ],
            [
              -119.86941279840735,
              37.124427255070984
            ],
            [
              -119.86949083715598,
              37.12441321879927
            ],
            [
              -119.86957018518979,
              37.12440516341234
            ],
            [
              -119.8696501292887,
              37.124403161315286
            ],
            [
              -119.8697299508755,
              37.124407230503124
            ],
            [
              -119.86980893247424,
              37.12441733439917
            ],
            [
              -119.86988636415883,
              37.124433382183796
            ],
            [
              -119.8699615499337,
              37.12445522961068
            ],
            [
              -119.87003381398921,
              37.124482680303345
            ],
            [
              -119.87017931310784,
              37.124544879855016
            ],
            [
              -119.87022812390639,
              37.12456816044169
            ],
            [
              -119.87024095414799,
              37.12455227816249
            ],
            [
              -119.8702938777283,
              37.12449929512752
            ],
            [
              -119.87035317142248,
              37.12445083014667
            ],
            [
              -119.87050518416784,
              37.12433846625615
            ],
            [
              -119.87053521820692,
              37.124300914663934
            ],
            [
              -119.87058519035673,
              37.12424994644198
            ],
            [
              -119.8706410311781,
              37.124203046669734
            ],
            [
              -119.87070222685259,
              37.12416064688528
            ],
            [
              -119.87076821429307,
              37.12412313722022
            ],
            [
              -119.870838386325,
              37.12409086281014
            ],
            [
              -119.87091209727313,
              37.12406412061921
            ],
            [
              -119.87098866890211,
              37.12404315670788
            ],
            [
              -119.87106739665704,
              37.12402816396906
            ],
            [
              -119.8710923680807,
              37.12402441145259
            ],
            [
              -119.87113614836325,
              37.123997781243894
            ],
            [
              -119.87120464640617,
              37.12396384126666
            ],
            [
              -119.87126634610179,
              37.12393644149163
            ],
            [
              -119.87133639872094,
              37.123908649188955
            ],
            [
              -119.87140936346326,
              37.12388616895716
            ],
            [
              -119.87148461372102,
              37.12386919385089
            ],
            [
              -119.87156150326071,
              37.12385786964781
            ],
            [
              -119.87163937177226,
              37.12385229359681
            ],
            [
              -119.87171755053923,
              37.12385251358296
            ],
            [
              -119.87179536818121,
              37.1238585277163
            ],
            [
              -119.87187215641896,
              37.123870284348165
            ],
            [
              -119.87204355498297,
              37.12390318412584
            ],
            [
              -119.87212368374223,
              37.123921966672626
            ],
            [
              -119.87220110154985,
              37.12394699949549
            ],
            [
              -119.87227505013762,
              37.12397803741059
            ],
            [
              -119.87234480521427,
              37.12401477641724
            ],
            [
              -119.87244780481247,
              37.12407507600343
            ],
            [
              -119.87251838083425,
              37.12412127920374
            ],
            [
              -119.8725823189787,
              37.12417331048351
            ],
            [
              -119.8726388726573,
              37.12423056229781
            ],
            [
              -119.87264932495408,
              37.12424387930532
            ],
            [
              -119.87285311050279,
              37.12432550036331
            ],
            [
              -119.872872681841,
              37.124310755878575
            ],
            [
              -119.87293539165375,
              37.12427172438273
            ],
            [
              -119.87300240757975,
              37.124237588239254
            ],
            [
              -119.87307313559637,
              37.12420865002414
            ],
            [
              -119.87314694878015,
              37.124185166239435
            ],
            [
              -119.87322319286339,
              37.12416734503994
            ],
            [
              -119.87330119203321,
              37.12415534438823
            ],
            [
              -119.87352799010668,
              37.1241292446986
            ],
            [
              -119.87361577534435,
              37.1241228676318
            ],
            [
              -119.87370391236726,
              37.12412385992325
            ],
            [
              -119.8737914389968,
              37.124132210739205
            ],
            [
              -119.8738773997177,
              37.1241478289139
            ],
            [
              -119.87396085610835,
              37.124170543944985
            ],
            [
              -119.87412285492611,
              37.124222343569336
            ],
            [
              -119.87420594068976,
              37.124253196802655
            ],
            [
              -119.87428436011211,
              37.12429108020513
            ],
            [
              -119.87435718897834,
              37.12433554730297
            ],
            [
              -119.8746648403904,
              37.124545482543994
            ],
            [
              -119.87471223852431,
              37.12450179477259
            ],
            [
              -119.87477512823928,
              37.124454571733665
            ],
            [
              -119.8748092281942,
              37.12443147189169
            ],
            [
              -119.87487506506399,
              37.12439114409876
            ],
            [
              -119.87494552655369,
              37.12435618458315
            ],
            [
              -119.8750199324189,
              37.12432693084489
            ],
            [
              -119.87548951260167,
              37.124164719818175
            ],
            [
              -119.87548415239544,
              37.12413160032547
            ],
            [
              -119.87548181428652,
              37.12406303685241
            ],
            [
              -119.87548817084804,
              37.123994636946755
            ],
            [
              -119.8755019718151,
              37.123906737002756
            ],
            [
              -119.87551554582201,
              37.12384419369209
            ],
            [
              -119.87553639158274,
              37.12378294682818
            ],
            [
              -119.87556432499515,
              37.12372353726915
            ],
            [
              -119.87559909936915,
              37.123666489646965
            ],
            [
              -119.87564040760563,
              37.123612307734675
            ],
            [
              -119.8756878849088,
              37.123561469997796
            ],
            [
              -119.87574111200804,
              37.12351442536934
            ],
            [
              -119.87579961886063,
              37.12347158928561
            ],
            [
              -119.87588191873652,
              37.12341678966382
            ],
            [
              -119.87594659750313,
              37.12337777073774
            ],
            [
              -119.87601565029564,
              37.12334389740733
            ],
            [
              -119.87608844083844,
              37.12331548178946
            ],
            [
              -119.87616429841778,
              37.1232927857118
            ],
            [
              -119.8762425240618,
              37.12327601830054
            ],
            [
              -119.87640032278524,
              37.123248618591745
            ],
            [
              -119.87640925970989,
              37.12324741095063
            ],
            [
              -119.87646351437522,
              37.1231606459921
            ],
            [
              -119.87646206685216,
              37.12315928741069
            ],
            [
              -119.87641416698871,
              37.12310988713675
            ],
            [
              -119.87636492274041,
              37.12305336833964
            ],
            [
              -119.87632312600502,
              37.12299312605112
            ],
            [
              -119.87628921177263,
              37.12292978725425
            ],
            [
              -119.87626353299174,
              37.1228640111582
            ],
            [
              -119.87624635689667,
              37.1227964823371
            ],
            [
              -119.87623786222706,
              37.122727903605046
            ],
            [
              -119.87623096349881,
              37.12261250350219
            ],
            [
              -119.87623102659603,
              37.12254686376096
            ],
            [
              -119.87623904504069,
              37.1224815387994
            ],
            [
              -119.87625494310439,
              37.12241714539759
            ],
            [
              -119.8762785706624,
              37.12235429153847
            ],
            [
              -119.87630970461187,
              37.122293570667566
            ],
            [
              -119.87635780529865,
              37.122211370947106
            ],
            [
              -119.87640024914324,
              37.122147884106795
            ],
            [
              -119.87641054288726,
              37.122135788254845
            ],
            [
              -119.87637349160303,
              37.12211333800293
            ],
            [
              -119.87625689127536,
              37.122036437491495
            ],
            [
              -119.87618290885855,
              37.121981371233204
            ],
            [
              -119.87611767574242,
              37.12191961904674
            ],
            [
              -119.87603547602532,
              37.121831618568216
            ],
            [
              -119.87598722828099,
              37.121774021911655
            ],
            [
              -119.87597510190274,
              37.12175573484758
            ],
            [
              -119.87596028903708,
              37.12175586819853
            ],
            [
              -119.8758796082967,
              37.121750377674694
            ],
            [
              -119.87583940794335,
              37.12174607765198
            ],
            [
              -119.87575495666492,
              37.12173351130793
            ],
            [
              -119.8756725390237,
              37.12171413309199
            ],
            [
              -119.8755930095363,
              37.12168814391936
            ],
            [
              -119.8755171927725,
              37.121655813248395
            ],
            [
              -119.8754458748055,
              37.12161747628679
            ],
            [
              -119.87537979506129,
              37.12157353051575
            ],
            [
              -119.87537455381289,
              37.12156925267488
            ],
            [
              -119.87535537028474,
              37.12159751369442
            ],
            [
              -119.87531339375586,
              37.12165285524424
            ],
            [
              -119.87526499329648,
              37.12170472433873
            ],
            [
              -119.8752106135788,
              37.12175264442376
            ],
            [
              -119.87515075421311,
              37.121796175226194
            ],
            [
              -119.8750859651577,
              37.12183491679934
            ],
            [
              -119.87501684166608,
              37.12186851319753
            ],
            [
              -119.87494401881794,
              37.121896655746816
            ],
            [
              -119.8748681656841,
              37.121919085881125
            ],
            [
              -119.87478997917896,
              37.12193559751807
            ],
            [
              -119.87471017765695,
              37.12194603895251
            ],
            [
              -119.8746294943124,
              37.12195031425058
            ],
            [
              -119.87454867044227,
              37.121948384131166
            ],
            [
              -119.874468448635,
              37.121940266326845
            ],
            [
              -119.87438956594717,
              37.121926035421005
            ],
            [
              -119.8743127471311,
              37.12190582216257
            ],
            [
              -119.87423869797556,
              37.12187981226468
            ],
            [
              -119.87416809882075,
              37.1218482446982
            ],
            [
              -119.87410159830702,
              37.121811409496125
            ],
            [
              -119.8740398074153,
              37.12176964508861
            ],
            [
              -119.87398329385317,
              37.12172333519335
            ],
            [
              -119.87393257683918,
              37.12167290528996
            ],
            [
              -119.8738775770513,
              37.12161250496601
            ],
            [
              -119.87387371367234,
              37.12160774295805
            ],
            [
              -119.8738394935416,
              37.12159407146422
            ],
            [
              -119.87377001757547,
              37.121562953419904
            ],
            [
              -119.87370451393163,
              37.12152672979453
            ],
            [
              -119.87364356590867,
              37.12148572315572
            ],
            [
              -119.87358771623535,
              37.121440298662925
            ],
            [
              -119.87353746223754,
              37.121390860815595
            ],
            [
              -119.87349325140968,
              37.121337849850896
            ],
            [
              -119.87345547743011,
              37.12128173782333
            ],
            [
              -119.87342447665566,
              37.12122302440096
            ],
            [
              -119.87340052512684,
              37.1211622324157
            ],
            [
              -119.87338383611021,
              37.12109990320753
            ],
            [
              -119.87337703645474,
              37.12106700314537
            ],
            [
              -119.87336745335283,
              37.12100004448762
            ],
            [
              -119.87336624999695,
              37.120932654407795
            ],
            [
              -119.87337343834308,
              37.12086550370666
            ],
            [
              -119.8733889468164,
              37.1207992608005
            ],
            [
              -119.8734126210247,
              37.12073458506765
            ],
            [
              -119.873444225296,
              37.12067212028521
            ],
            [
              -119.87348344502507,
              37.12061248822095
            ],
            [
              -119.87352988980598,
              37.12055628244465
            ],
            [
              -119.8735830973184,
              37.120504062419805
            ],
            [
              -119.87364253793014,
              37.12045634793511
            ],
            [
              -119.8737076199692,
              37.12041361393085
            ],
            [
              -119.87377769561341,
              37.120376285771684
            ],
            [
              -119.87385206733859,
              37.120344735012935
            ],
            [
              -119.87388703087876,
              37.120331647128715
            ],
            [
              -119.87412326345333,
              37.12010425843256
            ],
            [
              -119.87415543945548,
              37.12006817038579
            ],
            [
              -119.87413358507736,
              37.120018458206644
            ],
            [
              -119.87411405867314,
              37.1199550500866
            ],
            [
              -119.87410226965562,
              37.11989042835739
            ],
            [
              -119.8740983281906,
              37.11982519700311
            ],
            [
              -119.87409832861735,
              37.119786796985004
            ],
            [
              -119.8741023370651,
              37.119721026991975
            ],
            [
              -119.87411432284303,
              37.11965588198769
            ],
            [
              -119.87413417204463,
              37.119591980964366
            ],
            [
              -119.8741616960483,
              37.119529931092615
            ],
            [
              -119.87419663331004,
              37.119470321952406
            ],
            [
              -119.87423865184945,
              37.11941371993108
            ],
            [
              -119.87426595204248,
              37.11938072008417
            ],
            [
              -119.87431832779784,
              37.11932406822982
            ],
            [
              -119.87437779015795,
              37.11927209531052
            ],
            [
              -119.87444369169063,
              37.11922536719961
            ],
            [
              -119.87451531485897,
              37.119184392664565
            ],
            [
              -119.87459187983397,
              37.11914961782792
            ],
            [
              -119.87463237795635,
              37.119133398967804
            ],
            [
              -119.87464884758755,
              37.11906710105052
            ],
            [
              -119.87466670908248,
              37.11900884899171
            ],
            [
              -119.87469095282457,
              37.11895209537674
            ],
            [
              -119.87472138765526,
              37.118897287666364
            ],
            [
              -119.87474188791826,
              37.118864387785194
            ],
            [
              -119.87478374912561,
              37.11880493006786
            ],
            [
              -119.87483288915546,
              37.118749158728384
            ],
            [
              -119.87488880630022,
              37.11869764315997
            ],
            [
              -119.87495092966532,
              37.11865090930563
            ],
            [
              -119.87501862499802,
              37.1186094342888
            ],
            [
              -119.87509120116279,
              37.11857364154256
            ],
            [
              -119.8751666007854,
              37.11854054181542
            ],
            [
              -119.87523757649161,
              37.11851276229366
            ],
            [
              -119.87531148602461,
              37.118490421585214
            ],
            [
              -119.87534750888966,
              37.11848252349602
            ],
            [
              -119.87531949951287,
              37.118477495139906
            ],
            [
              -119.87524239529755,
              37.1184572551182
            ],
            [
              -119.87516807615151,
              37.1184311762991
            ],
            [
              -119.87509722971669,
              37.11839949997845
            ],
            [
              -119.87498742915473,
              37.11834469959075
            ],
            [
              -119.87490893817605,
              37.11830036541348
            ],
            [
              -119.87483724962613,
              37.118249173112126
            ],
            [
              -119.8747069495385,
              37.11814487246306
            ],
            [
              -119.87465425712307,
              37.118098588646795
            ],
            [
              -119.87460714410678,
              37.11804859565712
            ],
            [
              -119.87456601547862,
              37.117995323250874
            ],
            [
              -119.87453122478144,
              37.117939229375075
            ],
            [
              -119.87450307107298,
              37.117880796230054
            ],
            [
              -119.87448937136898,
              37.11784789612539
            ],
            [
              -119.87446707535699,
              37.11778407570403
            ],
            [
              -119.87445269551331,
              37.11771881287547
            ],
            [
              -119.87444637021254,
              37.11765273574394
            ],
            [
              -119.87444816030965,
              37.117586480249074
            ],
            [
              -119.87445496116413,
              37.11750958026089
            ],
            [
              -119.87447185858363,
              37.11741471702383
            ],
            [
              -119.87450630561689,
              37.11728696879793
            ],
            [
              -119.87447566220399,
              37.11729722056544
            ],
            [
              -119.87438414186195,
              37.11732299684701
            ],
            [
              -119.87428953101575,
              37.1173401873535
            ],
            [
              -119.87424843067149,
              37.1173456874161
            ],
            [
              -119.87416976977697,
              37.11735319372947
            ],
            [
              -119.87409057645495,
              37.117354757724996
            ],
            [
              -119.87401154913918,
              37.117350365608516
            ],
            [
              -119.87393338479936,
              37.11734005611486
            ],
            [
              -119.87385677279396,
              37.11732392016622
            ],
            [
              -119.87378238878988,
              37.117302100070425
            ],
            [
              -119.87371088880325,
              37.11727478826558
            ],
            [
              -119.87364874096343,
              37.11724502160957
            ],
            [
              -119.8735064334751,
              37.11740335125661
            ],
            [
              -119.8734853779249,
              37.1174357035418
            ],
            [
              -119.87348153980211,
              37.117493609954685
            ],
            [
              -119.87346704448105,
              37.11756528332111
            ],
            [
              -119.87344302702279,
              37.11763529681647
            ],
            [
              -119.87342932734329,
              37.117668196894975
            ],
            [
              -119.87340122822407,
              37.11772653076734
            ],
            [
              -119.87336651461696,
              37.11778253430949
            ],
            [
              -119.8733254838838,
              37.1178357277631
            ],
            [
              -119.87327848750476,
              37.117885655441576
            ],
            [
              -119.87322592806757,
              37.11793188963394
            ],
            [
              -119.87319162809095,
              37.11795938980491
            ],
            [
              -119.87312712506134,
              37.118006032188944
            ],
            [
              -119.87305697160434,
              37.11804711226656
            ],
            [
              -119.87298191236283,
              37.11808219398793
            ],
            [
              -119.87290274405629,
              37.11811090497281
            ],
            [
              -119.87282030702373,
              37.11813294046342
            ],
            [
              -119.87273547630336,
              37.11814806655965
            ],
            [
              -119.87264915234373,
              37.118156122702054
            ],
            [
              -119.87256225144519,
              37.11815702337632
            ],
            [
              -119.87247569603284,
              37.11815075902102
            ],
            [
              -119.87239040486446,
              37.11813739612922
            ],
            [
              -119.87236290463555,
              37.11813189609171
            ],
            [
              -119.87228153381233,
              37.118112083041
            ],
            [
              -119.87220306790961,
              37.118085809148305
            ],
            [
              -119.872128304561,
              37.11805334149713
            ],
            [
              -119.87205800375982,
              37.11801501013267
            ],
            [
              -119.8719928801328,
              37.11797120470665
            ],
            [
              -119.87197161481976,
              37.117953687911374
            ],
            [
              -119.87192002350805,
              37.117952210879146
            ],
            [
              -119.87183835474123,
              37.11794343029795
            ],
            [
              -119.87175814543474,
              37.117928310517996
            ],
            [
              -119.87168016097746,
              37.11790699581748
            ],
            [
              -119.8716458607265,
              37.117896095738466
            ],
            [
              -119.87156874485824,
              37.11786792042008
            ],
            [
              -119.87149554924399,
              37.11783368975255
            ],
            [
              -119.87142701294314,
              37.11779374936613
            ],
            [
              -119.8714120453288,
              37.11778303105097
            ],
            [
              -119.87145093971048,
              37.11787889564109
            ],
            [
              -119.87150931476083,
              37.117985051227436
            ],
            [
              -119.87153834239209,
              37.118045553123785
            ],
            [
              -119.87155999603297,
              37.11810800428827
            ],
            [
              -119.87157407633285,
              37.11817182982675
            ],
            [
              -119.8715804536562,
              37.11823644219189
            ],
            [
              -119.87157906927672,
              37.11830124659172
            ],
            [
              -119.87156993591854,
              37.11836564646504
            ],
            [
              -119.87155313763999,
              37.11842904897298
            ],
            [
              -119.87152882906034,
              37.11849087045656
            ],
            [
              -119.87149723393725,
              37.118550541809654
            ],
            [
              -119.87145864310743,
              37.118607513718025
            ],
            [
              -119.87141341181004,
              37.118661261716376
            ],
            [
              -119.87136195641682,
              37.11871129101649
            ],
            [
              -119.87130475059942,
              37.11875714106233
            ],
            [
              -119.87124232096923,
              37.118798389769964
            ],
            [
              -119.87121492089848,
              37.11881478988922
            ],
            [
              -119.87114725799775,
              37.118851341402994
            ],
            [
              -119.87107550068221,
              37.11888248530759
            ],
            [
              -119.87100032071683,
              37.118907930042674
            ],
            [
              -119.87092242191095,
              37.11892743740147
            ],
            [
              -119.87086057222534,
              37.11893780191699
            ],
            [
              -119.87081274669363,
              37.11895705307465
            ],
            [
              -119.87073831358184,
              37.118980244501444
            ],
            [
              -119.87066147516636,
              37.11899769475998
            ],
            [
              -119.87058292026414,
              37.11900924741661
            ],
            [
              -119.87050335308093,
              37.1190147989066
            ],
            [
              -119.87042348689803,
              37.11901429946273
            ],
            [
              -119.8703440376775,
              37.11900775356148
            ],
            [
              -119.87026571764345,
              37.1189952198829
            ],
            [
              -119.87010111627323,
              37.11896231965849
            ],
            [
              -119.87002666728009,
              37.118944484631214
            ],
            [
              -119.86995458367956,
              37.118921238990175
            ],
            [
              -119.86988547718926,
              37.11889278000308
            ],
            [
              -119.86981993426056,
              37.11885934917926
            ],
            [
              -119.86975851110168,
              37.11882123022001
            ],
            [
              -119.86970172895732,
              37.11877874661089
            ],
            [
              -119.86965006968511,
              37.11873225887639
            ],
            [
              -119.8695333699412,
              37.1186169582231
            ],
            [
              -119.86948713702454,
              37.11856669888369
            ],
            [
              -119.86944689496701,
              37.11851323650731
            ],
            [
              -119.86941298739512,
              37.11845702762508
            ],
            [
              -119.86938570384125,
              37.11839855222038
            ],
            [
              -119.86937710073616,
              37.11837317972402
            ],
            [
              -119.86928747677192,
              37.118396213937125
            ],
            [
              -119.86920437351574,
              37.11841388665058
            ],
            [
              -119.8691194554114,
              37.11842469293223
            ],
            [
              -119.86903360474972,
              37.11842852050476
            ],
            [
              -119.86894771351186,
              37.11842532959902
            ],
            [
              -119.86886267410078,
              37.11841515336728
            ],
            [
              -119.86877937006858,
              37.11839809753871
            ],
            [
              -119.86869866693584,
              37.118374339320894
            ],
            [
              -119.86865066659671,
              37.11835793920177
            ],
            [
              -119.86857355423459,
              37.118327792427365
            ],
            [
              -119.86850066543725,
              37.1182915279822
            ],
            [
              -119.86843275446546,
              37.11824952113671
            ],
            [
              -119.86837052406541,
              37.118202206584144
            ],
            [
              -119.86831461819625,
              37.11815007394217
            ],
            [
              -119.8682656153665,
              37.11809366268586
            ],
            [
              -119.86822402264767,
              37.118033556564846
            ],
            [
              -119.86819027042746,
              37.11797037756238
            ],
            [
              -119.86816470795658,
              37.11790477945873
            ],
            [
              -119.86814759973537,
              37.11783744106557
            ],
            [
              -119.86812690089506,
              37.11772764087142
            ],
            [
              -119.86811869539865,
              37.1176635000284
            ],
            [
              -119.86808400101583,
              37.117152799544975
            ],
            [
              -119.86808356994362,
              37.11708642462305
            ],
            [
              -119.86809127506199,
              37.11702033623251
            ],
            [
              -119.86810704196024,
              37.11695517242755
            ],
            [
              -119.86813071839563,
              37.11689156233422
            ],
            [
              -119.868162075764,
              37.11683012007661
            ],
            [
              -119.86831267792338,
              37.11657202095197
            ],
            [
              -119.86835103830039,
              37.11651384631211
            ],
            [
              -119.86839628281211,
              37.11645893570817
            ],
            [
              -119.86859537520519,
              37.116241169744065
            ],
            [
              -119.86870779221063,
              37.11608541427123
            ],
            [
              -119.86873892476683,
              37.11603389722609
            ],
            [
              -119.86875798283707,
              37.11588356944077
            ],
            [
              -119.8687731329315,
              37.115807522832085
            ],
            [
              -119.86879899203971,
              37.115733351195765
            ],
            [
              -119.86883522408344,
              37.11566201841508
            ],
            [
              -119.8688981799684,
              37.11555585142047
            ],
            [
              -119.86891331417206,
              37.1152584265063
            ],
            [
              -119.86886196331528,
              37.11522512951405
            ],
            [
              -119.86880234104352,
              37.115177885958026
            ],
            [
              -119.86874887215492,
              37.115126134046335
            ],
            [
              -119.86870208529422,
              37.11507038545964
            ],
            [
              -119.86866244303651,
              37.11501119139346
            ],
            [
              -119.86863033731416,
              37.11494913710817
            ],
            [
              -119.86859603798571,
              37.11487223685085
            ],
            [
              -119.868571803891,
              37.114807992640976
            ],
            [
              -119.86855564925254,
              37.11474213974405
            ],
            [
              -119.86854773349393,
              37.11467532812068
            ],
            [
              -119.86854813472087,
              37.11460821719236
            ],
            [
              -119.86855684895139,
              37.11454146933296
            ],
            [
              -119.86857379015579,
              37.11447574333121
            ],
            [
              -119.86859879110672,
              37.11441168788855
            ],
            [
              -119.86863160503052,
              37.11434993521672
            ],
            [
              -119.86874056687148,
              37.11417022204099
            ],
            [
              -119.86881763466954,
              37.11401331879384
            ],
            [
              -119.86884651907056,
              37.11396110659814
            ],
            [
              -119.86888080672533,
              37.113911034736276
            ],
            [
              -119.86899013606818,
              37.113766249201866
            ],
            [
              -119.86905633106389,
              37.11364681063054
            ],
            [
              -119.86905839273261,
              37.11363622470644
            ],
            [
              -119.86908307085476,
              37.11356370159994
            ],
            [
              -119.86911765702638,
              37.11349382321464
            ],
            [
              -119.86924765892314,
              37.11326862397036
            ],
            [
              -119.869280421723,
              37.11321766423279
            ],
            [
              -119.86931846072541,
              37.11316911223405
            ],
            [
              -119.86936150206643,
              37.11312331751381
            ],
            [
              -119.8694574023973,
              37.11302981802487
            ],
            [
              -119.86951562056359,
              37.11297864566234
            ],
            [
              -119.86958007241698,
              37.112932513796125
            ],
            [
              -119.8696500810819,
              37.1128919068961
            ],
            [
              -119.86972491132966,
              37.112857251408855
            ],
            [
              -119.86980377729964,
              37.11282891127949
            ],
            [
              -119.86988585075204,
              37.11280718412986
            ],
            [
              -119.86997026976545,
              37.11279229813319
            ],
            [
              -119.87005614778788,
              37.11278440961815
            ],
            [
              -119.8701425829467,
              37.112783601427196
            ],
            [
              -119.870228667519,
              37.11278988204676
            ],
            [
              -119.87032466667796,
              37.112800881986075
            ],
            [
              -119.87040348466859,
              37.112813002209215
            ],
            [
              -119.87048050756425,
              37.112831066777574
            ],
            [
              -119.87055503806803,
              37.11285491215008
            ],
            [
              -119.87062640144539,
              37.11288432245135
            ],
            [
              -119.87069395163213,
              37.11291903142599
            ],
            [
              -119.87075707708307,
              37.112958724848774
            ],
            [
              -119.87081520630825,
              37.113003043369275
            ],
            [
              -119.87086781304653,
              37.11305158576488
            ],
            [
              -119.87091442103002,
              37.113103912572925
            ],
            [
              -119.87095460829597,
              37.11315955006905
            ],
            [
              -119.87098801100703,
              37.113217994555626
            ],
            [
              -119.87101432674552,
              37.113278716921755
            ],
            [
              -119.8710333172519,
              37.11334116743316
            ],
            [
              -119.8710448105821,
              37.11340478070899
            ],
            [
              -119.87104870266505,
              37.113468980840175
            ],
            [
              -119.87104880364042,
              37.11355678079811
            ],
            [
              -119.87104525873737,
              37.11361927322682
            ],
            [
              -119.87104457861518,
              37.11362319408835
            ],
            [
              -119.87104596741497,
              37.113622152644
            ],
            [
              -119.87116708501921,
              37.11353830250754
            ],
            [
              -119.87131121302326,
              37.11341807045419
            ],
            [
              -119.87137651448532,
              37.11336908340447
            ],
            [
              -119.87144792779212,
              37.11332591159927
            ],
            [
              -119.87152464940091,
              37.11328904080096
            ],
            [
              -119.8716058160449,
              37.11325888587308
            ],
            [
              -119.8717348290324,
              37.11321746327273
            ],
            [
              -119.87175616550118,
              37.11320836637349
            ],
            [
              -119.87175763039106,
              37.1132058394372
            ],
            [
              -119.87179023158431,
              37.113155291571935
            ],
            [
              -119.8718280280656,
              37.11310711990949
            ],
            [
              -119.87196502893806,
              37.11294782067193
            ],
            [
              -119.87200048562747,
              37.11290955565335
            ],
            [
              -119.87224698658794,
              37.11266225697765
            ],
            [
              -119.87230269328391,
              37.11261175674007
            ],
            [
              -119.87236440490423,
              37.1125659524412
            ],
            [
              -119.87243150740406,
              37.11252529983587
            ],
            [
              -119.87255450564392,
              37.112458236323384
            ],
            [
              -119.87258622011957,
              37.11243522749784
            ],
            [
              -119.87262019353258,
              37.1123967305324
            ],
            [
              -119.87276761016692,
              37.11217913913555
            ],
            [
              -119.87281650376326,
              37.11211561331554
            ],
            [
              -119.87287384802629,
              37.11205679418115
            ],
            [
              -119.87292174814709,
              37.11201289443158
            ],
            [
              -119.87298150479673,
              37.111963454046496
            ],
            [
              -119.87304723132425,
              37.11191913856775
            ],
            [
              -119.87311824578896,
              37.11188040777968
            ],
            [
              -119.87319381139008,
              37.111847663523285
            ],
            [
              -119.87333781055516,
              37.111792663997925
            ],
            [
              -119.87336222392582,
              37.11178443919866
            ],
            [
              -119.87334820854691,
              37.11175244025583
            ],
            [
              -119.87332635727361,
              37.111673040917175
            ],
            [
              -119.87330575837137,
              37.11156864072642
            ],
            [
              -119.8732969593678,
              37.111503987123534
            ],
            [
              -119.87329596426619,
              37.11143895549419
            ],
            [
              -119.87330278227,
              37.11137414861263
            ],
            [
              -119.87331735016384,
              37.11131016716844
            ],
            [
              -119.87333953289988,
              37.111247604198816
            ],
            [
              -119.87336912485043,
              37.11118703959168
            ],
            [
              -119.87340585171455,
              37.1111290347111
            ],
            [
              -119.87344937306108,
              37.11107412719396
            ],
            [
              -119.87349928548444,
              37.11102282596713
            ],
            [
              -119.87367038595718,
              37.110863426866366
            ],
            [
              -119.87372609322239,
              37.11081630980134
            ],
            [
              -119.87378718799528,
              37.110773690716535
            ],
            [
              -119.87385310656619,
              37.11073596284329
            ],
            [
              -119.8739232407208,
              37.11070347428276
            ],
            [
              -119.87399694335186,
              37.110676524794265
            ],
            [
              -119.87407817002222,
              37.11065052289235
            ],
            [
              -119.87420074878217,
              37.11051397179448
            ],
            [
              -119.87425110413666,
              37.11046320643831
            ],
            [
              -119.87430730408119,
              37.110416541080454
            ],
            [
              -119.87436883092525,
              37.110374405573495
            ],
            [
              -119.87443511791314,
              37.11033718804296
            ],
            [
              -119.87462011717021,
              37.11024358877459
            ],
            [
              -119.87468691404844,
              37.11021311194965
            ],
            [
              -119.87475689813496,
              37.11018763249735
            ],
            [
              -119.87492829700686,
              37.11013263299693
            ],
            [
              -119.87500419912134,
              37.11011157703986
            ],
            [
              -119.87508225791044,
              37.11009639918633
            ],
            [
              -119.875161765437,
              37.11008723708759
            ],
            [
              -119.87524200062605,
              37.11008417383628
            ],
            [
              -119.87531945044041,
              37.11008417387161
            ],
            [
              -119.87534743775379,
              37.110017026494305
            ],
            [
              -119.87534743830521,
              37.10996759695756
            ],
            [
              -119.87535171958727,
              37.10989962637095
            ],
            [
              -119.87536451844419,
              37.109832345739164
            ],
            [
              -119.87538570494665,
              37.109766437951635
            ],
            [
              -119.87539937906578,
              37.10973669210931
            ],
            [
              -119.87536641114356,
              37.10967146600613
            ],
            [
              -119.87534183753088,
              37.109602683202354
            ],
            [
              -119.8753213382453,
              37.10953118303043
            ],
            [
              -119.87530524691483,
              37.109455628184946
            ],
            [
              -119.87529994556373,
              37.10937909977696
            ],
            [
              -119.8753000462336,
              37.1093187997492
            ],
            [
              -119.87530394768133,
              37.109254797968994
            ],
            [
              -119.87531540319102,
              37.10919138018697
            ],
            [
              -119.87532515101954,
              37.10915927846894
            ],
            [
              -119.87524574949178,
              37.109151396187286
            ],
            [
              -119.87516020511285,
              37.10913929385907
            ],
            [
              -119.87507666869043,
              37.10912020874105
            ],
            [
              -119.87499602634298,
              37.109094343279224
            ],
            [
              -119.8749191334878,
              37.10906197184264
            ],
            [
              -119.87484680576638,
              37.10902343781264
            ],
            [
              -119.87477981039217,
              37.10897914994026
            ],
            [
              -119.87469761025292,
              37.10891884955281
            ],
            [
              -119.87463907426275,
              37.10887144718952
            ],
            [
              -119.8745866575619,
              37.10881965434639
            ],
            [
              -119.87454087070752,
              37.10876397551579
            ],
            [
              -119.87450215967519,
              37.10870495304087
            ],
            [
              -119.87447090151514,
              37.108643161832674
            ],
            [
              -119.8744159026296,
              37.108516861417414
            ],
            [
              -119.87439217889039,
              37.108452161559846
            ],
            [
              -119.87437662718416,
              37.1083858897324
            ],
            [
              -119.87436355533299,
              37.10830929697837
            ],
            [
              -119.87429000322092,
              37.108275647133276
            ],
            [
              -119.8742194208004,
              37.10823511841329
            ],
            [
              -119.87415441621786,
              37.10818899137798
            ],
            [
              -119.87409567868478,
              37.108137755095974
            ],
            [
              -119.87404383096157,
              37.108081952806664
            ],
            [
              -119.87399942275484,
              37.10802217616004
            ],
            [
              -119.87395386611388,
              37.107952976926356
            ],
            [
              -119.87394068033319,
              37.10794827560911
            ],
            [
              -119.8738703689344,
              37.1079164325593
            ],
            [
              -119.87380418317645,
              37.107879348675965
            ],
            [
              -119.87380107522186,
              37.10787722533119
            ],
            [
              -119.87372583853532,
              37.10787188853069
            ],
            [
              -119.87364680053285,
              37.10786012819929
            ],
            [
              -119.87353019955407,
              37.10783812805143
            ],
            [
              -119.87345170095202,
              37.10782006300023
            ],
            [
              -119.87343073122346,
              37.10781341957614
            ],
            [
              -119.87338736412413,
              37.10784176068677
            ],
            [
              -119.87330144051313,
              37.10791451402213
            ],
            [
              -119.87323134285181,
              37.107967453429644
            ],
            [
              -119.87309166245103,
              37.10806147120977
            ],
            [
              -119.87279843493988,
              37.10830171726652
            ],
            [
              -119.87272953930022,
              37.10835223783738
            ],
            [
              -119.87265409092403,
              37.10839634685301
            ],
            [
              -119.87257301521527,
              37.10843350329166
            ],
            [
              -119.87224891499353,
              37.108563513550955
            ],
            [
              -119.87220653438239,
              37.108596127520705
            ],
            [
              -119.87217890172357,
              37.108623237119055
            ],
            [
              -119.87216808189531,
              37.10866118688347
            ],
            [
              -119.87214397804514,
              37.10872913820005
            ],
            [
              -119.8720549800623,
              37.108937838711185
            ],
            [
              -119.87202363154235,
              37.109000822654444
            ],
            [
              -119.87198455752862,
              37.10906097244201
            ],
            [
              -119.87193815165664,
              37.1091176820906
            ],
            [
              -119.87167795305292,
              37.10940328352058
            ],
            [
              -119.8716253631148,
              37.10945537265373
            ],
            [
              -119.87161381071355,
              37.109464740994994
            ],
            [
              -119.8716157361402,
              37.1094698794465
            ],
            [
              -119.87163033589302,
              37.10952541599449
            ],
            [
              -119.87163906350158,
              37.109581738052405
            ],
            [
              -119.87165976571568,
              37.10978483781231
            ],
            [
              -119.87166245775991,
              37.109850444005296
            ],
            [
              -119.87165718667015,
              37.109915949723415
            ],
            [
              -119.87164400219645,
              37.109980736449614
            ],
            [
              -119.87162302880917,
              37.1100441924542
            ],
            [
              -119.8715944645244,
              37.11010571857084
            ],
            [
              -119.87155857903497,
              37.11016473385419
            ],
            [
              -119.87151571116463,
              37.11022068106539
            ],
            [
              -119.87146626566928,
              37.11027303193391
            ],
            [
              -119.87141070941554,
              37.110321292145805
            ],
            [
              -119.87113950460034,
              37.110535036695765
            ],
            [
              -119.87111969643102,
              37.11057479866707
            ],
            [
              -119.87112597347499,
              37.11058672774154
            ],
            [
              -119.871150914583,
              37.11065173237663
            ],
            [
              -119.87116756888595,
              37.110718415938656
            ],
            [
              -119.87117576758561,
              37.11078610264897
            ],
            [
              -119.8711754275727,
              37.110854106561156
            ],
            [
              -119.8711665522701,
              37.11092173851242
            ],
            [
              -119.87114923159905,
              37.11098831310769
            ],
            [
              -119.87112364106888,
              37.11105315566546
            ],
            [
              -119.87109003999917,
              37.11111560905538
            ],
            [
              -119.87104876889249,
              37.11117504035783
            ],
            [
              -119.87100024598449,
              37.11123084727827
            ],
            [
              -119.87078784691714,
              37.11145064842884
            ],
            [
              -119.87073716287257,
              37.11149835370871
            ],
            [
              -119.87068117937478,
              37.11154209408038
            ],
            [
              -119.87062037775746,
              37.11158149346629
            ],
            [
              -119.87055528078285,
              37.111616213111795
            ],
            [
              -119.87048644814696,
              37.111645954497924
            ],
            [
              -119.87041447166723,
              37.11167046190821
            ],
            [
              -119.8703399701939,
              37.1116895246275
            ],
            [
              -119.87026358428886,
              37.11170297875389
            ],
            [
              -119.87007942264076,
              37.11172831165588
            ],
            [
              -119.8700689858167,
              37.11173093396088
            ],
            [
              -119.86989149271845,
              37.111846897267064
            ],
            [
              -119.86987967705008,
              37.111980448460855
            ],
            [
              -119.86987002773856,
              37.11204510680795
            ],
            [
              -119.86985264974987,
              37.1121087206657
            ],
            [
              -119.8698277045465,
              37.11217069891368
            ],
            [
              -119.86979542390937,
              37.112230465628635
            ],
            [
              -119.8697561077847,
              37.11228746543621
            ],
            [
              -119.86966710853211,
              37.11240296594117
            ],
            [
              -119.86961704080049,
              37.11246093925534
            ],
            [
              -119.86955970240425,
              37.112514418550084
            ],
            [
              -119.86949571765464,
              37.1125628215181
            ],
            [
              -119.86935871748108,
              37.11265612215426
            ],
            [
              -119.86930111740062,
              37.1126920289807
            ],
            [
              -119.86923985673612,
              37.11272381315863
            ],
            [
              -119.86917539424255,
              37.11275123666711
            ],
            [
              -119.86912757152065,
              37.112769502369446
            ],
            [
              -119.86900716161507,
              37.112891084832725
            ],
            [
              -119.86894589051221,
              37.11294643531315
            ],
            [
              -119.86887743013938,
              37.11299608887325
            ],
            [
              -119.86880260134299,
              37.11303945015141
            ],
            [
              -119.86870670097109,
              37.11308885053475
            ],
            [
              -119.86862962223249,
              37.11312410794282
            ],
            [
              -119.86854834377566,
              37.113152682998304
            ],
            [
              -119.86846376571796,
              37.11317425924458
            ],
            [
              -119.86830616449159,
              37.113207259579006
            ],
            [
              -119.86822819561924,
              37.11322046907542
            ],
            [
              -119.86814901809255,
              37.11322772656569
            ],
            [
              -119.86806933871291,
              37.1132289672629
            ],
            [
              -119.86798986876224,
              37.113224180090775
            ],
            [
              -119.86791131765287,
              37.11321340778265
            ],
            [
              -119.86783438659447,
              37.113196746499945
            ],
            [
              -119.86775976233379,
              37.11317434497374
            ],
            [
              -119.86768811102395,
              37.113146403177
            ],
            [
              -119.86762007227732,
              37.11311317053933
            ],
            [
              -119.86755625345563,
              37.11307494372026
            ],
            [
              -119.86749722424793,
              37.113032063960866
            ],
            [
              -119.86741482419019,
              37.11296626355108
            ],
            [
              -119.86736097164854,
              37.11291897836616
            ],
            [
              -119.86731294828593,
              37.11286782393739
            ],
            [
              -119.86727118514169,
              37.11281325941944
            ],
            [
              -119.86723605706189,
              37.11275577457458
            ],
            [
              -119.86720787933494,
              37.11269588537645
            ],
            [
              -119.86718690486228,
              37.112634129378556
            ],
            [
              -119.86717332188869,
              37.11257106088919
            ],
            [
              -119.86716880305023,
              37.11254188574438
            ],
            [
              -119.86715798953456,
              37.11249061613982
            ],
            [
              -119.86714875701101,
              37.112430584267855
            ],
            [
              -119.86714626639096,
              37.11237013164914
            ],
            [
              -119.86715053762583,
              37.11230974293665
            ],
            [
              -119.8671615364568,
              37.112249902269895
            ],
            [
              -119.86720263828293,
              37.112079602478474
            ],
            [
              -119.8672205479478,
              37.1120200365245
            ],
            [
              -119.8672451226787,
              37.11196201512823
            ],
            [
              -119.86727616031074,
              37.11190601556863
            ],
            [
              -119.86733776109975,
              37.11180721592569
            ],
            [
              -119.86737525210766,
              37.11175338058853
            ],
            [
              -119.86741871448665,
              37.11170250638358
            ],
            [
              -119.86746778633284,
              37.111655016917446
            ],
            [
              -119.86750613869978,
              37.111621171971365
            ],
            [
              -119.86749872497907,
              37.11157744506085
            ],
            [
              -119.8674918256352,
              37.11151704498438
            ],
            [
              -119.86748842930439,
              37.11144453268161
            ],
            [
              -119.86749476413604,
              37.11137214695812
            ],
            [
              -119.86756296896762,
              37.11093284723299
            ],
            [
              -119.86757368066424,
              37.110882240513945
            ],
            [
              -119.8675639969184,
              37.110838589506145
            ],
            [
              -119.8675575418563,
              37.11078482215023
            ],
            [
              -119.86755064294216,
              37.110686022055425
            ],
            [
              -119.86755059735908,
              37.11061124250463
            ],
            [
              -119.86756087211648,
              37.11053691709234
            ],
            [
              -119.86758134127757,
              37.11046395660054
            ],
            [
              -119.86759494166724,
              37.110425556676745
            ],
            [
              -119.86762011974685,
              37.11036538936907
            ],
            [
              -119.86765223588297,
              37.11030737963614
            ],
            [
              -119.86769100667028,
              37.11025203934959
            ],
            [
              -119.86773608998573,
              37.110199856825034
            ],
            [
              -119.86778708800767,
              37.11015129251329
            ],
            [
              -119.8678179266787,
              37.11012697802116
            ],
            [
              -119.867807630816,
              37.11011503106903
            ],
            [
              -119.86776305838818,
              37.11005730887585
            ],
            [
              -119.86772594275398,
              37.10999629602563
            ],
            [
              -119.86769665853731,
              37.10993260837628
            ],
            [
              -119.86767550131012,
              37.10986688878346
            ],
            [
              -119.86767156890821,
              37.10984630490069
            ],
            [
              -119.86764540978788,
              37.109793532132414
            ],
            [
              -119.86763632111757,
              37.109788688183976
            ],
            [
              -119.8675780421569,
              37.10975466114482
            ],
            [
              -119.86752360580104,
              37.10971677106228
            ],
            [
              -119.8674734100548,
              37.10967529496854
            ],
            [
              -119.86730891019559,
              37.10952719409178
            ],
            [
              -119.86725493947205,
              37.109473286693756
            ],
            [
              -119.86720812685543,
              37.109415245715994
            ],
            [
              -119.8671689621116,
              37.109353678418245
            ],
            [
              -119.86713785498658,
              37.10928922895341
            ],
            [
              -119.8671151309201,
              37.10922257162777
            ],
            [
              -119.86708063219324,
              37.10909627133508
            ],
            [
              -119.86706848040933,
              37.109040797281544
            ],
            [
              -119.86706214064922,
              37.108984705307364
            ],
            [
              -119.86705901870273,
              37.10893327308104
            ],
            [
              -119.86691156635254,
              37.10884476553726
            ],
            [
              -119.86685250931804,
              37.108805846349554
            ],
            [
              -119.86679809678385,
              37.10876280271386
            ],
            [
              -119.8667487761192,
              37.10871598853231
            ],
            [
              -119.86670495282596,
              37.108665788707604
            ],
            [
              -119.86666698720485,
              37.1086126159783
            ],
            [
              -119.86663519139331,
              37.10855690752517
            ],
            [
              -119.86662139161757,
              37.10852950742498
            ],
            [
              -119.86660350911882,
              37.108490599783266
            ],
            [
              -119.86656231000809,
              37.108391699468726
            ],
            [
              -119.86653976638084,
              37.10832704332655
            ],
            [
              -119.86652534641756,
              37.10826091439774
            ],
            [
              -119.86651919249702,
              37.10819396571763
            ],
            [
              -119.86652136536829,
              37.10812685841512
            ],
            [
              -119.86653486695229,
              37.10798415844341
            ],
            [
              -119.86654548198001,
              37.107916937072254
            ],
            [
              -119.86656445135964,
              37.107850905508556
            ],
            [
              -119.86659158422971,
              37.10778672805702
            ],
            [
              -119.86662660760244,
              37.107725050367506
            ],
            [
              -119.86666916911093,
              37.10766649293965
            ],
            [
              -119.86677196986922,
              37.10754009351777
            ],
            [
              -119.86681647188165,
              37.10749044154579
            ],
            [
              -119.86686639497714,
              37.10744421436452
            ],
            [
              -119.86687876095725,
              37.107434664734484
            ],
            [
              -119.86687680272972,
              37.10741215274399
            ],
            [
              -119.8668751263505,
              37.107345382325846
            ],
            [
              -119.86688168984296,
              37.10727880562665
            ],
            [
              -119.86689642903652,
              37.10721307334062
            ],
            [
              -119.86691919985535,
              37.107148827907295
            ],
            [
              -119.86694977972738,
              37.10708669723271
            ],
            [
              -119.86698786976025,
              37.10702728855261
            ],
            [
              -119.86706317049057,
              37.10692288898358
            ],
            [
              -119.86710705981803,
              37.10686828010597
            ],
            [
              -119.86715729360367,
              37.106817299171915
            ],
            [
              -119.86721340754653,
              37.10677041737493
            ],
            [
              -119.86727488300085,
              37.10672806802118
            ],
            [
              -119.8673135583203,
              37.10670391570017
            ],
            [
              -119.86731345904117,
              37.10670157918586
            ],
            [
              -119.86731455058474,
              37.10663727959359
            ],
            [
              -119.86732327067925,
              37.10657335445976
            ],
            [
              -119.86733954028706,
              37.106510383051685
            ],
            [
              -119.86736321196024,
              37.10644893599298
            ],
            [
              -119.86739407117746,
              37.10638957009267
            ],
            [
              -119.86743183828845,
              37.10633282329985
            ],
            [
              -119.86747617104868,
              37.10627920982914
            ],
            [
              -119.86752666772095,
              37.106229215501116
            ],
            [
              -119.86760480776252,
              37.10615897228791
            ],
            [
              -119.86763495565013,
              37.10610171328411
            ],
            [
              -119.86771530835213,
              37.10557937952481
            ],
            [
              -119.86770270539924,
              37.10513432044482
            ],
            [
              -119.867703669154,
              37.105083272523586
            ],
            [
              -119.8677094434901,
              37.105032428684495
            ],
            [
              -119.86778523787856,
              37.10456263881725
            ],
            [
              -119.86775456184027,
              37.104334846663335
            ],
            [
              -119.8677497139016,
              37.10425826643376
            ],
            [
              -119.86775573237983,
              37.104181739499815
            ],
            [
              -119.86777253969865,
              37.10410625185465
            ],
            [
              -119.86784094211208,
              37.10387565222379
            ],
            [
              -119.8678638689596,
              37.10381229406449
            ],
            [
              -119.86789440163281,
              37.10375102904673
            ],
            [
              -119.86815450549851,
              37.10329513055872
            ],
            [
              -119.86815569599456,
              37.103293053201234
            ],
            [
              -119.86819679659665,
              37.10322165344011
            ],
            [
              -119.8682371043181,
              37.10316015840951
            ],
            [
              -119.86828508221745,
              37.10310230342803
            ],
            [
              -119.8683402231093,
              37.103048700072776
            ],
            [
              -119.86840194409278,
              37.10299991497601
            ],
            [
              -119.86858694395339,
              37.102868015853275
            ],
            [
              -119.86864867064232,
              37.1028280143123
            ],
            [
              -119.8687148201704,
              37.102792839454914
            ],
            [
              -119.8687848062556,
              37.10276280303143
            ],
            [
              -119.86885800861542,
              37.102738171250415
            ],
            [
              -119.8689337784641,
              37.102719162419376
            ],
            [
              -119.86901144426243,
              37.102705945010165
            ],
            [
              -119.86909031766913,
              37.102698636165954
            ],
            [
              -119.86916969964113,
              37.10269730066316
            ],
            [
              -119.86942329738169,
              37.1027026007121
            ],
            [
              -119.86949615807816,
              37.10270665726769
            ],
            [
              -119.86956830740603,
              37.102715747727416
            ],
            [
              -119.86963920429939,
              37.10272980391905
            ],
            [
              -119.8697025287553,
              37.10274713613871
            ],
            [
              -119.86991208360979,
              37.1027410192677
            ],
            [
              -119.86999318472941,
              37.102741777661414
            ],
            [
              -119.87007381988276,
              37.10274877233619
            ],
            [
              -119.87015324335131,
              37.102761938604
            ],
            [
              -119.8702307206216,
              37.102781154701596
            ],
            [
              -119.8703055351775,
              37.10280624291647
            ],
            [
              -119.87037699512614,
              37.102836971230275
            ],
            [
              -119.87044443959624,
              37.10287305546439
            ],
            [
              -119.87050724484968,
              37.102914161907954
            ],
            [
              -119.87056483004945,
              37.10295991040367
            ],
            [
              -119.87061666263152,
              37.103009877863556
            ],
            [
              -119.87069916290713,
              37.103097677384916
            ],
            [
              -119.87074466268146,
              37.1031512695304
            ],
            [
              -119.87078354132022,
              37.10320810739326
            ],
            [
              -119.87081544096299,
              37.10326766782781
            ],
            [
              -119.870840067983,
              37.103329402628205
            ],
            [
              -119.87085719569028,
              37.10339274357403
            ],
            [
              -119.87086666641864,
              37.10345710766024
            ],
            [
              -119.8708942699029,
              37.10377550731737
            ],
            [
              -119.87089595827047,
              37.10384141671358
            ],
            [
              -119.87088936034743,
              37.10402811667222
            ],
            [
              -119.87088209123706,
              37.10409952646897
            ],
            [
              -119.87087274230569,
              37.104139001874
            ],
            [
              -119.87093111101534,
              37.1042105735415
            ],
            [
              -119.8709718667498,
              37.10426617443505
            ],
            [
              -119.87100581890714,
              37.104324634162474
            ],
            [
              -119.87102391346467,
              37.104365615016334
            ],
            [
              -119.87107345027745,
              37.10435449446468
            ],
            [
              -119.87115586706527,
              37.10434289039579
            ],
            [
              -119.87123931384569,
              37.10433788491929
            ],
            [
              -119.87132296917504,
              37.10433952730778
            ],
            [
              -119.87140600955712,
              37.10434780139277
            ],
            [
              -119.87148761754891,
              37.104362625723915
            ],
            [
              -119.87156698980687,
              37.10438385437074
            ],
            [
              -119.87172478864416,
              37.10443315401383
            ],
            [
              -119.87180223406679,
              37.104461023504186
            ],
            [
              -119.87186140109391,
              37.10448834454418
            ],
            [
              -119.87187642054514,
              37.104443121823834
            ],
            [
              -119.87194482222051,
              37.10427282221402
            ],
            [
              -119.87197591054998,
              37.10420729684846
            ],
            [
              -119.87201530901298,
              37.10414470459483
            ],
            [
              -119.87206259337185,
              37.1040857194059
            ],
            [
              -119.87211725448216,
              37.10403097639425
            ],
            [
              -119.87217870377533,
              37.10398106499406
            ],
            [
              -119.87233620370529,
              37.10386576574978
            ],
            [
              -119.87239642956689,
              37.103825625689375
            ],
            [
              -119.87246104601742,
              37.10379013522598
            ],
            [
              -119.87252949542312,
              37.10375960063502
            ],
            [
              -119.87260118707503,
              37.10373428542323
            ],
            [
              -119.87267550228637,
              37.10371440805486
            ],
            [
              -119.87294280025067,
              37.103653808657
            ],
            [
              -119.87302475433866,
              37.10363871838337
            ],
            [
              -119.87310817717962,
              37.10363023988939
            ],
            [
              -119.87319223945592,
              37.10362845745993
            ],
            [
              -119.8734658158556,
              37.10363358713798
            ],
            [
              -119.87352006182557,
              37.103517431341054
            ],
            [
              -119.87354488244588,
              37.10346989270559
            ],
            [
              -119.87357415478124,
              37.10342400771287
            ],
            [
              -119.87384997064932,
              37.10302955322102
            ],
            [
              -119.87397507640078,
              37.102728109155464
            ],
            [
              -119.87400301208073,
              37.1026699176593
            ],
            [
              -119.8740375266307,
              37.10261403686929
            ],
            [
              -119.87407832605611,
              37.102560942753826
            ],
            [
              -119.87412506283258,
              37.10251108754463
            ],
            [
              -119.87417733886637,
              37.102464895884836
            ],
            [
              -119.87423470888541,
              37.102422761212416
            ],
            [
              -119.87426821757379,
              37.10240034068123
            ],
            [
              -119.87437037703303,
              37.10232866168565
            ],
            [
              -119.87443548229082,
              37.10228733741366
            ],
            [
              -119.87450534711492,
              37.102251343665344
            ],
            [
              -119.87457929372769,
              37.10222102962182
            ],
            [
              -119.87465660475615,
              37.102196689363886
            ],
            [
              -119.87473653019121,
              37.1021785590193
            ],
            [
              -119.87481829466307,
              37.102166814472305
            ],
            [
              -119.8749011049628,
              37.10216156965745
            ],
            [
              -119.87514110283773,
              37.10215586979814
            ],
            [
              -119.87522726018966,
              37.10215735162249
            ],
            [
              -119.87531277897716,
              37.1021658680091
            ],
            [
              -119.87539676631985,
              37.102181330039514
            ],
            [
              -119.87547834532567,
              37.10220357627746
            ],
            [
              -119.87555666424578,
              37.102232374454346
            ],
            [
              -119.87563090536675,
              37.10226742389416
            ],
            [
              -119.87570029354777,
              37.10230835865255
            ],
            [
              -119.87576410431325,
              37.10235475133736
            ],
            [
              -119.87582167141692,
              37.10240611757064
            ],
            [
              -119.87587239379779,
              37.102461921045695
            ],
            [
              -119.87597529439078,
              37.10258822041002
            ],
            [
              -119.87601645936107,
              37.102644509384284
            ],
            [
              -119.87605065391236,
              37.10270371625753
            ],
            [
              -119.87607755914766,
              37.10276528889673
            ],
            [
              -119.87609692414432,
              37.10282865310562
            ],
            [
              -119.87610856829473,
              37.102893217979314
            ],
            [
              -119.8761569726985,
              37.10329941745083
            ],
            [
              -119.87616040809174,
              37.103343319551996
            ],
            [
              -119.87616095635072,
              37.10335793814462
            ],
            [
              -119.87618790614269,
              37.103389696540304
            ],
            [
              -119.87622653043712,
              37.10344609746793
            ],
            [
              -119.87625828174596,
              37.10350518533547
            ],
            [
              -119.87628287212927,
              37.1035664243281
            ],
            [
              -119.87630007858125,
              37.10362925912319
            ],
            [
              -119.8763097450531,
              37.10369311992585
            ],
            [
              -119.87632963546127,
              37.10391091146598
            ],
            [
              -119.87633916701742,
              37.10391802997129
            ],
            [
              -119.87639595613956,
              37.10396474426567
            ],
            [
              -119.87644685810916,
              37.1040156260797
            ],
            [
              -119.87648204851315,
              37.10405874466504
            ],
            [
              -119.8765276421287,
              37.10407260618222
            ],
            [
              -119.87660568789211,
              37.10410407921369
            ],
            [
              -119.8766792492816,
              37.10414185104879
            ],
            [
              -119.87672714908686,
              37.10416935085938
            ],
            [
              -119.87678833157575,
              37.10420802535957
            ],
            [
              -119.87684479545933,
              37.104251058510485
            ],
            [
              -119.87689605852975,
              37.10429808280978
            ],
            [
              -119.87694168299149,
              37.10434869667017
            ],
            [
              -119.87698127920038,
              37.10440246784891
            ],
            [
              -119.8770145089914,
              37.10445893713881
            ],
            [
              -119.87704108856673,
              37.10451762228992
            ],
            [
              -119.87704462979079,
              37.10452673397854
            ],
            [
              -119.87706074013406,
              37.10452106758428
            ],
            [
              -119.87714309458075,
              37.10449985348998
            ],
            [
              -119.87722772889654,
              37.10448550786575
            ],
            [
              -119.87731375267502,
              37.10447818163545
            ],
            [
              -119.87743705158958,
              37.1044727817293
            ],
            [
              -119.87751861129895,
              37.10447237318544
            ],
            [
              -119.87759983891242,
              37.10447827645434
            ],
            [
              -119.87767997481502,
              37.10449043632969
            ],
            [
              -119.87775826960072,
              37.104508739095294
            ],
            [
              -119.8778339910797,
              37.10453301358855
            ],
            [
              -119.87785082484896,
              37.10453998952212
            ],
            [
              -119.87792497607136,
              37.10452838421442
            ],
            [
              -119.87800861078757,
              37.1045221138084
            ],
            [
              -119.87816630939533,
              37.10451661391623
            ],
            [
              -119.8782334689699,
              37.104516415364856
            ],
            [
              -119.8783004353435,
              37.104520497456036
            ],
            [
              -119.87841531246188,
              37.1045311987668
            ],
            [
              -119.87854360189904,
              37.1045275906401
            ],
            [
              -119.87862683008242,
              37.104528541642296
            ],
            [
              -119.87870953591315,
              37.1045360589356
            ],
            [
              -119.8787909138519,
              37.10455006930209
            ],
            [
              -119.87889371300652,
              37.10457206915005
            ],
            [
              -119.8789731081433,
              37.104592477547065
            ],
            [
              -119.87904959927096,
              37.10461906553805
            ],
            [
              -119.87912243874425,
              37.1046515732449
            ],
            [
              -119.8791909146077,
              37.10468968292856
            ],
            [
              -119.87925435755415,
              37.10473302209447
            ],
            [
              -119.87927486955404,
              37.104750110745506
            ],
            [
              -119.87933872709526,
              37.104790920825124
            ],
            [
              -119.87940179881949,
              37.10484075085278
            ],
            [
              -119.87945799670351,
              37.10489560503557
            ],
            [
              -119.88062940103191,
              37.106169998168156
            ],
            [
              -119.8806407910804,
              37.10618269448077
            ],
            [
              -119.8816761682699,
              37.10736543524346
            ],
            [
              -119.88314168410152,
              37.108863909108294
            ],
            [
              -119.88377771458742,
              37.10944574557397
            ],
            [
              -119.88458891781274,
              37.11005571154327
            ],
            [
              -119.88483557250025,
              37.1102411724012
            ],
            [
              -119.88536082889443,
              37.11059836072701
            ],
            [
              -119.88538790374334,
              37.11061758768817
            ],
            [
              -119.88562149820184,
              37.11079078081433
            ],
            [
              -119.88731049923213,
              37.11174800034633
            ],
            [
              -119.88797221901143,
              37.112077687838116
            ],
            [
              -119.88906493184597,
              37.11254726858502
            ],
            [
              -119.89276510011626,
              37.113924069532025
            ],
            [
              -119.89284923625993,
              37.11396014132999
            ],
            [
              -119.8929277461017,
              37.11400359350281
            ],
            [
              -119.89311274548157,
              37.1141188927241
            ],
            [
              -119.89317613087735,
              37.11416260591223
            ],
            [
              -119.89323379840002,
              37.11421113194143
            ],
            [
              -119.89328518092823,
              37.1142639935994
            ],
            [
              -119.89332977314498,
              37.11432067103578
            ],
            [
              -119.8933671365074,
              37.11438060687418
            ],
            [
              -119.8933897857887,
              37.11442824190617
            ],
            [
              -119.89341328202099,
              37.11444704293404
            ],
            [
              -119.89346899256886,
              37.11450211989221
            ],
            [
              -119.89352379278309,
              37.11456251956887
            ],
            [
              -119.89357022977268,
              37.11461953634263
            ],
            [
              -119.89360926568735,
              37.11468000642374
            ],
            [
              -119.8936405041099,
              37.11474331575393
            ],
            [
              -119.89366362780208,
              37.11480882144159
            ],
            [
              -119.89367840192673,
              37.11487585829014
            ],
            [
              -119.89368467643331,
              37.11494374555257
            ],
            [
              -119.89368238758242,
              37.11501179384437
            ],
            [
              -119.89367548837404,
              37.115083093859326
            ],
            [
              -119.89366851580043,
              37.115128171361796
            ],
            [
              -119.89369811948565,
              37.11514112785622
            ],
            [
              -119.89376774067856,
              37.115175199930874
            ],
            [
              -119.8938329256918,
              37.115214499423075
            ],
            [
              -119.89389306463148,
              37.11525865863643
            ],
            [
              -119.89394759481327,
              37.11530726440524
            ],
            [
              -119.89399600602692,
              37.11535986195998
            ],
            [
              -119.89402340617559,
              37.11539286179192
            ],
            [
              -119.89406852817368,
              37.11545393697642
            ],
            [
              -119.89410540064961,
              37.115518465988615
            ],
            [
              -119.89413361666742,
              37.11558573670292
            ],
            [
              -119.8941528648188,
              37.11565500673519
            ],
            [
              -119.89415976516268,
              37.115687906672264
            ],
            [
              -119.89416858386217,
              37.11574447448452
            ],
            [
              -119.89417141551242,
              37.11580143632627
            ],
            [
              -119.89417131587918,
              37.1158344363113
            ],
            [
              -119.89416704706007,
              37.11590069736412
            ],
            [
              -119.89415468192557,
              37.11596630343261
            ],
            [
              -119.89413433974273,
              37.11603062160694
            ],
            [
              -119.89410621673538,
              37.1160930314001
            ],
            [
              -119.89407191732256,
              37.11615883159932
            ],
            [
              -119.89403912118334,
              37.116214473725854
            ],
            [
              -119.89403902783185,
              37.11621460069779
            ],
            [
              -119.89410886188806,
              37.11623213724203
            ],
            [
              -119.8941908100197,
              37.11626064736976
            ],
            [
              -119.89426853293016,
              37.11629593900863
            ],
            [
              -119.8943439325573,
              37.11633453873676
            ],
            [
              -119.8944076317269,
              37.11637057537732
            ],
            [
              -119.89446690261256,
              37.11641116938838
            ],
            [
              -119.89452123854288,
              37.116455973760296
            ],
            [
              -119.89457017502957,
              37.11650460549155
            ],
            [
              -119.89461329373796,
              37.11655664886254
            ],
            [
              -119.89465022606328,
              37.11661165898911
            ],
            [
              -119.89468065628192,
              37.11666916562545
            ],
            [
              -119.89470432425053,
              37.116728677183694
            ],
            [
              -119.89475212562803,
              37.116871376797626
            ],
            [
              -119.89476899260372,
              37.11693315189486
            ],
            [
              -119.89477857266132,
              37.116995919367746
            ],
            [
              -119.89478078183654,
              37.117059129209345
            ],
            [
              -119.89477560075278,
              37.1171222275351
            ],
            [
              -119.89476307479177,
              37.117184661436255
            ],
            [
              -119.8947433136963,
              37.117245883824765
            ],
            [
              -119.89471649060941,
              37.11730535822741
            ],
            [
              -119.89468284055764,
              37.11736256348671
            ],
            [
              -119.89464265839217,
              37.11741699832783
            ],
            [
              -119.89459629620556,
              37.117468185751285
            ],
            [
              -119.89454149641824,
              37.11752308604557
            ],
            [
              -119.89447869298154,
              37.11757926469327
            ],
            [
              -119.89440846245081,
              37.11762948817991
            ],
            [
              -119.8943741623842,
              37.11765138833429
            ],
            [
              -119.89431054000428,
              37.11768826564584
            ],
            [
              -119.8942429104421,
              37.11772024446121
            ],
            [
              -119.89417185997634,
              37.11774704755411
            ],
            [
              -119.89409800454386,
              37.11776844256642
            ],
            [
              -119.89402198439991,
              37.11778424402272
            ],
            [
              -119.8939444585673,
              37.11779431493833
            ],
            [
              -119.89386609912307,
              37.11779856800699
            ],
            [
              -119.89378758537156,
              37.11779696635771
            ],
            [
              -119.8937095979551,
              37.11778952387453
            ],
            [
              -119.89366839759707,
              37.11778402384181
            ],
            [
              -119.89358638572045,
              37.117769684658754
            ],
            [
              -119.89350655962473,
              37.117748888827
            ],
            [
              -119.89342970984494,
              37.11772184229172
            ],
            [
              -119.89340304608135,
              37.11771116059219
            ],
            [
              -119.89328905843931,
              37.11770177886108
            ],
            [
              -119.89321521191302,
              37.117693041890746
            ],
            [
              -119.89303691038126,
              37.117665441716376
            ],
            [
              -119.89296371867236,
              37.1176513727873
            ],
            [
              -119.89289238447327,
              37.11763213487674
            ],
            [
              -119.89267988290148,
              37.117566234400016
            ],
            [
              -119.89259971196131,
              37.1175374421393
            ],
            [
              -119.89257533891535,
              37.11752611630354
            ],
            [
              -119.89248661502623,
              37.1175156578844
            ],
            [
              -119.89239641220539,
              37.11749669188574
            ],
            [
              -119.8921839105311,
              37.11744179149485
            ],
            [
              -119.89211654935815,
              37.11742181490723
            ],
            [
              -119.89205155475165,
              37.11739732125483
            ],
            [
              -119.89198939802534,
              37.11736848815567
            ],
            [
              -119.89191399765113,
              37.11732998788436
            ],
            [
              -119.89184268502835,
              37.117289255411315
            ],
            [
              -119.89177703154282,
              37.11724282031757
            ],
            [
              -119.89171774513306,
              37.117191183317296
            ],
            [
              -119.89167286157844,
              37.1171477670728
            ],
            [
              -119.89166072158773,
              37.11715555368934
            ],
            [
              -119.89159458955794,
              37.11719391552827
            ],
            [
              -119.89152413547639,
              37.11722697677834
            ],
            [
              -119.89145001959957,
              37.117254427604685
            ],
            [
              -119.89137293650316,
              37.117276010750224
            ],
            [
              -119.89136340173229,
              37.117277875352265
            ],
            [
              -119.89142224938755,
              37.11731130498537
            ],
            [
              -119.8914870651999,
              37.117356752247396
            ],
            [
              -119.89154575468922,
              37.11740725663144
            ],
            [
              -119.89159770570168,
              37.11746229136733
            ],
            [
              -119.89164237636338,
              37.117521282431454
            ],
            [
              -119.8916793007326,
              37.117583614533686
            ],
            [
              -119.89176150201719,
              37.11774291394045
            ],
            [
              -119.89179000232191,
              37.11780715211619
            ],
            [
              -119.89181027257835,
              37.11787336353647
            ],
            [
              -119.89182210632428,
              37.11794087387628
            ],
            [
              -119.89182538301716,
              37.1180089955802
            ],
            [
              -119.89182006926261,
              37.118077034864584
            ],
            [
              -119.89180621915555,
              37.11814429878333
            ],
            [
              -119.89178397373013,
              37.11821010228523
            ],
            [
              -119.89175355952433,
              37.118273775190936
            ],
            [
              -119.89174314922832,
              37.11829265456753
            ],
            [
              -119.89180470489892,
              37.118310588678256
            ],
            [
              -119.89188943256185,
              37.118339561005236
            ],
            [
              -119.89196970956816,
              37.11837575977885
            ],
            [
              -119.892044578383,
              37.11841875322608
            ],
            [
              -119.89207877827847,
              37.11844075307876
            ],
            [
              -119.892090184419,
              37.118448835089076
            ],
            [
              -119.8921656027551,
              37.118432806604574
            ],
            [
              -119.89229580169656,
              37.118410906839465
            ],
            [
              -119.89237457851355,
              37.118400744384594
            ],
            [
              -119.89245420193322,
              37.118396587970224
            ],
            [
              -119.8925339595399,
              37.11839847478426
            ],
            [
              -119.89262315874663,
              37.118403974769606
            ],
            [
              -119.89270428027348,
              37.11841215923931
            ],
            [
              -119.89278403129934,
              37.11842659446867
            ],
            [
              -119.8928616625896,
              37.11844714484273
            ],
            [
              -119.89293644482257,
              37.11847361729675
            ],
            [
              -119.89297754456028,
              37.11849011717741
            ],
            [
              -119.89304345145638,
              37.11851960229181
            ],
            [
              -119.89310580258385,
              37.118553688036194
            ],
            [
              -119.89316409854545,
              37.11859210140515
            ],
            [
              -119.89321787242133,
              37.118634534731314
            ],
            [
              -119.89330697244644,
              37.11871143426733
            ],
            [
              -119.89336427398722,
              37.118766477836125
            ],
            [
              -119.89341397168616,
              37.118826072721795
            ],
            [
              -119.89345550624158,
              37.11888954825991
            ],
            [
              -119.89353090722865,
              37.119021347731916
            ],
            [
              -119.89355384660985,
              37.11906751460971
            ],
            [
              -119.89356243957641,
              37.11906974854548
            ],
            [
              -119.89369273859283,
              37.11910814826857
            ],
            [
              -119.89378387600618,
              37.11914000837774
            ],
            [
              -119.89386969826658,
              37.11918023569908
            ],
            [
              -119.89409589721886,
              37.11930113485382
            ],
            [
              -119.89416551506322,
              37.1193426431818
            ],
            [
              -119.89422943827006,
              37.11938966034885
            ],
            [
              -119.89428699010601,
              37.11944168860719
            ],
            [
              -119.89431439017247,
              37.119469188452534
            ],
            [
              -119.894316510127,
              37.11947155114301
            ],
            [
              -119.8944621384887,
              37.11948429074552
            ],
            [
              -119.89495099483048,
              37.11948438226307
            ],
            [
              -119.89502919086243,
              37.11948730536351
            ],
            [
              -119.8951067118354,
              37.11949602053727
            ],
            [
              -119.89518289018629,
              37.11951045273383
            ],
            [
              -119.89523088979668,
              37.11952145265686
            ],
            [
              -119.89531367725905,
              37.119544207116576
            ],
            [
              -119.8953930747547,
              37.11957370865101
            ],
            [
              -119.89546822748791,
              37.119609639646306
            ],
            [
              -119.89553832635899,
              37.1196516132688
            ],
            [
              -119.89560261667468,
              37.11969917762934
            ],
            [
              -119.895660406273,
              37.11975182064821
            ],
            [
              -119.89571107297509,
              37.119808975567715
            ],
            [
              -119.89575407128379,
              37.11987002705367
            ],
            [
              -119.8957745715135,
              37.119903026913775
            ],
            [
              -119.89580768991856,
              37.119963606002294
            ],
            [
              -119.89583325285467,
              37.12002648796557
            ],
            [
              -119.89585101532282,
              37.12009107017912
            ],
            [
              -119.89586080707753,
              37.12015673372284
            ],
            [
              -119.89586253425917,
              37.120222849312135
            ],
            [
              -119.89585618029437,
              37.120288783328675
            ],
            [
              -119.89584180605542,
              37.12035390389259
            ],
            [
              -119.8958195492779,
              37.12041758691813
            ],
            [
              -119.89580584959855,
              37.12045048699655
            ],
            [
              -119.89577823216082,
              37.12050794211998
            ],
            [
              -119.89574419723029,
              37.12056314517163
            ],
            [
              -119.89570402748755,
              37.12061563763401
            ],
            [
              -119.89565805657121,
              37.12066498350281
            ],
            [
              -119.89560666630662,
              37.12071077290853
            ],
            [
              -119.89555028353499,
              37.120752625521014
            ],
            [
              -119.89548937656795,
              37.12079019370868
            ],
            [
              -119.8954208763506,
              37.12082859399642
            ],
            [
              -119.89535775717663,
              37.120860735978006
            ],
            [
              -119.8952913304875,
              37.12088827412971
            ],
            [
              -119.89492102828451,
              37.12102547532596
            ],
            [
              -119.89489047834033,
              37.12103621224444
            ],
            [
              -119.8947257772804,
              37.12109101273766
            ],
            [
              -119.89470157793453,
              37.121098049824965
            ]
          ],
          [
            [
              -119.88627767775576,
              37.12818340074823
            ],
            [
              -119.8863622915441,
              37.1282442218413
            ],
            [
              -119.88640830835224,
              37.128279916742265
            ],
            [
              -119.88656590833418,
              37.128411815935785
            ],
            [
              -119.88662249164679,
              37.128464321160465
            ],
            [
              -119.88667205375809,
              37.12852119476972
            ],
            [
              -119.8866836378169,
              37.12853605941647
            ],
            [
              -119.88667173789312,
              37.128504681404486
            ],
            [
              -119.8866482871221,
              37.12842629545788
            ],
            [
              -119.88660609448519,
              37.12823568664836
            ],
            [
              -119.88659234535758,
              37.128205040572546
            ],
            [
              -119.88654760675149,
              37.12820849022926
            ],
            [
              -119.8864692968071,
              37.12820868754663
            ],
            [
              -119.88639130137616,
              37.12820307000522
            ],
            [
              -119.88631429248238,
              37.128191686006076
            ],
            [
              -119.88627767775576,
              37.12818340074823
            ]
          ]
        ]
      }
    }
  ]
}