{
  "type": "FeatureCollection",
  "features": [
    {
      "type": "Feature",
      "properties": {
        "reservoir_name": "NEW HOGAN LAKE",
        "cdec_station_id": "NHG",
        "source": "osm_tight_polygon_75m_buffer"
      },
      "geometry": {
        "type": "Polygon",
        "coordinates": [
          [
            [
              -120.81438930157614,
              38.171736523699025
            ],
            [
              -120.81446307737741,
              38.17174888830701
            ],
            [
              -120.81454422551285,
              38.17176932102186
            ],
            [
              -120.81462239914849,
              38.171796020070715
            ],
            [
              -120.81469682402728,
              38.17182872101942
            ],
            [
              -120.814766763018,
              38.171867099988845
            ],
            [
              -120.81483152341575,
              38.17191077686247
            ],
            [
              -120.81489046380267,
              38.1719593190509
            ],
            [
              -120.81494300040056,
              38.172012245776095
            ],
            [
              -120.81498861285324,
              38.17206903283287
            ],
            [
              -120.8150268493805,
              38.17212911778061
            ],
            [
              -120.81505733125329,
              38.17219190551355
            ],
            [
              -120.81507975654533,
              38.1722567741549
            ],
            [
              -120.81509390312438,
              38.172323081215886
            ],
            [
              -120.81509963085307,
              38.17239016995921
            ],
            [
              -120.81509688297781,
              38.17245737590355
            ],
            [
              -120.81507918493394,
              38.172627276090196
            ],
            [
              -120.81506810727012,
              38.17269342232119
            ],
            [
              -120.81504881913568,
              38.17275838347085
            ],
            [
              -120.81502150861189,
              38.17282152602227
            ],
            [
              -120.81498644201818,
              38.17288223419237
            ],
            [
              -120.81494396131585,
              38.17293991593735
            ],
            [
              -120.81489448077359,
              38.17299400872683
            ],
            [
              -120.81483848292785,
              38.17304398502988
            ],
            [
              -120.81477651387743,
              38.17308935746004
            ],
            [
              -120.81470917795787,
              38.1731296835287
            ],
            [
              -120.81463713184766,
              38.1731645699607
            ],
            [
              -120.81456107816405,
              38.173193676529884
            ],
            [
              -120.81448175861054,
              38.173216719377415
            ],
            [
              -120.81439994674305,
              38.17323347378021
            ],
            [
              -120.81431644042539,
              38.17324377634272
            ],
            [
              -120.81423205404761,
              38.17324752659052
            ],
            [
              -120.81414761058294,
              38.173244687950216
            ],
            [
              -120.81406393356134,
              38.17323528810618
            ],
            [
              -120.81398874805078,
              38.17322075428764
            ],
            [
              -120.81400719390143,
              38.17326415610946
            ],
            [
              -120.814025966901,
              38.17332872410315
            ],
            [
              -120.81403663962232,
              38.173394433056984
            ],
            [
              -120.81403910943767,
              38.17346065125635
            ],
            [
              -120.81403335258035,
              38.17352674208909
            ],
            [
              -120.81402251607447,
              38.173577569039026
            ],
            [
              -120.81404829494089,
              38.17361634141645
            ],
            [
              -120.81407897084618,
              38.173675464430005
            ],
            [
              -120.81408541782075,
              38.17368978591316
            ],
            [
              -120.81408981771631,
              38.17369349041953
            ],
            [
              -120.8141411127513,
              38.17374623491551
            ],
            [
              -120.81431141382375,
              38.1739404339353
            ],
            [
              -120.81436480994613,
              38.17400990826309
            ],
            [
              -120.81440725416223,
              38.17408394059841
            ],
            [
              -120.81445205505676,
              38.17417654032278
            ],
            [
              -120.81447788852282,
              38.174238851779386
            ],
            [
              -120.81449594970326,
              38.174302846457515
            ],
            [
              -120.81450606850355,
              38.17436792174899
            ],
            [
              -120.81450814961808,
              38.17443346486841
            ],
            [
              -120.81450217342822,
              38.174498858623345
            ],
            [
              -120.81448819618801,
              38.17456348722633
            ],
            [
              -120.81446634949522,
              38.17462674209335
            ],
            [
              -120.81443683905279,
              38.17468802757496
            ],
            [
              -120.81439994273269,
              38.17474676656531
            ],
            [
              -120.81435600795972,
              38.17480240593673
            ],
            [
              -120.81430544844052,
              38.17485442174871
            ],
            [
              -120.81424874026814,
              38.174902324181765
            ],
            [
              -120.81418641743913,
              38.17494566215022
            ],
            [
              -120.81411906682503,
              38.17498402755033
            ],
            [
              -120.81404732264606,
              38.17501705910331
            ],
            [
              -120.81397186049853,
              38.17504444575784
            ],
            [
              -120.81389339099258,
              38.17506592961928
            ],
            [
              -120.81381265306027,
              38.17508130837837
            ],
            [
              -120.81373040699651,
              38.17509043721649
            ],
            [
              -120.81365166625498,
              38.17509308749501
            ],
            [
              -120.8136327064028,
              38.17509987961872
            ],
            [
              -120.81355272896482,
              38.17512131400833
            ],
            [
              -120.81347046468719,
              38.175136421377225
            ],
            [
              -120.81338671468653,
              38.17514505460538
            ],
            [
              -120.8133534234605,
              38.175145872898284
            ],
            [
              -120.81335335510482,
              38.17514596534269
            ],
            [
              -120.81330199419658,
              38.17520154720349
            ],
            [
              -120.81324459433935,
              38.175257447530285
            ],
            [
              -120.81318622228285,
              38.17530871078228
            ],
            [
              -120.81312153741112,
              38.17535501240205
            ],
            [
              -120.81305121296862,
              38.17539587047207
            ],
            [
              -120.81297598090146,
              38.175430859731854
            ],
            [
              -120.81289662423899,
              38.17545961600452
            ],
            [
              -120.81281396894352,
              38.17548183998749
            ],
            [
              -120.81272887531294,
              38.175497300367844
            ],
            [
              -120.81264222902584,
              38.17550583623019
            ],
            [
              -120.81255493192256,
              38.17550735873144
            ],
            [
              -120.81246789261756,
              38.175501852025725
            ],
            [
              -120.81238201704174,
              38.17548937342923
            ],
            [
              -120.81226621607816,
              38.17546767320667
            ],
            [
              -120.81219596488329,
              38.17545198220233
            ],
            [
              -120.81212766332227,
              38.17543162208001
            ],
            [
              -120.81206180838929,
              38.17540674099046
            ],
            [
              -120.8119352934119,
              38.17535359202073
            ],
            [
              -120.81191103498011,
              38.17534889559767
            ],
            [
              -120.8118327594721,
              38.175330576501075
            ],
            [
              -120.81172935870406,
              38.17530207623135
            ],
            [
              -120.81165013938292,
              38.17527666961952
            ],
            [
              -120.81157452685635,
              38.175245149971914
            ],
            [
              -120.81150327581733,
              38.1752078318907
            ],
            [
              -120.81149455469311,
              38.175202198998775
            ],
            [
              -120.81149395516815,
              38.17520208604461
            ],
            [
              -120.81141201553991,
              38.17517951570016
            ],
            [
              -120.81133827111012,
              38.175152310845846
            ],
            [
              -120.81132500250123,
              38.17515186062473
            ],
            [
              -120.81128310484772,
              38.17521064159
            ],
            [
              -120.81107727440939,
              38.17575044278147
            ],
            [
              -120.81105004928429,
              38.17581118300634
            ],
            [
              -120.81101561859265,
              38.175869599925946
            ],
            [
              -120.81084062046111,
              38.176132901103216
            ],
            [
              -120.81080570981739,
              38.17618059428456
            ],
            [
              -120.81076599358639,
              38.17622588411492
            ],
            [
              -120.8106604939714,
              38.176336284735676
            ],
            [
              -120.81060297443656,
              38.17639035064029
            ],
            [
              -120.81053862149822,
              38.17643938308064
            ],
            [
              -120.81046813787364,
              38.17648284662629
            ],
            [
              -120.810392293231,
              38.17652026665799
            ],
            [
              -120.81031191578438,
              38.17655123455082
            ],
            [
              -120.81022788324952,
              38.17657541213661
            ],
            [
              -120.81014111325845,
              38.17659253539706
            ],
            [
              -120.81001191211361,
              38.176612435541365
            ],
            [
              -120.80992827238755,
              38.17662196282355
            ],
            [
              -120.80984385014189,
              38.17662493286793
            ],
            [
              -120.80975946835495,
              38.176621316722134
            ],
            [
              -120.80967594961048,
              38.17661114963832
            ],
            [
              -120.80959410807812,
              38.17659453072945
            ],
            [
              -120.80951474157594,
              38.17657162200306
            ],
            [
              -120.80943862379257,
              38.176542646781684
            ],
            [
              -120.80936649674447,
              38.17650788752577
            ],
            [
              -120.80901649544808,
              38.1763198860625
            ],
            [
              -120.80896704408748,
              38.17629122398816
            ],
            [
              -120.8088497744989,
              38.17621800647291
            ],
            [
              -120.80881651371459,
              38.1762120392318
            ],
            [
              -120.80881056262574,
              38.176210953917526
            ],
            [
              -120.80864546124897,
              38.176180353602916
            ],
            [
              -120.80856142220489,
              38.17616115179456
            ],
            [
              -120.80848030544905,
              38.17613527803749
            ],
            [
              -120.80840295854594,
              38.17610300268059
            ],
            [
              -120.80833018966658,
              38.176064662960904
            ],
            [
              -120.8082627591441,
              38.17602065947962
            ],
            [
              -120.80820137152878,
              38.17597145201615
            ],
            [
              -120.80809857175106,
              38.17588015146717
            ],
            [
              -120.80804698126379,
              38.17582964235838
            ],
            [
              -120.80800176614997,
              38.17577545977853
            ],
            [
              -120.8079726363569,
              38.17573197570345
            ],
            [
              -120.8079216688778,
              38.17571024808077
            ],
            [
              -120.80784651340898,
              38.17566950899233
            ],
            [
              -120.80773981313452,
              38.17560480851393
            ],
            [
              -120.80767753973042,
              38.17556317474778
            ],
            [
              -120.80762057243612,
              38.17551704847008
            ],
            [
              -120.80756942913476,
              38.175466849018584
            ],
            [
              -120.80752457476025,
              38.17541303275961
            ],
            [
              -120.80748641707076,
              38.175356088938926
            ],
            [
              -120.80745530294224,
              38.17529653523387
            ],
            [
              -120.80743151521528,
              38.17523491304692
            ],
            [
              -120.80741527012451,
              38.17517178258372
            ],
            [
              -120.80740671533337,
              38.17510771776004
            ],
            [
              -120.80740592859252,
              38.17504330098446
            ],
            [
              -120.80741291703362,
              38.174979117863515
            ],
            [
              -120.80742471781603,
              38.17490971797177
            ],
            [
              -120.80743890170403,
              38.17484811216968
            ],
            [
              -120.80746024934426,
              38.17478780746824
            ],
            [
              -120.80748857737302,
              38.174729321800726
            ],
            [
              -120.80752184993902,
              38.17467602861408
            ],
            [
              -120.80745623013375,
              38.17460301768214
            ],
            [
              -120.80738193078282,
              38.17450681724303
            ],
            [
              -120.8073429187288,
              38.17445043863783
            ],
            [
              -120.80731086607742,
              38.17439138999415
            ],
            [
              -120.80728606259079,
              38.174330205155336
            ],
            [
              -120.8072314503106,
              38.17416954102441
            ],
            [
              -120.80721652254137,
              38.174152430699074
            ],
            [
              -120.80717517072331,
              38.17410006483396
            ],
            [
              -120.8071400436194,
              38.174044939086826
            ],
            [
              -120.80711143422918,
              38.1739875132915
            ],
            [
              -120.80708958118277,
              38.17392826646659
            ],
            [
              -120.80707466675054,
              38.17386769281963
            ],
            [
              -120.80706681532355,
              38.173806297624594
            ],
            [
              -120.80705744117915,
              38.173671715486755
            ],
            [
              -120.80702214253938,
              38.17353148867371
            ],
            [
              -120.80701644619411,
              38.173506390978865
            ],
            [
              -120.80701329742895,
              38.173490831970916
            ],
            [
              -120.8069917268489,
              38.173463308452405
            ],
            [
              -120.80695604202904,
              38.17340646606501
            ],
            [
              -120.80692726812693,
              38.17334723209017
            ],
            [
              -120.80681707080683,
              38.173084031414724
            ],
            [
              -120.80679264108863,
              38.173012859895074
            ],
            [
              -120.80672062963139,
              38.172746173458926
            ],
            [
              -120.80665661737152,
              38.1726170909332
            ],
            [
              -120.80663908395294,
              38.17260640495489
            ],
            [
              -120.80658515908272,
              38.17257065022129
            ],
            [
              -120.80653514037124,
              38.1725315167434
            ],
            [
              -120.80648936646115,
              38.17248926947278
            ],
            [
              -120.806406731828,
              38.17240632202535
            ],
            [
              -120.80638662837683,
              38.1724026009527
            ],
            [
              -120.80630761498227,
              38.17238477699779
            ],
            [
              -120.80623113122246,
              38.17236105302594
            ],
            [
              -120.80615788221868,
              38.172331647755286
            ],
            [
              -120.80608854326772,
              38.17229683228104
            ],
            [
              -120.80602375361596,
              38.17225692757594
            ],
            [
              -120.80596411056581,
              38.17221230153095
            ],
            [
              -120.80591016396902,
              38.172163365563364
            ],
            [
              -120.80586241115745,
              38.17211057082355
            ],
            [
              -120.80582129235843,
              38.172054404035606
            ],
            [
              -120.80578718663648,
              38.171995383009914
            ],
            [
              -120.80576040839912,
              38.171934051869144
            ],
            [
              -120.80574120449894,
              38.17187097603176
            ],
            [
              -120.8057297519584,
              38.1718067369993
            ],
            [
              -120.80571613170652,
              38.17168993312514
            ],
            [
              -120.80570631222002,
              38.17167008455804
            ],
            [
              -120.80560345848,
              38.17155839768967
            ],
            [
              -120.80558461405963,
              38.171537084662795
            ],
            [
              -120.80555366544584,
              38.171500606325004
            ],
            [
              -120.80543429549773,
              38.17150347449881
            ],
            [
              -120.80496305740112,
              38.1715494943864
            ],
            [
              -120.80498062282055,
              38.171606870493775
            ],
            [
              -120.80499192399242,
              38.17166717346372
            ],
            [
              -120.80500462513291,
              38.17176537340696
            ],
            [
              -120.80500905176052,
              38.17183361521153
            ],
            [
              -120.80500472438887,
              38.17190186098292
            ],
            [
              -120.80499168725584,
              38.171969412674315
            ],
            [
              -120.8049700736874,
              38.17203557933642
            ],
            [
              -120.80494010473485,
              38.172099684184836
            ],
            [
              -120.80489730540158,
              38.17217868448967
            ],
            [
              -120.80486247892033,
              38.17223547584108
            ],
            [
              -120.80482109332742,
              38.17228945482501
            ],
            [
              -120.80477350954622,
              38.172340150673584
            ],
            [
              -120.804720142559,
              38.17238712125133
            ],
            [
              -120.80466145778807,
              38.17242995691143
            ],
            [
              -120.80459796703666,
              38.172468284068486
            ],
            [
              -120.80453022402541,
              38.172501768457025
            ],
            [
              -120.80436932308425,
              38.17257326899922
            ],
            [
              -120.80430045868448,
              38.17260072080339
            ],
            [
              -120.80422874266716,
              38.17262316575823
            ],
            [
              -120.80415475773984,
              38.17264042149371
            ],
            [
              -120.80392195573923,
              38.172685821836744
            ],
            [
              -120.80384455257425,
              38.17269795822055
            ],
            [
              -120.8037660623996,
              38.17270441482055
            ],
            [
              -120.80346565962536,
              38.172718114861624
            ],
            [
              -120.80337754522985,
              38.17271854638604
            ],
            [
              -120.80322384381893,
              38.17271304629286
            ],
            [
              -120.80314445654118,
              38.172707271143565
            ],
            [
              -120.80306609442012,
              38.17269568957877
            ],
            [
              -120.8029894374174,
              38.17267840209432
            ],
            [
              -120.80291515069786,
              38.17265555869731
            ],
            [
              -120.80284387885709,
              38.17262735760418
            ],
            [
              -120.80276077842706,
              38.172590557297106
            ],
            [
              -120.80269218169488,
              38.17255671995389
            ],
            [
              -120.80262793786036,
              38.172517921494
            ],
            [
              -120.80256862076315,
              38.17247450847857
            ],
            [
              -120.80251476023285,
              38.17242686868672
            ],
            [
              -120.8024668373565,
              38.17237542765156
            ],
            [
              -120.80242528018141,
              38.172320644859106
            ],
            [
              -120.80239045989221,
              38.172263009643736
            ],
            [
              -120.8023392607806,
              38.17216680932933
            ],
            [
              -120.80230921084234,
              38.17210099676728
            ],
            [
              -120.80228794248693,
              38.17203308400754
            ],
            [
              -120.80227568371036,
              38.17196379915201
            ],
            [
              -120.80226408493365,
              38.171858799105614
            ],
            [
              -120.80226115767971,
              38.1717819635148
            ],
            [
              -120.8022693050461,
              38.17170536273203
            ],
            [
              -120.80228842153457,
              38.1716299883188
            ],
            [
              -120.80230872217113,
              38.17156838848021
            ],
            [
              -120.8023355059318,
              38.17150155774541
            ],
            [
              -120.80237091650304,
              38.171437277361335
            ],
            [
              -120.80241457272527,
              38.17137623920314
            ],
            [
              -120.80246600469111,
              38.17131910024708
            ],
            [
              -120.80252465880379,
              38.171266475499515
            ],
            [
              -120.80258990373622,
              38.171218931377695
            ],
            [
              -120.80266103722634,
              38.17117697961357
            ],
            [
              -120.80274773682439,
              38.171131179950024
            ],
            [
              -120.80282235134804,
              38.17109595838696
            ],
            [
              -120.80290110704952,
              38.171066894197004
            ],
            [
              -120.80298319131256,
              38.17104428726922
            ],
            [
              -120.80306775717881,
              38.171028370865514
            ],
            [
              -120.80315393208625,
              38.171019309214046
            ],
            [
              -120.80344901292162,
              38.171000255567975
            ],
            [
              -120.80344445610062,
              38.17094950729013
            ],
            [
              -120.80344005799498,
              38.17078780731584
            ],
            [
              -120.80344193051795,
              38.170726342849804
            ],
            [
              -120.80345087286695,
              38.17066526724809
            ],
            [
              -120.8034668109755,
              38.1706050862598
            ],
            [
              -120.80348961284822,
              38.17054629822477
            ],
            [
              -120.8036323839492,
              38.17023033444537
            ],
            [
              -120.80373030249511,
              38.169782811926815
            ],
            [
              -120.80374021921543,
              38.16960545556722
            ],
            [
              -120.80373591220562,
              38.16959633487407
            ],
            [
              -120.80371403801931,
              38.16953029702978
            ],
            [
              -120.80370071561013,
              38.16946285379364
            ],
            [
              -120.80369608093135,
              38.16939469353488
            ],
            [
              -120.80370018126301,
              38.16932651193923
            ],
            [
              -120.80371297473049,
              38.16925900490819
            ],
            [
              -120.80373433073275,
              38.169192861456466
            ],
            [
              -120.80376403127647,
              38.16912875667948
            ],
            [
              -120.80380177320166,
              38.16906734486322
            ],
            [
              -120.80384717127673,
              38.16900925280646
            ],
            [
              -120.80389976213104,
              38.1689550734235
            ],
            [
              -120.8039590089846,
              38.16890535969301
            ],
            [
              -120.80398288498932,
              38.168889000453575
            ],
            [
              -120.80405258097481,
              38.16873173481246
            ],
            [
              -120.80406265855723,
              38.16861800049453
            ],
            [
              -120.80403390146938,
              38.168504223526575
            ],
            [
              -120.80385924426857,
              38.16827332597699
            ],
            [
              -120.80348663811294,
              38.16789101494965
            ],
            [
              -120.80344747825976,
              38.16784736246729
            ],
            [
              -120.80317118032293,
              38.1675119608551
            ],
            [
              -120.80313345902184,
              38.16746151171869
            ],
            [
              -120.80310141510279,
              38.167408672464234
            ],
            [
              -120.80295581757115,
              38.1671391715708
            ],
            [
              -120.80292715742159,
              38.16707812632953
            ],
            [
              -120.80290607241574,
              38.167015186729664
            ],
            [
              -120.80289275830872,
              38.16695093716782
            ],
            [
              -120.80288733870145,
              38.16688597420207
            ],
            [
              -120.80288986389388,
              38.1668209010128
            ],
            [
              -120.80292751610511,
              38.166444564683644
            ],
            [
              -120.80284172072781,
              38.16627522061173
            ],
            [
              -120.80281295879173,
              38.16620857018225
            ],
            [
              -120.80275842930288,
              38.16605670231504
            ],
            [
              -120.80266676808475,
              38.16597325374027
            ],
            [
              -120.80261815276498,
              38.1659246631939
            ],
            [
              -120.80257537630641,
              38.16587276278425
            ],
            [
              -120.8025387979945,
              38.16581798844603
            ],
            [
              -120.80250872505155,
              38.165760800252336
            ],
            [
              -120.80248541005665,
              38.165701678550086
            ],
            [
              -120.80246904882473,
              38.16564111992529
            ],
            [
              -120.80244567802764,
              38.165529837773136
            ],
            [
              -120.8023946281761,
              38.16540094798216
            ],
            [
              -120.80237192410021,
              38.165330534088575
            ],
            [
              -120.80235892883836,
              38.16525860246969
            ],
            [
              -120.80235579265575,
              38.1651859850366
            ],
            [
              -120.80235906262612,
              38.16515092834193
            ],
            [
              -120.8022702365389,
              38.16497022531596
            ],
            [
              -120.80186208803462,
              38.16443483547922
            ],
            [
              -120.80160160111683,
              38.16422616160062
            ],
            [
              -120.8015478504532,
              38.16417884294446
            ],
            [
              -120.80149996970626,
              38.164127745804244
            ],
            [
              -120.80149719711964,
              38.16412411743099
            ],
            [
              -120.80146492460666,
              38.164112057190636
            ],
            [
              -120.8013994236382,
              38.1640816965445
            ],
            [
              -120.8011268364648,
              38.16394214812796
            ],
            [
              -120.80102424428054,
              38.16390204168325
            ],
            [
              -120.80091920372347,
              38.16390429124567
            ],
            [
              -120.8008460236581,
              38.163903386499676
            ],
            [
              -120.80077320916288,
              38.16389754811256
            ],
            [
              -120.80070129286084,
              38.16388681879141
            ],
            [
              -120.80053379146354,
              38.16385591847335
            ],
            [
              -120.80045020440289,
              38.16383691409851
            ],
            [
              -120.80036949272018,
              38.163811308528686
            ],
            [
              -120.80029249033093,
              38.16377936632318
            ],
            [
              -120.80021999282299,
              38.16374141751139
            ],
            [
              -120.80015274923612,
              38.1636978541827
            ],
            [
              -120.80009145432261,
              38.163649126435054
            ],
            [
              -120.80003674136918,
              38.16359573772431
            ],
            [
              -120.79992504197139,
              38.16347463708975
            ],
            [
              -120.79987637711336,
              38.1634156455529
            ],
            [
              -120.79983575141421,
              38.16335297613919
            ],
            [
              -120.79980360594602,
              38.16328730928202
            ],
            [
              -120.79978028970379,
              38.16321935795755
            ],
            [
              -120.79974918351849,
              38.16310549598343
            ],
            [
              -120.7997466834977,
              38.163104658413786
            ],
            [
              -120.79970629605097,
              38.163087174312004
            ],
            [
              -120.7996551450522,
              38.16307582426993
            ],
            [
              -120.79957789613846,
              38.163052107213986
            ],
            [
              -120.79950391569585,
              38.16302260101781
            ],
            [
              -120.79943389774887,
              38.16298758248693
            ],
            [
              -120.79936849914618,
              38.16294738013897
            ],
            [
              -120.79930833339826,
              38.16290237112146
            ],
            [
              -120.79925396492189,
              38.1628529776736
            ],
            [
              -120.79923670804317,
              38.16283567390156
            ],
            [
              -120.7992256725459,
              38.16283142936409
            ],
            [
              -120.79915659594083,
              38.16279814755537
            ],
            [
              -120.7988005872604,
              38.16260781482784
            ],
            [
              -120.7984899782682,
              38.162466047808415
            ],
            [
              -120.79829787055142,
              38.162382870594115
            ],
            [
              -120.79829605738398,
              38.16239057649552
            ],
            [
              -120.79826605752288,
              38.16246668249642
            ],
            [
              -120.79813246005882,
              38.16274628347746
            ],
            [
              -120.79809702103395,
              38.16281023573592
            ],
            [
              -120.79805341353855,
              38.16287095964784
            ],
            [
              -120.79800210304916,
              38.16292780700557
            ],
            [
              -120.79794363727306,
              38.16298017098103
            ],
            [
              -120.7977951372413,
              38.163100071747756
            ],
            [
              -120.79772848717357,
              38.16314847469386
            ],
            [
              -120.79765573173539,
              38.163191045748626
            ],
            [
              -120.79757768568275,
              38.16322730817281
            ],
            [
              -120.79749522302359,
              38.16325685587496
            ],
            [
              -120.7974092672296,
              38.16327935795953
            ],
            [
              -120.79719136539273,
              38.16332645831959
            ],
            [
              -120.7971142296175,
              38.163340141996386
            ],
            [
              -120.79710639695824,
              38.163340941674875
            ],
            [
              -120.7970647658674,
              38.16339624550217
            ],
            [
              -120.7970846444922,
              38.16344320003342
            ],
            [
              -120.79749135881544,
              38.16365967738075
            ],
            [
              -120.79757251165707,
              38.163708678291904
            ],
            [
              -120.79764568993264,
              38.163764965631685
            ],
            [
              -120.79781549023927,
              38.16391216473329
            ],
            [
              -120.7978728208801,
              38.1639674786592
            ],
            [
              -120.7979224297941,
              38.16402726464944
            ],
            [
              -120.79796376180816,
              38.164090853663566
            ],
            [
              -120.79799635436889,
              38.16415753410113
            ],
            [
              -120.79801984271967,
              38.164226559764714
            ],
            [
              -120.79805394412676,
              38.1643531595664
            ],
            [
              -120.79806763893627,
              38.16442059511233
            ],
            [
              -120.798072640793,
              38.16448877768531
            ],
            [
              -120.79806889856289,
              38.16455701058625
            ],
            [
              -120.79805645046045,
              38.16462459659988
            ],
            [
              -120.79800965249167,
              38.16481169699372
            ],
            [
              -120.79798890696094,
              38.16487721581745
            ],
            [
              -120.79795998027579,
              38.164940772179
            ],
            [
              -120.79792316143875,
              38.16500173105051
            ],
            [
              -120.79787881830993,
              38.16505948335566
            ],
            [
              -120.79775007054349,
              38.165209678275346
            ],
            [
              -120.79776733043313,
              38.16527829884416
            ],
            [
              -120.7977807119221,
              38.16529115011108
            ],
            [
              -120.7979025377631,
              38.165367845408774
            ],
            [
              -120.79796339967201,
              38.16541003062141
            ],
            [
              -120.79801893801967,
              38.165456569242075
            ],
            [
              -120.79806865538166,
              38.16550704446112
            ],
            [
              -120.7981121064649,
              38.16556100421087
            ],
            [
              -120.79814890209596,
              38.16561796521435
            ],
            [
              -120.79817871270693,
              38.1656774173133
            ],
            [
              -120.79820127128762,
              38.16573882803723
            ],
            [
              -120.79821637577756,
              38.16580164737225
            ],
            [
              -120.79822389087633,
              38.16586531268702
            ],
            [
              -120.79822374925605,
              38.16592925377186
            ],
            [
              -120.79821595216515,
              38.16599289794571
            ],
            [
              -120.79818389800444,
              38.166167718935846
            ],
            [
              -120.79822165921165,
              38.16628852104351
            ],
            [
              -120.79823865479115,
              38.16635862875559
            ],
            [
              -120.79824618698342,
              38.166429760814786
            ],
            [
              -120.79824417168952,
              38.16650112327438
            ],
            [
              -120.79823263137563,
              38.1665719196136
            ],
            [
              -120.79821169482346,
              38.166641359628336
            ],
            [
              -120.79814595837034,
              38.16681749811363
            ],
            [
              -120.79814311972845,
              38.166893513578266
            ],
            [
              -120.7981361520653,
              38.16696189900306
            ],
            [
              -120.79812043600579,
              38.16702937400854
            ],
            [
              -120.79809613357497,
              38.16709524285809
            ],
            [
              -120.79806349533398,
              38.16715882637447
            ],
            [
              -120.79802285779756,
              38.16721946894294
            ],
            [
              -120.79797463996482,
              38.167276545271655
            ],
            [
              -120.79785468094859,
              38.1674040120693
            ],
            [
              -120.79775688482441,
              38.167560517901464
            ],
            [
              -120.79771758785675,
              38.167616545004535
            ],
            [
              -120.79771080123605,
              38.16762436770297
            ],
            [
              -120.79775123418852,
              38.16774801182056
            ],
            [
              -120.7977556534258,
              38.16776215397517
            ],
            [
              -120.79787665787865,
              38.16816815325902
            ],
            [
              -120.79789007052193,
              38.168223368401144
            ],
            [
              -120.79789762200016,
              38.16827927274678
            ],
            [
              -120.79791002376851,
              38.16843057271113
            ],
            [
              -120.79791150389778,
              38.16849227374727
            ],
            [
              -120.79790584671511,
              38.168553824022744
            ],
            [
              -120.79789309939954,
              38.16861471003404
            ],
            [
              -120.79787336828264,
              38.168674423818175
            ],
            [
              -120.7978468179619,
              38.16873246719074
            ],
            [
              -120.79781366992809,
              38.16878835590227
            ],
            [
              -120.79777420071783,
              38.16884162367832
            ],
            [
              -120.79771085716679,
              38.16891879472735
            ],
            [
              -120.79762489834623,
              38.16915446074551
            ],
            [
              -120.79759335826441,
              38.16922570023954
            ],
            [
              -120.79755195144192,
              38.169293718482784
            ],
            [
              -120.7973773531162,
              38.16954371963948
            ],
            [
              -120.79733731911159,
              38.16959541547216
            ],
            [
              -120.79729157942644,
              38.16964407187141
            ],
            [
              -120.79724050192358,
              38.16968929750566
            ],
            [
              -120.79721777561483,
              38.16970768889882
            ],
            [
              -120.79721838908488,
              38.16998432944923
            ],
            [
              -120.79725306886692,
              38.170067699495426
            ],
            [
              -120.79727177561708,
              38.170077718831564
            ],
            [
              -120.79734316143666,
              38.170125743899646
            ],
            [
              -120.79744646142207,
              38.17020334338424
            ],
            [
              -120.79750537194457,
              38.170252250027104
            ],
            [
              -120.79755780821746,
              38.17030555241889
            ],
            [
              -120.79760324703122,
              38.170362718723496
            ],
            [
              -120.7976412349918,
              38.17042317855042
            ],
            [
              -120.79767139304502,
              38.17048632864572
            ],
            [
              -120.79769342025917,
              38.170551538910935
            ],
            [
              -120.79770709682852,
              38.17061815868988
            ],
            [
              -120.7977122862673,
              38.1706855232607
            ],
            [
              -120.79770893677247,
              38.17075296046828
            ],
            [
              -120.79769708174148,
              38.17081979743091
            ],
            [
              -120.79767683943997,
              38.17088536725427
            ],
            [
              -120.79764841182273,
              38.170949015685736
            ],
            [
              -120.79761208251931,
              38.17101010764267
            ],
            [
              -120.79756821400476,
              38.171068033549396
            ],
            [
              -120.79751724398345,
              38.171122215419835
            ],
            [
              -120.79748281993538,
              38.17115205517149
            ],
            [
              -120.79749007667121,
              38.17127250508018
            ],
            [
              -120.79749058919583,
              38.17128260310541
            ],
            [
              -120.79751001423081,
              38.17175329977083
            ],
            [
              -120.79754371956454,
              38.17190422935558
            ],
            [
              -120.79764020587385,
              38.17202595033535
            ],
            [
              -120.7977803887337,
              38.1721936104555
            ],
            [
              -120.79782506934053,
              38.172253545890634
            ],
            [
              -120.79786170890966,
              38.17231678961376
            ],
            [
              -120.79788075435427,
              38.17236126806845
            ],
            [
              -120.79791898415968,
              38.172378409208555
            ],
            [
              -120.79797972657936,
              38.172408364969336
            ],
            [
              -120.79803708369211,
              38.172442225068764
            ],
            [
              -120.79824572218361,
              38.17257649429804
            ],
            [
              -120.7983984315977,
              38.17257748484449
            ],
            [
              -120.79848333384774,
              38.17258137120603
            ],
            [
              -120.7985673283741,
              38.172591890145135
            ],
            [
              -120.79882062622161,
              38.17263388970311
            ],
            [
              -120.79889429135581,
              38.172648830148994
            ],
            [
              -120.79896598544735,
              38.17266887434045
            ],
            [
              -120.79903514231908,
              38.17269386398691
            ],
            [
              -120.79910121582877,
              38.17272360174291
            ],
            [
              -120.79916604237297,
              38.172755872687304
            ],
            [
              -120.79924845083288,
              38.172763700947016
            ],
            [
              -120.79933128364917,
              38.1727748492605
            ],
            [
              -120.79941233245586,
              38.17279235603746
            ],
            [
              -120.7994908160246,
              38.172816052531296
            ],
            [
              -120.7995659778512,
              38.17284571033262
            ],
            [
              -120.79963709344715,
              38.17288104357082
            ],
            [
              -120.79970347732255,
              38.17292171166925
            ],
            [
              -120.79976448959344,
              38.172967322627805
            ],
            [
              -120.7998195421496,
              38.17301743680129
            ],
            [
              -120.7998681043234,
              38.17307157113676
            ],
            [
              -120.7999097080052,
              38.17312920382951
            ],
            [
              -120.79994395215589,
              38.17318977935263
            ],
            [
              -120.79997050667302,
              38.17325271381142
            ],
            [
              -120.79998911557344,
              38.17331740057162
            ],
            [
              -120.79999959946137,
              38.173383216106515
            ],
            [
              -120.80000185725841,
              38.173449526007346
            ],
            [
              -120.79999586717882,
              38.17351569109825
            ],
            [
              -120.79998168694027,
              38.173581073597575
            ],
            [
              -120.79995945320836,
              38.17364504326558
            ],
            [
              -120.79992938028013,
              38.17370698347962
            ],
            [
              -120.79989175801907,
              38.17376629717812
            ],
            [
              -120.79984694906163,
              38.17382241261601
            ],
            [
              -120.79979538532226,
              38.17387478887614
            ],
            [
              -120.79973756383046,
              38.173922921083694
            ],
            [
              -120.7996740419399,
              38.17396634527305
            ],
            [
              -120.79960543195595,
              38.174004642860446
            ],
            [
              -120.79953239523351,
              38.17403744467909
            ],
            [
              -120.79949963123097,
              38.17405052254237
            ],
            [
              -120.79949966949611,
              38.17409506049604
            ],
            [
              -120.79949146233257,
              38.17416117395953
            ],
            [
              -120.79947507024967,
              38.17422633161184
            ],
            [
              -120.79945065169306,
              38.17428990355478
            ],
            [
              -120.79941844270446,
              38.174351275218136
            ],
            [
              -120.79937875464041,
              38.174409853301064
            ],
            [
              -120.79933197116287,
              38.17446507150791
            ],
            [
              -120.79927854453092,
              38.17451639602306
            ],
            [
              -120.7992189912287,
              38.174563330671724
            ],
            [
              -120.79915388697276,
              38.17460542171696
            ],
            [
              -120.79908386114643,
              38.174642262246394
            ],
            [
              -120.79900959071507,
              38.174673496106216
            ],
            [
              -120.79890769002138,
              38.1747113963992
            ],
            [
              -120.7988135743723,
              38.17474116075773
            ],
            [
              -120.79864257300129,
              38.174786161107136
            ],
            [
              -120.79863140132373,
              38.17478864421659
            ],
            [
              -120.79863741341211,
              38.174823088702915
            ],
            [
              -120.79866690443208,
              38.17508457893993
            ],
            [
              -120.79876152532461,
              38.17552464122694
            ],
            [
              -120.79876610288028,
              38.175548506979
            ],
            [
              -120.79882680702441,
              38.175908306669896
            ],
            [
              -120.7988342857557,
              38.176001181900084
            ],
            [
              -120.79883208948158,
              38.176319582029336
            ],
            [
              -120.79882467863715,
              38.17639703871569
            ],
            [
              -120.79883866988102,
              38.176456193695074
            ],
            [
              -120.79884591671922,
              38.17652235982677
            ],
            [
              -120.79884489928357,
              38.176588767932174
            ],
            [
              -120.79883562738232,
              38.176654776359136
            ],
            [
              -120.79881819058116,
              38.17671974731559
            ],
            [
              -120.79879275733852,
              38.17678305303222
            ],
            [
              -120.79875957337875,
              38.1768440818282
            ],
            [
              -120.79871895931846,
              38.17690224402168
            ],
            [
              -120.79867130756936,
              38.176956977627626
            ],
            [
              -120.79861707854697,
              38.177007753788224
            ],
            [
              -120.79855679622236,
              38.17705408188311
            ],
            [
              -120.79849104305944,
              38.177095514270285
            ],
            [
              -120.7984204543871,
              38.17713165061155
            ],
            [
              -120.79834571226012,
              38.17716214174107
            ],
            [
              -120.79826753886881,
              38.17718669303944
            ],
            [
              -120.79818668956041,
              38.17720506728049
            ],
            [
              -120.79810394553998,
              38.177217086923754
            ],
            [
              -120.79802010632164,
              38.17722263583008
            ],
            [
              -120.79793598200258,
              38.17722166038376
            ],
            [
              -120.79785238543482,
              38.17721417001078
            ],
            [
              -120.79777012437037,
              38.17720023708754
            ],
            [
              -120.79764752337584,
              38.17717443682886
            ],
            [
              -120.79756158295096,
              38.17715245657832
            ],
            [
              -120.79747905614833,
              38.177123448440696
            ],
            [
              -120.79740086234635,
              38.1770877355795
            ],
            [
              -120.79719606151292,
              38.17698243474569
            ],
            [
              -120.79713251571569,
              38.17694639218855
            ],
            [
              -120.79707340542802,
              38.17690591914847
            ],
            [
              -120.7970192246903,
              38.17686135390261
            ],
            [
              -120.79697042633893,
              38.17681306893036
            ],
            [
              -120.79692741822154,
              38.17676146780002
            ],
            [
              -120.7968905597884,
              38.17670698179556
            ],
            [
              -120.79682284453149,
              38.1765948246358
            ],
            [
              -120.7967744406197,
              38.17662598811772
            ],
            [
              -120.79670374621168,
              38.17666295514681
            ],
            [
              -120.79662876470562,
              38.17669421863468
            ],
            [
              -120.79655023211606,
              38.17671947169925
            ],
            [
              -120.79646891931755,
              38.17673846645661
            ],
            [
              -120.79638562447715,
              38.17675101645441
            ],
            [
              -120.7963011652192,
              38.17675699850212
            ],
            [
              -120.79621637059869,
              38.17675635388049
            ],
            [
              -120.7961320729626,
              38.17674908891785
            ],
            [
              -120.79604909977908,
              38.17673527492798
            ],
            [
              -120.79596826551403,
              38.176715047510015
            ],
            [
              -120.79589036363588,
              38.17668860521728
            ],
            [
              -120.79581615882636,
              38.17665620760809
            ],
            [
              -120.7957463794739,
              38.17661817269776
            ],
            [
              -120.79568171052357,
              38.17657487383665
            ],
            [
              -120.79562278675348,
              38.176526736045176
            ],
            [
              -120.79557018654384,
              38.17647423184153
            ],
            [
              -120.79548398704058,
              38.1763788313491
            ],
            [
              -120.79543953047306,
              38.176324265205956
            ],
            [
              -120.79540190885747,
              38.17626658471565
            ],
            [
              -120.7953714690703,
              38.17620632172618
            ],
            [
              -120.79534849176522,
              38.176144031896264
            ],
            [
              -120.79533318878586,
              38.17608028957178
            ],
            [
              -120.79532570121326,
              38.17601568248986
            ],
            [
              -120.7953260980657,
              38.17595080635954
            ],
            [
              -120.79533437566309,
              38.17588625936906
            ],
            [
              -120.79535045766173,
              38.175822636670276
            ],
            [
              -120.79536874386406,
              38.175774790024995
            ],
            [
              -120.79533328811165,
              38.17572510823589
            ],
            [
              -120.79522438551156,
              38.17563289891126
            ],
            [
              -120.79519292621139,
              38.175621281246585
            ],
            [
              -120.79511894669668,
              38.175590395379345
            ],
            [
              -120.79504914205559,
              38.17555395371905
            ],
            [
              -120.79498417968692,
              38.17551230468678
            ],
            [
              -120.7949246806892,
              38.175465846490816
            ],
            [
              -120.79487121392222,
              38.175415023319154
            ],
            [
              -120.79482429056823,
              38.17536032109237
            ],
            [
              -120.79478435924496,
              38.175302262817404
            ],
            [
              -120.79475180171661,
              38.175241403587016
            ],
            [
              -120.79472692924449,
              38.17517832527224
            ],
            [
              -120.7947099796117,
              38.17511363095907
            ],
            [
              -120.79470111485027,
              38.1750479391823
            ],
            [
              -120.79470041969304,
              38.1749818780116
            ],
            [
              -120.79470822145778,
              38.17483027812173
            ],
            [
              -120.79471584223877,
              38.174763690729115
            ],
            [
              -120.79473176258593,
              38.17469802393741
            ],
            [
              -120.79473405254218,
              38.174691923815246
            ],
            [
              -120.7947287211046,
              38.17467618634593
            ],
            [
              -120.79470426679184,
              38.174604118557156
            ],
            [
              -120.79468689068912,
              38.17454096487984
            ],
            [
              -120.79467723766233,
              38.174476789568935
            ],
            [
              -120.79467539600998,
              38.17441217978754
            ],
            [
              -120.7946813825613,
              38.17434772667237
            ],
            [
              -120.79469514252295,
              38.17428401992522
            ],
            [
              -120.79471654998108,
              38.174221642417606
            ],
            [
              -120.79474540905406,
              38.17416116485804
            ],
            [
              -120.79474978707789,
              38.174154117555844
            ],
            [
              -120.7947294619138,
              38.17409952882128
            ],
            [
              -120.79470849991856,
              38.174029723171365
            ],
            [
              -120.79469756673751,
              38.1739618734467
            ],
            [
              -120.794652844549,
              38.17391329278857
            ],
            [
              -120.79460330746883,
              38.17385297703438
            ],
            [
              -120.7943584099023,
              38.17351687557325
            ],
            [
              -120.79435537708243,
              38.173512678607594
            ],
            [
              -120.7940417803087,
              38.17307507673194
            ],
            [
              -120.79400297139826,
              38.173013882300545
            ],
            [
              -120.79379002441357,
              38.17263077273258
            ],
            [
              -120.79364530199575,
              38.17251200526689
            ],
            [
              -120.79327898134366,
              38.17232161935679
            ],
            [
              -120.79321466803458,
              38.17228470250773
            ],
            [
              -120.7931549725449,
              38.172243232917374
            ],
            [
              -120.7930906979072,
              38.172194216520886
            ],
            [
              -120.79308262445504,
              38.17219653086239
            ],
            [
              -120.79308426054129,
              38.172249706600326
            ],
            [
              -120.79307171925262,
              38.17271725315178
            ],
            [
              -120.79317670746688,
              38.17331041900712
            ],
            [
              -120.79325189159428,
              38.173535963537326
            ],
            [
              -120.7932643065241,
              38.17357882968515
            ],
            [
              -120.79331760895157,
              38.17379502938082
            ],
            [
              -120.79332977365448,
              38.173862211663355
            ],
            [
              -120.79333333940612,
              38.173930018395374
            ],
            [
              -120.79332827020608,
              38.17399776544461
            ],
            [
              -120.79331461717612,
              38.174064769279084
            ],
            [
              -120.79329251804529,
              38.17413035386363
            ],
            [
              -120.79319802030844,
              38.17436305458349
            ],
            [
              -120.79315214972011,
              38.17445315269043
            ],
            [
              -120.79313308731176,
              38.17448398362535
            ],
            [
              -120.79315263846092,
              38.174522007854584
            ],
            [
              -120.79317718132458,
              38.17458869251591
            ],
            [
              -120.79319292374157,
              38.17465701361634
            ],
            [
              -120.79319969938791,
              38.174726249428744
            ],
            [
              -120.79319743666167,
              38.17479566856117
            ],
            [
              -120.79318423821623,
              38.17493046870378
            ],
            [
              -120.79317305596695,
              38.1749989248398
            ],
            [
              -120.79315308439047,
              38.17506612312863
            ],
            [
              -120.79312453190086,
              38.175131362240805
            ],
            [
              -120.79308769647098,
              38.17519396129244
            ],
            [
              -120.79304296252349,
              38.17525326695175
            ],
            [
              -120.79292536320638,
              38.17539246768019
            ],
            [
              -120.79287782947034,
              38.175443395181
            ],
            [
              -120.79282447030553,
              38.1754905901135
            ],
            [
              -120.79276575346191,
              38.17553363875498
            ],
            [
              -120.79270219365885,
              38.17557216372958
            ],
            [
              -120.79263434807321,
              38.17560582731669
            ],
            [
              -120.79260989373844,
              38.175616735036925
            ],
            [
              -120.79256929084279,
              38.17594158798487
            ],
            [
              -120.79257258557715,
              38.17600623756465
            ],
            [
              -120.79259798863312,
              38.1760156451342
            ],
            [
              -120.79267052345028,
              38.1760141075086
            ],
            [
              -120.79276207757611,
              38.17601603620063
            ],
            [
              -120.7928528464849,
              38.17602567628398
            ],
            [
              -120.79294179085977,
              38.17604291737923
            ],
            [
              -120.79302789227305,
              38.17606756207413
            ],
            [
              -120.79316519135371,
              38.17611356165811
            ],
            [
              -120.79324337273174,
              38.176143539327384
            ],
            [
              -120.7933172995879,
              38.176179621511
            ],
            [
              -120.7933862095669,
              38.176221436122894
            ],
            [
              -120.79344939204486,
              38.176268551962366
            ],
            [
              -120.79350619545731,
              38.17632048316028
            ],
            [
              -120.79355603401854,
              38.176376694189244
            ],
            [
              -120.7935983937625,
              38.176436605385774
            ],
            [
              -120.79363283784348,
              38.17649959892766
            ],
            [
              -120.7936590110417,
              38.17656502520495
            ],
            [
              -120.79371751295206,
              38.17674212485376
            ],
            [
              -120.79373362860483,
              38.176804297738286
            ],
            [
              -120.79380119966923,
              38.176809204127196
            ],
            [
              -120.79387751713448,
              38.17681749378827
            ],
            [
              -120.79395258126522,
              38.176831166604245
            ],
            [
              -120.79402578397796,
              38.1768501118143
            ],
            [
              -120.79409653226695,
              38.17687417594667
            ],
            [
              -120.79420563160753,
              38.17691597558201
            ],
            [
              -120.79428002470914,
              38.176948167270375
            ],
            [
              -120.79435001518861,
              38.17698601439226
            ],
            [
              -120.79441491541225,
              38.17702914511658
            ],
            [
              -120.79447408775245,
              38.177077135702284
            ],
            [
              -120.79452695085237,
              38.17712951466127
            ],
            [
              -120.79457298533752,
              38.17718576739025
            ],
            [
              -120.79461173891886,
              38.177245341226296
            ],
            [
              -120.79464283083674,
              38.1773076508763
            ],
            [
              -120.79466595560238,
              38.17737208416712
            ],
            [
              -120.79468088599997,
              38.17743800805979
            ],
            [
              -120.79468747531968,
              38.17750477486887
            ],
            [
              -120.79468565880002,
              38.177571728625665
            ],
            [
              -120.79467545426495,
              38.17763821152299
            ],
            [
              -120.79465696194968,
              38.17770357037802
            ],
            [
              -120.79463036351677,
              38.177767163049765
            ],
            [
              -120.79459592027204,
              38.17782836474816
            ],
            [
              -120.79455397059814,
              38.17788657417269
            ],
            [
              -120.79448487106012,
              38.17797227460841
            ],
            [
              -120.79443693555699,
              38.17802580366325
            ],
            [
              -120.79438265394732,
              38.17807541382209
            ],
            [
              -120.7942487539659,
              38.17818641452405
            ],
            [
              -120.79419105072863,
              38.17822892981155
            ],
            [
              -120.79419137753156,
              38.178285500051764
            ],
            [
              -120.79418440922471,
              38.17834780754066
            ],
            [
              -120.79417017097445,
              38.178409339322684
            ],
            [
              -120.79413187236152,
              38.17854023963486
            ],
            [
              -120.79410819590713,
              38.178605855086204
            ],
            [
              -120.79407625695234,
              38.1786692511717
            ],
            [
              -120.79403638115512,
              38.178729781447196
            ],
            [
              -120.79402274511719,
              38.178746190723004
            ],
            [
              -120.7940237957496,
              38.178749273678406
            ],
            [
              -120.79403770246107,
              38.17881643339484
            ],
            [
              -120.79404298002069,
              38.17888435670477
            ],
            [
              -120.79403957486474,
              38.17895235454166
            ],
            [
              -120.79402752151373,
              38.17901973708102
            ],
            [
              -120.7940205152704,
              38.17904223535399
            ],
            [
              -120.79402112052118,
              38.17905042671673
            ],
            [
              -120.79401680179261,
              38.179121882486875
            ],
            [
              -120.793944934042,
              38.17968367325351
            ],
            [
              -120.79390789994919,
              38.18001345892148
            ],
            [
              -120.79389681970568,
              38.180077312493125
            ],
            [
              -120.7938699920349,
              38.18019120129702
            ],
            [
              -120.7939013327241,
              38.180248130593434
            ],
            [
              -120.7939281796403,
              38.18030340384309
            ],
            [
              -120.79394879419581,
              38.18036031985696
            ],
            [
              -120.79396301812872,
              38.18041844172088
            ],
            [
              -120.7939707422337,
              38.18047732326287
            ],
            [
              -120.79398514447224,
              38.1806686232271
            ],
            [
              -120.79398588804115,
              38.18073723995244
            ],
            [
              -120.79397781038932,
              38.18080556232097
            ],
            [
              -120.793960994813,
              38.180872885589594
            ],
            [
              -120.7939356147412,
              38.18093851531911
            ],
            [
              -120.79390193194763,
              38.18100177453732
            ],
            [
              -120.79386029385131,
              38.181062010722364
            ],
            [
              -120.7938369661462,
              38.181088862890334
            ],
            [
              -120.79384162570801,
              38.1811000116582
            ],
            [
              -120.79385997712157,
              38.18116458758101
            ],
            [
              -120.79387023652292,
              38.18123027089219
            ],
            [
              -120.79387230545318,
              38.18129643137406
            ],
            [
              -120.7938661640392,
              38.18136243422883
            ],
            [
              -120.79385187118483,
              38.181427646169524
            ],
            [
              -120.79382956400669,
              38.18149144149615
            ],
            [
              -120.7937994565194,
              38.181553208099416
            ],
            [
              -120.79376183758275,
              38.18161235333395
            ],
            [
              -120.7937170681309,
              38.18166830970493
            ],
            [
              -120.79366557770958,
              38.18172054031325
            ],
            [
              -120.79360786035518,
              38.18176854400742
            ],
            [
              -120.79354446985468,
              38.181811860192234
            ],
            [
              -120.7934760144321,
              38.181850073248505
            ],
            [
              -120.7934031509127,
              38.18188281652111
            ],
            [
              -120.79335095844817,
              38.18190119222897
            ],
            [
              -120.79332605392487,
              38.1819131042879
            ],
            [
              -120.79324881336791,
              38.1819421645481
            ],
            [
              -120.79316828293938,
              38.181964992550256
            ],
            [
              -120.79308526738922,
              38.181981360171505
            ],
            [
              -120.79300059630347,
              38.181991103848404
            ],
            [
              -120.7929151158133,
              38.181994126211585
            ],
            [
              -120.79282968013891,
              38.181990397058826
            ],
            [
              -120.79274514305237,
              38.18197995365685
            ],
            [
              -120.79266234934516,
              38.18196290036884
            ],
            [
              -120.79258212638531,
              38.18193940761145
            ],
            [
              -120.79254648146564,
              38.18192563330464
            ],
            [
              -120.79249785574461,
              38.181926169460745
            ],
            [
              -120.79242066321783,
              38.181924270231924
            ],
            [
              -120.79234400177968,
              38.18191688683445
            ],
            [
              -120.7922684955215,
              38.18190407937616
            ],
            [
              -120.7920788939777,
              38.18186477898074
            ],
            [
              -120.79199575656851,
              38.181843918365374
            ],
            [
              -120.79191574098282,
              38.181816486704555
            ],
            [
              -120.79183967835742,
              38.18178276893805
            ],
            [
              -120.7917683587656,
              38.18174311530042
            ],
            [
              -120.79170252301019,
              38.18169793768274
            ],
            [
              -120.79164285492848,
              38.18164770535384
            ],
            [
              -120.79158997428921,
              38.18159294008573
            ],
            [
              -120.79154443035502,
              38.18153421073341
            ],
            [
              -120.79150669617769,
              38.18147212732598
            ],
            [
              -120.79150046611281,
              38.181458458930365
            ],
            [
              -120.79125160680104,
              38.18131339227304
            ],
            [
              -120.79121008300362,
              38.18128758586614
            ],
            [
              -120.79091248251491,
              38.18109058446793
            ],
            [
              -120.79085214196198,
              38.18104657954431
            ],
            [
              -120.79082582677832,
              38.18102331812266
            ],
            [
              -120.7907726591043,
              38.18101445019705
            ],
            [
              -120.79069314051951,
              38.18099464146984
            ],
            [
              -120.79061644113172,
              38.18096881938334
            ],
            [
              -120.79054328883937,
              38.180937228998
            ],
            [
              -120.79047437787524,
              38.18090017011689
            ],
            [
              -120.79041036221763,
              38.18085799444026
            ],
            [
              -120.79035184938388,
              38.18081110222748
            ],
            [
              -120.79029939466469,
              38.18075993849828
            ],
            [
              -120.79025349585461,
              38.18070498880917
            ],
            [
              -120.7902450743377,
              38.180692388323
            ],
            [
              -120.79018882877314,
              38.18064670981321
            ],
            [
              -120.79010612897666,
              38.18057180936847
            ],
            [
              -120.79006330328488,
              38.180529742070036
            ],
            [
              -120.78989290415744,
              38.18034794110581
            ],
            [
              -120.78984966253283,
              38.18029714583756
            ],
            [
              -120.78981242121067,
              38.180243470440175
            ],
            [
              -120.78980501283974,
              38.18023003210088
            ],
            [
              -120.78975452929711,
              38.180205429998885
            ],
            [
              -120.78968785993912,
              38.18016533567673
            ],
            [
              -120.7896264781432,
              38.180120286646634
            ],
            [
              -120.78957097246578,
              38.180070714867156
            ],
            [
              -120.78952187511607,
              38.18001709566283
            ],
            [
              -120.78947965685326,
              38.17995994316617
            ],
            [
              -120.78944472247295,
              38.17989980538755
            ],
            [
              -120.78931802483591,
              38.17965010460894
            ],
            [
              -120.78929148699385,
              38.179589656032434
            ],
            [
              -120.78928696537767,
              38.179574998993594
            ],
            [
              -120.78908608133624,
              38.17940399874042
            ],
            [
              -120.78903914185797,
              38.1793604871131
            ],
            [
              -120.78899702887873,
              38.179313999840964
            ],
            [
              -120.78893423904303,
              38.1792380964321
            ],
            [
              -120.78875933641342,
              38.179114515683686
            ],
            [
              -120.78869103639477,
              38.179060468661014
            ],
            [
              -120.78863089643328,
              38.179000684746356
            ],
            [
              -120.78857968429924,
              38.178935927186195
            ],
            [
              -120.78853910462149,
              38.17887750611658
            ],
            [
              -120.78847045848238,
              38.17883977098853
            ],
            [
              -120.78840353954686,
              38.178794222376204
            ],
            [
              -120.78834292635396,
              38.17874347052268
            ],
            [
              -120.7882048267476,
              38.1786151697735
            ],
            [
              -120.78815056522122,
              38.178559063513106
            ],
            [
              -120.78810401562431,
              38.17849879468333
            ],
            [
              -120.78810106843967,
              38.17849448766915
            ],
            [
              -120.78808010916806,
              38.17848175261528
            ],
            [
              -120.788018444701,
              38.17843595125751
            ],
            [
              -120.78796281487278,
              38.17838556469663
            ],
            [
              -120.78784891533464,
              38.17827146406365
            ],
            [
              -120.78779852751788,
              38.17821532746259
            ],
            [
              -120.78775563329685,
              38.17815543695818
            ],
            [
              -120.78772067743371,
              38.1780924135709
            ],
            [
              -120.78769402237279,
              38.17802691080526
            ],
            [
              -120.78767594448318,
              38.17795960787316
            ],
            [
              -120.78766663119367,
              38.1778912026509
            ],
            [
              -120.78766033222945,
              38.17780270263706
            ],
            [
              -120.78765972417864,
              38.17773672134303
            ],
            [
              -120.78766727247675,
              38.17767100788174
            ],
            [
              -120.78768290510929,
              38.177606189002624
            ],
            [
              -120.78770647295762,
              38.17754288292125
            ],
            [
              -120.78773775122195,
              38.17748169342332
            ],
            [
              -120.78777644156605,
              38.17742320410604
            ],
            [
              -120.78777705533803,
              38.17742246286681
            ],
            [
              -120.7877763770329,
              38.17742158316295
            ],
            [
              -120.78775724977105,
              38.17740982276392
            ],
            [
              -120.78769454997013,
              38.17736727577297
            ],
            [
              -120.78763734353257,
              38.17732015167271
            ],
            [
              -120.78758616430429,
              38.1772688902312
            ],
            [
              -120.78754148988153,
              38.17721396982556
            ],
            [
              -120.7875037371542,
              38.177155902977645
            ],
            [
              -120.78747325841577,
              38.17709523157072
            ],
            [
              -120.78745033807621,
              38.17703252179258
            ],
            [
              -120.78743519000858,
              38.17696835885165
            ],
            [
              -120.78739971711991,
              38.17676362722744
            ],
            [
              -120.78733847554875,
              38.1766072325339
            ],
            [
              -120.78731856439073,
              38.17654653260313
            ],
            [
              -120.78730586753942,
              38.17648463697864
            ],
            [
              -120.78730049433028,
              38.176422078748054
            ],
            [
              -120.78730249102216,
              38.1763593967045
            ],
            [
              -120.7873068202878,
              38.17631172086065
            ],
            [
              -120.7872553941568,
              38.17615580654617
            ],
            [
              -120.78723733677656,
              38.17613142754898
            ],
            [
              -120.7871989375214,
              38.1760732809376
            ],
            [
              -120.78716785979027,
              38.17601246973856
            ],
            [
              -120.78714439630447,
              38.17594956676975
            ],
            [
              -120.7871287680602,
              38.17588516455114
            ],
            [
              -120.78712840384779,
              38.175883134939774
            ],
            [
              -120.7871214905854,
              38.17588146113496
            ],
            [
              -120.78696755251356,
              38.17585778191924
            ],
            [
              -120.78687524032993,
              38.175867089613305
            ],
            [
              -120.78679132099455,
              38.175872257064256
            ],
            [
              -120.786707164488,
              38.17587089234753
            ],
            [
              -120.78648256653496,
              38.17585850856727
            ],
            [
              -120.78657534957483,
              38.17600339832822
            ],
            [
              -120.78660990693145,
              38.17606476008529
            ],
            [
              -120.78663657718431,
              38.17612852671949
            ],
            [
              -120.78665509684829,
              38.17619406830769
            ],
            [
              -120.78666528295284,
              38.176260737390926
            ],
            [
              -120.78666703485025,
              38.1763278753705
            ],
            [
              -120.78666588028696,
              38.17635916355341
            ],
            [
              -120.78667121333586,
              38.17636909383629
            ],
            [
              -120.78668603131459,
              38.176398594855485
            ],
            [
              -120.78679703363731,
              38.17663569417345
            ],
            [
              -120.7868214598195,
              38.17669657416124
            ],
            [
              -120.7868384954097,
              38.17675900264477
            ],
            [
              -120.78684798819549,
              38.17682242189801
            ],
            [
              -120.78684985334982,
              38.17688626534216
            ],
            [
              -120.7868440741897,
              38.17694996260722
            ],
            [
              -120.78683070232579,
              38.17701294462764
            ],
            [
              -120.78680985720213,
              38.17707464872648
            ],
            [
              -120.78678172502967,
              38.17713452364223
            ],
            [
              -120.78674655712321,
              38.17719203445399
            ],
            [
              -120.7867046676569,
              38.17724666736051
            ],
            [
              -120.78665643085763,
              38.177297934270726
            ],
            [
              -120.78658133103217,
              38.17737033469635
            ],
            [
              -120.78652107531963,
              38.17742259174233
            ],
            [
              -120.7864542348475,
              38.177469595156474
            ],
            [
              -120.78638154074585,
              38.17751083078759
            ],
            [
              -120.78630378817952,
              38.17754584757521
            ],
            [
              -120.78622182764967,
              38.17757426248403
            ],
            [
              -120.78613655569016,
              38.177595764694
            ],
            [
              -120.78604890506013,
              38.177610119000484
            ],
            [
              -120.78581916356633,
              38.17763794404875
            ],
            [
              -120.78575172688555,
              38.177661319434584
            ],
            [
              -120.78567454365309,
              38.17768463361017
            ],
            [
              -120.78559487176825,
              38.1777019632885
            ],
            [
              -120.7855134539934,
              38.177713146909426
            ],
            [
              -120.78543104936848,
              38.17771808021112
            ],
            [
              -120.78534842613432,
              38.17771671720211
            ],
            [
              -120.78526635456981,
              38.17770907059009
            ],
            [
              -120.7851855998101,
              38.1776952116634
            ],
            [
              -120.78510691471298,
              38.177675269626334
            ],
            [
              -120.78503103283947,
              38.17764943039452
            ],
            [
              -120.78495866161467,
              38.17761793486148
            ],
            [
              -120.78489047573224,
              38.17758107665264
            ],
            [
              -120.78482711086406,
              38.17753919938777
            ],
            [
              -120.78476915773403,
              38.17749269347728
            ],
            [
              -120.78471715661078,
              38.17744199248219
            ],
            [
              -120.78467159227118,
              38.17738756907208
            ],
            [
              -120.78463288948106,
              38.177329930618264
            ],
            [
              -120.78460140903579,
              38.1772696144635
            ],
            [
              -120.78458054575553,
              38.17721526243161
            ],
            [
              -120.78450184677425,
              38.177137240724264
            ],
            [
              -120.78434011768249,
              38.17700665743312
            ],
            [
              -120.78410993574116,
              38.17685369348329
            ],
            [
              -120.78378775959033,
              38.17668193428717
            ],
            [
              -120.78360066446255,
              38.17660813787765
            ],
            [
              -120.78348921205033,
              38.17658138346225
            ],
            [
              -120.78339518681497,
              38.17658215858426
            ],
            [
              -120.78302978449614,
              38.17668105032907
            ],
            [
              -120.78275155971959,
              38.176767188838845
            ],
            [
              -120.78247731079074,
              38.176961501913915
            ],
            [
              -120.78241083045525,
              38.17700406472125
            ],
            [
              -120.7823392968699,
              38.177041172947895
            ],
            [
              -120.78191059447825,
              38.177240074445834
            ],
            [
              -120.78182634177,
              38.17727435830152
            ],
            [
              -120.78173780316824,
              38.177301077757626
            ],
            [
              -120.78152580284394,
              38.17735463913689
            ],
            [
              -120.78120885364814,
              38.17753372955248
            ],
            [
              -120.78121221357624,
              38.17756115865682
            ],
            [
              -120.78124233582827,
              38.17766147014794
            ],
            [
              -120.78125758340151,
              38.17772612346053
            ],
            [
              -120.78126479583099,
              38.177791640653716
            ],
            [
              -120.78126390476089,
              38.17785740098536
            ],
            [
              -120.78125491861189,
              38.177922781408114
            ],
            [
              -120.78123792250223,
              38.17798716247241
            ],
            [
              -120.78121307744193,
              38.17804993419559
            ],
            [
              -120.7811806188082,
              38.17811050184136
            ],
            [
              -120.78114085411592,
              38.17816829155473
            ],
            [
              -120.78109416010469,
              38.17822275579931
            ],
            [
              -120.78104097916977,
              38.17827337854529
            ],
            [
              -120.78098181517095,
              38.17831968015879
            ],
            [
              -120.78091722865878,
              38.17836122194648
            ],
            [
              -120.78084783156369,
              38.178397610312345
            ],
            [
              -120.78077428139792,
              38.17842850048707
            ],
            [
              -120.78069727502572,
              38.17845359979493
            ],
            [
              -120.7806175420603,
              38.178472670426885
            ],
            [
              -120.78053583795054,
              38.178485531693994
            ],
            [
              -120.78045293682281,
              38.1784920617395
            ],
            [
              -120.78030833548627,
              38.178497861751566
            ],
            [
              -120.78022729933943,
              38.178498080019686
            ],
            [
              -120.78014660025305,
              38.178492247806886
            ],
            [
              -120.7800669616219,
              38.17848041739436
            ],
            [
              -120.78003423377812,
              38.178472968270874
            ],
            [
              -120.78003567118755,
              38.17847523872402
            ],
            [
              -120.78006511447772,
              38.17853556962379
            ],
            [
              -120.7800871176256,
              38.178597845772146
            ],
            [
              -120.78010147912997,
              38.17866149690943
            ],
            [
              -120.78010806746268,
              38.17872594018366
            ],
            [
              -120.78010682227377,
              38.1787905854878
            ],
            [
              -120.78009775494472,
              38.178854840863224
            ],
            [
              -120.78008094848515,
              38.178918117920404
            ],
            [
              -120.78005655677336,
              38.17897983722682
            ],
            [
              -120.78002480314792,
              38.17903943361302
            ],
            [
              -120.7799569040174,
              38.17915153408281
            ],
            [
              -120.77991642042905,
              38.17921062835907
            ],
            [
              -120.77986870203863,
              38.179266256879245
            ],
            [
              -120.77981422064161,
              38.17931786962205
            ],
            [
              -120.77975351490538,
              38.179364956270824
            ],
            [
              -120.77968718504347,
              38.179407051259496
            ],
            [
              -120.77961588688113,
              38.179443738376065
            ],
            [
              -120.77954032537065,
              38.179474654878156
            ],
            [
              -120.77946124762099,
              38.17949949507987
            ],
            [
              -120.77937943551046,
              38.17951801337443
            ],
            [
              -120.77929569795525,
              38.179530026662825
            ],
            [
              -120.77921086291082,
              38.179535416164214
            ],
            [
              -120.7791257691848,
              38.17953412859059
            ],
            [
              -120.77904125814251,
              38.17952617667355
            ],
            [
              -120.77895816538737,
              38.17951163903844
            ],
            [
              -120.77887731249812,
              38.179490659426826
            ],
            [
              -120.77879949890495,
              38.17946344527514
            ],
            [
              -120.77872549398454,
              38.179430265663456
            ],
            [
              -120.77872178463595,
              38.17942840421783
            ],
            [
              -120.77828999151664,
              38.179384368388604
            ],
            [
              -120.77800002837495,
              38.17936018986012
            ],
            [
              -120.77788626494313,
              38.17939217160987
            ],
            [
              -120.7778053466435,
              38.179411423529146
            ],
            [
              -120.77772241750299,
              38.17942428244919
            ],
            [
              -120.7776382860563,
              38.179430622999945
            ],
            [
              -120.77748348462495,
              38.17943622300726
            ],
            [
              -120.77740871824295,
              38.17943634732676
            ],
            [
              -120.77733422336854,
              38.179431320841154
            ],
            [
              -120.77726056842924,
              38.17942118190516
            ],
            [
              -120.7771883154429,
              38.179406007883614
            ],
            [
              -120.77712043083285,
              38.17938921330004
            ],
            [
              -120.77714877929695,
              38.17943749370752
            ],
            [
              -120.77715722378304,
              38.179452341725096
            ],
            [
              -120.77727473069478,
              38.17966579930258
            ],
            [
              -120.77730866330428,
              38.17966822698842
            ],
            [
              -120.77738994516396,
              38.17967716039101
            ],
            [
              -120.77766954275182,
              38.17971875994232
            ],
            [
              -120.77776001826528,
              38.17973629356008
            ],
            [
              -120.77784754380109,
              38.17976148493936
            ],
            [
              -120.77793108248761,
              38.17979403565224
            ],
            [
              -120.77828373504323,
              38.17995083521387
            ],
            [
              -120.77855183706913,
              38.18006570776444
            ],
            [
              -120.77862422717307,
              38.180100492468696
            ],
            [
              -120.77869190461662,
              38.180140757329006
            ],
            [
              -120.77875420593499,
              38.180186107620884
            ],
            [
              -120.77881052036317,
              38.1802360987654
            ],
            [
              -120.77886029582369,
              38.18029024068722
            ],
            [
              -120.7789030443389,
              38.1803480026187
            ],
            [
              -120.77905659942044,
              38.180581287681854
            ],
            [
              -120.77911417921011,
              38.18063519428426
            ],
            [
              -120.7792007431305,
              38.18068345965752
            ],
            [
              -120.77926757413015,
              38.18072479170621
            ],
            [
              -120.77932888895397,
              38.18077114646263
            ],
            [
              -120.77938408434535,
              38.18082206786633
            ],
            [
              -120.77943261725024,
              38.18087705492685
            ],
            [
              -120.77947401016017,
              38.18093556665248
            ],
            [
              -120.77950785581083,
              38.18099702737252
            ],
            [
              -120.77953382118943,
              38.18106083240089
            ],
            [
              -120.77955165081174,
              38.18112635398518
            ],
            [
              -120.77956116923643,
              38.18119294748277
            ],
            [
              -120.77956228279217,
              38.181259957703034
            ],
            [
              -120.77955498049994,
              38.18132672535363
            ],
            [
              -120.77953933418208,
              38.18139259352693
            ],
            [
              -120.77951549775646,
              38.181456914163356
            ],
            [
              -120.77948370572307,
              38.181519054427504
            ],
            [
              -120.77944427085744,
              38.18157840293463
            ],
            [
              -120.77939758113413,
              38.18163437576616
            ],
            [
              -120.77934409590998,
              38.1816864222149
            ],
            [
              -120.7792843414049,
              38.18173403020374
            ],
            [
              -120.77921890552489,
              38.18177673132404
            ],
            [
              -120.7791484320776,
              38.18181410544459
            ],
            [
              -120.77907361443809,
              38.18184578484539
            ],
            [
              -120.77899518872647,
              38.181871457835996
            ],
            [
              -120.77891392656485,
              38.18189087182222
            ],
            [
              -120.77883062748512,
              38.18190383579178
            ],
            [
              -120.77874611106168,
              38.181910222193586
            ],
            [
              -120.77858310955438,
              38.181916122201365
            ],
            [
              -120.77850027807125,
              38.18191595347429
            ],
            [
              -120.77841785510273,
              38.181909465937785
            ],
            [
              -120.77833661252237,
              38.181896720346884
            ],
            [
              -120.77825731114858,
              38.1818778360619
            ],
            [
              -120.7781806936191,
              38.18185298993055
            ],
            [
              -120.77800469252315,
              38.181787889356656
            ],
            [
              -120.77793408686901,
              38.18175853025003
            ],
            [
              -120.77789739915903,
              38.1817415048315
            ],
            [
              -120.77789863670795,
              38.18175192660967
            ],
            [
              -120.77793791814226,
              38.18192405696513
            ],
            [
              -120.777957480296,
              38.18196904304645
            ],
            [
              -120.77802975654046,
              38.18206668315115
            ],
            [
              -120.77810364046255,
              38.18211115494547
            ],
            [
              -120.77816707233622,
              38.18215332335162
            ],
            [
              -120.77822503659274,
              38.182200139078994
            ],
            [
              -120.77827698911433,
              38.18225116267182
            ],
            [
              -120.7783224422118,
              38.18230591517444
            ],
            [
              -120.77836096920292,
              38.18236388262684
            ],
            [
              -120.7786594104901,
              38.18287124256476
            ],
            [
              -120.77890559209105,
              38.183199663802064
            ],
            [
              -120.77894402726882,
              38.18325706438799
            ],
            [
              -120.77897530489379,
              38.18331711182268
            ],
            [
              -120.77899913612848,
              38.18337925162498
            ],
            [
              -120.77901530089405,
              38.18344290999125
            ],
            [
              -120.7790236499031,
              38.18350749909373
            ],
            [
              -120.77902410603899,
              38.18357242250862
            ],
            [
              -120.77901666506874,
              38.18363708072342
            ],
            [
              -120.7790013956828,
              38.18370087667303
            ],
            [
              -120.77897843886161,
              38.18376322125306
            ],
            [
              -120.77894800657441,
              38.183823538759995
            ],
            [
              -120.77891037982253,
              38.18388127220743
            ],
            [
              -120.77886478021658,
              38.183943672505286
            ],
            [
              -120.77882039456566,
              38.183998191072455
            ],
            [
              -120.77876959547646,
              38.184049102361946
            ],
            [
              -120.77871285030113,
              38.184095937977155
            ],
            [
              -120.77865068110044,
              38.18413826701796
            ],
            [
              -120.77858365984056,
              38.18417570004533
            ],
            [
              -120.77851240313095,
              38.184207892664546
            ],
            [
              -120.7784375665511,
              38.184234548693844
            ],
            [
              -120.77835983861891,
              38.18425542288964
            ],
            [
              -120.77827993445547,
              38.18427032320293
            ],
            [
              -120.7781985892054,
              38.184279112546456
            ],
            [
              -120.77811655127287,
              38.18428171005583
            ],
            [
              -120.77803457543517,
              38.18427809183371
            ],
            [
              -120.7779534158982,
              38.184268291169644
            ],
            [
              -120.77787381935681,
              38.18425239823367
            ],
            [
              -120.77779651812448,
              38.18423055924669
            ],
            [
              -120.7777222233952,
              38.184202975135065
            ],
            [
              -120.7775526224569,
              38.18413197453136
            ],
            [
              -120.77748153790999,
              38.18409864861476
            ],
            [
              -120.77741485842319,
              38.184060065137594
            ],
            [
              -120.77735320607721,
              38.184016584066065
            ],
            [
              -120.77724186897176,
              38.1839300756097
            ],
            [
              -120.77715482437836,
              38.18388433019437
            ],
            [
              -120.77714067199986,
              38.18388238643492
            ],
            [
              -120.77705802688409,
              38.183864151838016
            ],
            [
              -120.77697811022928,
              38.18383947744352
            ],
            [
              -120.77690172523837,
              38.1838086112433
            ],
            [
              -120.77682963961654,
              38.18377186345981
            ],
            [
              -120.77676257785467,
              38.183729603428
            ],
            [
              -120.77670121394777,
              38.183682255882985
            ],
            [
              -120.7766461646211,
              38.183630296691
            ],
            [
              -120.77660409980118,
              38.18358136347934
            ],
            [
              -120.77657567234063,
              38.183557589523375
            ],
            [
              -120.77652289687356,
              38.18350338959577
            ],
            [
              -120.77647733030425,
              38.183445257824054
            ],
            [
              -120.77643943907673,
              38.18338378929968
            ],
            [
              -120.77641818298686,
              38.183338056084956
            ],
            [
              -120.77639923187944,
              38.183322897675815
            ],
            [
              -120.77634865749162,
              38.18327407257185
            ],
            [
              -120.77609692953807,
              38.18300647390407
            ],
            [
              -120.77601429600112,
              38.182952766810665
            ],
            [
              -120.7759542958628,
              38.182909854598634
            ],
            [
              -120.77589970105795,
              38.182862659608915
            ],
            [
              -120.77585100007157,
              38.182811604126854
            ],
            [
              -120.77584824739961,
              38.182808066175035
            ],
            [
              -120.77578613911822,
              38.18279196593231
            ],
            [
              -120.7757122917404,
              38.18276652841711
            ],
            [
              -120.77564180180909,
              38.1827357228523
            ],
            [
              -120.77557529391837,
              38.18269982220103
            ],
            [
              -120.77551335737559,
              38.18265914457259
            ],
            [
              -120.77539165729968,
              38.18257124397593
            ],
            [
              -120.77533051567468,
              38.18252234836728
            ],
            [
              -120.77527598107511,
              38.18246880455747
            ],
            [
              -120.77522861736595,
              38.1824111661826
            ],
            [
              -120.77518891426259,
              38.18235002921454
            ],
            [
              -120.7751572822678,
              38.182286025798426
            ],
            [
              -120.77513404842793,
              38.182219817716245
            ],
            [
              -120.77511945295204,
              38.182152089543834
            ],
            [
              -120.77511476371369,
              38.182096728641696
            ],
            [
              -120.77503432780937,
              38.18210371931595
            ],
            [
              -120.77494914745918,
              38.18210439866291
            ],
            [
              -120.77486430339188,
              38.18209839170987
            ],
            [
              -120.77478063593371,
              38.182085757952585
            ],
            [
              -120.7746989737561,
              38.182066622520935
            ],
            [
              -120.77462012566778,
              38.18204117493957
            ],
            [
              -120.77448132480298,
              38.1819898744872
            ],
            [
              -120.77440117246753,
              38.18195604426385
            ],
            [
              -120.774326016835,
              38.181915696136365
            ],
            [
              -120.77425670534869,
              38.181869285069574
            ],
            [
              -120.77419401954913,
              38.1818173343927
            ],
            [
              -120.77413866626136,
              38.18176042989807
            ],
            [
              -120.77409126962533,
              38.18169921323532
            ],
            [
              -120.77400877055646,
              38.18157871273891
            ],
            [
              -120.77397496014726,
              38.18152346890145
            ],
            [
              -120.7739594670502,
              38.181494911633095
            ],
            [
              -120.77391944333351,
              38.18146938703363
            ],
            [
              -120.77386234791278,
              38.18142544429814
            ],
            [
              -120.77381068124443,
              38.18137749815636
            ],
            [
              -120.77376489176868,
              38.18132596476703
            ],
            [
              -120.77374651160137,
              38.18130053370659
            ],
            [
              -120.77372231076251,
              38.181303757751955
            ],
            [
              -120.77360941432725,
              38.18131451814101
            ],
            [
              -120.77361789359821,
              38.18137175288397
            ],
            [
              -120.7737229114803,
              38.181693254683715
            ],
            [
              -120.77400493274953,
              38.18211409427681
            ],
            [
              -120.77404163181976,
              38.18217631218123
            ],
            [
              -120.77407014492333,
              38.1822411478011
            ],
            [
              -120.77409017782588,
              38.18230793213107
            ],
            [
              -120.77410152379395,
              38.18237597605615
            ],
            [
              -120.77410337384731,
              38.18242590505095
            ],
            [
              -120.77411867560227,
              38.182439691276784
            ],
            [
              -120.77416971681396,
              38.18249657641932
            ],
            [
              -120.77421306081212,
              38.182557309861416
            ],
            [
              -120.77424824620078,
              38.18262124512512
            ],
            [
              -120.77431174750647,
              38.18275514473505
            ],
            [
              -120.77433770152932,
              38.18281950034519
            ],
            [
              -120.7743553858332,
              38.18288557967697
            ],
            [
              -120.7743646236865,
              38.18295272243849
            ],
            [
              -120.77436532275712,
              38.18302025770983
            ],
            [
              -120.77435747603599,
              38.18308751064708
            ],
            [
              -120.7743411619081,
              38.183153809225665
            ],
            [
              -120.77431654337018,
              38.18321849095578
            ],
            [
              -120.7742838664027,
              38.18328090950224
            ],
            [
              -120.7742434575128,
              38.183340441143365
            ],
            [
              -120.77419572047233,
              38.18339649100367
            ],
            [
              -120.7741411322836,
              38.183448498998494
            ],
            [
              -120.77408023841328,
              38.18349594543098
            ],
            [
              -120.77401364734199,
              38.18353835618542
            ],
            [
              -120.77394202448413,
              38.18357530746533
            ],
            [
              -120.77386608553833,
              38.18360643002846
            ],
            [
              -120.77378658933571,
              38.18363141287679
            ],
            [
              -120.77370433025644,
              38.18365000636446
            ],
            [
              -120.77362013029146,
              38.18366202469259
            ],
            [
              -120.7735348308277,
              38.18366734776596
            ],
            [
              -120.77344928424,
              38.18366592239329
            ],
            [
              -120.7733643453725,
              38.18365776281867
            ],
            [
              -120.77328086299599,
              38.18364295057919
            ],
            [
              -120.77320842885264,
              38.18362393298389
            ],
            [
              -120.77304573455763,
              38.18362720983556
            ],
            [
              -120.77296001489916,
              38.183625545316154
            ],
            [
              -120.77287493632093,
              38.183617120007
            ],
            [
              -120.77279135257068,
              38.183602018455254
            ],
            [
              -120.77271010239444,
              38.18358039220284
            ],
            [
              -120.77257570145352,
              38.18353859181745
            ],
            [
              -120.7725022875929,
              38.18351254874773
            ],
            [
              -120.77243229741639,
              38.183481178116295
            ],
            [
              -120.77236634976218,
              38.18344475729826
            ],
            [
              -120.77235739734418,
              38.18343930087485
            ],
            [
              -120.77225414106424,
              38.18347193013917
            ],
            [
              -120.77218021379014,
              38.18349224798089
            ],
            [
              -120.77210424399843,
              38.183507150048555
            ],
            [
              -120.77202686707406,
              38.18351651170692
            ],
            [
              -120.77194873017147,
              38.1835202546587
            ],
            [
              -120.77187048680184,
              38.18351834759969
            ],
            [
              -120.77168728513337,
              38.183507247446904
            ],
            [
              -120.77160109326476,
              38.18349853335072
            ],
            [
              -120.77157634109186,
              38.18349398038638
            ],
            [
              -120.77157699393724,
              38.18349696865732
            ],
            [
              -120.77164290979383,
              38.1839140342577
            ],
            [
              -120.77174568481685,
              38.18427345691331
            ],
            [
              -120.77175837618789,
              38.18432828159004
            ],
            [
              -120.77176529955004,
              38.18438374535647
            ],
            [
              -120.77176640777999,
              38.18443947080898
            ],
            [
              -120.77175201296946,
              38.18488387107285
            ],
            [
              -120.77174776644986,
              38.18493599001056
            ],
            [
              -120.77173843206283,
              38.184987694332534
            ],
            [
              -120.77164153667094,
              38.18540749516404
            ],
            [
              -120.77163700481195,
              38.185425707047536
            ],
            [
              -120.77159085516553,
              38.185598574501256
            ],
            [
              -120.77170571459956,
              38.18572771814126
            ],
            [
              -120.77174430206671,
              38.185775203468374
            ],
            [
              -120.77177773603226,
              38.18582506407198
            ],
            [
              -120.77190323781036,
              38.18603276330715
            ],
            [
              -120.77193692477799,
              38.18609677239407
            ],
            [
              -120.77196212575876,
              38.1861631687225
            ],
            [
              -120.77197857550634,
              38.18623125351759
            ],
            [
              -120.77198610087333,
              38.18630031023256
            ],
            [
              -120.77198462263472,
              38.186369612089806
            ],
            [
              -120.77197282354204,
              38.18650604936472
            ],
            [
              -120.77200481494938,
              38.186689291397236
            ],
            [
              -120.77210755362333,
              38.187111459938876
            ],
            [
              -120.77211926532658,
              38.18717653365152
            ],
            [
              -120.77212291033835,
              38.18724219762223
            ],
            [
              -120.7721184541408,
              38.18730783041326
            ],
            [
              -120.77210593888546,
              38.18737281088026
            ],
            [
              -120.77208548299501,
              38.187436524050845
            ],
            [
              -120.7720572800434,
              38.187498366944766
            ],
            [
              -120.77200640652714,
              38.18759490441
            ],
            [
              -120.77200245601279,
              38.18764722803544
            ],
            [
              -120.77209848581062,
              38.18793929578928
            ],
            [
              -120.77211706617297,
              38.18801202372577
            ],
            [
              -120.77212543099897,
              38.18808592108825
            ],
            [
              -120.77212347939026,
              38.18816009678504
            ],
            [
              -120.77210124657144,
              38.18839146662193
            ],
            [
              -120.77212071840324,
              38.18849258831172
            ],
            [
              -120.77212910236912,
              38.18855639893044
            ],
            [
              -120.77212978033147,
              38.188620549490125
            ],
            [
              -120.77212274615755,
              38.18868446160778
            ],
            [
              -120.77210806324779,
              38.188747559048636
            ],
            [
              -120.7720858639649,
              38.188809272921716
            ],
            [
              -120.7720563484412,
              38.18886904680899
            ],
            [
              -120.77201978277478,
              38.188926341782256
            ],
            [
              -120.77198067530904,
              38.18897539940338
            ],
            [
              -120.77209218247185,
              38.18913350999407
            ],
            [
              -120.77213037340806,
              38.18919475179432
            ],
            [
              -120.77216054018353,
              38.18925872235954
            ],
            [
              -120.77218237487564,
              38.18932476876626
            ],
            [
              -120.77219565460224,
              38.189392216901865
            ],
            [
              -120.7722002437975,
              38.18946037834485
            ],
            [
              -120.77219609559648,
              38.189528557391256
            ],
            [
              -120.77218325231452,
              38.18959605815558
            ],
            [
              -120.77216184501627,
              38.18966219167348
            ],
            [
              -120.77213209217891,
              38.18972628293399
            ],
            [
              -120.77209429746311,
              38.18978767776938
            ],
            [
              -120.7720488466143,
              38.18984574953234
            ],
            [
              -120.77199620352611,
              38.18989990549228
            ],
            [
              -120.77197562083514,
              38.18991715228963
            ],
            [
              -120.7719259854923,
              38.19003075505286
            ],
            [
              -120.77189336676616,
              38.19009464103125
            ],
            [
              -120.77185267599286,
              38.190155573924386
            ],
            [
              -120.77177192280482,
              38.1902628562726
            ],
            [
              -120.77177224873213,
              38.190268036973755
            ],
            [
              -120.77176902264715,
              38.19032946844947
            ],
            [
              -120.77175873385363,
              38.19039041408394
            ],
            [
              -120.77174146754164,
              38.19045036915089
            ],
            [
              -120.7717173666871,
              38.19050883712633
            ],
            [
              -120.7716866308683,
              38.190565333800635
            ],
            [
              -120.77160543188327,
              38.19069763436063
            ],
            [
              -120.77156498189652,
              38.1907560231346
            ],
            [
              -120.77151744999921,
              38.19081098808137
            ],
            [
              -120.7714632973073,
              38.19086199595855
            ],
            [
              -120.7714030491717,
              38.19090855191236
            ],
            [
              -120.77133729008166,
              38.19095020427863
            ],
            [
              -120.77126665799454,
              38.19098654896493
            ],
            [
              -120.77119183814654,
              38.19101723337115
            ],
            [
              -120.77111355640447,
              38.19104195981045
            ],
            [
              -120.77103257222355,
              38.19106048839755
            ],
            [
              -120.77094967127871,
              38.1910726393761
            ],
            [
              -120.77086565784212,
              38.191078294862756
            ],
            [
              -120.77078134697943,
              38.19107739999088
            ],
            [
              -120.77069755664206,
              38.191069963442885
            ],
            [
              -120.77061509973073,
              38.191056057365905
            ],
            [
              -120.77053477620863,
              38.1910358166718
            ],
            [
              -120.77045736533992,
              38.19100943772825
            ],
            [
              -120.77038361812897,
              38.19097717645334
            ],
            [
              -120.77031425003413,
              38.19093934583268
            ],
            [
              -120.77024993402638,
              38.19089631288267
            ],
            [
              -120.7700722339658,
              38.190765012002046
            ],
            [
              -120.77001209870477,
              38.19071584420673
            ],
            [
              -120.76995856432363,
              38.19066213359131
            ],
            [
              -120.76991217850153,
              38.19060442965377
            ],
            [
              -120.76987341577946,
              38.190543322745086
            ],
            [
              -120.76975841764663,
              38.19033652204064
            ],
            [
              -120.76972844953572,
              38.19027452128951
            ],
            [
              -120.7697063325362,
              38.190210499352496
            ],
            [
              -120.76969227998647,
              38.19014507383987
            ],
            [
              -120.7696864274271,
              38.19007887590028
            ],
            [
              -120.7696821172616,
              38.18991324027581
            ],
            [
              -120.76966763272337,
              38.189901843954075
            ],
            [
              -120.76961279296405,
              38.189848945675394
            ],
            [
              -120.76956500561249,
              38.18979194515969
            ],
            [
              -120.7695247597121,
              38.189731425756406
            ],
            [
              -120.76949246712304,
              38.1896680068261
            ],
            [
              -120.76946845830811,
              38.18960233740159
            ],
            [
              -120.76945297895129,
              38.189535089545565
            ],
            [
              -120.76944618744449,
              38.1894669514725
            ],
            [
              -120.76944815326735,
              38.189398620505436
            ],
            [
              -120.76945885627731,
              38.18933079593951
            ],
            [
              -120.76947298314367,
              38.1892675555713
            ],
            [
              -120.76943741756232,
              38.18904764330542
            ],
            [
              -120.76941367496184,
              38.188928411775834
            ],
            [
              -120.76936409998575,
              38.18885049388799
            ],
            [
              -120.76932645526152,
              38.18878217353642
            ],
            [
              -120.76929857026795,
              38.188710997300646
            ],
            [
              -120.76928078404171,
              38.18863783064392
            ],
            [
              -120.76922698741886,
              38.188323804910986
            ],
            [
              -120.76913166024849,
              38.18790967037572
            ],
            [
              -120.76912261683806,
              38.1878599269701
            ],
            [
              -120.76911828300112,
              38.18780979063794
            ],
            [
              -120.76910331996447,
              38.18742797424895
            ],
            [
              -120.7690763115961,
              38.18712885358191
            ],
            [
              -120.76896304244985,
              38.18691093908647
            ],
            [
              -120.7689400401257,
              38.18686122373403
            ],
            [
              -120.76892203897472,
              38.18681023980258
            ],
            [
              -120.76885035564479,
              38.18657139980921
            ],
            [
              -120.76859906717466,
              38.18626334485797
            ],
            [
              -120.76856612911452,
              38.18621940206038
            ],
            [
              -120.76853748946343,
              38.186173621522336
            ],
            [
              -120.76840855016577,
              38.1859462510011
            ],
            [
              -120.76833168323562,
              38.18583714527175
            ],
            [
              -120.7682943093882,
              38.18577732125515
            ],
            [
              -120.76826459150867,
              38.18571488007904
            ],
            [
              -120.76824281922853,
              38.185650430339805
            ],
            [
              -120.76814142337885,
              38.18527712975038
            ],
            [
              -120.76812446070139,
              38.18518229593735
            ],
            [
              -120.76812184887719,
              38.18515260219659
            ],
            [
              -120.7679603030978,
              38.18493630722527
            ],
            [
              -120.76792078594497,
              38.1848768230432
            ],
            [
              -120.76788894694282,
              38.18481453589592
            ],
            [
              -120.76786510073156,
              38.18475006135887
            ],
            [
              -120.7678494829578,
              38.18468403662347
            ],
            [
              -120.76784224794652,
              38.18461711419974
            ],
            [
              -120.76784246386661,
              38.18460522071456
            ],
            [
              -120.76782095209559,
              38.18460812269819
            ],
            [
              -120.76739252854695,
              38.184651556516705
            ],
            [
              -120.76737154953915,
              38.184655988702374
            ],
            [
              -120.7672733695397,
              38.184698819604726
            ],
            [
              -120.76719824226439,
              38.18472790518515
            ],
            [
              -120.76711987589165,
              38.18475106196833
            ],
            [
              -120.76703901932761,
              38.18476806865705
            ],
            [
              -120.76695644527773,
              38.18477876272737
            ],
            [
              -120.76687294286168,
              38.184783041981945
            ],
            [
              -120.76678931007184,
              38.18478086552668
            ],
            [
              -120.76647890724956,
              38.184760765256016
            ],
            [
              -120.76637280804282,
              38.18474857684767
            ],
            [
              -120.76612630594795,
              38.18470767641616
            ],
            [
              -120.76604593137641,
              38.18469108873871
            ],
            [
              -120.76596797264723,
              38.18466842938729
            ],
            [
              -120.76589316409911,
              38.184639911804865
            ],
            [
              -120.76567856294712,
              38.184547711027044
            ],
            [
              -120.76560569229423,
              38.184512575293084
            ],
            [
              -120.7655376195426,
              38.184471883743264
            ],
            [
              -120.76547502213705,
              38.18442604133658
            ],
            [
              -120.76541852302888,
              38.18437550429199
            ],
            [
              -120.76536868447629,
              38.184320775547825
            ],
            [
              -120.76532600244911,
              38.18426239975645
            ],
            [
              -120.76529090169343,
              38.18420095786362
            ],
            [
              -120.76527718289535,
              38.18416869517563
            ],
            [
              -120.765274502095,
              38.184166376656556
            ],
            [
              -120.76522571872312,
              38.184115187149175
            ],
            [
              -120.7651832964121,
              38.184060581248495
            ],
            [
              -120.76514761646334,
              38.18400304978407
            ],
            [
              -120.76511899957153,
              38.18394310988087
            ],
            [
              -120.76509770294275,
              38.18388130031094
            ],
            [
              -120.76508391798313,
              38.183818176650455
            ],
            [
              -120.76507776857889,
              38.18375430628581
            ],
            [
              -120.76507376988023,
              38.18364330629706
            ],
            [
              -120.76507541861933,
              38.183578007245956
            ],
            [
              -120.7650850476556,
              38.18351313895162
            ],
            [
              -120.76508999274,
              38.18349512164147
            ],
            [
              -120.76506943483542,
              38.18351350772839
            ],
            [
              -120.76500730995296,
              38.183559061573504
            ],
            [
              -120.76493977951635,
              38.183599540163705
            ],
            [
              -120.7648675062508,
              38.18363454624899
            ],
            [
              -120.76479119942996,
              38.18366373628521
            ],
            [
              -120.76471160791513,
              38.18368682380581
            ],
            [
              -120.76457120676677,
              38.18372142407307
            ],
            [
              -120.76449206791517,
              38.18373769652366
            ],
            [
              -120.76441132280522,
              38.18374793357946
            ],
            [
              -120.76432970849055,
              38.18375204179567
            ],
            [
              -120.76424796995965,
              38.183749983672456
            ],
            [
              -120.76416685333473,
              38.18374177799736
            ],
            [
              -120.76408709906059,
              38.18372749967363
            ],
            [
              -120.76400943514507,
              38.18370727903655
            ],
            [
              -120.76375323332593,
              38.18362967831631
            ],
            [
              -120.76365399103958,
              38.18359373056395
            ],
            [
              -120.76361959613911,
              38.183579107924515
            ],
            [
              -120.76360611601804,
              38.183583119410514
            ],
            [
              -120.76352501184428,
              38.183600313183184
            ],
            [
              -120.76344216340587,
              38.18361115117457
            ],
            [
              -120.76335836816678,
              38.18361552906339
            ],
            [
              -120.76327443270503,
              38.18361340471064
            ],
            [
              -120.76319116494834,
              38.183604798565135
            ],
            [
              -120.76310936639663,
              38.18358979346665
            ],
            [
              -120.76302982440666,
              38.183568533848494
            ],
            [
              -120.76295330461248,
              38.18354122434707
            ],
            [
              -120.76288054355553,
              38.18350812783201
            ],
            [
              -120.76281224159455,
              38.18346956287567
            ],
            [
              -120.76279500841102,
              38.18345765446603
            ],
            [
              -120.76262900529736,
              38.18345094185134
            ],
            [
              -120.76254750431605,
              38.18344454929236
            ],
            [
              -120.76246715049159,
              38.183432037731336
            ],
            [
              -120.76238867950738,
              38.183413521719174
            ],
            [
              -120.76231280980689,
              38.18338917078078
            ],
            [
              -120.7622402360153,
              38.18335920786275
            ],
            [
              -120.76217162257969,
              38.18332390729202
            ],
            [
              -120.76210759768529,
              38.18328359226409
            ],
            [
              -120.76204874750394,
              38.18323863188375
            ],
            [
              -120.76199561082746,
              38.183189437785494
            ],
            [
              -120.76194867413476,
              38.1831364603647
            ],
            [
              -120.76190836713818,
              38.18308018465366
            ],
            [
              -120.76190731434725,
              38.183078317956486
            ],
            [
              -120.76183440647802,
              38.18303685243852
            ],
            [
              -120.76177061226426,
              38.18299679362313
            ],
            [
              -120.76171193534289,
              38.18295212637965
            ],
            [
              -120.7616589079138,
              38.18290325584817
            ],
            [
              -120.76161201093211,
              38.182850625292396
            ],
            [
              -120.76157166974599,
              38.18279471207902
            ],
            [
              -120.76153825023911,
              38.18273602334768
            ],
            [
              -120.76135681512991,
              38.18237195757468
            ],
            [
              -120.76131589545429,
              38.182310548669996
            ],
            [
              -120.76130458440979,
              38.18230323716941
            ],
            [
              -120.7612604973217,
              38.18230005210712
            ],
            [
              -120.76122725132589,
              38.18230607619072
            ],
            [
              -120.76114170180102,
              38.18231455280382
            ],
            [
              -120.76105550590775,
              38.18231619306933
            ],
            [
              -120.76096953826355,
              38.18231098034449
            ],
            [
              -120.7608846711694,
              38.18229896752278
            ],
            [
              -120.76066336931997,
              38.18225846710398
            ],
            [
              -120.76058376053138,
              38.182240657227496
            ],
            [
              -120.76050670240424,
              38.182216863231645
            ],
            [
              -120.760432915054,
              38.18218730747501
            ],
            [
              -120.76036308802773,
              38.182152266160216
            ],
            [
              -120.76029787386013,
              38.182112066752545
            ],
            [
              -120.76023788197519,
              38.18206708491956
            ],
            [
              -120.76018367299118,
              38.182017741020225
            ],
            [
              -120.76013575348162,
              38.18196449617634
            ],
            [
              -120.76009457124158,
              38.18190784796311
            ],
            [
              -120.7600770038003,
              38.181877147782735
            ],
            [
              -120.7597772891419,
              38.181871690772766
            ],
            [
              -120.75957003513325,
              38.18187094906249
            ],
            [
              -120.75951333726948,
              38.18189042713074
            ],
            [
              -120.75943795349384,
              38.18190999787501
            ],
            [
              -120.75936059742659,
              38.1819239738484
            ],
            [
              -120.75928193399068,
              38.1819322349193
            ],
            [
              -120.75920263934744,
              38.18193471007921
            ],
            [
              -120.75912339508416,
              38.18193137805317
            ],
            [
              -120.75862259056001,
              38.18189187755286
            ],
            [
              -120.75855874324455,
              38.1818849165149
            ],
            [
              -120.75849574055887,
              38.18187418301235
            ],
            [
              -120.75812180141135,
              38.18179874161452
            ],
            [
              -120.75789777466508,
              38.181755250193724
            ],
            [
              -120.75766445014813,
              38.181772566961
            ],
            [
              -120.75708594263729,
              38.18194156386933
            ],
            [
              -120.75647327569327,
              38.18222285393729
            ],
            [
              -120.75643575306142,
              38.18225751353937
            ],
            [
              -120.75645761688018,
              38.18230442051489
            ],
            [
              -120.75648245658091,
              38.182366903701414
            ],
            [
              -120.756499515738,
              38.18243099155688
            ],
            [
              -120.75650863405933,
              38.18249608197371
            ],
            [
              -120.75650972585638,
              38.18256156342371
            ],
            [
              -120.75650278085007,
              38.182626820703184
            ],
            [
              -120.7564878642682,
              38.182691240713
            ],
            [
              -120.75639048373657,
              38.18302062086827
            ],
            [
              -120.75628043492436,
              38.18375871850732
            ],
            [
              -120.75621846486743,
              38.18432215063323
            ],
            [
              -120.75621911120153,
              38.18432374110599
            ],
            [
              -120.75630099010753,
              38.18442550680495
            ],
            [
              -120.75634169132275,
              38.18448190981378
            ],
            [
              -120.75637534722506,
              38.184541135367326
            ],
            [
              -120.7564016471462,
              38.184602636802374
            ],
            [
              -120.75642034831321,
              38.184665846447395
            ],
            [
              -120.75643127808976,
              38.18473018086223
            ],
            [
              -120.75645420300737,
              38.18494193689258
            ],
            [
              -120.75654823308182,
              38.18523059231647
            ],
            [
              -120.75665065440353,
              38.185515989784456
            ],
            [
              -120.75672949512742,
              38.18561507273528
            ],
            [
              -120.75676768052703,
              38.18566826278429
            ],
            [
              -120.75679961792838,
              38.18572395948497
            ],
            [
              -120.75682504581715,
              38.185781706799595
            ],
            [
              -120.75684375597653,
              38.185841031899194
            ],
            [
              -120.75687016149405,
              38.18594453159118
            ],
            [
              -120.75690800904619,
              38.18599059992709
            ],
            [
              -120.75695391137933,
              38.186018417629725
            ],
            [
              -120.75700495492353,
              38.18605191212874
            ],
            [
              -120.75724885472087,
              38.18622501094251
            ],
            [
              -120.75731042484686,
              38.18627338730738
            ],
            [
              -120.75736546537874,
              38.18632644020209
            ],
            [
              -120.7574134093681,
              38.186383623166904
            ],
            [
              -120.7574537629594,
              38.186444347199796
            ],
            [
              -120.75749061932753,
              38.186507394216505
            ],
            [
              -120.7575426871717,
              38.18653762844306
            ],
            [
              -120.75759807353563,
              38.18657600097817
            ],
            [
              -120.75764907287987,
              38.186617991408895
            ],
            [
              -120.75769530718397,
              38.18666328849806
            ],
            [
              -120.75811630937262,
              38.18711418611362
            ],
            [
              -120.75815975620465,
              38.187165464766316
            ],
            [
              -120.75819709611656,
              38.18721965735121
            ],
            [
              -120.75822801781122,
              38.18727631209363
            ],
            [
              -120.75825226349487,
              38.18733495669212
            ],
            [
              -120.75826963102675,
              38.187395102255564
            ],
            [
              -120.7582799756047,
              38.18745624737887
            ],
            [
              -120.75828321097286,
              38.18751788232275
            ],
            [
              -120.75828278971554,
              38.18759590072746
            ],
            [
              -120.7587465084153,
              38.1880336148456
            ],
            [
              -120.75879543402279,
              38.1880845044914
            ],
            [
              -120.75908850270667,
              38.188421289917216
            ],
            [
              -120.7591458277955,
              38.188469553186536
            ],
            [
              -120.75929924868352,
              38.18854498772415
            ],
            [
              -120.75944734502868,
              38.18859407251891
            ],
            [
              -120.75952547924408,
              38.188623727387785
            ],
            [
              -120.75959941224343,
              38.18865946780083
            ],
            [
              -120.75966838565822,
              38.188700927154265
            ],
            [
              -120.75973169198888,
              38.18874768018201
            ],
            [
              -120.75978868186186,
              38.188799247317455
            ],
            [
              -120.75983877069075,
              38.18885509961234
            ],
            [
              -120.75988144467274,
              38.18891466416216
            ],
            [
              -120.7599162660596,
              38.18897732998241
            ],
            [
              -120.7599561668649,
              38.18906032973739
            ],
            [
              -120.7599811235965,
              38.18912064123018
            ],
            [
              -120.75999880213212,
              38.18918253444918
            ],
            [
              -120.76000904655277,
              38.18924546358205
            ],
            [
              -120.76001176649726,
              38.18930887367968
            ],
            [
              -120.76000619146701,
              38.18964397125788
            ],
            [
              -120.76002460682456,
              38.18979304140174
            ],
            [
              -120.76002863051541,
              38.18985443151999
            ],
            [
              -120.76002556765147,
              38.189915856171716
            ],
            [
              -120.7600154435707,
              38.18997680685878
            ],
            [
              -120.76000430622153,
              38.19001586371399
            ],
            [
              -120.76002343855822,
              38.1900761366364
            ],
            [
              -120.76003588458872,
              38.1901436960661
            ],
            [
              -120.76003962841625,
              38.190211901889185
            ],
            [
              -120.76003463179022,
              38.19028005769263
            ],
            [
              -120.76002094570437,
              38.190347467572266
            ],
            [
              -120.75999870987712,
              38.19041344323825
            ],
            [
              -120.75996815132592,
              38.19047731104306
            ],
            [
              -120.75992958205008,
              38.19053841885996
            ],
            [
              -120.75988339584582,
              38.19059614274173
            ],
            [
              -120.75983006428609,
              38.19064989329188
            ],
            [
              -120.75977013190598,
              38.190699121682925
            ],
            [
              -120.7596323317306,
              38.1908014223607
            ],
            [
              -120.75957072650125,
              38.19084299887543
            ],
            [
              -120.75950441483577,
              38.19087979037773
            ],
            [
              -120.7594339912723,
              38.190911466998806
            ],
            [
              -120.7593600872184,
              38.19093774472911
            ],
            [
              -120.75928336528966,
              38.19095838796491
            ],
            [
              -120.75920781726641,
              38.19097259051032
            ],
            [
              -120.75918147971717,
              38.19099469865057
            ],
            [
              -120.75911751754509,
              38.19104310474429
            ],
            [
              -120.7590475574143,
              38.19108603283061
            ],
            [
              -120.75897234901262,
              38.19112302289007
            ],
            [
              -120.7588926982724,
              38.19115367853488
            ],
            [
              -120.75887560261886,
              38.19115860614245
            ],
            [
              -120.75895724545103,
              38.191252141431214
            ],
            [
              -120.75907346971779,
              38.19134043213653
            ],
            [
              -120.75913081116988,
              38.191388465524135
            ],
            [
              -120.75918194134402,
              38.1914406849341
            ],
            [
              -120.75922637239366,
              38.1914965921419
            ],
            [
              -120.75926368038559,
              38.19155565373645
            ],
            [
              -120.75929350934504,
              38.19161730620927
            ],
            [
              -120.75931557465276,
              38.1916809613307
            ],
            [
              -120.75932966576113,
              38.19174601176208
            ],
            [
              -120.75933564820383,
              38.191811836850334
            ],
            [
              -120.75933346487962,
              38.19187780854965
            ],
            [
              -120.75932313659797,
              38.19194329741367
            ],
            [
              -120.75930476188125,
              38.19200767860119
            ],
            [
              -120.75927851602573,
              38.19207033783799
            ],
            [
              -120.75924464942956,
              38.192130677277824
            ],
            [
              -120.75920348520455,
              38.19218812120683
            ],
            [
              -120.7591554160937,
              38.192242121536715
            ],
            [
              -120.75910090072449,
              38.192292163034445
            ],
            [
              -120.75904045923323,
              38.19233776823848
            ],
            [
              -120.75897466830251,
              38.19237850201462
            ],
            [
              -120.7589041556589,
              38.19241397570802
            ],
            [
              -120.75882959408351,
              38.19244385085168
            ],
            [
              -120.75875169499248,
              38.19246784239617
            ],
            [
              -120.75867120164875,
              38.19248572142943
            ],
            [
              -120.75858888206983,
              38.19249731736124
            ],
            [
              -120.75857090868301,
              38.192498439013995
            ],
            [
              -120.75858205808949,
              38.19252468652373
            ],
            [
              -120.75860063603952,
              38.192588161956266
            ],
            [
              -120.75861138131815,
              38.1926527544213
            ],
            [
              -120.75861419399843,
              38.192717863359945
            ],
            [
              -120.7586090479077,
              38.19278288340959
            ],
            [
              -120.75859599087183,
              38.19284721003254
            ],
            [
              -120.75857514427109,
              38.19291024513686
            ],
            [
              -120.75854670191259,
              38.1929714026373
            ],
            [
              -120.75851092822882,
              38.193030113904754
            ],
            [
              -120.75846815581964,
              38.193085833053445
            ],
            [
              -120.75841878236045,
              38.193138042016564
            ],
            [
              -120.75836326690491,
              38.193186255363436
            ],
            [
              -120.75819306681564,
              38.19332045623116
            ],
            [
              -120.75813203408849,
              38.19336415494064
            ],
            [
              -120.75806596022572,
              38.193403019960705
            ],
            [
              -120.7579954574757,
              38.19343669115973
            ],
            [
              -120.75792117912856,
              38.19346485653285
            ],
            [
              -120.7578438134625,
              38.19348725509327
            ],
            [
              -120.75776407736568,
              38.1935036792907
            ],
            [
              -120.75768270969289,
              38.193513976934824
            ],
            [
              -120.75760046441859,
              38.19351805260556
            ],
            [
              -120.7575181036499,
              38.193515868537276
            ],
            [
              -120.7570478993732,
              38.19348546812707
            ],
            [
              -120.75700029475279,
              38.19348132942474
            ],
            [
              -120.75665099164945,
              38.19344312898172
            ],
            [
              -120.756578329357,
              38.193432643317955
            ],
            [
              -120.75650708292667,
              38.19341725326732
            ],
            [
              -120.7564377828011,
              38.193397073412186
            ],
            [
              -120.75613918078469,
              38.193298372514974
            ],
            [
              -120.75606198941406,
              38.19326919661462
            ],
            [
              -120.75598887523634,
              38.1932340836439
            ],
            [
              -120.75592056904225,
              38.19319338456756
            ],
            [
              -120.7558577535619,
              38.19314750618447
            ],
            [
              -120.75538168585005,
              38.192763193127305
            ],
            [
              -120.75521087482993,
              38.192670495062195
            ],
            [
              -120.75516631407012,
              38.192659452022525
            ],
            [
              -120.7551293392043,
              38.19267276630737
            ],
            [
              -120.75507652335317,
              38.192708695180606
            ],
            [
              -120.75505466767906,
              38.19273613312834
            ],
            [
              -120.7551506750301,
              38.19281663122931
            ],
            [
              -120.75520511523014,
              38.192867010570204
            ],
            [
              -120.75525304562672,
              38.19292135348635
            ],
            [
              -120.75529400587531,
              38.192979138062235
            ],
            [
              -120.75532760257079,
              38.193039809326926
            ],
            [
              -120.75533697169439,
              38.19305927688814
            ],
            [
              -120.75538962681334,
              38.193106758532046
            ],
            [
              -120.75543740398133,
              38.19315920853722
            ],
            [
              -120.75547861587829,
              38.19321501975178
            ],
            [
              -120.75551288576017,
              38.19327368199151
            ],
            [
              -120.75553990033927,
              38.193334659008904
            ],
            [
              -120.7555594126487,
              38.19339739339504
            ],
            [
              -120.75557124430046,
              38.193461311674845
            ],
            [
              -120.75557528711704,
              38.1935258295494
            ],
            [
              -120.75557150412094,
              38.19359035723711
            ],
            [
              -120.75555992987337,
              38.19365430486518
            ],
            [
              -120.7554962327295,
              38.193916105406366
            ],
            [
              -120.755481581278,
              38.19396316827126
            ],
            [
              -120.75560565533566,
              38.19419253991881
            ],
            [
              -120.75563384667272,
              38.194252326703555
            ],
            [
              -120.75565476739101,
              38.19431394532376
            ],
            [
              -120.75566823096268,
              38.19437684644686
            ],
            [
              -120.75567411733965,
              38.19444046930533
            ],
            [
              -120.75567237402448,
              38.19450424669578
            ],
            [
              -120.75566301653913,
              38.19456761003575
            ],
            [
              -120.7556461282873,
              38.19462999443262
            ],
            [
              -120.75559629891643,
              38.19477919589173
            ],
            [
              -120.75576705468549,
              38.195137658418126
            ],
            [
              -120.75579068646303,
              38.19519488698459
            ],
            [
              -120.75580777047269,
              38.1952535482804
            ],
            [
              -120.75581817110555,
              38.19531317672066
            ],
            [
              -120.75582935481725,
              38.19540859710999
            ],
            [
              -120.75593305700001,
              38.195755052372014
            ],
            [
              -120.75644479978389,
              38.195982973831114
            ],
            [
              -120.75662740213863,
              38.19601033556756
            ],
            [
              -120.75670012682976,
              38.196023851603215
            ],
            [
              -120.75677607564124,
              38.19604075855515
            ],
            [
              -120.75687914795427,
              38.196027576837736
            ],
            [
              -120.75696813782213,
              38.19601993735569
            ],
            [
              -120.75705765203095,
              38.19601967251671
            ],
            [
              -120.75714671198644,
              38.196026785216915
            ],
            [
              -120.75735521014919,
              38.19605218492984
            ],
            [
              -120.75743920508629,
              38.19606584728186
            ],
            [
              -120.75752104657577,
              38.19608607283755
            ],
            [
              -120.75759991337749,
              38.19611265864434
            ],
            [
              -120.75767501409817,
              38.196145337927405
            ],
            [
              -120.75774559513245,
              38.19618378276638
            ],
            [
              -120.75781094822456,
              38.19622760738571
            ],
            [
              -120.75787041757519,
              38.196276372025366
            ],
            [
              -120.75792340642222,
              38.19632958735342
            ],
            [
              -120.75796938302902,
              38.196386719375944
            ],
            [
              -120.7580078860207,
              38.19644719479524
            ],
            [
              -120.7580385290143,
              38.19651040676232
            ],
            [
              -120.75806100449658,
              38.196575720966294
            ],
            [
              -120.75807508691061,
              38.19664248199922
            ],
            [
              -120.75808063492002,
              38.19671001993282
            ],
            [
              -120.75807759282827,
              38.196777657041046
            ],
            [
              -120.7580659911383,
              38.196844714600736
            ],
            [
              -120.7580459462476,
              38.196910519702556
            ],
            [
              -120.758017659281,
              38.19697441200363
            ],
            [
              -120.75798141407319,
              38.19703575035406
            ],
            [
              -120.75793757432136,
              38.197093919231
            ],
            [
              -120.75786437475051,
              38.19718081968546
            ],
            [
              -120.75781062391327,
              38.197237873994624
            ],
            [
              -120.75774957334849,
              38.197290155001994
            ],
            [
              -120.75768189906896,
              38.197337083788256
            ],
            [
              -120.75760835043772,
              38.19737814069959
            ],
            [
              -120.75752974187027,
              38.19741287110228
            ],
            [
              -120.75721463978944,
              38.19753537204565
            ],
            [
              -120.75717121465168,
              38.19755108171565
            ],
            [
              -120.75709596348113,
              38.19757632447301
            ],
            [
              -120.75708425824352,
              38.19761168379491
            ],
            [
              -120.75701765989793,
              38.19778008430624
            ],
            [
              -120.75698984483506,
              38.197840233193766
            ],
            [
              -120.75695493939081,
              38.19789803406345
            ],
            [
              -120.7569132570521,
              38.19795296777732
            ],
            [
              -120.75686517217497,
              38.19800454094771
            ],
            [
              -120.7568111166226,
              38.19805229036879
            ],
            [
              -120.75675518856576,
              38.19809314797802
            ],
            [
              -120.75673153848513,
              38.19814837517342
            ],
            [
              -120.75668181204485,
              38.19824834227524
            ],
            [
              -120.75671749298478,
              38.198254986603224
            ],
            [
              -120.75679568173477,
              38.19827600032356
            ],
            [
              -120.75687094059802,
              38.19830286216743
            ],
            [
              -120.75694256908392,
              38.19833532211344
            ],
            [
              -120.75700990048976,
              38.19837307803426
            ],
            [
              -120.75707230810598,
              38.19841577850862
            ],
            [
              -120.7571292110492,
              38.19846302609193
            ],
            [
              -120.75718007966917,
              38.19851438101536
            ],
            [
              -120.75722444047851,
              38.198569365278956
            ],
            [
              -120.75740014225607,
              38.19881226422961
            ],
            [
              -120.75740220258326,
              38.19881512871373
            ],
            [
              -120.75746897138772,
              38.198908486970986
            ],
            [
              -120.75764630997729,
              38.198963658763056
            ],
            [
              -120.75772116175348,
              38.198990285305946
            ],
            [
              -120.7577924373229,
              38.19902244752228
            ],
            [
              -120.75785948118573,
              38.1990598496288
            ],
            [
              -120.75792167675687,
              38.19910214765239
            ],
            [
              -120.7579784520361,
              38.19914895259321
            ],
            [
              -120.75802928486884,
              38.19919983400208
            ],
            [
              -120.75807370774825,
              38.199254323938824
            ],
            [
              -120.75811131211503,
              38.19931192127558
            ],
            [
              -120.75814175211528,
              38.19937209630543
            ],
            [
              -120.75816474778159,
              38.19943429561369
            ],
            [
              -120.75818008760864,
              38.19949794716738
            ],
            [
              -120.75818763049878,
              38.19956246557606
            ],
            [
              -120.75818730706068,
              38.199627257475406
            ],
            [
              -120.75817912024809,
              38.199691726984284
            ],
            [
              -120.75816314533347,
              38.19975528118502
            ],
            [
              -120.75813952921654,
              38.1998173355764
            ],
            [
              -120.7581084890738,
              38.19987731944942
            ],
            [
              -120.75807031036206,
              38.19993468113608
            ],
            [
              -120.75802534419347,
              38.19998889308339
            ],
            [
              -120.75797400410681,
              38.20003945670526
            ],
            [
              -120.75791676226468,
              38.20008590696833
            ],
            [
              -120.75778206208211,
              38.200185207628195
            ],
            [
              -120.75771788081943,
              38.200228063858795
            ],
            [
              -120.75764868230061,
              38.20026574589215
            ],
            [
              -120.75757513382624,
              38.20029789034677
            ],
            [
              -120.7574979446481,
              38.200324187241755
            ],
            [
              -120.75741785912915,
              38.200344382986245
            ],
            [
              -120.75733564956501,
              38.2003582828251
            ],
            [
              -120.7572521087358,
              38.20036575271713
            ],
            [
              -120.7571680422605,
              38.20036672062775
            ],
            [
              -120.75708426082733,
              38.20036117722368
            ],
            [
              -120.75700157237533,
              38.20034917596293
            ],
            [
              -120.75692077430246,
              38.200330832579255
            ],
            [
              -120.75684264577532,
              38.20030632396595
            ],
            [
              -120.75669343428874,
              38.20025268010181
            ],
            [
              -120.75668119103254,
              38.200259606359026
            ],
            [
              -120.75660778137956,
              38.20029300291314
            ],
            [
              -120.7565305478063,
              38.20032050959392
            ],
            [
              -120.75645024684005,
              38.20034185696413
            ],
            [
              -120.7563676650564,
              38.20035683591905
            ],
            [
              -120.75628361137412,
              38.20036529973494
            ],
            [
              -120.75619890913072,
              38.2003671655062
            ],
            [
              -120.75611438801695,
              38.20036241495761
            ],
            [
              -120.75603087594911,
              38.200351094623294
            ],
            [
              -120.75594919095838,
              38.20033331539082
            ],
            [
              -120.75584009012911,
              38.200304915117776
            ],
            [
              -120.75575243378722,
              38.200277795194125
            ],
            [
              -120.75566908118466,
              38.20024324389052
            ],
            [
              -120.75559104035355,
              38.200201679059845
            ],
            [
              -120.75530083075637,
              38.200028046747605
            ],
            [
              -120.75522771770913,
              38.20003793068391
            ],
            [
              -120.75514782256113,
              38.20004273420636
            ],
            [
              -120.75506770824579,
              38.20004162261966
            ],
            [
              -120.7549880764804,
              38.200034605660704
            ],
            [
              -120.75490962475503,
              38.20002174479127
            ],
            [
              -120.75486336167452,
              38.200010513688525
            ],
            [
              -120.75486440577058,
              38.20003150565361
            ],
            [
              -120.75486348941727,
              38.20009896592782
            ],
            [
              -120.75485405195538,
              38.20016601776129
            ],
            [
              -120.75483618746274,
              38.20023199257914
            ],
            [
              -120.75481007404471,
              38.20029623254368
            ],
            [
              -120.75477597205891,
              38.20035809711389
            ],
            [
              -120.75473422151997,
              38.200416969432496
            ],
            [
              -120.75468523870998,
              38.200472262476836
            ],
            [
              -120.75462951202812,
              38.20052342491249
            ],
            [
              -120.75456759712104,
              38.20056994659088
            ],
            [
              -120.75450011134288,
              38.20061136363642
            ],
            [
              -120.7544277275993,
              38.20064726307201
            ],
            [
              -120.75435116763788,
              38.20067728693733
            ],
            [
              -120.75427119485101,
              38.20070113585832
            ],
            [
              -120.75418860666367,
              38.2007185720324
            ],
            [
              -120.7541042265814,
              38.20072942160001
            ],
            [
              -120.75401889597859,
              38.20073357637814
            ],
            [
              -120.75393346570802,
              38.20073099493919
            ],
            [
              -120.75384878761615,
              38.20072170302407
            ],
            [
              -120.75364908589447,
              38.200691702700425
            ],
            [
              -120.75354630073483,
              38.200670981998165
            ],
            [
              -120.75346355712519,
              38.200649914325034
            ],
            [
              -120.75338036724315,
              38.20069447342556
            ],
            [
              -120.75327239426396,
              38.20076187055756
            ],
            [
              -120.75325605083917,
              38.20098524628593
            ],
            [
              -120.7532471512368,
              38.20105090242754
            ],
            [
              -120.75323017222354,
              38.20111555945721
            ],
            [
              -120.75320527595902,
              38.20117859978211
            ],
            [
              -120.75317270022877,
              38.20123942125048
            ],
            [
              -120.75313275617378,
              38.20129744290327
            ],
            [
              -120.75308582531899,
              38.20135211052369
            ],
            [
              -120.75303235592946,
              38.201402901931274
            ],
            [
              -120.75297285872904,
              38.20144933196984
            ],
            [
              -120.75290790202214,
              38.20149095714195
            ],
            [
              -120.75283810626527,
              38.201527379845494
            ],
            [
              -120.7527641381406,
              38.20155825217169
            ],
            [
              -120.75268670418733,
              38.20158327922862
            ],
            [
              -120.75260654405275,
              38.20160222195817
            ],
            [
              -120.75252442342656,
              38.20161489941967
            ],
            [
              -120.75244112672641,
              38.20162119051838
            ],
            [
              -120.75243770332091,
              38.20162118416361
            ],
            [
              -120.75240553072548,
              38.20163542773483
            ],
            [
              -120.75232698013495,
              38.201662453334215
            ],
            [
              -120.75224539944715,
              38.20168314743763
            ],
            [
              -120.75216160589693,
              38.20169730274201
            ],
            [
              -120.75207643888811,
              38.20170477744691
            ],
            [
              -120.75199075158419,
              38.201705496674926
            ],
            [
              -120.75190540236093,
              38.2016994532219
            ],
            [
              -120.75182124620692,
              38.20168670762903
            ],
            [
              -120.75173912615797,
              38.20166738757641
            ],
            [
              -120.75165986485138,
              38.20164168660366
            ],
            [
              -120.75158425628449,
              38.20160986217118
            ],
            [
              -120.75151305786049,
              38.2015722330807
            ],
            [
              -120.7514469828007,
              38.20152917628143
            ],
            [
              -120.75141149143381,
              38.201500888368514
            ],
            [
              -120.75140896111641,
              38.20149997554818
            ],
            [
              -120.75133563364284,
              38.20146622892401
            ],
            [
              -120.75126690145099,
              38.20142691823024
            ],
            [
              -120.75120344018158,
              38.20138242989797
            ],
            [
              -120.75114587365788,
              38.20133320125456
            ],
            [
              -120.7510947677535,
              38.20127971622428
            ],
            [
              -120.75105062482994,
              38.201222500571035
            ],
            [
              -120.75101387879882,
              38.201162116729776
            ],
            [
              -120.75098489085684,
              38.201099158277565
            ],
            [
              -120.75096394593595,
              38.2010342440984
            ],
            [
              -120.75095124990307,
              38.20096801229941
            ],
            [
              -120.75094692753737,
              38.200901113938215
            ],
            [
              -120.75095102130449,
              38.20083420662292
            ],
            [
              -120.75096349094002,
              38.20076794804786
            ],
            [
              -120.7509842138462,
              38.200702989528594
            ],
            [
              -120.75101298629792,
              38.20063996959956
            ],
            [
              -120.7510495254461,
              38.20057950773753
            ],
            [
              -120.75109347209873,
              38.200522198272544
            ],
            [
              -120.75123260256612,
              38.200359552018725
            ],
            [
              -120.75127208443455,
              38.200257055583236
            ],
            [
              -120.75140525433986,
              38.199766798603775
            ],
            [
              -120.75142680145605,
              38.19970290787546
            ],
            [
              -120.75145615874128,
              38.1996409849754
            ],
            [
              -120.75149304505166,
              38.19958162287618
            ],
            [
              -120.75153710714791,
              38.199525390026835
            ],
            [
              -120.75158792307873,
              38.1994728249097
            ],
            [
              -120.75164500622155,
              38.19942443088413
            ],
            [
              -120.75170780994286,
              38.19938067136659
            ],
            [
              -120.75177573283264,
              38.1993419653933
            ],
            [
              -120.75184812446358,
              38.199308683607875
            ],
            [
              -120.75192429161918,
              38.19928114471217
            ],
            [
              -120.75199840732701,
              38.199260998082174
            ],
            [
              -120.75203054422164,
              38.1991928788419
            ],
            [
              -120.7520608083426,
              38.199136646192535
            ],
            [
              -120.75209738573062,
              38.19908280083948
            ],
            [
              -120.75213997728555,
              38.19903178306685
            ],
            [
              -120.75226424572749,
              38.19889665105595
            ],
            [
              -120.75236308290866,
              38.19874207103171
            ],
            [
              -120.75239520449998,
              38.19864768844253
            ],
            [
              -120.7523948558481,
              38.19843638287416
            ],
            [
              -120.75239523651976,
              38.19841533869312
            ],
            [
              -120.75241284195317,
              38.19795003898894
            ],
            [
              -120.75241928877833,
              38.19788504368708
            ],
            [
              -120.75243364373681,
              38.19782084132462
            ],
            [
              -120.75245577314608,
              38.19775802970354
            ],
            [
              -120.75248547093553,
              38.19769719367493
            ],
            [
              -120.75252246056576,
              38.19763889969329
            ],
            [
              -120.75256471060992,
              38.1975858103399
            ],
            [
              -120.75252587249338,
              38.19758934567182
            ],
            [
              -120.75244250877739,
              38.197590491424116
            ],
            [
              -120.7523593991666,
              38.197585232507336
            ],
            [
              -120.75227733191204,
              38.197573618800185
            ],
            [
              -120.75219708537759,
              38.19755576045319
            ],
            [
              -120.75211942065701,
              38.197531826843864
            ],
            [
              -120.75204507435484,
              38.19750204496997
            ],
            [
              -120.75197475159979,
              38.1974666972966
            ],
            [
              -120.75190911935661,
              38.197426119076745
            ],
            [
              -120.75184880010013,
              38.19738069517152
            ],
            [
              -120.75179436591145,
              38.19733085639964
            ],
            [
              -120.7517463330522,
              38.197277075451176
            ],
            [
              -120.75170515706827,
              38.19721986240413
            ],
            [
              -120.75167122846973,
              38.197159759886446
            ],
            [
              -120.75164486902754,
              38.197097337929335
            ],
            [
              -120.75162632872235,
              38.19703318856077
            ],
            [
              -120.75156713170861,
              38.19676978823158
            ],
            [
              -120.75155664148204,
              38.19670507194326
            ],
            [
              -120.75155411013048,
              38.19663985889988
            ],
            [
              -120.75155956123852,
              38.19657475724048
            ],
            [
              -120.75157294395127,
              38.19651037406387
            ],
            [
              -120.75158407144556,
              38.196477256371445
            ],
            [
              -120.75153421890911,
              38.19642692033257
            ],
            [
              -120.75148766913522,
              38.196368482295476
            ],
            [
              -120.75130712053175,
              38.19611381277611
            ],
            [
              -120.75122605570704,
              38.19603810693826
            ],
            [
              -120.75121222878519,
              38.196028949692305
            ],
            [
              -120.75111126525722,
              38.195998987278585
            ],
            [
              -120.75103616906749,
              38.19597340700407
            ],
            [
              -120.75096450897115,
              38.19594228784803
            ],
            [
              -120.75089693908129,
              38.19590591386864
            ],
            [
              -120.75083407617251,
              38.195864617089846
            ],
            [
              -120.75077649405107,
              38.19581877447056
            ],
            [
              -120.75072471831696,
              38.195768804463405
            ],
            [
              -120.75067922156649,
              38.19571516319491
            ],
            [
              -120.75064041907856,
              38.195658340301776
            ],
            [
              -120.75060866502457,
              38.19559885446128
            ],
            [
              -120.75059024316022,
              38.195552372508416
            ],
            [
              -120.75024860394852,
              38.1955872416614
            ],
            [
              -120.7501751342897,
              38.19559221310688
            ],
            [
              -120.75010139506765,
              38.195592176674246
            ],
            [
              -120.75002793335891,
              38.195587132634245
            ],
            [
              -120.75002354506111,
              38.195586527653525
            ],
            [
              -120.75001455917561,
              38.19559827031714
            ],
            [
              -120.74996336092119,
              38.1956521926125
            ],
            [
              -120.749905611319,
              38.19570182215257
            ],
            [
              -120.74984188476218,
              38.19574666529853
            ],
            [
              -120.74977281509696,
              38.195786276018495
            ],
            [
              -120.74969908931827,
              38.19582026032437
            ],
            [
              -120.74962144073625,
              38.195848280190866
            ],
            [
              -120.7495406416821,
              38.195870056917855
            ],
            [
              -120.74945749582558,
              38.19588537390275
            ],
            [
              -120.74937283018077,
              38.195894078794986
            ],
            [
              -120.74928748687947,
              38.19589608501158
            ],
            [
              -120.74920231479418,
              38.1958913725983
            ],
            [
              -120.74911816109407,
              38.195879988428146
            ],
            [
              -120.74911104137666,
              38.19587843618797
            ],
            [
              -120.74898439778045,
              38.19590405795749
            ],
            [
              -120.74890362008057,
              38.19591716442852
            ],
            [
              -120.74882161919435,
              38.195924076520356
            ],
            [
              -120.74873915602791,
              38.195924730094625
            ],
            [
              -120.74865699577722,
              38.19591911908736
            ],
            [
              -120.74857590082694,
              38.19590729556505
            ],
            [
              -120.74849662367568,
              38.19588936924163
            ],
            [
              -120.74841989995271,
              38.19586550646012
            ],
            [
              -120.74834644159144,
              38.195835928649174
            ],
            [
              -120.7482769302229,
              38.19580091026797
            ],
            [
              -120.74821201085045,
              38.19576077625942
            ],
            [
              -120.74816970622742,
              38.195728988666254
            ],
            [
              -120.74809038219286,
              38.19571417576135
            ],
            [
              -120.74801121109748,
              38.19569276445532
            ],
            [
              -120.74794764568612,
              38.195669882681756
            ],
            [
              -120.74794453301105,
              38.19567077134601
            ],
            [
              -120.74786195907907,
              38.19568724375703
            ],
            [
              -120.74777771976136,
              38.19569715956944
            ],
            [
              -120.74769264883942,
              38.19570042063951
            ],
            [
              -120.74760758832626,
              38.19569699469063
            ],
            [
              -120.74752338013165,
              38.195686915632784
            ],
            [
              -120.74738253251202,
              38.19566435072069
            ],
            [
              -120.74727928401465,
              38.195730073874934
            ],
            [
              -120.74721076421638,
              38.195769436892725
            ],
            [
              -120.74713764835515,
              38.195803260420526
            ],
            [
              -120.7470606529954,
              38.195831212972436
            ],
            [
              -120.74698053272522,
              38.19585302060064
            ],
            [
              -120.74689807276047,
              38.195868469580304
            ],
            [
              -120.74681408124891,
              38.195877408504465
            ],
            [
              -120.74672938134931,
              38.195879749767926
            ],
            [
              -120.74664480316329,
              38.195875470425804
            ],
            [
              -120.74656117559942,
              38.19586461241854
            ],
            [
              -120.74647931824873,
              38.19584728216063
            ],
            [
              -120.74647086509408,
              38.1958447625093
            ],
            [
              -120.74633914869297,
              38.195878861764356
            ],
            [
              -120.74627122908564,
              38.195894028165654
            ],
            [
              -120.74610740650112,
              38.195924914605655
            ],
            [
              -120.74604873992914,
              38.195969858178735
            ],
            [
              -120.74590900348815,
              38.19613287138751
            ],
            [
              -120.74590162146353,
              38.19621401223575
            ],
            [
              -120.74594860339458,
              38.196445214889344
            ],
            [
              -120.74597190361064,
              38.19655073213147
            ],
            [
              -120.74602215677673,
              38.196619544747456
            ],
            [
              -120.7460604663553,
              38.19667851057251
            ],
            [
              -120.74609127211868,
              38.19674015439907
            ],
            [
              -120.74611427771201,
              38.19680388324591
            ],
            [
              -120.74612926181204,
              38.19686908407335
            ],
            [
              -120.74613608025716,
              38.19693512968028
            ],
            [
              -120.74613466743467,
              38.19700138473753
            ],
            [
              -120.74612503691306,
              38.19706721189941
            ],
            [
              -120.74610728131222,
              38.19713197793469
            ],
            [
              -120.74610140563158,
              38.197146394532744
            ],
            [
              -120.74610547746366,
              38.19731697863538
            ],
            [
              -120.74610558017133,
              38.19733694219075
            ],
            [
              -120.74610198327281,
              38.19760184231327
            ],
            [
              -120.74609872648715,
              38.19765391946723
            ],
            [
              -120.74607962845415,
              38.197824919666104
            ],
            [
              -120.74606835647185,
              38.197889750570816
            ],
            [
              -120.74604918963149,
              38.19795341681789
            ],
            [
              -120.74602230772234,
              38.19801532113685
            ],
            [
              -120.74598796291264,
              38.1980748827849
            ],
            [
              -120.74594647738459,
              38.19813154299524
            ],
            [
              -120.74589824031247,
              38.19818477021925
            ],
            [
              -120.74584370421198,
              38.19823406511325
            ],
            [
              -120.74578338069541,
              38.19827896522335
            ],
            [
              -120.74571783567215,
              38.19831904932408
            ],
            [
              -120.74564768403967,
              38.19835394137032
            ],
            [
              -120.74557358391485,
              38.198383314025335
            ],
            [
              -120.74549623045968,
              38.19840689173193
            ],
            [
              -120.74541634935926,
              38.19842445329765
            ],
            [
              -120.74533469001342,
              38.19843583397005
            ],
            [
              -120.74525201850571,
              38.198440926982535
            ],
            [
              -120.74516911041586,
              38.19843968455583
            ],
            [
              -120.74508674354311,
              38.198432118346375
            ],
            [
              -120.74500569060869,
              38.19841829933693
            ],
            [
              -120.74494631431594,
              38.198403306776854
            ],
            [
              -120.74492214273674,
              38.19844234643443
            ],
            [
              -120.74488389196462,
              38.19858784549539
            ],
            [
              -120.7448600134129,
              38.198658957830084
            ],
            [
              -120.74482647868393,
              38.19872759979371
            ],
            [
              -120.74478368536035,
              38.19879295752437
            ],
            [
              -120.74476908032183,
              38.19881032635596
            ],
            [
              -120.74478490559095,
              38.19886237049341
            ],
            [
              -120.74479615741458,
              38.19892373531197
            ],
            [
              -120.74480941924284,
              38.19903040645104
            ],
            [
              -120.74481689068136,
              38.19904175176588
            ],
            [
              -120.74485455704067,
              38.19910725077577
            ],
            [
              -120.74488318608545,
              38.19917553857934
            ],
            [
              -120.7449024533049,
              38.19924584119512
            ],
            [
              -120.74491214029415,
              38.19931736180321
            ],
            [
              -120.74491213723081,
              38.19938928977645
            ],
            [
              -120.74490624301333,
              38.19947649052332
            ],
            [
              -120.74494678521181,
              38.19950137058675
            ],
            [
              -120.7450121777399,
              38.199545852268194
            ],
            [
              -120.74507156103923,
              38.199595304776665
            ],
            [
              -120.7451243312693,
              38.199649225264416
            ],
            [
              -120.74516995182972,
              38.19970706545065
            ],
            [
              -120.7452079588168,
              38.19976823719635
            ],
            [
              -120.74523796574148,
              38.19983211848449
            ],
            [
              -120.74525966745965,
              38.199898059744605
            ],
            [
              -120.74527284327611,
              38.19996539045784
            ],
            [
              -120.74527735918933,
              38.20003342597489
            ],
            [
              -120.74527316925503,
              38.200101474477734
            ],
            [
              -120.74526031605453,
              38.200168844014435
            ],
            [
              -120.74523893026252,
              38.200234849535256
            ],
            [
              -120.7452092293193,
              38.20029881985874
            ],
            [
              -120.74517151522063,
              38.200360104496845
            ],
            [
              -120.74511851573237,
              38.20043620484894
            ],
            [
              -120.74511512287935,
              38.20044056045122
            ],
            [
              -120.7451238332568,
              38.20044701282079
            ],
            [
              -120.74518022146009,
              38.200498086819046
            ],
            [
              -120.74522984528214,
              38.20055335984841
            ],
            [
              -120.7452722058742,
              38.20061227628913
            ],
            [
              -120.74530687739635,
              38.200674243895435
            ],
            [
              -120.74533351129878,
              38.200738639748685
            ],
            [
              -120.74539150738373,
              38.20090706220424
            ],
            [
              -120.74558205040172,
              38.20109601784984
            ],
            [
              -120.74558390054521,
              38.20109785913699
            ],
            [
              -120.74574820120642,
              38.201261958224435
            ],
            [
              -120.74579650551908,
              38.201315339234434
            ],
            [
              -120.74583802242344,
              38.20137216497909
            ],
            [
              -120.74587236058153,
              38.20143189984218
            ],
            [
              -120.74589919631674,
              38.201493980785976
            ],
            [
              -120.74591827666555,
              38.2015578226579
            ],
            [
              -120.74592942176224,
              38.201622823705975
            ],
            [
              -120.7459325265353,
              38.20168837125055
            ],
            [
              -120.74592756169832,
              38.201753847459244
            ],
            [
              -120.74591457402707,
              38.20181863517041
            ],
            [
              -120.74589368591927,
              38.20188212371045
            ],
            [
              -120.74586509424178,
              38.20194371464987
            ],
            [
              -120.74582906847547,
              38.20200282744419
            ],
            [
              -120.74578594817615,
              38.20205890490615
            ],
            [
              -120.74573613977407,
              38.202111418457896
            ],
            [
              -120.74568011274366,
              38.202159873113445
            ],
            [
              -120.74561839517852,
              38.20220381214464
            ],
            [
              -120.7455515688138,
              38.20224282138648
            ],
            [
              -120.74548026354279,
              38.20227653314114
            ],
            [
              -120.74540256306365,
              38.20230933339154
            ],
            [
              -120.74533133119317,
              38.20233614770871
            ],
            [
              -120.74525727293872,
              38.202357672293296
            ],
            [
              -120.7451810175761,
              38.202373724250016
            ],
            [
              -120.74510321305159,
              38.20238416718483
            ],
            [
              -120.74502452047565,
              38.20238891236395
            ],
            [
              -120.74494560850508,
              38.2023879194678
            ],
            [
              -120.74486714766097,
              38.20238119693365
            ],
            [
              -120.74478980463064,
              38.202368801883964
            ],
            [
              -120.74464020340018,
              38.20233910158149
            ],
            [
              -120.74455376876216,
              38.20231805347601
            ],
            [
              -120.74447063071639,
              38.202289926861994
            ],
            [
              -120.74439171727253,
              38.20225503569865
            ],
            [
              -120.74431790928014,
              38.202213769452726
            ],
            [
              -120.74426659345397,
              38.20218173587015
            ],
            [
              -120.7442584932435,
              38.20218695008504
            ],
            [
              -120.74419113143423,
              38.20222250826693
            ],
            [
              -120.74411981073315,
              38.202252881198994
            ],
            [
              -120.74404517018384,
              38.202277796734265
            ],
            [
              -120.74396787857849,
              38.20229703162489
            ],
            [
              -120.74388862846516,
              38.202310413522696
            ],
            [
              -120.7438081299417,
              38.20231782252354
            ],
            [
              -120.74372710429286,
              38.20231919224175
            ],
            [
              -120.74365380361687,
              38.20231769220697
            ],
            [
              -120.74356822465424,
              38.20231254514119
            ],
            [
              -120.74348372873426,
              38.202300662884184
            ],
            [
              -120.74340116495803,
              38.202282164841755
            ],
            [
              -120.74332136300873,
              38.20225723690181
            ],
            [
              -120.74324512481363,
              38.20222612956608
            ],
            [
              -120.74317321648483,
              38.202189155432634
            ],
            [
              -120.74310636062059,
              38.20214668605445
            ],
            [
              -120.74304522904347,
              38.202099148205235
            ],
            [
              -120.74299043604927,
              38.20204701959067
            ],
            [
              -120.74294253223428,
              38.20199082404758
            ],
            [
              -120.74290199896242,
              38.2019311262797
            ],
            [
              -120.74286924352883,
              38.20186852618283
            ],
            [
              -120.7428552786776,
              38.201837515239475
            ],
            [
              -120.74277261258993,
              38.201804386055564
            ],
            [
              -120.74269945569958,
              38.20177139828576
            ],
            [
              -120.74263076216218,
              38.20173289589977
            ],
            [
              -120.7425671972768,
              38.20168925179926
            ],
            [
              -120.74250937666739,
              38.20164088868328
            ],
            [
              -120.74245786032061,
              38.20158827495422
            ],
            [
              -120.74241314716238,
              38.20153192018091
            ],
            [
              -120.74237567022607,
              38.2014723701633
            ],
            [
              -120.74234579245902,
              38.20141020164598
            ],
            [
              -120.74232380320801,
              38.20134601673232
            ],
            [
              -120.74230991541755,
              38.20128043705282
            ],
            [
              -120.74230426356841,
              38.201214097744625
            ],
            [
              -120.74230690237592,
              38.201147641300096
            ],
            [
              -120.74231780626094,
              38.2010817113443
            ],
            [
              -120.74233686959847,
              38.201016946401616
            ],
            [
              -120.74236390774153,
              38.20095397371181
            ],
            [
              -120.74239865881009,
              38.20089340315537
            ],
            [
              -120.7424407862281,
              38.20083582134711
            ],
            [
              -120.74246106813865,
              38.200813498839764
            ],
            [
              -120.74241626671156,
              38.20069773281987
            ],
            [
              -120.74239748072337,
              38.200640265200036
            ],
            [
              -120.74238515827304,
              38.20058171832945
            ],
            [
              -120.74237939443154,
              38.20052254398763
            ],
            [
              -120.74238023365972,
              38.200463198794914
            ],
            [
              -120.74239213563818,
              38.20029289894253
            ],
            [
              -120.74240105999291,
              38.20022600640722
            ],
            [
              -120.74241836882742,
              38.20016014562061
            ],
            [
              -120.74242020140025,
              38.200154581783
            ],
            [
              -120.74236584173798,
              38.20010122433778
            ],
            [
              -120.74231288476523,
              38.200043204913264
            ],
            [
              -120.74229414353645,
              38.2000172740499
            ],
            [
              -120.74229242479565,
              38.20001827144527
            ],
            [
              -120.74222228736454,
              38.200051343634065
            ],
            [
              -120.74214847427987,
              38.200078989292386
            ],
            [
              -120.74211258284295,
              38.20008925323744
            ],
            [
              -120.74208572572435,
              38.20011299746194
            ],
            [
              -120.7420287421191,
              38.20015879774338
            ],
            [
              -120.74196650798227,
              38.20020012415921
            ],
            [
              -120.74189958500295,
              38.200236603716434
            ],
            [
              -120.74182857719225,
              38.2002679071672
            ],
            [
              -120.7417541254317,
              38.200293751980546
            ],
            [
              -120.74167690168868,
              38.200313904892596
            ],
            [
              -120.74159760295113,
              38.20032818401209
            ],
            [
              -120.74135790080746,
              38.2003619842505
            ],
            [
              -120.7412758865792,
              38.20037034739757
            ],
            [
              -120.74119323246079,
              38.200372427575516
            ],
            [
              -120.74111070959316,
              38.2003682053775
            ],
            [
              -120.74102908789241,
              38.200357720196166
            ],
            [
              -120.7409491288662,
              38.20034106985601
            ],
            [
              -120.74087157850848,
              38.20031840970065
            ],
            [
              -120.74079716033906,
              38.20028995114341
            ],
            [
              -120.74072656865299,
              38.20025595969462
            ],
            [
              -120.74066046204278,
              38.20021675248441
            ],
            [
              -120.74059945725348,
              38.20017269530365
            ],
            [
              -120.74054412342895,
              38.20012419919112
            ],
            [
              -120.74049497680161,
              38.2000717165983
            ],
            [
              -120.74045247587675,
              38.20001573716806
            ],
            [
              -120.74041701715488,
              38.19995678316614
            ],
            [
              -120.7403889314332,
              38.19989540460852
            ],
            [
              -120.7403684807198,
              38.199832174129774
            ],
            [
              -120.74035585579004,
              38.19976768164054
            ],
            [
              -120.74035117440728,
              38.19970252882378
            ],
            [
              -120.74035448022512,
              38.199637323521465
            ],
            [
              -120.74036574238085,
              38.19957267406354
            ],
            [
              -120.7403848557841,
              38.199509183592696
            ],
            [
              -120.74041164209824,
              38.19944744443741
            ],
            [
              -120.74045924611387,
              38.199352892036366
            ],
            [
              -120.74043368359591,
              38.19932724434827
            ],
            [
              -120.7403890726781,
              38.19927230215348
            ],
            [
              -120.74035138645557,
              38.1992142200654
            ],
            [
              -120.740320976461,
              38.1991535398936
            ],
            [
              -120.74029812634983,
              38.19909082768206
            ],
            [
              -120.74028304925467,
              38.199026668428736
            ],
            [
              -120.74027214998415,
              38.198963368373306
            ],
            [
              -120.7402650214376,
              38.19889906718389
            ],
            [
              -120.74026570117232,
              38.19883452262085
            ],
            [
              -120.74027418296353,
              38.19877032380608
            ],
            [
              -120.74029038937469,
              38.19870705670423
            ],
            [
              -120.74031417246503,
              38.19864529877438
            ],
            [
              -120.74034531514062,
              38.19858561369955
            ],
            [
              -120.7403562307963,
              38.19856931435437
            ],
            [
              -120.74031445197791,
              38.19856127026737
            ],
            [
              -120.74009635026196,
              38.198509969762945
            ],
            [
              -120.74001607958932,
              38.19848760390271
            ],
            [
              -120.7399390203678,
              38.198459057851984
            ],
            [
              -120.73986593446436,
              38.19842461384122
            ],
            [
              -120.73979754445949,
              38.19838461241252
            ],
            [
              -120.73973452650286,
              38.19833944905242
            ],
            [
              -120.73965622958657,
              38.19827745751838
            ],
            [
              -120.73962284460924,
              38.1983088907956
            ],
            [
              -120.7395553149716,
              38.198365507627145
            ],
            [
              -120.73940581479239,
              38.19847720836548
            ],
            [
              -120.73934049386506,
              38.19852132214693
            ],
            [
              -120.73926989565489,
              38.19856004347978
            ],
            [
              -120.7391947321203,
              38.198592981869396
            ],
            [
              -120.7391157612631,
              38.19861980514033
            ],
            [
              -120.73887395939559,
              38.19869080569237
            ],
            [
              -120.73875771212163,
              38.19871772210424
            ],
            [
              -120.73859491069493,
              38.198745722310655
            ],
            [
              -120.73850704369158,
              38.198757094763415
            ],
            [
              -120.73841815511517,
              38.19876120392822
            ],
            [
              -120.73832920645528,
              38.19875800535793
            ],
            [
              -120.73824115985123,
              38.19874753365164
            ],
            [
              -120.73815496768394,
              38.19872990208038
            ],
            [
              -120.73785016533024,
              38.19865400134306
            ],
            [
              -120.73776804819273,
              38.19862984087109
            ],
            [
              -120.73768949126216,
              38.198599182162475
            ],
            [
              -120.73761531771747,
              38.198562346484984
            ],
            [
              -120.73754630480147,
              38.19851971983308
            ],
            [
              -120.7375403240394,
              38.1985151751387
            ],
            [
              -120.73740549259257,
              38.19853619544424
            ],
            [
              -120.73716121308283,
              38.198580163499884
            ],
            [
              -120.7370796461821,
              38.19862368616696
            ],
            [
              -120.73700986883932,
              38.19865720558046
            ],
            [
              -120.73693636085524,
              38.19868532438502
            ],
            [
              -120.73685979146303,
              38.1987077865799
            ],
            [
              -120.73678085776979,
              38.19872438766361
            ],
            [
              -120.73670027840944,
              38.1987349764957
            ],
            [
              -120.73661878699971,
              38.19873945667303
            ],
            [
              -120.73653712546226,
              38.19873778740739
            ],
            [
              -120.73640477440155,
              38.19873008389701
            ],
            [
              -120.73609736452784,
              38.19877781039224
            ],
            [
              -120.73601308836813,
              38.1987874877219
            ],
            [
              -120.73592801080964,
              38.19879050972324
            ],
            [
              -120.73584297371949,
              38.198786846493384
            ],
            [
              -120.73575917298861,
              38.19877992444222
            ],
            [
              -120.73526472798649,
              38.19889322013525
            ],
            [
              -120.73520323717823,
              38.19890538124684
            ],
            [
              -120.73446243066253,
              38.199029082153174
            ],
            [
              -120.73437243592859,
              38.19904020050908
            ],
            [
              -120.73428145364134,
              38.1990437104584
            ],
            [
              -120.73419051377024,
              38.19903957226745
            ],
            [
              -120.7341006458043,
              38.199027832783734
            ],
            [
              -120.73406956516777,
              38.1990210316773
            ],
            [
              -120.73394793511606,
              38.19905187629136
            ],
            [
              -120.73381052975786,
              38.199110232002894
            ],
            [
              -120.73374065266268,
              38.199136761510715
            ],
            [
              -120.73366802035433,
              38.19915819285766
            ],
            [
              -120.73359322868102,
              38.199174350229
            ],
            [
              -120.73351689120692,
              38.19918510107574
            ],
            [
              -120.73343963417834,
              38.19919035720217
            ],
            [
              -120.73336209138574,
              38.19919007548933
            ],
            [
              -120.7330398884285,
              38.19917737528051
            ],
            [
              -120.73294957754823,
              38.19917001164507
            ],
            [
              -120.73286076267735,
              38.19915514226742
            ],
            [
              -120.7327744426485,
              38.19913293437306
            ],
            [
              -120.73244993800147,
              38.19903413952627
            ],
            [
              -120.7321734460383,
              38.19896469485991
            ],
            [
              -120.73209322544906,
              38.19894099766084
            ],
            [
              -120.73201640707026,
              38.19891109328211
            ],
            [
              -120.73194375986225,
              38.19887528107224
            ],
            [
              -120.7318760110281,
              38.19883391951767
            ],
            [
              -120.73181383873407,
              38.1987874226538
            ],
            [
              -120.73175786532082,
              38.19873625592031
            ],
            [
              -120.73170865107397,
              38.198680931501706
            ],
            [
              -120.73166668861589,
              38.19862200320006
            ],
            [
              -120.7316323979747,
              38.19856006089109
            ],
            [
              -120.73160612238061,
              38.19849572461936
            ],
            [
              -120.73158812483074,
              38.19842963839128
            ],
            [
              -120.73157858545733,
              38.19836246372857
            ],
            [
              -120.73157759972554,
              38.198294873046315
            ],
            [
              -120.73158517747882,
              38.19822754292205
            ],
            [
              -120.73159000798559,
              38.19820757921683
            ],
            [
              -120.73138097447489,
              38.19800931288188
            ],
            [
              -120.73135540675209,
              38.19798384017536
            ],
            [
              -120.73131271382488,
              38.19793913778131
            ],
            [
              -120.73110610807153,
              38.19782790263793
            ],
            [
              -120.73100757989828,
              38.197766007000155
            ],
            [
              -120.73055777967576,
              38.197438004783734
            ],
            [
              -120.73053878936634,
              38.19742372483073
            ],
            [
              -120.73030517490552,
              38.19724258626244
            ],
            [
              -120.73014639580762,
              38.197196277275935
            ],
            [
              -120.72997616716385,
              38.197160220098304
            ],
            [
              -120.72989182545464,
              38.19713860235172
            ],
            [
              -120.72981076992345,
              38.197110215458906
            ],
            [
              -120.72973856134934,
              38.197077490038176
            ],
            [
              -120.7297366659469,
              38.197077829471134
            ],
            [
              -120.72952406404676,
              38.1971080296842
            ],
            [
              -120.72944720030846,
              38.1971161320239
            ],
            [
              -120.7293697228562,
              38.19711871240623
            ],
            [
              -120.72929226737313,
              38.1971157496604
            ],
            [
              -120.7292772418873,
              38.1971140902513
            ],
            [
              -120.72920496287227,
              38.19715080480933
            ],
            [
              -120.72913694140479,
              38.19718196595477
            ],
            [
              -120.72906558314317,
              38.19720806920722
            ],
            [
              -120.72899149036958,
              38.197228894247935
            ],
            [
              -120.72891528844784,
              38.19724426530777
            ],
            [
              -120.72841036713953,
              38.19732682100395
            ],
            [
              -120.7280763466022,
              38.19744409911464
            ],
            [
              -120.7279161934664,
              38.19753785128021
            ],
            [
              -120.72773675700267,
              38.19770995759468
            ],
            [
              -120.7275967953359,
              38.197845254984124
            ],
            [
              -120.72753757389529,
              38.1978968333413
            ],
            [
              -120.72747194223426,
              38.19794332972421
            ],
            [
              -120.72740059691843,
              38.197984250647615
            ],
            [
              -120.72732429515874,
              38.19801916180025
            ],
            [
              -120.72724384677468,
              38.198047692654804
            ],
            [
              -120.7271601055988,
              38.19806954040065
            ],
            [
              -120.72695040382838,
              38.19811494074669
            ],
            [
              -120.72685778301651,
              38.198130702523244
            ],
            [
              -120.72676352232445,
              38.198138290896054
            ],
            [
              -120.72664680121844,
              38.19814255835288
            ],
            [
              -120.7265917642493,
              38.19815855957722
            ],
            [
              -120.72650761199304,
              38.19817921101653
            ],
            [
              -120.72642121533092,
              38.19819292616619
            ],
            [
              -120.72633348974219,
              38.19819955969798
            ],
            [
              -120.72624536478861,
              38.198199041322184
            ],
            [
              -120.72615777426392,
              38.19819137653243
            ],
            [
              -120.72607164629815,
              38.19817664654747
            ],
            [
              -120.72598789352237,
              38.198155007450474
            ],
            [
              -120.72590740339726,
              38.19812668853487
            ],
            [
              -120.72589252422583,
              38.198120711094
            ],
            [
              -120.72562828226513,
              38.19807656475956
            ],
            [
              -120.72556142197172,
              38.1980631524292
            ],
            [
              -120.72520541916998,
              38.19797955160635
            ],
            [
              -120.72512729087322,
              38.197957907539106
            ],
            [
              -120.72505217762064,
              38.19793040852591
            ],
            [
              -120.72468113033028,
              38.19777694326625
            ],
            [
              -120.72418901466922,
              38.19759902105965
            ],
            [
              -120.72415802496603,
              38.19758721647982
            ],
            [
              -120.72394912375698,
              38.197503515757326
            ],
            [
              -120.72385703831162,
              38.19746071609436
            ],
            [
              -120.72364810948308,
              38.19734919065028
            ],
            [
              -120.72345448988689,
              38.19729683476982
            ],
            [
              -120.7233807244496,
              38.19727382277697
            ],
            [
              -120.72330997447807,
              38.19724552188269
            ],
            [
              -120.7232428473081,
              38.1972121750312
            ],
            [
              -120.72312369508751,
              38.19714671175178
            ],
            [
              -120.72311735571851,
              38.197156707776806
            ],
            [
              -120.72307355182048,
              38.19721180363694
            ],
            [
              -120.72281965309028,
              38.19749940518474
            ],
            [
              -120.72277879297802,
              38.19754199444117
            ],
            [
              -120.72273379675661,
              38.19758190302597
            ],
            [
              -120.72244109674739,
              38.197821704551565
            ],
            [
              -120.72240641709769,
              38.1978485488084
            ],
            [
              -120.72203553850431,
              38.19811977299341
            ],
            [
              -120.72189190649426,
              38.198297739806186
            ],
            [
              -120.72184327544258,
              38.198351922314956
            ],
            [
              -120.72178813968866,
              38.19840207614651
            ],
            [
              -120.72172703174473,
              38.19844771689415
            ],
            [
              -120.72144383108191,
              38.198639318207555
            ],
            [
              -120.72137719308287,
              38.19868008641659
            ],
            [
              -120.72130579640773,
              38.19871548403996
            ],
            [
              -120.72123033358825,
              38.19874516772634
            ],
            [
              -120.72115153659992,
              38.19876884954841
            ],
            [
              -120.72107016976157,
              38.19878629979599
            ],
            [
              -120.72098702232114,
              38.19879734920439
            ],
            [
              -120.72090290079935,
              38.19880189059621
            ],
            [
              -120.72081862116609,
              38.19879987992119
            ],
            [
              -120.72073500092486,
              38.19879133668336
            ],
            [
              -120.72065285118236,
              38.19877634375184
            ],
            [
              -120.72059706848016,
              38.198761471708785
            ],
            [
              -120.72020544767403,
              38.1989118278219
            ],
            [
              -120.72012848523823,
              38.19893778567926
            ],
            [
              -120.72004867863002,
              38.19895768909291
            ],
            [
              -120.72000320971391,
              38.198965273215975
            ],
            [
              -120.72000248638975,
              38.19896595034695
            ],
            [
              -120.71994843126262,
              38.19901202627126
            ],
            [
              -120.71988918894323,
              38.19905394299387
            ],
            [
              -120.71982527114007,
              38.19909133845171
            ],
            [
              -120.71975722994948,
              38.199123889634514
            ],
            [
              -120.71927302701074,
              38.199331891217774
            ],
            [
              -120.71924086572211,
              38.19934501883526
            ],
            [
              -120.71901026419346,
              38.199434319522496
            ],
            [
              -120.71898609462525,
              38.199443312610086
            ],
            [
              -120.71823538936644,
              38.19971141468502
            ],
            [
              -120.71814738585888,
              38.19973833678278
            ],
            [
              -120.71750188063542,
              38.19990413806449
            ],
            [
              -120.71742191327697,
              38.19992134799385
            ],
            [
              -120.71734021172817,
              38.199932374922646
            ],
            [
              -120.71725754180616,
              38.19993711549227
            ],
            [
              -120.71717467840557,
              38.199935525268344
            ],
            [
              -120.71709239823453,
              38.19992761915729
            ],
            [
              -120.71701147253374,
              38.19991347126653
            ],
            [
              -120.7169326598468,
              38.19989321420974
            ],
            [
              -120.71685669890957,
              38.1998670378638
            ],
            [
              -120.71678430172526,
              38.19983518758873
            ],
            [
              -120.71671614689029,
              38.199797961927764
            ],
            [
              -120.71665287323339,
              38.19975570980871
            ],
            [
              -120.7165950738274,
              38.199708827273206
            ],
            [
              -120.71654329043035,
              38.199657753764164
            ],
            [
              -120.7164980084075,
              38.19960296800657
            ],
            [
              -120.71645965218227,
              38.1995449835201
            ],
            [
              -120.71642858125833,
              38.19948434380546
            ],
            [
              -120.7164050868504,
              38.19942161724997
            ],
            [
              -120.71638938915541,
              38.19935739179971
            ],
            [
              -120.71638163528917,
              38.19929226944861
            ],
            [
              -120.71638189790814,
              38.199226860595694
            ],
            [
              -120.7163901745293,
              38.199161778323806
            ],
            [
              -120.71640638755422,
              38.19909763265309
            ],
            [
              -120.71643038499714,
              38.199035024823374
            ],
            [
              -120.7164619419103,
              38.19897454165871
            ],
            [
              -120.71650076249303,
              38.19891675006737
            ],
            [
              -120.7165464828649,
              38.198862191728225
            ],
            [
              -120.71659867447673,
              38.19881137801398
            ],
            [
              -120.71665684812788,
              38.1987647851982
            ],
            [
              -120.71672045855162,
              38.19872284999149
            ],
            [
              -120.71739985610404,
              38.19831735288099
            ],
            [
              -120.71747327534507,
              38.19827807837537
            ],
            [
              -120.71755144971527,
              38.19824500913931
            ],
            [
              -120.71763354013946,
              38.19821850011594
            ],
            [
              -120.7180357321564,
              38.198107441950256
            ],
            [
              -120.71822522055962,
              38.19805248389445
            ],
            [
              -120.71843603465827,
              38.19794154029666
            ],
            [
              -120.71861071579553,
              38.197765766277925
            ],
            [
              -120.71805206844597,
              38.19757776151073
            ],
            [
              -120.7179750032385,
              38.197548144556315
            ],
            [
              -120.71790207729745,
              38.197512594504
            ],
            [
              -120.7178340216928,
              38.19747146774083
            ],
            [
              -120.71730592090178,
              38.197117865242866
            ],
            [
              -120.71725881961896,
              38.19708386416056
            ],
            [
              -120.71721505964469,
              38.197047187965254
            ],
            [
              -120.71669976090429,
              38.19658168519599
            ],
            [
              -120.71668886616965,
              38.19657164667684
            ],
            [
              -120.71584604173596,
              38.19577949459322
            ],
            [
              -120.71561648749801,
              38.195612622230904
            ],
            [
              -120.7155575476297,
              38.19556535085386
            ],
            [
              -120.71550476448769,
              38.19551374686794
            ],
            [
              -120.71545864665735,
              38.19545830751073
            ],
            [
              -120.71541963849646,
              38.19539956697486
            ],
            [
              -120.71532693987861,
              38.19524156640958
            ],
            [
              -120.71529505679104,
              38.195179272651714
            ],
            [
              -120.71527117102,
              38.19511478789778
            ],
            [
              -120.7152555187396,
              38.195048749808805
            ],
            [
              -120.71524825470522,
              38.194981811404205
            ],
            [
              -120.71524945072407,
              38.19491463460445
            ],
            [
              -120.71525909494615,
              38.19484788368556
            ],
            [
              -120.7152770919822,
              38.194782218710415
            ],
            [
              -120.715303263848,
              38.19471828900198
            ],
            [
              -120.71533735172505,
              38.194656726722485
            ],
            [
              -120.71537901852065,
              38.194598140622674
            ],
            [
              -120.71542785220184,
              38.19454311002236
            ],
            [
              -120.71548336987031,
              38.19449217908223
            ],
            [
              -120.71554502253765,
              38.19444585142321
            ],
            [
              -120.7156122005543,
              38.19440458514679
            ],
            [
              -120.71568423963782,
              38.19436878830543
            ],
            [
              -120.71576042744147,
              38.194338814867905
            ],
            [
              -120.71584001059777,
              38.19431496121945
            ],
            [
              -120.71592220216763,
              38.19429746323107
            ],
            [
              -120.71600618942125,
              38.19428649392749
            ],
            [
              -120.71609114187397,
              38.19428216177634
            ],
            [
              -120.71625394036711,
              38.19428026174627
            ],
            [
              -120.7163396262934,
              38.19428265039487
            ],
            [
              -120.7164245797435,
              38.19429179110926
            ],
            [
              -120.71650794860192,
              38.19430759220533
            ],
            [
              -120.7165888966457,
              38.19432989519274
            ],
            [
              -120.71666661193159,
              38.19435847636442
            ],
            [
              -120.7167403149394,
              38.194393049040265
            ],
            [
              -120.71680926639074,
              38.19443326644248
            ],
            [
              -120.71687277466401,
              38.19447872517351
            ],
            [
              -120.71777377516736,
              38.19519172057173
            ],
            [
              -120.71781638092281,
              38.19522799986961
            ],
            [
              -120.71860798772806,
              38.19595361712116
            ],
            [
              -120.71885455001996,
              38.19615362037013
            ],
            [
              -120.71929816385008,
              38.19627700151948
            ],
            [
              -120.71932472069305,
              38.196284779770146
            ],
            [
              -120.71965162801173,
              38.19638541390777
            ],
            [
              -120.71966289577884,
              38.196382691968246
            ],
            [
              -120.7197397177711,
              38.19637006407334
            ],
            [
              -120.71981768219507,
              38.1963630402515
            ],
            [
              -120.71989613404801,
              38.1963616795125
            ],
            [
              -120.7200529692701,
              38.19636463438901
            ],
            [
              -120.72020938733172,
              38.1963128637766
            ],
            [
              -120.72022059589628,
              38.19630922740321
            ],
            [
              -120.72070719226531,
              38.196154528605085
            ],
            [
              -120.72076871913357,
              38.19613709142589
            ],
            [
              -120.7208317526276,
              38.19612341012212
            ],
            [
              -120.72112107254057,
              38.1960698995622
            ],
            [
              -120.72118887503315,
              38.196048670783505
            ],
            [
              -120.72144371815857,
              38.19589192267239
            ],
            [
              -120.72145532369268,
              38.19588490920816
            ],
            [
              -120.72177990999052,
              38.19569220076514
            ],
            [
              -120.72195305719639,
              38.19556116663732
            ],
            [
              -120.72201229680887,
              38.195520289528524
            ],
            [
              -120.72207604216743,
              38.19548387774392
            ],
            [
              -120.72214375469827,
              38.19545223891757
            ],
            [
              -120.72221486231224,
              38.19542564035778
            ],
            [
              -120.72252586003624,
              38.19532284115588
            ],
            [
              -120.72260105183615,
              38.1953011880841
            ],
            [
              -120.72267847743899,
              38.19528517154717
            ],
            [
              -120.72275746005091,
              38.19527493154953
            ],
            [
              -120.72283730926878,
              38.195270557601596
            ],
            [
              -120.72291732711486,
              38.19527208793755
            ],
            [
              -120.72320210716173,
              38.19528806974196
            ],
            [
              -120.72358980865816,
              38.19524567861133
            ],
            [
              -120.7236815527275,
              38.195239591428255
            ],
            [
              -120.72377359457751,
              38.195241314541946
            ],
            [
              -120.72386486971548,
              38.19525082802495
            ],
            [
              -120.72417276705644,
              38.19529632753126
            ],
            [
              -120.7242695881792,
              38.19531530204449
            ],
            [
              -120.72436295495072,
              38.195343036552984
            ],
            [
              -120.72472525260233,
              38.19547013541406
            ],
            [
              -120.72480132425103,
              38.19550048718838
            ],
            [
              -120.72487319419389,
              38.19553665859353
            ],
            [
              -120.7249401499186,
              38.19557829103336
            ],
            [
              -120.72517942101526,
              38.19574294581041
            ],
            [
              -120.72548637360858,
              38.195931194211944
            ],
            [
              -120.72596902835328,
              38.19610299549831
            ],
            [
              -120.72621350431622,
              38.19617595737783
            ],
            [
              -120.72627510332048,
              38.19618189932858
            ],
            [
              -120.72642735746034,
              38.19615819653358
            ],
            [
              -120.72664938305921,
              38.19612213374484
            ],
            [
              -120.72666944917773,
              38.19611315522869
            ],
            [
              -120.72676211292062,
              38.196028462528695
            ],
            [
              -120.72682189706353,
              38.195979100799846
            ],
            [
              -120.72688768936216,
              38.19593475340276
            ],
            [
              -120.72695881777713,
              38.1958958733205
            ],
            [
              -120.72703455576747,
              38.19586285769011
            ],
            [
              -120.72709102266649,
              38.19584383010941
            ],
            [
              -120.7271444090837,
              38.19579548117449
            ],
            [
              -120.72720893225865,
              38.19574796096777
            ],
            [
              -120.72727931182209,
              38.195705935601
            ],
            [
              -120.72735479981824,
              38.19566985169225
            ],
            [
              -120.727434594006,
              38.19564009271723
            ],
            [
              -120.72791839043121,
              38.19548319393613
            ],
            [
              -120.72800013657131,
              38.19546042745681
            ],
            [
              -120.72808438097825,
              38.19544430163333
            ],
            [
              -120.72817025989977,
              38.1954349818032
            ],
            [
              -120.72825689282638,
              38.195432563522644
            ],
            [
              -120.72832106632258,
              38.195433338110604
            ],
            [
              -120.72835894172218,
              38.19541768532661
            ],
            [
              -120.72844166290392,
              38.19538780513791
            ],
            [
              -120.72852793477672,
              38.19536502103454
            ],
            [
              -120.72861678313943,
              38.19534959029985
            ],
            [
              -120.72907372090951,
              38.19529011413032
            ],
            [
              -120.72946505500973,
              38.1951578467521
            ],
            [
              -120.72954293187381,
              38.19513498655083
            ],
            [
              -120.72962325002064,
              38.19511819191141
            ],
            [
              -120.72970525287873,
              38.1951076210344
            ],
            [
              -120.72978816800834,
              38.195103373494604
            ],
            [
              -120.72987121437701,
              38.19510548930307
            ],
            [
              -120.729953609716,
              38.195113948530306
            ],
            [
              -120.73002089054347,
              38.1951261826402
            ],
            [
              -120.73030277431705,
              38.19508093846276
            ],
            [
              -120.73038902838765,
              38.19507067289065
            ],
            [
              -120.7304761583821,
              38.19506738733139
            ],
            [
              -120.73056325974481,
              38.1950711158954
            ],
            [
              -120.73064942821715,
              38.19508181987465
            ],
            [
              -120.7307337692245,
              38.195099388144584
            ],
            [
              -120.73120271122896,
              38.195217537099175
            ],
            [
              -120.73146466661959,
              38.19524617363697
            ],
            [
              -120.73153520775834,
              38.19525627667688
            ],
            [
              -120.73160443042015,
              38.195271002169385
            ],
            [
              -120.73208872667887,
              38.195391400999085
            ],
            [
              -120.73218429554366,
              38.19542021765325
            ],
            [
              -120.73227482624512,
              38.19545782541411
            ],
            [
              -120.73266502443732,
              38.195644223895115
            ],
            [
              -120.73271378619172,
              38.195669344274464
            ],
            [
              -120.73326778430123,
              38.195976441910574
            ],
            [
              -120.73332101297662,
              38.1960084715299
            ],
            [
              -120.73373750095078,
              38.196280046133815
            ],
            [
              -120.73399301243644,
              38.19637314590776
            ],
            [
              -120.73410376005582,
              38.19637679255499
            ],
            [
              -120.73423484131091,
              38.196353120371114
            ],
            [
              -120.73438581685767,
              38.196277935128684
            ],
            [
              -120.73448944611481,
              38.19623387920526
            ],
            [
              -120.73510347261042,
              38.19601437517974
            ],
            [
              -120.73528087187483,
              38.19590213522839
            ],
            [
              -120.73552729362834,
              38.19563244479325
            ],
            [
              -120.73557587502846,
              38.19558409371882
            ],
            [
              -120.73562984372136,
              38.19553944230743
            ],
            [
              -120.73591411251958,
              38.195324792024955
            ],
            [
              -120.73593740932503,
              38.19527754941861
            ],
            [
              -120.73596669774848,
              38.1950188733394
            ],
            [
              -120.7359780557123,
              38.19495410714831
            ],
            [
              -120.73599729330283,
              38.194890510674554
            ],
            [
              -120.73602423033034,
              38.19482867953115
            ],
            [
              -120.73605861449772,
              38.19476919279648
            ],
            [
              -120.73610012376416,
              38.19471260759116
            ],
            [
              -120.73614836936164,
              38.19465945386044
            ],
            [
              -120.73620289943644,
              38.19461022941132
            ],
            [
              -120.73626320328111,
              38.194565395250606
            ],
            [
              -120.7363287161178,
              38.19452537126756
            ],
            [
              -120.73639882438741,
              38.19449053230179
            ],
            [
              -120.73647287149592,
              38.19446120463293
            ],
            [
              -120.73655016396319,
              38.19443766292506
            ],
            [
              -120.73662997791746,
              38.19442012765465
            ],
            [
              -120.73671156587416,
              38.19440876304582
            ],
            [
              -120.73679416373574,
              38.19440367553238
            ],
            [
              -120.7368769979472,
              38.194404912761186
            ],
            [
              -120.73695929274017,
              38.19441246314589
            ],
            [
              -120.7370402773974,
              38.19442625597533
            ],
            [
              -120.73711919347038,
              38.19444616207587
            ],
            [
              -120.73732553403539,
              38.19450704139348
            ],
            [
              -120.73751045453238,
              38.19454252953035
            ],
            [
              -120.73760152934489,
              38.19452535440028
            ],
            [
              -120.73793049164657,
              38.194363517431086
            ],
            [
              -120.73796254736044,
              38.194341640688336
            ],
            [
              -120.73797758064589,
              38.19431212730652
            ],
            [
              -120.7380165984886,
              38.194253096750415
            ],
            [
              -120.73806278894735,
              38.19419738358055
            ],
            [
              -120.73811570344834,
              38.19414552883117
            ],
            [
              -120.73817482812349,
              38.19409803606614
            ],
            [
              -120.73823958880085,
              38.19405536648908
            ],
            [
              -120.73830935658046,
              38.19401793446494
            ],
            [
              -120.7383834539415,
              38.19398610349621
            ],
            [
              -120.73846116132154,
              38.193960182693246
            ],
            [
              -120.73854172410391,
              38.19394042377272
            ],
            [
              -120.7386243599452,
              38.193927018613365
            ],
            [
              -120.73870826637207,
              38.193920097392734
            ],
            [
              -120.73879262857346,
              38.19391972732315
            ],
            [
              -120.73887662731246,
              38.19392591199906
            ],
            [
              -120.73892595648248,
              38.193933464116064
            ],
            [
              -120.73889582989142,
              38.1939152311565
            ],
            [
              -120.73883482600681,
              38.193870217781416
            ],
            [
              -120.73877967005596,
              38.1938207275279
            ],
            [
              -120.73873088694285,
              38.19376723139281
            ],
            [
              -120.73868894091851,
              38.1937102384957
            ],
            [
              -120.73865423116283,
              38.19365029123314
            ],
            [
              -120.73862708798634,
              38.19358796011686
            ],
            [
              -120.73860776968719,
              38.19352383834382
            ],
            [
              -120.73857717114656,
              38.19339453817168
            ],
            [
              -120.7385657526683,
              38.19332824237793
            ],
            [
              -120.73856350095211,
              38.19327894381087
            ],
            [
              -120.73854038945905,
              38.19326299528176
            ],
            [
              -120.73848157665766,
              38.19321333775657
            ],
            [
              -120.73842938391444,
              38.19315926772051
            ],
            [
              -120.73838433951036,
              38.19310133247246
            ],
            [
              -120.73834689936737,
              38.19304011843364
            ],
            [
              -120.7383174424341,
              38.19297624521163
            ],
            [
              -120.7382847433064,
              38.19289244501268
            ],
            [
              -120.73826464346598,
              38.192830720842814
            ],
            [
              -120.73825200232031,
              38.19276777662115
            ],
            [
              -120.7382469323289,
              38.192704172415944
            ],
            [
              -120.73824947858385,
              38.19264047416638
            ],
            [
              -120.73825961840927,
              38.192577248647005
            ],
            [
              -120.73827726156378,
              38.192515058424625
            ],
            [
              -120.73829538482936,
              38.192471108006984
            ],
            [
              -120.73828208992973,
              38.19246175041952
            ],
            [
              -120.73822170898781,
              38.19240930688952
            ],
            [
              -120.73816862010443,
              38.19235216069606
            ],
            [
              -120.73812340725848,
              38.192290940468446
            ],
            [
              -120.73808656778587,
              38.19222631965008
            ],
            [
              -120.73804386862017,
              38.19213951938808
            ],
            [
              -120.73801661505543,
              38.192074536323716
            ],
            [
              -120.73799783285043,
              38.19200771039942
            ],
            [
              -120.73798771477624,
              38.19193972756655
            ],
            [
              -120.73798636466763,
              38.19187128564994
            ],
            [
              -120.73799379635855,
              38.19180308718476
            ],
            [
              -120.73800993354082,
              38.19173583220535
            ],
            [
              -120.73801362014443,
              38.19172602879045
            ],
            [
              -120.73800095366737,
              38.19168718353035
            ],
            [
              -120.73798389377524,
              38.19162152465109
            ],
            [
              -120.73797516107116,
              38.19155485481143
            ],
            [
              -120.73797484147734,
              38.191487830159694
            ],
            [
              -120.73797604395675,
              38.191477921215686
            ],
            [
              -120.73791156366032,
              38.1914515463036
            ],
            [
              -120.73783480336176,
              38.19141134899055
            ],
            [
              -120.73776396059378,
              38.19136487466041
            ],
            [
              -120.73769985572774,
              38.19131266150257
            ],
            [
              -120.73764323110301,
              38.191255314162625
            ],
            [
              -120.73736793281495,
              38.19094321258102
            ],
            [
              -120.73732402820055,
              38.19088792344442
            ],
            [
              -120.73728708627011,
              38.19082954955035
            ],
            [
              -120.73725745157988,
              38.19076863537788
            ],
            [
              -120.73723540052612,
              38.190705749098896
            ],
            [
              -120.73722113876771,
              38.19064147727846
            ],
            [
              -120.73721479930848,
              38.190576419403534
            ],
            [
              -120.73721644125752,
              38.190511182291274
            ],
            [
              -120.73722604927859,
              38.190446374429015
            ],
            [
              -120.7372435337339,
              38.1903826002988
            ],
            [
              -120.7372687315211,
              38.1903204547392
            ],
            [
              -120.73730140759508,
              38.19026051739728
            ],
            [
              -120.73734125716122,
              38.19020334732214
            ],
            [
              -120.73738790851857,
              38.19014947775083
            ],
            [
              -120.73744092652736,
              38.190099411134874
            ],
            [
              -120.73749981666798,
              38.190053614454015
            ],
            [
              -120.73756402965357,
              38.19001251486092
            ],
            [
              -120.73763296655333,
              38.18997649569721
            ],
            [
              -120.73770598437888,
              38.18994589291831
            ],
            [
              -120.7377824020812,
              38.18992099196004
            ],
            [
              -120.73786150690246,
              38.189902025076584
            ],
            [
              -120.73794256102381,
              38.189889169174315
            ],
            [
              -120.73802480844631,
              38.18988254416195
            ],
            [
              -120.73810748204176,
              38.18988221183217
            ],
            [
              -120.73818981070721,
              38.189888175285276
            ],
            [
              -120.73827102655649,
              38.189900378900354
            ],
            [
              -120.73835037208173,
              38.18991870885385
            ],
            [
              -120.73842710721819,
              38.18994299418123
            ],
            [
              -120.73845839336977,
              38.18995578592016
            ],
            [
              -120.73850595001308,
              38.1899150691267
            ],
            [
              -120.73856922001929,
              38.189870642406916
            ],
            [
              -120.7386377422388,
              38.18983136696182
            ],
            [
              -120.73871084607318,
              38.1897976271601
            ],
            [
              -120.73878781608924,
              38.18976975319559
            ],
            [
              -120.73886789902024,
              38.18974801785613
            ],
            [
              -120.73895031113719,
              38.18973263385399
            ],
            [
              -120.73903424591838,
              38.18972375174442
            ],
            [
              -120.7391188819417,
              38.1897214584523
            ],
            [
              -120.73920339092277,
              38.18972577642144
            ],
            [
              -120.73928694582017,
              38.189736663395095
            ],
            [
              -120.73936872892867,
              38.18975401282926
            ],
            [
              -120.73944793988098,
              38.18977765493531
            ],
            [
              -120.73952380347986,
              38.18980735834156
            ],
            [
              -120.73959557728423,
              38.18984283235721
            ],
            [
              -120.73966255887468,
              38.189883729817105
            ],
            [
              -120.73972409272741,
              38.18992965047893
            ],
            [
              -120.73977957662949,
              38.18998014493997
            ],
            [
              -120.73982846757256,
              38.19003471903484
            ],
            [
              -120.73991362499943,
              38.190140513821916
            ],
            [
              -120.74008125604814,
              38.19027091969035
            ],
            [
              -120.74046378621212,
              38.190502689348875
            ],
            [
              -120.7405295891518,
              38.19054689796838
            ],
            [
              -120.74056318467422,
              38.190574539814946
            ],
            [
              -120.7406263593023,
              38.19055201463721
            ],
            [
              -120.74070174214502,
              38.19053155807061
            ],
            [
              -120.74077920912269,
              38.19051672421329
            ],
            [
              -120.74085808852234,
              38.19050764168941
            ],
            [
              -120.74093769638478,
              38.19050438925367
            ],
            [
              -120.74101734243477,
              38.19050699510836
            ],
            [
              -120.74109633606584,
              38.19051543665882
            ],
            [
              -120.74117399232797,
              38.19052964070941
            ],
            [
              -120.74165484820729,
              38.19063643487472
            ],
            [
              -120.74194451930072,
              38.19068225281669
            ],
            [
              -120.7420322134335,
              38.19069997601362
            ],
            [
              -120.74211704597558,
              38.190724908573564
            ],
            [
              -120.74256219561742,
              38.1908773453748
            ],
            [
              -120.74302135415861,
              38.19090727178444
            ],
            [
              -120.74310138938726,
              38.19091550116329
            ],
            [
              -120.74318008690189,
              38.19092964279371
            ],
            [
              -120.74374598236001,
              38.19105374155585
            ],
            [
              -120.74383046625547,
              38.191076065901115
            ],
            [
              -120.74391155276803,
              38.19110519924154
            ],
            [
              -120.74398836362634,
              38.191140826027926
            ],
            [
              -120.74421976155155,
              38.19126136100796
            ],
            [
              -120.7443063141957,
              38.191280704033105
            ],
            [
              -120.7445916634558,
              38.19130600220752
            ],
            [
              -120.74468598854283,
              38.19131861008392
            ],
            [
              -120.74477794217185,
              38.191339445549666
            ],
            [
              -120.74486637595675,
              38.191368248397296
            ],
            [
              -120.74513520314422,
              38.19147002913349
            ],
            [
              -120.74515269249856,
              38.19147431357932
            ],
            [
              -120.74538541160943,
              38.19149303188172
            ],
            [
              -120.74561583161845,
              38.191497551081724
            ],
            [
              -120.74569963579147,
              38.1914772073083
            ],
            [
              -120.74583808873007,
              38.191395666522844
            ],
            [
              -120.7460364429636,
              38.1912228695104
            ],
            [
              -120.74622848444493,
              38.19095282717235
            ],
            [
              -120.74627408150586,
              38.1908956168953
            ],
            [
              -120.74647158247201,
              38.19067331809555
            ],
            [
              -120.74652451639045,
              38.190619694096824
            ],
            [
              -120.746584009823,
              38.1905705395144
            ],
            [
              -120.7466494605088,
              38.190526351937905
            ],
            [
              -120.74672020588552,
              38.19048757867552
            ],
            [
              -120.74679552979669,
              38.19045461222616
            ],
            [
              -120.7468746697408,
              38.190427786306444
            ],
            [
              -120.74703616849261,
              38.19038048667422
            ],
            [
              -120.7471137295466,
              38.190361027337886
            ],
            [
              -120.74719328148193,
              38.190347468987525
            ],
            [
              -120.74727410528132,
              38.190339934168634
            ],
            [
              -120.74735547043284,
              38.190338490983976
            ],
            [
              -120.74743664153183,
              38.19034315247817
            ],
            [
              -120.74751688492728,
              38.19035387651972
            ],
            [
              -120.74759547535217,
              38.19037056618179
            ],
            [
              -120.74767170247833,
              38.19039307061816
            ],
            [
              -120.74774487733596,
              38.190421186426455
            ],
            [
              -120.74774767622205,
              38.190422535199154
            ],
            [
              -120.74774471467116,
              38.19040270294154
            ],
            [
              -120.74774274594279,
              38.19034030409974
            ],
            [
              -120.74774808211495,
              38.19027802815598
            ],
            [
              -120.74776067762386,
              38.19021640664804
            ],
            [
              -120.74779787913701,
              38.19007600695858
            ],
            [
              -120.74781836276439,
              38.19001368721001
            ],
            [
              -120.74784626938184,
              38.18995318922163
            ],
            [
              -120.74788134555736,
              38.1898950623632
            ],
            [
              -120.74792327275593,
              38.189839834471506
            ],
            [
              -120.74794619350595,
              38.189815289335996
            ],
            [
              -120.7479221600578,
              38.18968970007808
            ],
            [
              -120.74791820724462,
              38.18966627721168
            ],
            [
              -120.74788390996221,
              38.1894317770496
            ],
            [
              -120.74787853318801,
              38.18937127103568
            ],
            [
              -120.74788005366831,
              38.189310628264316
            ],
            [
              -120.74788845913137,
              38.189250337499374
            ],
            [
              -120.74790368181485,
              38.18919088466642
            ],
            [
              -120.74797888430004,
              38.18895278527167
            ],
            [
              -120.74798847315057,
              38.188924968496096
            ],
            [
              -120.74803420020821,
              38.18880267814376
            ],
            [
              -120.7479047060275,
              38.18874446074051
            ],
            [
              -120.74783009396386,
              38.18870675233376
            ],
            [
              -120.74776081990373,
              38.18866315920514
            ],
            [
              -120.74762191976365,
              38.18856605853436
            ],
            [
              -120.74755970505831,
              38.18851788845948
            ],
            [
              -120.74750401859711,
              38.188464975255265
            ],
            [
              -120.747455437591,
              38.1884078674015
            ],
            [
              -120.74741446559473,
              38.1883471568568
            ],
            [
              -120.74738152728767,
              38.18828347292233
            ],
            [
              -120.74735696407245,
              38.188217475718396
            ],
            [
              -120.74723576845375,
              38.18781757500173
            ],
            [
              -120.74722331225982,
              38.18776850716397
            ],
            [
              -120.74721549194375,
              38.18771884623345
            ],
            [
              -120.7471918944453,
              38.18750434614113
            ],
            [
              -120.74718873421733,
              38.18743871627008
            ],
            [
              -120.74719366268708,
              38.18737315431245
            ],
            [
              -120.74720663326008,
              38.18730827981388
            ],
            [
              -120.74722752334658,
              38.187244705822074
            ],
            [
              -120.7472561355209,
              38.187183033093774
            ],
            [
              -120.74729219938776,
              38.187123844417876
            ],
            [
              -120.74733537413795,
              38.18706769910842
            ],
            [
              -120.74738525176949,
              38.18701512771946
            ],
            [
              -120.74744136094353,
              38.186966627031744
            ],
            [
              -120.74750317143854,
              38.1869226553585
            ],
            [
              -120.74757009916082,
              38.18688362821486
            ],
            [
              -120.74764151166411,
              38.18684991439159
            ],
            [
              -120.74771673412563,
              38.18682183247037
            ],
            [
              -120.74779505572266,
              38.18679964781361
            ],
            [
              -120.74787573634919,
              38.18678357005699
            ],
            [
              -120.74795801360902,
              38.18677375112863
            ],
            [
              -120.7480411100196,
              38.18677028381358
            ],
            [
              -120.74812424035824,
              38.18677320087706
            ],
            [
              -120.74820661908149,
              38.186782474754835
            ],
            [
              -120.74828746774763,
              38.18679801781361
            ],
            [
              -120.7483660223719,
              38.186819683179124
            ],
            [
              -120.74844154064536,
              38.18684726612382
            ],
            [
              -120.74846965536759,
              38.18686028761802
            ],
            [
              -120.74847153299392,
              38.18683605166347
            ],
            [
              -120.74848509989482,
              38.186769853228775
            ],
            [
              -120.74850691446457,
              38.18670504237789
            ],
            [
              -120.74862296979671,
              38.186418405174415
            ],
            [
              -120.74856479214579,
              38.18642275660319
            ],
            [
              -120.74847908490642,
              38.186422371914674
            ],
            [
              -120.74839385604471,
              38.18641522435469
            ],
            [
              -120.74830996003168,
              38.1864013855826
            ],
            [
              -120.74822823797437,
              38.18638099434113
            ],
            [
              -120.74814950918274,
              38.18635425506527
            ],
            [
              -120.74789760809149,
              38.186256627524195
            ],
            [
              -120.74779112739013,
              38.18627322317024
            ],
            [
              -120.74771178863942,
              38.18628256465718
            ],
            [
              -120.74763169034986,
              38.18628600330513
            ],
            [
              -120.74755153594438,
              38.186283508916475
            ],
            [
              -120.74747202933858,
              38.18627510339754
            ],
            [
              -120.74739386875848,
              38.186260860566115
            ],
            [
              -120.74731774060828,
              38.1862409055031
            ],
            [
              -120.74724431344177,
              38.18621541345398
            ],
            [
              -120.7471742320909,
              38.18618460828968
            ],
            [
              -120.74710811200241,
              38.18614876054035
            ],
            [
              -120.74702991179198,
              38.186101960191934
            ],
            [
              -120.74696728152838,
              38.18606062124453
            ],
            [
              -120.74690992604253,
              38.18601476082772
            ],
            [
              -120.74685836710228,
              38.185964796146514
            ],
            [
              -120.7468130737398,
              38.18591118174269
            ],
            [
              -120.746774457985,
              38.185854405359244
            ],
            [
              -120.74674287111748,
              38.18579498350331
            ],
            [
              -120.74672966903132,
              38.18576151586399
            ],
            [
              -120.74666832347641,
              38.18574929826345
            ],
            [
              -120.74658856612592,
              38.18572658526957
            ],
            [
              -120.74651204707811,
              38.18569775571725
            ],
            [
              -120.74643951713416,
              38.185663092482855
            ],
            [
              -120.74632175641779,
              38.18560031867646
            ],
            [
              -120.74626713028475,
              38.18558981152983
            ],
            [
              -120.74619257968332,
              38.185572609198516
            ],
            [
              -120.7461203116151,
              38.185550143950124
            ],
            [
              -120.74590021019473,
              38.18547244325571
            ],
            [
              -120.745831737473,
              38.18544530576263
            ],
            [
              -120.74576661361186,
              38.18541344423115
            ],
            [
              -120.74570536040031,
              38.185377113946785
            ],
            [
              -120.74564846861226,
              38.185336605999666
            ],
            [
              -120.7454829686684,
              38.18520770516034
            ],
            [
              -120.74542724945688,
              38.18515992297167
            ],
            [
              -120.74537759988738,
              38.18510813917659
            ],
            [
              -120.7453344786634,
              38.18505283221086
            ],
            [
              -120.74529828416969,
              38.184994513059934
            ],
            [
              -120.74526935079199,
              38.184933720537764
            ],
            [
              -120.74525856902983,
              38.18490213619072
            ],
            [
              -120.74522203473319,
              38.18485347565513
            ],
            [
              -120.74518714477101,
              38.18479483317639
            ],
            [
              -120.74515953159148,
              38.18473382263373
            ],
            [
              -120.74513944908807,
              38.18467100503899
            ],
            [
              -120.74512708190571,
              38.18460695801894
            ],
            [
              -120.74512254374352,
              38.1845422705037
            ],
            [
              -120.7451258763103,
              38.1844775373114
            ],
            [
              -120.74513704894149,
              38.18441335367864
            ],
            [
              -120.74515595888218,
              38.18435030978711
            ],
            [
              -120.7451824322324,
              38.1842889853369
            ],
            [
              -120.74521622554711,
              38.184229944216206
            ],
            [
              -120.74524172583423,
              38.184190544389445
            ],
            [
              -120.7452671611073,
              38.18415531691864
            ],
            [
              -120.74526297653877,
              38.184151948254424
            ],
            [
              -120.74520974269853,
              38.18409957389732
            ],
            [
              -120.74516335831468,
              38.18404328748098
            ],
            [
              -120.74512428152016,
              38.183983644959945
            ],
            [
              -120.74509289826618,
              38.18392123543628
            ],
            [
              -120.74506951851077,
              38.18385667534077
            ],
            [
              -120.74505437315794,
              38.18379060234407
            ],
            [
              -120.7450476117778,
              38.18372366905823
            ],
            [
              -120.74504431280012,
              38.1836364690662
            ],
            [
              -120.74504605867686,
              38.18356870064651
            ],
            [
              -120.74505639870976,
              38.183501411358634
            ],
            [
              -120.74507522880032,
              38.18343527848717
            ],
            [
              -120.74510235939664,
              38.18337096767532
            ],
            [
              -120.74513751740233,
              38.183309126225154
            ],
            [
              -120.74517873445528,
              38.183252591065255
            ],
            [
              -120.74517084691429,
              38.18324308971228
            ],
            [
              -120.74512852499777,
              38.18318623731511
            ],
            [
              -120.7450934261951,
              38.183126399252586
            ],
            [
              -120.74506588482853,
              38.183064145524206
            ],
            [
              -120.74504616322832,
              38.18300006913883
            ],
            [
              -120.74503444923468,
              38.18293478046574
            ],
            [
              -120.74503085440898,
              38.182868901420406
            ],
            [
              -120.74503541297221,
              38.18280305954026
            ],
            [
              -120.74503769431082,
              38.18279132241164
            ],
            [
              -120.74493351400426,
              38.18259146172255
            ],
            [
              -120.74488764577751,
              38.18253486209926
            ],
            [
              -120.74484607599628,
              38.18247758168424
            ],
            [
              -120.74481178672869,
              38.18241737257753
            ],
            [
              -120.74478510530349,
              38.182354809574086
            ],
            [
              -120.74476628641804,
              38.182290489939156
            ],
            [
              -120.74475550970755,
              38.18222502770619
            ],
            [
              -120.74475287803075,
              38.18215904781494
            ],
            [
              -120.74475841648909,
              38.18209318014529
            ],
            [
              -120.74477207218766,
              38.18202805350414
            ],
            [
              -120.7447937147411,
              38.18196428962253
            ],
            [
              -120.74482313751918,
              38.18190249722036
            ],
            [
              -120.74486005961994,
              38.18184326619545
            ],
            [
              -120.74490412855212,
              38.18178716199224
            ],
            [
              -120.74495492360063,
              38.18173472020406
            ],
            [
              -120.7450119598433,
              38.18168644146038
            ],
            [
              -120.7450746927803,
              38.18164278664777
            ],
            [
              -120.74514252353251,
              38.18160417251046
            ],
            [
              -120.74521480455826,
              38.18157096767214
            ],
            [
              -120.74529084583509,
              38.18154348911715
            ],
            [
              -120.74544764466211,
              38.1814939895019
            ],
            [
              -120.74552359278158,
              38.18147322164405
            ],
            [
              -120.74560167397165,
              38.18145816845342
            ],
            [
              -120.7456811997347,
              38.181448962665165
            ],
            [
              -120.74576146883615,
              38.1814456854538
            ],
            [
              -120.7458417734873,
              38.18144836571738
            ],
            [
              -120.74592140558586,
              38.18145697982276
            ],
            [
              -120.74599966295929,
              38.181471451813906
            ],
            [
              -120.74618006152109,
              38.181511951412055
            ],
            [
              -120.74626055335187,
              38.18153348436103
            ],
            [
              -120.74633794308498,
              38.18156121185432
            ],
            [
              -120.74641146774627,
              38.18159486053268
            ],
            [
              -120.74648040246367,
              38.18163409866052
            ],
            [
              -120.74684729067066,
              38.18186562692811
            ],
            [
              -120.74704482100886,
              38.18199019440753
            ],
            [
              -120.74710849968533,
              38.18199872036434
            ],
            [
              -120.74718822486406,
              38.18201576872326
            ],
            [
              -120.74726549704067,
              38.18203880322061
            ],
            [
              -120.74733959665507,
              38.182067609360075
            ],
            [
              -120.74740983368766,
              38.18210191889953
            ],
            [
              -120.74747555408449,
              38.18214141234871
            ],
            [
              -120.74753614584769,
              38.18218572194412
            ],
            [
              -120.74759104473421,
              38.182234435073404
            ],
            [
              -120.74763973951026,
              38.18228709811733
            ],
            [
              -120.74768177671213,
              38.182343220673765
            ],
            [
              -120.74771676486918,
              38.18240228012412
            ],
            [
              -120.74774437814976,
              38.18246372649974
            ],
            [
              -120.74776435939592,
              38.182526987603175
            ],
            [
              -120.74777112279985,
              38.18255386664197
            ],
            [
              -120.74806188003481,
              38.182520011112615
            ],
            [
              -120.74813948294742,
              38.18251381046483
            ],
            [
              -120.74818112775337,
              38.18251199058395
            ],
            [
              -120.74818732805244,
              38.18250778500142
            ],
            [
              -120.74825155080741,
              38.18246825563837
            ],
            [
              -120.74832024234742,
              38.182433722860225
            ],
            [
              -120.74839278083417,
              38.18240449927679
            ],
            [
              -120.74846850960722,
              38.182380849435916
            ],
            [
              -120.74854674312805,
              38.182362987428824
            ],
            [
              -120.74862677318549,
              38.18235107495213
            ],
            [
              -120.74873043321858,
              38.18233964460871
            ],
            [
              -120.74879093824212,
              38.182151432855434
            ],
            [
              -120.748798160816,
              38.1821329301984
            ],
            [
              -120.74877401268088,
              38.18210869254767
            ],
            [
              -120.74872645245118,
              38.18204909240623
            ],
            [
              -120.74868701219656,
              38.181985907671624
            ],
            [
              -120.74832541827092,
              38.1813213054567
            ],
            [
              -120.74831301032842,
              38.18129723300012
            ],
            [
              -120.7482480976947,
              38.18116401224165
            ],
            [
              -120.7481666559348,
              38.1810859750539
            ],
            [
              -120.74811087083008,
              38.181026091029004
            ],
            [
              -120.74806375742732,
              38.18096173231539
            ],
            [
              -120.7480258859647,
              38.18089367791337
            ],
            [
              -120.74800700080522,
              38.18085393576133
            ],
            [
              -120.7479552711784,
              38.180826745701765
            ],
            [
              -120.74788948458101,
              38.18078415635997
            ],
            [
              -120.7478293798394,
              38.18073662198232
            ],
            [
              -120.74777555084877,
              38.18068461226604
            ],
            [
              -120.7477285294889,
              38.180628641128905
            ],
            [
              -120.74768878036893,
              38.180569261630914
            ],
            [
              -120.74757658202,
              38.18037936094663
            ],
            [
              -120.74754447638188,
              38.18031711094184
            ],
            [
              -120.74752036522939,
              38.18025265102075
            ],
            [
              -120.74750448715226,
              38.18018661909853
            ],
            [
              -120.74749699926173,
              38.180119668645574
            ],
            [
              -120.74749797563675,
              38.180052462220466
            ],
            [
              -120.74750740659161,
              38.179985664913204
            ],
            [
              -120.74751349408209,
              38.17995603050523
            ],
            [
              -120.74735587090399,
              38.179739360254786
            ],
            [
              -120.74725609287913,
              38.179658610956
            ],
            [
              -120.74721358091304,
              38.17964206488655
            ],
            [
              -120.7471487227627,
              38.17961400926814
            ],
            [
              -120.74708717509488,
              38.17958163876068
            ],
            [
              -120.7470293974504,
              38.17954519505889
            ],
            [
              -120.74670832365422,
              38.179324073106535
            ],
            [
              -120.74659559612257,
              38.17931702121952
            ],
            [
              -120.74657995005207,
              38.179317621013425
            ],
            [
              -120.74652955885385,
              38.17933035475614
            ],
            [
              -120.74645098549539,
              38.179347005443546
            ],
            [
              -120.74637076431344,
              38.17935769227851
            ],
            [
              -120.74628962009497,
              38.17936231870757
            ],
            [
              -120.74620828596697,
              38.17936084293219
            ],
            [
              -120.74612749677226,
              38.17935327828648
            ],
            [
              -120.74604798242972,
              38.179339693116525
            ],
            [
              -120.74597046133901,
              38.17932021016299
            ],
            [
              -120.74589563388946,
              38.17929500545194
            ],
            [
              -120.74582417613179,
              38.17926430670444
            ],
            [
              -120.7457567336697,
              38.17922839127881
            ],
            [
              -120.74557133314184,
              38.17911919046023
            ],
            [
              -120.74550380539708,
              38.17907498885942
            ],
            [
              -120.74544236414991,
              38.17902556336562
            ],
            [
              -120.74543550504349,
              38.17901944803241
            ],
            [
              -120.74538332177467,
              38.17899958790126
            ],
            [
              -120.745310917318,
              38.178964670098516
            ],
            [
              -120.74524324846604,
              38.17892426512496
            ],
            [
              -120.74518098021072,
              38.17887877005197
            ],
            [
              -120.74512472446739,
              38.1788286319718
            ],
            [
              -120.74507503406149,
              38.17877434360368
            ],
            [
              -120.74503239729606,
              38.17871643845153
            ],
            [
              -120.74499723315337,
              38.17865548556078
            ],
            [
              -120.74496988717814,
              38.17859208392607
            ],
            [
              -120.74495062808238,
              38.17852685660457
            ],
            [
              -120.74493100298305,
              38.17844143129645
            ],
            [
              -120.74490429826,
              38.17839674381801
            ],
            [
              -120.7448940852362,
              38.178376958576045
            ],
            [
              -120.7448905394795,
              38.17837380942724
            ],
            [
              -120.74461567661683,
              38.178204645921106
            ],
            [
              -120.74430953418941,
              38.17822089917595
            ],
            [
              -120.74429970885373,
              38.1782213760092
            ],
            [
              -120.7440109061852,
              38.178234076042244
            ],
            [
              -120.74392757789857,
              38.178234533234665
            ],
            [
              -120.74384458822945,
              38.17822859184326
            ],
            [
              -120.74376272384413,
              38.178216308187636
            ],
            [
              -120.74353396321278,
              38.1781727785157
            ],
            [
              -120.7434084288186,
              38.17816589984436
            ],
            [
              -120.74332656501116,
              38.178158273098674
            ],
            [
              -120.74324601035401,
              38.178144465294324
            ],
            [
              -120.74316751205814,
              38.178124604510856
            ],
            [
              -120.74309179825832,
              38.17809887497411
            ],
            [
              -120.74301957125877,
              38.17806751534719
            ],
            [
              -120.74295150101824,
              38.178030816516504
            ],
            [
              -120.74282722170555,
              38.17795664138548
            ],
            [
              -120.74279919512855,
              38.17794629424935
            ],
            [
              -120.74272903647963,
              38.17791719470587
            ],
            [
              -120.74266258854682,
              38.17788309724324
            ],
            [
              -120.74260042107878,
              38.17784429422879
            ],
            [
              -120.74254306711886,
              38.177801118376806
            ],
            [
              -120.7424910184349,
              38.17775393989548
            ],
            [
              -120.74226481933322,
              38.17752863864102
            ],
            [
              -120.74221291851207,
              38.17747098287156
            ],
            [
              -120.74216893809131,
              38.177409359929854
            ],
            [
              -120.74189154176015,
              38.17696815824671
            ],
            [
              -120.74185646042585,
              38.17690429439998
            ],
            [
              -120.74182988980485,
              38.176837920138055
            ],
            [
              -120.74181211192818,
              38.17676974004287
            ],
            [
              -120.74180331548764,
              38.17670047786377
            ],
            [
              -120.74179731663303,
              38.17660267785616
            ],
            [
              -120.74179733027094,
              38.17653710678557
            ],
            [
              -120.74180539615084,
              38.1764718455734
            ],
            [
              -120.74182143827697,
              38.176407508931035
            ],
            [
              -120.74184530552432,
              38.176344702859446
            ],
            [
              -120.74187677306311,
              38.176284018941416
            ],
            [
              -120.74191554447695,
              38.17622602876936
            ],
            [
              -120.74196125455558,
              38.17617127856162
            ],
            [
              -120.74201347273522,
              38.176120284017685
            ],
            [
              -120.74207170715455,
              38.17607352546108
            ],
            [
              -120.74213540928774,
              38.17603144331529
            ],
            [
              -120.74220397911124,
              38.175994433955644
            ],
            [
              -120.74227677075531,
              38.17596284597604
            ],
            [
              -120.74235309858739,
              38.175936976905774
            ],
            [
              -120.74243224366974,
              38.17591707040719
            ],
            [
              -120.74251346053082,
              38.17590331398084
            ],
            [
              -120.7425959841863,
              38.17589583719954
            ],
            [
              -120.74267903734405,
              38.17589471048791
            ],
            [
              -120.74276183772469,
              38.17589994445915
            ],
            [
              -120.74284360542948,
              38.17591148981502
            ],
            [
              -120.74292357028551,
              38.17592923781013
            ],
            [
              -120.7430009790994,
              38.17595302127615
            ],
            [
              -120.74307510275119,
              38.175982616196094
            ],
            [
              -120.74314524306156,
              38.17601774381437
            ],
            [
              -120.74339294222393,
              38.176155542756
            ],
            [
              -120.7434562439715,
              38.17619438498741
            ],
            [
              -120.74351466365617,
              38.17623773264722
            ],
            [
              -120.74356768861963,
              38.17628520534807
            ],
            [
              -120.74371641723168,
              38.17643165339195
            ],
            [
              -120.7438112156185,
              38.176413726592436
            ],
            [
              -120.74415457837569,
              38.176310848235694
            ],
            [
              -120.7442454848613,
              38.17628809661721
            ],
            [
              -120.7443390334603,
              38.176273469587635
            ],
            [
              -120.74443406276272,
              38.17626714874307
            ],
            [
              -120.74478022679087,
              38.17625940692828
            ],
            [
              -120.74492481142225,
              38.176218353888956
            ],
            [
              -120.74500014383744,
              38.17620000992047
            ],
            [
              -120.74507729485622,
              38.17618721535885
            ],
            [
              -120.74515560992808,
              38.17618007875389
            ],
            [
              -120.74539126681904,
              38.17616724851145
            ],
            [
              -120.74562256093452,
              38.17613979273491
            ],
            [
              -120.74564857274156,
              38.17613170327658
            ],
            [
              -120.74569497437463,
              38.17610423562993
            ],
            [
              -120.74580302378112,
              38.175989078640086
            ],
            [
              -120.7458571975897,
              38.17593698875202
            ],
            [
              -120.7459176760458,
              38.175889418552856
            ],
            [
              -120.74598385734967,
              38.17584684138851
            ],
            [
              -120.74605508295893,
              38.17580968092128
            ],
            [
              -120.74613064414149,
              38.17577830691438
            ],
            [
              -120.74620978902739,
              38.17575303155292
            ],
            [
              -120.74629173008992,
              38.175734106337686
            ],
            [
              -120.74637565198128,
              38.17572171958286
            ],
            [
              -120.74646071964507,
              38.175715994542244
            ],
            [
              -120.74654608662472,
              38.17571698818298
            ],
            [
              -120.74663090348551,
              38.17572469061865
            ],
            [
              -120.74670190286447,
              38.17573399051524
            ],
            [
              -120.74678413253301,
              38.17574807096264
            ],
            [
              -120.74686421341164,
              38.17576845710576
            ],
            [
              -120.74694137153384,
              38.17579495191753
            ],
            [
              -120.74699875913429,
              38.17582021181568
            ],
            [
              -120.74715151835747,
              38.17582677562779
            ],
            [
              -120.74723424924139,
              38.175833525146956
            ],
            [
              -120.74731575961782,
              38.17584658158266
            ],
            [
              -120.74739527977584,
              38.175865821642425
            ],
            [
              -120.74747205879673,
              38.17589106364105
            ],
            [
              -120.74754537164446,
              38.17592206921611
            ],
            [
              -120.74754627954677,
              38.17592254810139
            ],
            [
              -120.74757991498646,
              38.17590248525038
            ],
            [
              -120.74765172353479,
              38.17586783168618
            ],
            [
              -120.74772749648837,
              38.17583891308865
            ],
            [
              -120.74780650113252,
              38.175816009096046
            ],
            [
              -120.74788797350485,
              38.17579934118633
            ],
            [
              -120.74796497282661,
              38.17578674127827
            ],
            [
              -120.74804379035493,
              38.17577684355051
            ],
            [
              -120.74812343311616,
              38.175772784169695
            ],
            [
              -120.7482032086253,
              38.1757745984323
            ],
            [
              -120.74828242324307,
              38.175782270564106
            ],
            [
              -120.74836038820656,
              38.17579573385729
            ],
            [
              -120.74836643564217,
              38.17579701403575
            ],
            [
              -120.74843519596534,
              38.17579612533118
            ],
            [
              -120.74851791895699,
              38.17580140221513
            ],
            [
              -120.7485996056189,
              38.175812978871576
            ],
            [
              -120.74867948789087,
              38.17583074645153
            ],
            [
              -120.74875681467698,
              38.175854537895674
            ],
            [
              -120.74883085890731,
              38.17588412950497
            ],
            [
              -120.74890092437379,
              38.17591924304376
            ],
            [
              -120.74895664224029,
              38.17595025691477
            ],
            [
              -120.74896310421816,
              38.175951087525284
            ],
            [
              -120.74904652020857,
              38.17596877192467
            ],
            [
              -120.74912725359869,
              38.17599300284114
            ],
            [
              -120.74920448221616,
              38.17602353351363
            ],
            [
              -120.7492774195776,
              38.1760600530254
            ],
            [
              -120.74934532289747,
              38.17610218947019
            ],
            [
              -120.74966502826912,
              38.176322059503136
            ],
            [
              -120.74973671867737,
              38.17635529136863
            ],
            [
              -120.75012383353344,
              38.17643984051052
            ],
            [
              -120.75018528973305,
              38.17645525245467
            ],
            [
              -120.75024510164108,
              38.176474273000274
            ],
            [
              -120.75053309978323,
              38.176575972091754
            ],
            [
              -120.7506058123549,
              38.176605002747436
            ],
            [
              -120.75067469818286,
              38.176639360126046
            ],
            [
              -120.75073913290944,
              38.17667873282749
            ],
            [
              -120.75079853251708,
              38.17672276399427
            ],
            [
              -120.75085235862159,
              38.17677105454581
            ],
            [
              -120.75098925914759,
              38.176906353788354
            ],
            [
              -120.75104304765117,
              38.17696584808433
            ],
            [
              -120.75108837976217,
              38.17702958092333
            ],
            [
              -120.75112472490845,
              38.17709680640177
            ],
            [
              -120.75115165769407,
              38.177166737737366
            ],
            [
              -120.75115439970402,
              38.17717554376052
            ],
            [
              -120.75136188165455,
              38.17733310173925
            ],
            [
              -120.75141498989511,
              38.17737723600041
            ],
            [
              -120.75185074538027,
              38.177773688582164
            ],
            [
              -120.7520810159195,
              38.177958205059745
            ],
            [
              -120.75208493862954,
              38.17795828169915
            ],
            [
              -120.75216712346217,
              38.1779662040535
            ],
            [
              -120.75224795408157,
              38.17798035749527
            ],
            [
              -120.75232667413175,
              38.17800060958732
            ],
            [
              -120.75240254700421,
              38.17802677082553
            ],
            [
              -120.75243428362508,
              38.17803918949288
            ],
            [
              -120.75245557446989,
              38.178041722779916
            ],
            [
              -120.75254038731526,
              38.17805530675953
            ],
            [
              -120.75262302891677,
              38.17807558178561
            ],
            [
              -120.75270265442133,
              38.178102340585866
            ],
            [
              -120.75277844980718,
              38.17813530960357
            ],
            [
              -120.75284964020511,
              38.178174151793904
            ],
            [
              -120.75291549781967,
              38.17821847006945
            ],
            [
              -120.75316809776045,
              38.1784066688133
            ],
            [
              -120.75323667441204,
              38.17846409981434
            ],
            [
              -120.75363606416609,
              38.178840375583604
            ],
            [
              -120.75385359628662,
              38.17897740769415
            ],
            [
              -120.75409727017829,
              38.17906546773416
            ],
            [
              -120.7545061608835,
              38.17918938854809
            ],
            [
              -120.75460498121298,
              38.17920423089786
            ],
            [
              -120.75471060708895,
              38.179188600544755
            ],
            [
              -120.75515700894135,
              38.17908752345819
            ],
            [
              -120.75520972723183,
              38.17905420397888
            ],
            [
              -120.75527378836271,
              38.17901742223932
            ],
            [
              -120.75534188303655,
              38.17898547298132
            ],
            [
              -120.75541342799211,
              38.17895862986286
            ],
            [
              -120.75548781041725,
              38.17893712280575
            ],
            [
              -120.75556439319766,
              38.17892113602625
            ],
            [
              -120.7556425203735,
              38.178910806457374
            ],
            [
              -120.75585706873902,
              38.17889044308175
            ],
            [
              -120.75600763689476,
              38.17886204879303
            ],
            [
              -120.75602143339552,
              38.17885146494484
            ],
            [
              -120.75609529544803,
              38.178806057060385
            ],
            [
              -120.75617499824182,
              38.17876728846251
            ],
            [
              -120.75637699701515,
              38.178680689121926
            ],
            [
              -120.75645817218287,
              38.17865013226032
            ],
            [
              -120.75654296102809,
              38.17862646738607
            ],
            [
              -120.75663042748657,
              38.178609955758105
            ],
            [
              -120.75677543325912,
              38.1785888689061
            ],
            [
              -120.75682269183166,
              38.17856979432476
            ],
            [
              -120.75689430740458,
              38.17854705449358
            ],
            [
              -120.75696822715004,
              38.17852950025095
            ],
            [
              -120.75722482495124,
              38.1784784006369
            ],
            [
              -120.75732103615506,
              38.1784638054634
            ],
            [
              -120.75741873001566,
              38.178457984658834
            ],
            [
              -120.75751662656705,
              38.1784610144874
            ],
            [
              -120.75768587706004,
              38.178473940327684
            ],
            [
              -120.75783231171113,
              38.17844775474779
            ],
            [
              -120.7579211985812,
              38.17840543830646
            ],
            [
              -120.75797334758492,
              38.178367785613155
            ],
            [
              -120.75799638477896,
              38.17832408632993
            ],
            [
              -120.75812299171787,
              38.17802456274321
            ],
            [
              -120.75812662426357,
              38.1780161534868
            ],
            [
              -120.75817854535077,
              38.17789849550449
            ],
            [
              -120.7581778432834,
              38.17787910135776
            ],
            [
              -120.75817961957688,
              38.17781221797772
            ],
            [
              -120.75818976652899,
              38.177745801132666
            ],
            [
              -120.75820818463436,
              38.177680501987346
            ],
            [
              -120.75823469329686,
              38.177616960746704
            ],
            [
              -120.75826903260091,
              38.17755580037921
            ],
            [
              -120.75831086586058,
              38.17749762050954
            ],
            [
              -120.75835978292099,
              38.177442991539785
            ],
            [
              -120.75841530418006,
              38.17739244905753
            ],
            [
              -120.75847688529103,
              38.17734648858511
            ],
            [
              -120.75854392249921,
              38.17730556072173
            ],
            [
              -120.75861575856152,
              38.17727006672606
            ],
            [
              -120.75869168918985,
              38.17724035458248
            ],
            [
              -120.75877096995566,
              38.17721671558966
            ],
            [
              -120.7588528235881,
              38.177199381504906
            ],
            [
              -120.7589364475937,
              38.17718852227209
            ],
            [
              -120.75902102212358,
              38.17718424435569
            ],
            [
              -120.7592312201793,
              38.1771818443175
            ],
            [
              -120.7593131552628,
              38.177184008266195
            ],
            [
              -120.75939445223482,
              38.17719235017723
            ],
            [
              -120.75947436525787,
              38.17720679352059
            ],
            [
              -120.75955216119003,
              38.177227205790246
            ],
            [
              -120.75962712631028,
              38.17725339971963
            ],
            [
              -120.75969857286609,
              38.17728513499953
            ],
            [
              -120.7600025715407,
              38.177435733789515
            ],
            [
              -120.76006962742412,
              38.177472587271616
            ],
            [
              -120.76013192598107,
              38.177514320148845
            ],
            [
              -120.760188899464,
              38.17756055210185
            ],
            [
              -120.76039500096937,
              38.17774461150496
            ],
            [
              -120.76042567602606,
              38.17774433408784
            ],
            [
              -120.76044366081305,
              38.177737940075474
            ],
            [
              -120.76053315179199,
              38.17765814824402
            ],
            [
              -120.76059371146991,
              38.1776093606576
            ],
            [
              -120.76066020198832,
              38.17756564905403
            ],
            [
              -120.76073194377226,
              38.17752746018767
            ],
            [
              -120.76080820357983,
              38.17749518436729
            ],
            [
              -120.76088820199602,
              38.177469151467136
            ],
            [
              -120.76097112139823,
              38.17744962755581
            ],
            [
              -120.76105611431224,
              38.1774368121769
            ],
            [
              -120.7611423120732,
              38.177430836309874
            ],
            [
              -120.76122883370304,
              38.177431761031436
            ],
            [
              -120.76131479491369,
              38.17743957689129
            ],
            [
              -120.76139931714411,
              38.177454204008676
            ],
            [
              -120.76148153653888,
              38.17747549288876
            ],
            [
              -120.76174903464333,
              38.177556792134844
            ],
            [
              -120.76182400249003,
              38.17758289395934
            ],
            [
              -120.76189546502069,
              38.177614534764494
            ],
            [
              -120.76196276733432,
              38.177651424588575
            ],
            [
              -120.76202529265218,
              38.17769322536633
            ],
            [
              -120.76227439255625,
              38.17787662413428
            ],
            [
              -120.76233832502867,
              38.17792905303773
            ],
            [
              -120.76237681878732,
              38.17796832076718
            ],
            [
              -120.76238419649897,
              38.1779687493823
            ],
            [
              -120.76246102978148,
              38.177978816804576
            ],
            [
              -120.76253638564734,
              38.17799435569277
            ],
            [
              -120.76260964013917,
              38.17801523738343
            ],
            [
              -120.76268018669785,
              38.1780412889738
            ],
            [
              -120.76274744118437,
              38.17807229475341
            ],
            [
              -120.76284665174062,
              38.17812294703919
            ],
            [
              -120.76310287349453,
              38.17823195053327
            ],
            [
              -120.76317186850792,
              38.17826469782486
            ],
            [
              -120.76323666057054,
              38.17830241726249
            ],
            [
              -120.76329667645602,
              38.17834477514045
            ],
            [
              -120.76335138519038,
              38.17839139671579
            ],
            [
              -120.7634003027496,
              38.17844186952344
            ],
            [
              -120.76355426786115,
              38.178617244022476
            ],
            [
              -120.7635971157465,
              38.178632962890134
            ],
            [
              -120.76362738298505,
              38.17863946883573
            ],
            [
              -120.76381945639935,
              38.17847886388225
            ],
            [
              -120.7644644878814,
              38.1777928070796
            ],
            [
              -120.76471448113625,
              38.177378981997876
            ],
            [
              -120.7648181979222,
              38.177126879412484
            ],
            [
              -120.76483641429711,
              38.177023192909665
            ],
            [
              -120.76485258790674,
              38.17695619434052
            ],
            [
              -120.76487723621307,
              38.176890824335864
            ],
            [
              -120.76491010801128,
              38.17682774905968
            ],
            [
              -120.76496897401746,
              38.17672924484258
            ],
            [
              -120.764986439151,
              38.176647902031604
            ],
            [
              -120.76500448608853,
              38.17658325597
            ],
            [
              -120.76503046062692,
              38.1765203143198
            ],
            [
              -120.76506411339786,
              38.17645968130367
            ],
            [
              -120.76510512132656,
              38.17640193898058
            ],
            [
              -120.76515309073353,
              38.17634764165852
            ],
            [
              -120.7652075611144,
              38.17629731057345
            ],
            [
              -120.76525443159247,
              38.17626173486763
            ],
            [
              -120.76535404749868,
              38.1760295102627
            ],
            [
              -120.76535850744051,
              38.17593504149482
            ],
            [
              -120.76536529927364,
              38.17587163684054
            ],
            [
              -120.76537961722921,
              38.175809017761175
            ],
            [
              -120.76540133428954,
              38.17574773968118
            ],
            [
              -120.76543025780906,
              38.17568834612914
            ],
            [
              -120.7654661312236,
              38.17563136391694
            ],
            [
              -120.76550863632674,
              38.175577298467054
            ],
            [
              -120.76555739609252,
              38.175526629329845
            ],
            [
              -120.76561197802002,
              38.17547980593009
            ],
            [
              -120.76563646626165,
              38.175460689207256
            ],
            [
              -120.76563993910332,
              38.175444941693506
            ],
            [
              -120.7656593812938,
              38.175388718635
            ],
            [
              -120.76563662564311,
              38.17524813772854
            ],
            [
              -120.76562982757255,
              38.17517306741794
            ],
            [
              -120.7656336487181,
              38.17509786601475
            ],
            [
              -120.76564870334074,
              38.17497421505155
            ],
            [
              -120.76557935901424,
              38.17472692803255
            ],
            [
              -120.76556406822131,
              38.17465337787982
            ],
            [
              -120.76555913336456,
              38.17457894570176
            ],
            [
              -120.76556461447002,
              38.17450453734455
            ],
            [
              -120.76556545759865,
              38.17449868658906
            ],
            [
              -120.76549367986368,
              38.174340004868675
            ],
            [
              -120.76546900488881,
              38.17427544839892
            ],
            [
              -120.76545260455325,
              38.17420927180833
            ],
            [
              -120.76544464219938,
              38.174142134287465
            ],
            [
              -120.76544519711724,
              38.17407470459689
            ],
            [
              -120.76545426375583,
              38.17400765440575
            ],
            [
              -120.76546945545573,
              38.17393153583134
            ],
            [
              -120.76546026559055,
              38.17388256739992
            ],
            [
              -120.76545604603437,
              38.173818286814594
            ],
            [
              -120.76545544737745,
              38.173703586851744
            ],
            [
              -120.76545917999151,
              38.17363771090886
            ],
            [
              -120.765471029785,
              38.17357243597345
            ],
            [
              -120.76549088385718,
              38.17350838384455
            ],
            [
              -120.76551855306118,
              38.1734461646714
            ],
            [
              -120.76555377380653,
              38.17338637114133
            ],
            [
              -120.76559621057059,
              38.173329572834184
            ],
            [
              -120.76564545909541,
              38.17327631079676
            ],
            [
              -120.76570105023892,
              38.173227092389205
            ],
            [
              -120.7657624544441,
              38.17318238645224
            ],
            [
              -120.76582908678368,
              38.173142618841396
            ],
            [
              -120.76584187270788,
              38.17313643455111
            ],
            [
              -120.76588662442946,
              38.17297744796892
            ],
            [
              -120.76590968389549,
              38.172911496025186
            ],
            [
              -120.76594107441643,
              38.17284772327794
            ],
            [
              -120.76598047407259,
              38.17278678369431
            ],
            [
              -120.76602747881638,
              38.1727293021868
            ],
            [
              -120.76604042555486,
              38.17271510305697
            ],
            [
              -120.76605782302725,
              38.17264818013592
            ],
            [
              -120.76608316431178,
              38.17257298679304
            ],
            [
              -120.76609861312475,
              38.17254202692217
            ],
            [
              -120.766091217133,
              38.17251445118554
            ],
            [
              -120.7660777399644,
              38.17244804011646
            ],
            [
              -120.76607269377995,
              38.17238090030052
            ],
            [
              -120.76607491536589,
              38.17233743391341
            ],
            [
              -120.76605091416485,
              38.172278640253566
            ],
            [
              -120.76602811554292,
              38.17221095881227
            ],
            [
              -120.76601431445503,
              38.17214177787628
            ],
            [
              -120.76600965916514,
              38.17207184077986
            ],
            [
              -120.76601419966684,
              38.17200189897998
            ],
            [
              -120.76604670250119,
              38.1717537993013
            ],
            [
              -120.76604853250748,
              38.1717410202852
            ],
            [
              -120.76609043556243,
              38.171471420680305
            ],
            [
              -120.76610737249699,
              38.171397100401585
            ],
            [
              -120.76613470929288,
              38.17132473639454
            ],
            [
              -120.76617210443196,
              38.1712552326224
            ],
            [
              -120.76634710232238,
              38.170974677416396
            ],
            [
              -120.76643725298662,
              38.170714105813616
            ],
            [
              -120.76645678000136,
              38.17054666337702
            ],
            [
              -120.76646842102272,
              38.17048164698139
            ],
            [
              -120.76648800160527,
              38.17041782973241
            ],
            [
              -120.76653663353162,
              38.170287393993185
            ],
            [
              -120.76652798395527,
              38.17023223065024
            ],
            [
              -120.76650071616298,
              38.17013786107591
            ],
            [
              -120.76648618355402,
              38.17007322627312
            ],
            [
              -120.76647966503963,
              38.17000778315623
            ],
            [
              -120.76648122213531,
              38.16994214953199
            ],
            [
              -120.7665060254931,
              38.16965174981461
            ],
            [
              -120.76651551634357,
              38.16958715116187
            ],
            [
              -120.76653283015749,
              38.16952357210876
            ],
            [
              -120.76655780650788,
              38.16946160169529
            ],
            [
              -120.76659021397838,
              38.16940181405651
            ],
            [
              -120.76662975230795,
              38.1693447631035
            ],
            [
              -120.76667605517322,
              38.169290977391775
            ],
            [
              -120.7667286935828,
              38.169240955224545
            ],
            [
              -120.76678717985199,
              38.16919516003646
            ],
            [
              -120.76685097212112,
              38.16915401610024
            ],
            [
              -120.7669194793759,
              38.16911790459618
            ],
            [
              -120.7669920669226,
              38.169087160080984
            ],
            [
              -120.76706806226811,
              38.16906206738838
            ],
            [
              -120.76714676135006,
              38.169042858990494
            ],
            [
              -120.76722743505907,
              38.16902971284417
            ],
            [
              -120.76730933599305,
              38.169022750742535
            ],
            [
              -120.76739170538121,
              38.16902203718658
            ],
            [
              -120.76747378011292,
              38.169027578787706
            ],
            [
              -120.76755479980696,
              38.16903932420638
            ],
            [
              -120.76763401385561,
              38.1690571646278
            ],
            [
              -120.76771068837806,
              38.169080934769816
            ],
            [
              -120.76778411301893,
              38.1691104144141
            ],
            [
              -120.76782277218517,
              38.16912783322479
            ],
            [
              -120.76800713347771,
              38.169168544562716
            ],
            [
              -120.7680868919538,
              38.16918954259938
            ],
            [
              -120.76816365571321,
              38.16921661775773
            ],
            [
              -120.76823668388131,
              38.16924950872759
            ],
            [
              -120.76834158343698,
              38.16930230830603
            ],
            [
              -120.76841237031162,
              38.16934206592517
            ],
            [
              -120.76847768707806,
              38.16938728410137
            ],
            [
              -120.76853686069731,
              38.16943749690422
            ],
            [
              -120.76858928142613,
              38.169492186937326
            ],
            [
              -120.76863440909975,
              38.169550790669206
            ],
            [
              -120.76877501068634,
              38.169756189823524
            ],
            [
              -120.76879111974755,
              38.16978092710513
            ],
            [
              -120.76895235506073,
              38.17004158047367
            ],
            [
              -120.76895933982713,
              38.17004387291902
            ],
            [
              -120.76903265821099,
              38.170074835143126
            ],
            [
              -120.76910182462508,
              38.17011126817504
            ],
            [
              -120.76916618617604,
              38.17015282811087
            ],
            [
              -120.76922513532233,
              38.17019912265132
            ],
            [
              -120.76927811560887,
              38.17024971480448
            ],
            [
              -120.76932462691988,
              38.17030412701061
            ],
            [
              -120.76936423019997,
              38.170361845649744
            ],
            [
              -120.76939655159883,
              38.170422325889724
            ],
            [
              -120.76942128600076,
              38.170484996828975
            ],
            [
              -120.76943819990548,
              38.17054926688536
            ],
            [
              -120.76944713363288,
              38.17061452938022
            ],
            [
              -120.76944800283107,
              38.17068016826514
            ],
            [
              -120.76942730781586,
              38.171108268568446
            ],
            [
              -120.7694259854131,
              38.17112802679937
            ],
            [
              -120.76940419379581,
              38.17138276349799
            ],
            [
              -120.76940923839769,
              38.171386723073525
            ],
            [
              -120.76946363275488,
              38.171438947041466
            ],
            [
              -120.76951114307536,
              38.17149520128978
            ],
            [
              -120.76955129356726,
              38.171554922480546
            ],
            [
              -120.76958368213799,
              38.171617512555876
            ],
            [
              -120.76960798442157,
              38.171682344726754
            ],
            [
              -120.7696239570276,
              38.17174876974967
            ],
            [
              -120.76963143997952,
              38.1718161224281
            ],
            [
              -120.76963035831739,
              38.17188372827391
            ],
            [
              -120.76962072284964,
              38.17195091026181
            ],
            [
              -120.76958697428572,
              38.17211311189873
            ],
            [
              -120.76965778614357,
              38.172158307872095
            ],
            [
              -120.76973230183698,
              38.172211893500425
            ],
            [
              -120.76979832025411,
              38.17227202357206
            ],
            [
              -120.76983010921647,
              38.172304680118614
            ],
            [
              -120.77014123378692,
              38.17223942424176
            ],
            [
              -120.77021720643387,
              38.17222637418092
            ],
            [
              -120.77029436578943,
              38.17221882082317
            ],
            [
              -120.77068888404901,
              38.1721944980378
            ],
            [
              -120.77095053884898,
              38.17212450702467
            ],
            [
              -120.77104382792571,
              38.17210411545125
            ],
            [
              -120.77113943714377,
              38.172092170478635
            ],
            [
              -120.77218832752234,
              38.172008770942575
            ],
            [
              -120.77226224210762,
              38.17200543422252
            ],
            [
              -120.77233624542953,
              38.17200715288731
            ],
            [
              -120.77240978371758,
              38.17201391407656
            ],
            [
              -120.77284395527037,
              38.17206894758837
            ],
            [
              -120.77300276547086,
              38.17206355368368
            ],
            [
              -120.77285887121673,
              38.17193197032339
            ],
            [
              -120.77281038679429,
              38.17191281194106
            ],
            [
              -120.77273488783199,
              38.171874707268735
            ],
            [
              -120.77268612597905,
              38.1718439846695
            ],
            [
              -120.77268227136169,
              38.17184272158373
            ],
            [
              -120.77260908167163,
              38.17181187173059
            ],
            [
              -120.77254001995402,
              38.17177557208033
            ],
            [
              -120.77247573527394,
              38.1717341637932
            ],
            [
              -120.77241683179676,
              38.171688036041964
            ],
            [
              -120.7723638631099,
              38.171637622354
            ],
            [
              -120.7723173270202,
              38.17158339653657
            ],
            [
              -120.77227766087549,
              38.17152586822369
            ],
            [
              -120.77224523745473,
              38.17146557808601
            ],
            [
              -120.77222036146497,
              38.171403092749394
            ],
            [
              -120.77220326667819,
              38.171338999469334
            ],
            [
              -120.77219411373505,
              38.171273900611624
            ],
            [
              -120.77219298863574,
              38.17120840799118
            ],
            [
              -120.77219990193271,
              38.17114313712191
            ],
            [
              -120.77221478863208,
              38.171078701432066
            ],
            [
              -120.77223588938807,
              38.17100720160397
            ],
            [
              -120.77225805375987,
              38.17094550937355
            ],
            [
              -120.77228752693978,
              38.1708857538669
            ],
            [
              -120.77232404340933,
              38.17082847337557
            ],
            [
              -120.77236727420464,
              38.170774183894544
            ],
            [
              -120.77241682988036,
              38.170723374474086
            ],
            [
              -120.77247226401809,
              38.17067650281447
            ],
            [
              -120.77253307724823,
              38.17063399114328
            ],
            [
              -120.77259872174822,
              38.170596222411945
            ],
            [
              -120.77270076877919,
              38.170543173492874
            ],
            [
              -120.77283726393705,
              38.17042832167386
            ],
            [
              -120.77289284721445,
              38.170385607741174
            ],
            [
              -120.77295310105428,
              38.170347042297166
            ],
            [
              -120.77301753047585,
              38.17031294215017
            ],
            [
              -120.77303708026805,
              38.17030451215088
            ],
            [
              -120.77306265173841,
              38.17028087210531
            ],
            [
              -120.77312483603279,
              38.170233894127286
            ],
            [
              -120.77319268279534,
              38.17019208454736
            ],
            [
              -120.7732655058159,
              38.1701558662278
            ],
            [
              -120.77334256855784,
              38.170125605480436
            ],
            [
              -120.77342309160707,
              38.170101608361975
            ],
            [
              -120.77350626055461,
              38.17008411757889
            ],
            [
              -120.77360793251029,
              38.17006700618532
            ],
            [
              -120.77362608584495,
              38.17000172689566
            ],
            [
              -120.77364870550929,
              38.169936272905716
            ],
            [
              -120.77367952633428,
              38.16987293986668
            ],
            [
              -120.77371823750661,
              38.16981236642005
            ],
            [
              -120.77376444865064,
              38.169755163378554
            ],
            [
              -120.77384067728549,
              38.16967050163961
            ],
            [
              -120.773845313163,
              38.169648871081016
            ],
            [
              -120.77383634356076,
              38.169631493678544
            ],
            [
              -120.77381194348123,
              38.169565929636306
            ],
            [
              -120.773796057318,
              38.16949875513892
            ],
            [
              -120.77377025905709,
              38.169347655007506
            ],
            [
              -120.7737631177358,
              38.169281146202756
            ],
            [
              -120.77376432394126,
              38.16921440566571
            ],
            [
              -120.77377386587823,
              38.16914808478056
            ],
            [
              -120.7737916503958,
              38.16908283083404
            ],
            [
              -120.77381750389729,
              38.16901928069791
            ],
            [
              -120.77385117403553,
              38.16895805461342
            ],
            [
              -120.77389233217633,
              38.168899750137896
            ],
            [
              -120.7739405766065,
              38.16884493631295
            ],
            [
              -120.77399543645512,
              38.16879414811091
            ],
            [
              -120.77405637628937,
              38.16874788121385
            ],
            [
              -120.77412280134051,
              38.16870658717611
            ],
            [
              -120.7741940633087,
              38.16867066901752
            ],
            [
              -120.77426946669017,
              38.16864047729017
            ],
            [
              -120.7743482755649,
              38.16861630665747
            ],
            [
              -120.77442972077854,
              38.16859839301843
            ],
            [
              -120.77451300744883,
              38.16858691120547
            ],
            [
              -120.77459732272267,
              38.16858197327835
            ],
            [
              -120.77468184370878,
              38.168583627430415
            ],
            [
              -120.77476574550813,
              38.168591857518344
            ],
            [
              -120.77484820926416,
              38.16860658321962
            ],
            [
              -120.77492843015385,
              38.16862766081645
            ],
            [
              -120.77499943978015,
              38.168649449319076
            ],
            [
              -120.7750023986593,
              38.168627873227564
            ],
            [
              -120.77501952947205,
              38.16856309680824
            ],
            [
              -120.77504460467283,
              38.168499954089626
            ],
            [
              -120.77507738370338,
              38.168439050779575
            ],
            [
              -120.77511755210729,
              38.16838097110273
            ],
            [
              -120.77516472454715,
              38.16832627219622
            ],
            [
              -120.7752184485014,
              38.16827547876566
            ],
            [
              -120.77527820860549,
              38.16822907805196
            ],
            [
              -120.7753434315959,
              38.168187515157726
            ],
            [
              -120.77541349180919,
              38.16815118877783
            ],
            [
              -120.77548771718364,
              38.168120447375095
            ],
            [
              -120.7755653957058,
              38.16809558583793
            ],
            [
              -120.77564578224022,
              38.16807684265172
            ],
            [
              -120.77572810567668,
              38.16806439761137
            ],
            [
              -120.77581157632648,
              38.16805837009669
            ],
            [
              -120.77589539349715,
              38.16805881792733
            ],
            [
              -120.77597875317218,
              38.16806573680815
            ],
            [
              -120.77606085572316,
              38.16807906037042
            ],
            [
              -120.77614091357947,
              38.168098660808305
            ],
            [
              -120.77621815878247,
              38.168124350104875
            ],
            [
              -120.77629185035184,
              38.16815588183533
            ],
            [
              -120.77645394960413,
              38.16823358120395
            ],
            [
              -120.77653089128886,
              38.16827515237628
            ],
            [
              -120.77660164829355,
              38.16832308466621
            ],
            [
              -120.77661641285633,
              38.16833424477623
            ],
            [
              -120.77665105086201,
              38.168343398907645
            ],
            [
              -120.7767049949379,
              38.168327309674076
            ],
            [
              -120.77680487539934,
              38.16826886127394
            ],
            [
              -120.77697764554787,
              38.168124260502196
            ],
            [
              -120.77704494403301,
              38.16803496040834
            ],
            [
              -120.77712767743681,
              38.167727434862215
            ],
            [
              -120.77713396992033,
              38.1677058003109
            ],
            [
              -120.77714298755599,
              38.167676975600045
            ],
            [
              -120.77712530568827,
              38.16747500589724
            ],
            [
              -120.77706718764763,
              38.167275985260915
            ],
            [
              -120.7770510572347,
              38.16720235369084
            ],
            [
              -120.7770453248079,
              38.16712776615975
            ],
            [
              -120.77705006045602,
              38.167053135043524
            ],
            [
              -120.77707546261958,
              38.166863535292705
            ],
            [
              -120.77708838764593,
              38.16679800668326
            ],
            [
              -120.77710938773467,
              38.1667337941582
            ],
            [
              -120.77713826053335,
              38.166671516392604
            ],
            [
              -120.77717472783958,
              38.166611773419135
            ],
            [
              -120.77721843828198,
              38.16655514084688
            ],
            [
              -120.77726897070623,
              38.16650216431582
            ],
            [
              -120.77732583823322,
              38.166453354239835
            ],
            [
              -120.77738849295017,
              38.16640918088944
            ],
            [
              -120.7774563311898,
              38.166370069860925
            ],
            [
              -120.77752869934646,
              38.16633639797628
            ],
            [
              -120.77760490017327,
              38.166308489652735
            ],
            [
              -120.7776841994995,
              38.16628661377742
            ],
            [
              -120.77776583330376,
              38.16627098111691
            ],
            [
              -120.7778490150744,
              38.16626174228657
            ],
            [
              -120.77793294338674,
              38.1662589862997
            ],
            [
              -120.77801680962402,
              38.166262739709865
            ],
            [
              -120.77809980576717,
              38.16627296635506
            ],
            [
              -120.7781811321794,
              38.166289567706116
            ],
            [
              -120.77826000530958,
              38.16631238381582
            ],
            [
              -120.77833566524113,
              38.166341194859875
            ],
            [
              -120.7784073830129,
              38.166375723254575
            ],
            [
              -120.77847446764231,
              38.166415636331095
            ],
            [
              -120.77853627278232,
              38.166460549540254
            ],
            [
              -120.77859220294883,
              38.16651003015747
            ],
            [
              -120.77864171925803,
              38.16656360145153
            ],
            [
              -120.77868434461863,
              38.16662074727755
            ],
            [
              -120.77883062332839,
              38.166840900208456
            ],
            [
              -120.77902002866767,
              38.16698856980635
            ],
            [
              -120.77907309109919,
              38.16703390239826
            ],
            [
              -120.77912069177283,
              38.16708286901872
            ],
            [
              -120.77916243338578,
              38.16713506097607
            ],
            [
              -120.77919796753459,
              38.16719004265791
            ],
            [
              -120.77920136397809,
              38.16719674807441
            ],
            [
              -120.77931777627822,
              38.16711833986263
            ],
            [
              -120.77939456016811,
              38.16702852519596
            ],
            [
              -120.77944741919876,
              38.16697306762326
            ],
            [
              -120.77950720570472,
              38.1669221838902
            ],
            [
              -120.77957328878017,
              38.166876410943956
            ],
            [
              -120.77964497107925,
              38.16683623179966
            ],
            [
              -120.7797214961745,
              38.16680207044383
            ],
            [
              -120.77980205653898,
              38.166774287360425
            ],
            [
              -120.77988580206714,
              38.16675317572727
            ],
            [
              -120.77997184904478,
              38.166738958322455
            ],
            [
              -120.78022894672674,
              38.1667072585382
            ],
            [
              -120.78024024071038,
              38.16670592687033
            ],
            [
              -120.78029321606094,
              38.16669996554385
            ],
            [
              -120.78068780027498,
              38.166567111055606
            ],
            [
              -120.78095259359684,
              38.16645343949134
            ],
            [
              -120.78102134124778,
              38.166426997550545
            ],
            [
              -120.78142336050014,
              38.166289560197704
            ],
            [
              -120.78150509622867,
              38.16623982489473
            ],
            [
              -120.78149754846308,
              38.166233056776335
            ],
            [
              -120.78145081392348,
              38.16618235131672
            ],
            [
              -120.78141023536926,
              38.166128443362716
            ],
            [
              -120.78137616235985,
              38.16607179731748
            ],
            [
              -120.78134888840908,
              38.16601290117099
            ],
            [
              -120.78130118964955,
              38.16589290087992
            ],
            [
              -120.78127931539082,
              38.16582610490449
            ],
            [
              -120.78126618341176,
              38.165757895984115
            ],
            [
              -120.78126193062151,
              38.165688985367886
            ],
            [
              -120.78126660134082,
              38.16562009161979
            ],
            [
              -120.78128014684098,
              38.165551933125954
            ],
            [
              -120.78130242585299,
              38.165485220603706
            ],
            [
              -120.78133320604157,
              38.16542064969082
            ],
            [
              -120.78137216642884,
              38.165358893691874
            ],
            [
              -120.78139213522584,
              38.16533398430735
            ],
            [
              -120.78136174663871,
              38.16531425708871
            ],
            [
              -120.78130402569887,
              38.16526886867188
            ],
            [
              -120.78125203299763,
              38.16521935259258
            ],
            [
              -120.7812062397109,
              38.165166157594754
            ],
            [
              -120.78116706082918,
              38.16510976576178
            ],
            [
              -120.78115852542223,
              38.16509411037352
            ],
            [
              -120.78112233591017,
              38.16506552698625
            ],
            [
              -120.78106944886267,
              38.165014709542554
            ],
            [
              -120.78102307091814,
              38.16496007294927
            ],
            [
              -120.78098364157164,
              38.164902134981816
            ],
            [
              -120.78095153446561,
              38.16484144470048
            ],
            [
              -120.78092705384958,
              38.16477857724688
            ],
            [
              -120.78091043169745,
              38.16471412839344
            ],
            [
              -120.78090182550996,
              38.16464870889733
            ],
            [
              -120.7809013168228,
              38.16458293871245
            ],
            [
              -120.78090891043476,
              38.16451744111441
            ],
            [
              -120.78092453436317,
              38.16445283679395
            ],
            [
              -120.78094804052671,
              38.164389737975085
            ],
            [
              -120.78097920614958,
              38.16432874261337
            ],
            [
              -120.78101773587333,
              38.16427042872963
            ],
            [
              -120.78106326455632,
              38.16421534893245
            ],
            [
              -120.78111536073452,
              38.16416402518166
            ],
            [
              -120.78117353071063,
              38.164116943842245
            ],
            [
              -120.78123722323275,
              38.164074551075586
            ],
            [
              -120.7813058347184,
              38.16403724861166
            ],
            [
              -120.78137871497417,
              38.16400538994245
            ],
            [
              -120.78145517335707,
              38.16397927697216
            ],
            [
              -120.78153448531893,
              38.1639591571566
            ],
            [
              -120.78161589927215,
              38.16394522115835
            ],
            [
              -120.78169864371141,
              38.16393760104002
            ],
            [
              -120.7817819345241,
              38.16393636901296
            ],
            [
              -120.78186498242033,
              38.16394153675289
            ],
            [
              -120.7822249755089,
              38.16397792737527
            ],
            [
              -120.78261514300031,
              38.163924632300855
            ],
            [
              -120.78266144478445,
              38.163913424563674
            ],
            [
              -120.78268962015689,
              38.163762635394065
            ],
            [
              -120.7826659056753,
              38.163560749722464
            ],
            [
              -120.78262444064528,
              38.16337648573084
            ],
            [
              -120.78261844631349,
              38.16337582937193
            ],
            [
              -120.78252734946396,
              38.16336184350997
            ],
            [
              -120.78243870658252,
              38.16334015139443
            ],
            [
              -120.78235356020474,
              38.163311008149414
            ],
            [
              -120.78227291174001,
              38.16327475653205
            ],
            [
              -120.78206881089044,
              38.16317105570736
            ],
            [
              -120.78200402030107,
              38.163134668309226
            ],
            [
              -120.78194378697415,
              38.163093690158426
            ],
            [
              -120.78188863090345,
              38.16304847502489
            ],
            [
              -120.78183902824746,
              38.16299941325627
            ],
            [
              -120.78179540721885,
              38.16294692840776
            ],
            [
              -120.78175814438784,
              38.16289147358532
            ],
            [
              -120.78172756143154,
              38.1628335275338
            ],
            [
              -120.78165516298301,
              38.162676127089334
            ],
            [
              -120.78162873966625,
              38.162607537074656
            ],
            [
              -120.78161167046828,
              38.16253712261109
            ],
            [
              -120.78158121516334,
              38.16236143958599
            ],
            [
              -120.78148736192293,
              38.162220743058825
            ],
            [
              -120.7814563844054,
              38.162169122334845
            ],
            [
              -120.78143104033079,
              38.16211562013315
            ],
            [
              -120.78134799770301,
              38.16191482400924
            ],
            [
              -120.78123773306183,
              38.16175082637557
            ],
            [
              -120.78110349241976,
              38.161771928685745
            ],
            [
              -120.78106296618478,
              38.16177750328205
            ],
            [
              -120.7809543338972,
              38.16179033024298
            ],
            [
              -120.78072346003724,
              38.1619141262301
            ],
            [
              -120.7806899676605,
              38.161931198686936
            ],
            [
              -120.78054075333131,
              38.162003427694245
            ],
            [
              -120.7802265714753,
              38.16225543064307
            ],
            [
              -120.77989433234715,
              38.16254926707107
            ],
            [
              -120.77939585949373,
              38.16300075687659
            ],
            [
              -120.77933349174585,
              38.16305160314501
            ],
            [
              -120.77926472860688,
              38.163097018736906
            ],
            [
              -120.77895512747662,
              38.16328062004669
            ],
            [
              -120.7788807934933,
              38.16332007311397
            ],
            [
              -120.77880164348248,
              38.16335317559469
            ],
            [
              -120.77871854457904,
              38.163379564830166
            ],
            [
              -120.77863240718368,
              38.163398951709475
            ],
            [
              -120.77828210413907,
              38.16346235218192
            ],
            [
              -120.77820574837273,
              38.163473320831805
            ],
            [
              -120.77812844794812,
              38.16347878257472
            ],
            [
              -120.77805083868417,
              38.163478692486734
            ],
            [
              -120.77797355894029,
              38.163473051309424
            ],
            [
              -120.77789724436506,
              38.163461905443626
            ],
            [
              -120.77781927442751,
              38.16344760330782
            ],
            [
              -120.77776714847053,
              38.163455216383646
            ],
            [
              -120.77767914984163,
              38.16346076627264
            ],
            [
              -120.77759089527042,
              38.163459128799175
            ],
            [
              -120.77723739205169,
              38.16343812850845
            ],
            [
              -120.77715219946977,
              38.16342965655928
            ],
            [
              -120.77706851112758,
              38.163414486615544
            ],
            [
              -120.77698716963717,
              38.16339277141596
            ],
            [
              -120.77690899397938,
              38.16336472959977
            ],
            [
              -120.77683477125736,
              38.163330643505084
            ],
            [
              -120.77676524877134,
              38.163290856325936
            ],
            [
              -120.77670112649417,
              38.163245768656765
            ],
            [
              -120.77664305002364,
              38.16319583445855
            ],
            [
              -120.77659160408231,
              38.16314155648802
            ],
            [
              -120.77654730663063,
              38.163083481235375
            ],
            [
              -120.77651060365227,
              38.163022193421774
            ],
            [
              -120.77648186466428,
              38.162958310111954
            ],
            [
              -120.77646137899744,
              38.16289247450117
            ],
            [
              -120.77644935288404,
              38.16282534943919
            ],
            [
              -120.77644590738221,
              38.162757610756486
            ],
            [
              -120.7764510771581,
              38.162689940459714
            ],
            [
              -120.77646481013781,
              38.1626230198651
            ],
            [
              -120.77648696803264,
              38.162557522739
            ],
            [
              -120.77651732773224,
              38.162494108514316
            ],
            [
              -120.7765555835518,
              38.16243341565147
            ],
            [
              -120.7766013503104,
              38.16237605521049
            ],
            [
              -120.77665416720971,
              38.16232260469909
            ],
            [
              -120.77681606745284,
              38.16217470559231
            ],
            [
              -120.7768717068045,
              38.16212848009308
            ],
            [
              -120.77693261810691,
              38.16208660215467
            ],
            [
              -120.77699825872848,
              38.16204944484376
            ],
            [
              -120.77706804390947,
              38.16201733917329
            ],
            [
              -120.77714135197128,
              38.16199057115372
            ],
            [
              -120.77721752985431,
              38.1619693792455
            ],
            [
              -120.77729589893526,
              38.16195395223469
            ],
            [
              -120.7773757610724,
              38.161944427551454
            ],
            [
              -120.77772880876746,
              38.16191569550173
            ],
            [
              -120.77782171177138,
              38.161905625943795
            ],
            [
              -120.77808843569095,
              38.16145871895383
            ],
            [
              -120.77808549114695,
              38.161428959422935
            ],
            [
              -120.77808676948158,
              38.16136556094665
            ],
            [
              -120.77809556954752,
              38.1613025362721
            ],
            [
              -120.77811181382062,
              38.16124044047762
            ],
            [
              -120.77813535921416,
              38.16117982045921
            ],
            [
              -120.77816599833987,
              38.161121210114025
            ],
            [
              -120.77820346133478,
              38.161065125638295
            ],
            [
              -120.77823296639302,
              38.16102950722146
            ],
            [
              -120.77825389083429,
              38.16098429942896
            ],
            [
              -120.77839886459175,
              38.160513035738845
            ],
            [
              -120.77840729383756,
              38.16048777443855
            ],
            [
              -120.77858509882321,
              38.15999387582836
            ],
            [
              -120.77861016639092,
              38.159934762316716
            ],
            [
              -120.77864202776995,
              38.15987772467659
            ],
            [
              -120.77884083012987,
              38.15956212603613
            ],
            [
              -120.77889000627117,
              38.15949422556591
            ],
            [
              -120.77894879192898,
              38.15943126767422
            ],
            [
              -120.77914659234384,
              38.15924326878706
            ],
            [
              -120.77914776017708,
              38.159242161224384
            ],
            [
              -120.77924913010227,
              38.15914623096441
            ],
            [
              -120.77923174589573,
              38.15912020953714
            ],
            [
              -120.77919986343882,
              38.15905835676625
            ],
            [
              -120.7791758700666,
              38.15899432101522
            ],
            [
              -120.77916000015641,
              38.15892872786871
            ],
            [
              -120.77915240872365,
              38.1588622181244
            ],
            [
              -120.77915316990824,
              38.158795441532604
            ],
            [
              -120.77916227625121,
              38.158729050448855
            ],
            [
              -120.77917963876848,
              38.158663693460774
            ],
            [
              -120.779205087821,
              38.15860000905209
            ],
            [
              -120.77923837477276,
              38.15853861936518
            ],
            [
              -120.77927917442054,
              38.15848012412356
            ],
            [
              -120.77932708817151,
              38.158425094773214
            ],
            [
              -120.77938164793753,
              38.15837406890038
            ],
            [
              -120.77944232070833,
              38.15832754497998
            ],
            [
              -120.77972023950153,
              38.158134566584934
            ],
            [
              -120.77999974860224,
              38.15789335248126
            ],
            [
              -120.78013298562887,
              38.157742668781616
            ],
            [
              -120.78019681230403,
              38.15758112635803
            ],
            [
              -120.78022870315988,
              38.15740144060292
            ],
            [
              -120.78016127874109,
              38.15715470388639
            ],
            [
              -120.78014663470483,
              38.15708220099572
            ],
            [
              -120.78008589629303,
              38.15662178073345
            ],
            [
              -120.78006015186844,
              38.15647142304555
            ],
            [
              -120.78005305055311,
              38.1564064737993
            ],
            [
              -120.78005390974818,
              38.156341286489464
            ],
            [
              -120.78006272143332,
              38.15627646800877
            ],
            [
              -120.7800794035513,
              38.15621262181459
            ],
            [
              -120.7801038007725,
              38.1561503423108
            ],
            [
              -120.78013568594187,
              38.15609020931409
            ],
            [
              -120.78016145230467,
              38.1560475229295
            ],
            [
              -120.78016006517728,
              38.155894643530026
            ],
            [
              -120.78016406694958,
              38.155824357477044
            ],
            [
              -120.78017730384096,
              38.15575478111701
            ],
            [
              -120.78019963228478,
              38.15568666893539
            ],
            [
              -120.78023081012755,
              38.15562075953812
            ],
            [
              -120.78027049925583,
              38.15555776764237
            ],
            [
              -120.78033109980665,
              38.155472968040854
            ],
            [
              -120.78037598217188,
              38.15541680444608
            ],
            [
              -120.78038717794831,
              38.15540544293312
            ],
            [
              -120.78038326875009,
              38.155349233599125
            ],
            [
              -120.78038668216922,
              38.15528424450242
            ],
            [
              -120.78039799423534,
              38.155219815756496
            ],
            [
              -120.78041710008392,
              38.15515654450799
            ],
            [
              -120.78044382261652,
              38.155095017174006
            ],
            [
              -120.78047791414264,
              38.15503580400711
            ],
            [
              -120.78051905867613,
              38.154979453810256
            ],
            [
              -120.7805193764143,
              38.15497910185886
            ],
            [
              -120.78052149624308,
              38.15497098004033
            ],
            [
              -120.78054626136965,
              38.154907972090456
            ],
            [
              -120.78057869074215,
              38.15484717169503
            ],
            [
              -120.78060735652736,
              38.154800007763086
            ],
            [
              -120.78060698837835,
              38.15476325302827
            ],
            [
              -120.78061462265134,
              38.15469695018681
            ],
            [
              -120.7806304838789,
              38.15463156252972
            ],
            [
              -120.78065441802912,
              38.154567724961616
            ],
            [
              -120.78068619268505,
              38.15450605733445
            ],
            [
              -120.78072549930198,
              38.15444715842898
            ],
            [
              -120.78077195620394,
              38.154391600140826
            ],
            [
              -120.78082511229032,
              38.154339921927864
            ],
            [
              -120.78088445141631,
              38.15429262557235
            ],
            [
              -120.78094652495272,
              38.154252048035886
            ],
            [
              -120.78099989127004,
              38.15415327552714
            ],
            [
              -120.78103623282215,
              38.15409415711199
            ],
            [
              -120.78107967581964,
              38.15403810613978
            ],
            [
              -120.78112980926937,
              38.15398565286203
            ],
            [
              -120.78118615888833,
              38.15393729349457
            ],
            [
              -120.78124819159088,
              38.15389348552335
            ],
            [
              -120.7813153205319,
              38.15385464337683
            ],
            [
              -120.7813869106583,
              38.153821134505804
            ],
            [
              -120.78146228471674,
              38.15379327590735
            ],
            [
              -120.78154072965998,
              38.15377133112626
            ],
            [
              -120.78162150339223,
              38.153755507762106
            ],
            [
              -120.7817038417888,
              38.15374595550539
            ],
            [
              -120.78178696592418,
              38.153742764721564
            ],
            [
              -120.78187008944026,
              38.1537459655963
            ],
            [
              -120.78195242598461,
              38.15375552784983
            ],
            [
              -120.7820331966488,
              38.15377136102335
            ],
            [
              -120.78211163733633,
              38.15379331533476
            ],
            [
              -120.78218700599058,
              38.15382118309537
            ],
            [
              -120.78225858961419,
              38.15385470067456
            ],
            [
              -120.78232571101381,
              38.15389355099349
            ],
            [
              -120.78238773520611,
              38.153937366524524
            ],
            [
              -120.7824440754248,
              38.15398573276776
            ],
            [
              -120.78249419867142,
              38.15403819217209
            ],
            [
              -120.78253763075793,
              38.15409424846343
            ],
            [
              -120.78257396079283,
              38.15415337133928
            ],
            [
              -120.7826028450687,
              38.15421500148535
            ],
            [
              -120.78262401031445,
              38.15427855586655
            ],
            [
              -120.78263725628096,
              38.15434343324251
            ],
            [
              -120.78264245763651,
              38.154409019855386
            ],
            [
              -120.782647861232,
              38.154716219926684
            ],
            [
              -120.78264456604906,
              38.154785577028875
            ],
            [
              -120.78263227704399,
              38.154854301235865
            ],
            [
              -120.78261252002292,
              38.15491722103367
            ],
            [
              -120.7826285170567,
              38.154962577199335
            ],
            [
              -120.78264298485902,
              38.15502764790912
            ],
            [
              -120.78264933503824,
              38.15509352327533
            ],
            [
              -120.78264931557912,
              38.15509422631178
            ],
            [
              -120.78265834604503,
              38.15510667226909
            ],
            [
              -120.78269661578697,
              38.15515724954045
            ],
            [
              -120.78272819558644,
              38.155113079106414
            ],
            [
              -120.78277199577136,
              38.155062966581475
            ],
            [
              -120.78285839607717,
              38.15497306708845
            ],
            [
              -120.78291222782347,
              38.15492240851729
            ],
            [
              -120.78297207350403,
              38.154876148020016
            ],
            [
              -120.78303735979955,
              38.15483472876287
            ],
            [
              -120.78310746127396,
              38.15479854753339
            ],
            [
              -120.78318170636588,
              38.154767950939494
            ],
            [
              -120.78325938382189,
              38.154743232089416
            ],
            [
              -120.78333974950974,
              38.15472462778384
            ],
            [
              -120.78342203354651,
              38.15471231624761
            ],
            [
              -120.78350544767336,
              38.15470641542254
            ],
            [
              -120.78358919280618,
              38.15470698183756
            ],
            [
              -120.78376956238976,
              38.154715183416236
            ],
            [
              -120.78397212376836,
              38.15468722136367
            ],
            [
              -120.78444851851847,
              38.15452057044221
            ],
            [
              -120.78449239946464,
              38.154506355339656
            ],
            [
              -120.78498459569667,
              38.154359356483
            ],
            [
              -120.78507896660491,
              38.154335996702855
            ],
            [
              -120.78517612075363,
              38.15432139161972
            ],
            [
              -120.78524948318932,
              38.15431380018988
            ],
            [
              -120.78510041794443,
              38.15424388022949
            ],
            [
              -120.78502896339475,
              38.154206415510494
            ],
            [
              -120.78496261811945,
              38.15416349011119
            ],
            [
              -120.78490204881034,
              38.154115535387994
            ],
            [
              -120.78484786411309,
              38.154063033235936
            ],
            [
              -120.78480060851129,
              38.15400651124568
            ],
            [
              -120.78476075685514,
              38.15394653740161
            ],
            [
              -120.78472870959024,
              38.153883714373976
            ],
            [
              -120.78470478873427,
              38.15381867346247
            ],
            [
              -120.78468923464169,
              38.153752068252224
            ],
            [
              -120.78463493835149,
              38.1534296679768
            ],
            [
              -120.78462747362273,
              38.15334213349677
            ],
            [
              -120.78462637808944,
              38.15296023362575
            ],
            [
              -120.78463075726003,
              38.15289041662671
            ],
            [
              -120.7846442484069,
              38.15282133058799
            ],
            [
              -120.78466670709145,
              38.152753715027345
            ],
            [
              -120.78469789288557,
              38.15268829372024
            ],
            [
              -120.78473747194646,
              38.152625766952404
            ],
            [
              -120.78478502059079,
              38.15256680402405
            ],
            [
              -120.78484002983078,
              38.152512036085895
            ],
            [
              -120.78490191082291,
              38.15246204938338
            ],
            [
              -120.78513587395805,
              38.152291655230975
            ],
            [
              -120.78519064642815,
              38.15223694076056
            ],
            [
              -120.78518042754723,
              38.15213185494037
            ],
            [
              -120.78517242677852,
              38.152119211753046
            ],
            [
              -120.785136000415,
              38.1520530271711
            ],
            [
              -120.78510872141109,
              38.15198415219552
            ],
            [
              -120.78509090095315,
              38.15191337258744
            ],
            [
              -120.78508274231771,
              38.15184149583457
            ],
            [
              -120.78506806456959,
              38.151519349494954
            ],
            [
              -120.78503177326077,
              38.15122062831056
            ],
            [
              -120.78492274980168,
              38.1508161630516
            ],
            [
              -120.7849080410642,
              38.150741071443875
            ],
            [
              -120.78490410293959,
              38.15066515052102
            ],
            [
              -120.7849069859643,
              38.150516588745624
            ],
            [
              -120.78484166824576,
              38.150216425996504
            ],
            [
              -120.78483035851002,
              38.15013545408599
            ],
            [
              -120.78483147180411,
              38.150053995876064
            ],
            [
              -120.78484757386381,
              38.1498754960553
            ],
            [
              -120.78485696573122,
              38.14981284098582
            ],
            [
              -120.78487371775303,
              38.1497511509141
            ],
            [
              -120.78489768383017,
              38.149690963789496
            ],
            [
              -120.78492865495708,
              38.14963280445415
            ],
            [
              -120.78496636104482,
              38.14957718006629
            ],
            [
              -120.78501047327677,
              38.14952457567807
            ],
            [
              -120.78506060697634,
              38.149475450005845
            ],
            [
              -120.78511632496166,
              38.149430231430436
            ],
            [
              -120.78514453863907,
              38.14941124932579
            ],
            [
              -120.78514092978973,
              38.149404814568285
            ],
            [
              -120.78511459284006,
              38.14934176180757
            ],
            [
              -120.7850548946583,
              38.14917106144735
            ],
            [
              -120.78503679090065,
              38.149107494129254
            ],
            [
              -120.78502652507153,
              38.14904284533419
            ],
            [
              -120.7850241926197,
              38.148977716279774
            ],
            [
              -120.7850298152151,
              38.14891271264835
            ],
            [
              -120.78504334054831,
              38.14884843895418
            ],
            [
              -120.78506464281763,
              38.148785492921895
            ],
            [
              -120.78509352389983,
              38.14872445992776
            ],
            [
              -120.78512971519328,
              38.148665907556136
            ],
            [
              -120.7851728801164,
              38.1486103803212
            ],
            [
              -120.78522261723832,
              38.1485583946035
            ],
            [
              -120.78527846401236,
              38.14851043384794
            ],
            [
              -120.78533990107775,
              38.1484669440682
            ],
            [
              -120.7854063570896,
              38.14842832969927
            ],
            [
              -120.78547721403217,
              38.1483949498366
            ],
            [
              -120.7856409385657,
              38.14832604652584
            ],
            [
              -120.7856765715929,
              38.14828182620516
            ],
            [
              -120.78572906367374,
              38.14822907690406
            ],
            [
              -120.78578792141886,
              38.14818069862274
            ],
            [
              -120.78585256450859,
              38.148137168347496
            ],
            [
              -120.78592235558597,
              38.148098915264946
            ],
            [
              -120.78599660654088,
              38.14806631653085
            ],
            [
              -120.78607458529416,
              38.14803969355161
            ],
            [
              -120.7861555230152,
              38.148019308815726
            ],
            [
              -120.78623862170173,
              38.14800536330594
            ],
            [
              -120.7863230620471,
              38.14799799451776
            ],
            [
              -120.78640801151766,
              38.14799727510396
            ],
            [
              -120.78649263256023,
              38.14800321215825
            ],
            [
              -120.7865760908593,
              38.148015747145344
            ],
            [
              -120.78665756356231,
              38.148034756478
            ],
            [
              -120.78673624739174,
              38.14806005273542
            ],
            [
              -120.7868113665646,
              38.14809138651086
            ],
            [
              -120.7868683965445,
              38.148118115389536
            ],
            [
              -120.78691384192727,
              38.14812092773667
            ],
            [
              -120.78701649744514,
              38.14813225394026
            ],
            [
              -120.7873021950059,
              38.14817785345639
            ],
            [
              -120.78737384059166,
              38.14819185333209
            ],
            [
              -120.78744369170981,
              38.14821067728531
            ],
            [
              -120.78751122855451,
              38.1482341852361
            ],
            [
              -120.78757594854044,
              38.148262202247864
            ],
            [
              -120.78775574770815,
              38.14834820154906
            ],
            [
              -120.78780950936029,
              38.14837615142805
            ],
            [
              -120.78786045808825,
              38.1484072139068
            ],
            [
              -120.78805499231444,
              38.14853532312242
            ],
            [
              -120.78824982721568,
              38.148624534329244
            ],
            [
              -120.78851587931752,
              38.148712797777826
            ],
            [
              -120.78858924822869,
              38.14874044609696
            ],
            [
              -120.7886589630368,
              38.148773468520936
            ],
            [
              -120.78872439434348,
              38.1488115669202
            ],
            [
              -120.78878495141957,
              38.14885439733817
            ],
            [
              -120.78884008753819,
              38.14890157309626
            ],
            [
              -120.78900308803577,
              38.14905507220864
            ],
            [
              -120.7890577745053,
              38.14911251963973
            ],
            [
              -120.78910442432753,
              38.14917422922163
            ],
            [
              -120.7891425096444,
              38.14923950271865
            ],
            [
              -120.7891715995006,
              38.14930760156779
            ],
            [
              -120.78919136472066,
              38.14937775523537
            ],
            [
              -120.78919528364142,
              38.14939625941916
            ],
            [
              -120.78937465938871,
              38.14967186735633
            ],
            [
              -120.78966262041503,
              38.150021628844485
            ],
            [
              -120.7896710296193,
              38.15003205003838
            ],
            [
              -120.78993144194237,
              38.15036137397104
            ],
            [
              -120.79002018859305,
              38.15043121905634
            ],
            [
              -120.79012066579357,
              38.1496087272499
            ],
            [
              -120.79012743692891,
              38.14956696256404
            ],
            [
              -120.79022423256642,
              38.149088747334055
            ],
            [
              -120.79021385021908,
              38.148833657576766
            ],
            [
              -120.79020015736934,
              38.14875276876808
            ],
            [
              -120.78997432534518,
              38.14865163483733
            ],
            [
              -120.78983085465657,
              38.148602442521025
            ],
            [
              -120.78975710916322,
              38.14857375700288
            ],
            [
              -120.78968719034971,
              38.14853961480398
            ],
            [
              -120.7896217437161,
              38.14850033113314
            ],
            [
              -120.78956137347146,
              38.14845626866584
            ],
            [
              -120.78941017358332,
              38.14833476788974
            ],
            [
              -120.78935355783159,
              38.148284493547486
            ],
            [
              -120.78930355442978,
              38.1482300219323
            ],
            [
              -120.78926065919069,
              38.148171893179196
            ],
            [
              -120.78922529744031,
              38.14811068368557
            ],
            [
              -120.78919781980076,
              38.14804700039554
            ],
            [
              -120.78917849871434,
              38.14798147478133
            ],
            [
              -120.78916752574264,
              38.14791475658154
            ],
            [
              -120.78916500966812,
              38.14784750735843
            ],
            [
              -120.78917421385007,
              38.147489007552885
            ],
            [
              -120.78918375420666,
              38.14740116845405
            ],
            [
              -120.78921827863054,
              38.14722180623049
            ],
            [
              -120.78906771872492,
              38.14714134762658
            ],
            [
              -120.78869976829687,
              38.147028162621545
            ],
            [
              -120.7886881241774,
              38.147024502965415
            ],
            [
              -120.78839592217008,
              38.14693070210861
            ],
            [
              -120.78831719437899,
              38.146901668005306
            ],
            [
              -120.78824260174173,
              38.14686647760214
            ],
            [
              -120.78817291363801,
              38.1468254938714
            ],
            [
              -120.78810884885623,
              38.14677913953997
            ],
            [
              -120.78805106817923,
              38.146727892728784
            ],
            [
              -120.78800016756897,
              38.14667228202098
            ],
            [
              -120.78786416859326,
              38.146506581227435
            ],
            [
              -120.7878203639553,
              38.146446702967445
            ],
            [
              -120.78778453925125,
              38.14638360231812
            ],
            [
              -120.78775706975802,
              38.146317940319584
            ],
            [
              -120.78773824322107,
              38.146250404842675
            ],
            [
              -120.78769229320383,
              38.146033137421746
            ],
            [
              -120.7876210088663,
              38.145855200223046
            ],
            [
              -120.78759769102062,
              38.145783577350734
            ],
            [
              -120.78758442496351,
              38.14571037096259
            ],
            [
              -120.78758136959884,
              38.145636458109564
            ],
            [
              -120.78758856150044,
              38.14556272430375
            ],
            [
              -120.78761144613334,
              38.145426221880065
            ],
            [
              -120.78749718959108,
              38.145355142342964
            ],
            [
              -120.78743527068157,
              38.14531267018236
            ],
            [
              -120.78737878603623,
              38.145265710938546
            ],
            [
              -120.78732825473173,
              38.14521469616228
            ],
            [
              -120.78728414113125,
              38.14516009467317
            ],
            [
              -120.78717264224936,
              38.14500629400803
            ],
            [
              -120.78713637904893,
              38.14495039738619
            ],
            [
              -120.78710684497588,
              38.144892083005004
            ],
            [
              -120.78710115113137,
              38.14487687529931
            ],
            [
              -120.78706283063114,
              38.14490277955875
            ],
            [
              -120.7869968376302,
              38.144943156103594
            ],
            [
              -120.78692617580677,
              38.14497826101395
            ],
            [
              -120.7868515179731,
              38.14500776003328
            ],
            [
              -120.78677357499289,
              38.14503137228207
            ],
            [
              -120.78669308901202,
              38.145048872932605
            ],
            [
              -120.7866108263919,
              38.14506009534977
            ],
            [
              -120.78652757041172,
              38.14506493267778
            ],
            [
              -120.7864441138098,
              38.14506333885775
            ],
            [
              -120.78636125123464,
              38.145055329066224
            ],
            [
              -120.78627977167807,
              38.145040979570624
            ],
            [
              -120.78620045096193,
              38.145020427003004
            ],
            [
              -120.78612404435046,
              38.14499386705892
            ],
            [
              -120.78605127935855,
              38.144961552633966
            ],
            [
              -120.78598284882405,
              38.1449237914155
            ],
            [
              -120.78591940431068,
              38.144880942952824
            ],
            [
              -120.78586154990383,
              38.144833415233386
            ],
            [
              -120.78580983645882,
              38.14478166079787
            ],
            [
              -120.78576475635602,
              38.14472617243096
            ],
            [
              -120.78572673881281,
              38.144667478469074
            ],
            [
              -120.78569614579732,
              38.144606137769586
            ],
            [
              -120.7856732685823,
              38.14454273438937
            ],
            [
              -120.78565832497269,
              38.14447787202361
            ],
            [
              -120.78565145723229,
              38.144412168257524
            ],
            [
              -120.78565273073005,
              38.14434624868609
            ],
            [
              -120.78566213331858,
              38.14428074095732
            ],
            [
              -120.78567957545062,
              38.14421626879633
            ],
            [
              -120.7857048910323,
              38.14415344606653
            ],
            [
              -120.7857733927259,
              38.14400836426927
            ],
            [
              -120.78577288587546,
              38.14388123036859
            ],
            [
              -120.78577595027726,
              38.14382192923376
            ],
            [
              -120.78578559260143,
              38.14376306928043
            ],
            [
              -120.78585382342595,
              38.143453971077626
            ],
            [
              -120.785836589676,
              38.14329021139971
            ],
            [
              -120.78574269876174,
              38.1432879133474
            ],
            [
              -120.78565386375112,
              38.143282069429254
            ],
            [
              -120.78556628101396,
              38.14326895685036
            ],
            [
              -120.78548090148227,
              38.14324871798178
            ],
            [
              -120.78523068133319,
              38.14317798697207
            ],
            [
              -120.785204165167,
              38.1431887310992
            ],
            [
              -120.78512555596447,
              38.143213185651014
            ],
            [
              -120.78504427576266,
              38.14323139735734
            ],
            [
              -120.78496111731182,
              38.14324318859429
            ],
            [
              -120.78487689168277,
              38.14324844435881
            ],
            [
              -120.78479242035544,
              38.14324711339046
            ],
            [
              -120.78470852720629,
              38.14323920867125
            ],
            [
              -120.78462603047184,
              38.143224807299134
            ],
            [
              -120.78454573476775,
              38.143204049735914
            ],
            [
              -120.78446842324045,
              38.1431771384371
            ],
            [
              -120.78439484992839,
              38.143144335877146
            ],
            [
              -120.78432573240731,
              38.14310596198927
            ],
            [
              -120.78426174479125,
              38.1430623910448
            ],
            [
              -120.78420351115756,
              38.1430140480025
            ],
            [
              -120.78415159946017,
              38.14296140436372
            ],
            [
              -120.78410651599054,
              38.142904973573295
            ],
            [
              -120.78406870043969,
              38.14284530601169
            ],
            [
              -120.78403852161054,
              38.14278298362673
            ],
            [
              -120.7840162738215,
              38.14271861425766
            ],
            [
              -120.78400217403649,
              38.14265282570653
            ],
            [
              -120.78400118438825,
              38.14264149551552
            ],
            [
              -120.78398544537137,
              38.14262951070322
            ],
            [
              -120.78393226688424,
              38.14258045169902
            ],
            [
              -120.78388526223834,
              38.14252760702974
            ],
            [
              -120.78384486087718,
              38.142471459510396
            ],
            [
              -120.78381143191062,
              38.14241252213126
            ],
            [
              -120.78378528074332,
              38.14235133337073
            ],
            [
              -120.78376664628472,
              38.14228845227545
            ],
            [
              -120.78375764671974,
              38.142249852224836
            ],
            [
              -120.7837515758199,
              38.14222374645212
            ],
            [
              -120.78374040911798,
              38.14215734429946
            ],
            [
              -120.78373762296623,
              38.142090395221345
            ],
            [
              -120.78374324472814,
              38.14202355729312
            ],
            [
              -120.78375721912197,
              38.141957487495795
            ],
            [
              -120.78377940876507,
              38.14189283525837
            ],
            [
              -120.78380959552517,
              38.14183023607436
            ],
            [
              -120.78384748266511,
              38.1417703052555
            ],
            [
              -120.78389269776048,
              38.14171363188371
            ],
            [
              -120.78394479636073,
              38.141660773021066
            ],
            [
              -120.7840032663583,
              38.1416122482345
            ],
            [
              -120.78406753302251,
              38.14156853448903
            ],
            [
              -120.784136964649,
              38.14153006145981
            ],
            [
              -120.78421087876876,
              38.14149720730902
            ],
            [
              -120.78428854885624,
              38.14147029496895
            ],
            [
              -120.78436921147006,
              38.141449588968136
            ],
            [
              -120.78445207375685,
              38.14143529283136
            ],
            [
              -120.78453632124362,
              38.141427547079275
            ],
            [
              -120.78462112584295,
              38.141426427847314
            ],
            [
              -120.78496169407472,
              38.14143527489922
            ],
            [
              -120.78496959275239,
              38.14141569484109
            ],
            [
              -120.78506139454377,
              38.14121979551826
            ],
            [
              -120.78509540079644,
              38.14115713688206
            ],
            [
              -120.7851372288776,
              38.14109750362387
            ],
            [
              -120.78518645293045,
              38.141041502851564
            ],
            [
              -120.7852425718055,
              38.140989704690554
            ],
            [
              -120.78530501416304,
              38.14094263647985
            ],
            [
              -120.78537314428988,
              38.14090077740366
            ],
            [
              -120.7854462685714,
              38.14086455361328
            ],
            [
              -120.78552364255289,
              38.14083433388889
            ],
            [
              -120.78560447851815,
              38.14081042588545
            ],
            [
              -120.78568795350856,
              38.14079307300067
            ],
            [
              -120.7857732177007,
              38.14078245189739
            ],
            [
              -120.78585940305733,
              38.1407786707051
            ],
            [
              -120.78594420237216,
              38.14078171656382
            ],
            [
              -120.78597956071377,
              38.14071834469169
            ],
            [
              -120.78605540953266,
              38.140499803191695
            ],
            [
              -120.78602114770041,
              38.14045673422522
            ],
            [
              -120.78584499624733,
              38.14026272618353
            ],
            [
              -120.78580932176523,
              38.140220122037256
            ],
            [
              -120.78577782450859,
              38.140175511138594
            ],
            [
              -120.78570492542781,
              38.14006241069725
            ],
            [
              -120.78566884594828,
              38.139998432838254
            ],
            [
              -120.78564134625445,
              38.13993184889043
            ],
            [
              -120.78562272181965,
              38.13986337433002
            ],
            [
              -120.78561317274641,
              38.13979374494674
            ],
            [
              -120.7856128016174,
              38.1397237089372
            ],
            [
              -120.78562210340426,
              38.13956970905914
            ],
            [
              -120.78563011532064,
              38.13950424451899
            ],
            [
              -120.78564614845068,
              38.13943970538358
            ],
            [
              -120.78567005084547,
              38.139376703218986
            ],
            [
              -120.7857015959892,
              38.139315835025606
            ],
            [
              -120.7857404849467,
              38.139257677581185
            ],
            [
              -120.78576336109464,
              38.13923029679101
            ],
            [
              -120.78565962592398,
              38.139214473573034
            ],
            [
              -120.7855238815282,
              38.13921883754456
            ],
            [
              -120.78546463232108,
              38.13924173022099
            ],
            [
              -120.78538229403516,
              38.13926564409769
            ],
            [
              -120.785297287632,
              38.13928277200888
            ],
            [
              -120.78521050713027,
              38.13929293381955
            ],
            [
              -120.78512286520822,
              38.13929602265779
            ],
            [
              -120.78503528360432,
              38.13929200603877
            ],
            [
              -120.7848829822358,
              38.13927880587672
            ],
            [
              -120.78480006812369,
              38.13926834551153
            ],
            [
              -120.78471885183707,
              38.1392515157748
            ],
            [
              -120.78464011581312,
              38.139228478805045
            ],
            [
              -120.78456461859216,
              38.13919945654109
            ],
            [
              -120.78449308750938,
              38.139164728583715
            ],
            [
              -120.78442621168735,
              38.13912462950183
            ],
            [
              -120.78436463539684,
              38.139079545608915
            ],
            [
              -120.78430895184985,
              38.139029911241096
            ],
            [
              -120.78425969748477,
              38.138976204572515
            ],
            [
              -120.78421734679856,
              38.138918943008385
            ],
            [
              -120.78418230777585,
              38.13885867820013
            ],
            [
              -120.784154917959,
              38.13879599073055
            ],
            [
              -120.78413544119684,
              38.138731484520555
            ],
            [
              -120.78412406510347,
              38.13866578101078
            ],
            [
              -120.78412089925182,
              38.138599513174746
            ],
            [
              -120.78412597411861,
              38.13853331942086
            ],
            [
              -120.78413924079173,
              38.1384678374421
            ],
            [
              -120.78416057144237,
              38.13840369807278
            ],
            [
              -120.78418976055715,
              38.13834151921132
            ],
            [
              -120.78422652691879,
              38.13828189986773
            ],
            [
              -120.78425686892741,
              38.138242938609814
            ],
            [
              -120.784234227168,
              38.138113725532754
            ],
            [
              -120.78422680892415,
              38.13804760343952
            ],
            [
              -120.78422764197668,
              38.13798122553818
            ],
            [
              -120.78423671826184,
              38.13791523257325
            ],
            [
              -120.78425395014465,
              38.1378502615718
            ],
            [
              -120.78427917126571,
              38.13778693969427
            ],
            [
              -120.78431213814792,
              38.137725878180724
            ],
            [
              -120.78435253254737,
              38.137667666450724
            ],
            [
              -120.78439996452589,
              38.137612866413946
            ],
            [
              -120.78445397621563,
              38.137562007046334
            ],
            [
              -120.78451404623914,
              38.13751557928429
            ],
            [
              -120.78457959474228,
              38.13747403128592
            ],
            [
              -120.78464998899152,
              38.13743776410541
            ],
            [
              -120.78472454948151,
              38.1374071278218
            ],
            [
              -120.78480255649394,
              38.137382418160215
            ],
            [
              -120.78488325704448,
              38.13736387363729
            ],
            [
              -120.78496587215065,
              38.13735167325903
            ],
            [
              -120.78504960435059,
              38.137345934793125
            ],
            [
              -120.78513364540021,
              38.13734671363209
            ],
            [
              -120.78521718407418,
              38.13735400225869
            ],
            [
              -120.78529941399596,
              38.137367730318445
            ],
            [
              -120.78537954142082,
              38.137387765298676
            ],
            [
              -120.78545679289715,
              38.13741391380741
            ],
            [
              -120.78546664528257,
              38.13741819701069
            ],
            [
              -120.78548607083147,
              38.137401096923575
            ],
            [
              -120.78554414771449,
              38.13735469047827
            ],
            [
              -120.78560762150612,
              38.137312925153395
            ],
            [
              -120.78567590019887,
              38.13727619048096
            ],
            [
              -120.78574834697437,
              38.13724482907319
            ],
            [
              -120.7858242861427,
              38.137219133427415
            ],
            [
              -120.78590300944389,
              38.137199343198155
            ],
            [
              -120.78598378265333,
              38.13718564296218
            ],
            [
              -120.78606585242905,
              38.137178160497044
            ],
            [
              -120.78619373291784,
              38.1371714217245
            ],
            [
              -120.78605848857765,
              38.137059011430104
            ],
            [
              -120.78600462157422,
              38.137009679871426
            ],
            [
              -120.78595702023702,
              38.136956480274364
            ],
            [
              -120.78591612707838,
              38.13689990721024
            ],
            [
              -120.7858823222453,
              38.136840486610645
            ],
            [
              -120.78571062598473,
              38.13649503299074
            ],
            [
              -120.78554023833065,
              38.13630313991691
            ],
            [
              -120.78548823535819,
              38.136236711386324
            ],
            [
              -120.7854462859008,
              38.13616598671319
            ],
            [
              -120.78543721409068,
              38.136148062108205
            ],
            [
              -120.78530778100415,
              38.13616348156378
            ],
            [
              -120.78522086589336,
              38.13617027430998
            ],
            [
              -120.78513352685391,
              38.13617003176226
            ],
            [
              -120.78504667437697,
              38.13616275644993
            ],
            [
              -120.78496121388079,
              38.13614852421729
            ],
            [
              -120.78487803627111,
              38.13612748343295
            ],
            [
              -120.7846182355536,
              38.13605000575647
            ],
            [
              -120.78441388147047,
              38.13599094573678
            ],
            [
              -120.78417646185451,
              38.135940032667385
            ],
            [
              -120.78409617991854,
              38.13591940719894
            ],
            [
              -120.78401886305794,
              38.135892631893974
            ],
            [
              -120.78394526433948,
              38.13585996754601
            ],
            [
              -120.78387610061216,
              38.13582173230771
            ],
            [
              -120.78381204552491,
              38.1357782985918
            ],
            [
              -120.78375372296505,
              38.13573008944354
            ],
            [
              -120.78370170098165,
              38.13567757441999
            ],
            [
              -120.783656486253,
              38.135621265016226
            ],
            [
              -120.78361851915176,
              38.13556170968319
            ],
            [
              -120.78358816945632,
              38.135499488485586
            ],
            [
              -120.78356573274974,
              38.13543520745184
            ],
            [
              -120.78355142754152,
              38.13536949267134
            ],
            [
              -120.78354539314006,
              38.135302984196244
            ],
            [
              -120.78354768829679,
              38.13523632980748
            ],
            [
              -120.7835582906347,
              38.13517017870533
            ],
            [
              -120.78357709686729,
              38.135105175186496
            ],
            [
              -120.78360392380523,
              38.135041952368844
            ],
            [
              -120.78363851014156,
              38.13498112602509
            ],
            [
              -120.78368051899733,
              38.13492328858555
            ],
            [
              -120.78372954120329,
              38.13486900336829
            ],
            [
              -120.7837850992857,
              38.13481879909273
            ],
            [
              -120.7838466521168,
              38.13477316473045
            ],
            [
              -120.7839136001857,
              38.13473254474293
            ],
            [
              -120.78398529143723,
              38.13469733475304
            ],
            [
              -120.78404091080347,
              38.13467570199565
            ],
            [
              -120.78408941531241,
              38.13462254626647
            ],
            [
              -120.78414516349073,
              38.134572648957686
            ],
            [
              -120.78420685598327,
              38.13452732538704
            ],
            [
              -120.78427389428624,
              38.13448701524987
            ],
            [
              -120.78435839391177,
              38.13444121558388
            ],
            [
              -120.78442079026335,
              38.13441042681705
            ],
            [
              -120.78448630534193,
              38.13438398672988
            ],
            [
              -120.78455445451789,
              38.13436209090483
            ],
            [
              -120.78486045212487,
              38.13427569157574
            ],
            [
              -120.78487577027376,
              38.134271495308006
            ],
            [
              -120.78508590407304,
              38.13421568724782
            ],
            [
              -120.78531548838554,
              38.13412612326296
            ],
            [
              -120.78539982074,
              38.134097559426365
            ],
            [
              -120.78548754154662,
              38.134076294805844
            ],
            [
              -120.78575183928106,
              38.13402429519798
            ],
            [
              -120.7858330507216,
              38.134011578321584
            ],
            [
              -120.78591543824922,
              38.13400512206292
            ],
            [
              -120.78599823009876,
              38.134004986901644
            ],
            [
              -120.78608065071766,
              38.13401117410454
            ],
            [
              -120.78616192803052,
              38.13402362571361
            ],
            [
              -120.7864888518844,
              38.13408681419251
            ],
            [
              -120.78659891776996,
              38.134105340825016
            ],
            [
              -120.78653936236708,
              38.133859476485284
            ],
            [
              -120.78648575866619,
              38.133640011540905
            ],
            [
              -120.78638788688974,
              38.13353523959584
            ],
            [
              -120.78634279576815,
              38.13348183303559
            ],
            [
              -120.786304325182,
              38.13342528749584
            ],
            [
              -120.78627282239361,
              38.13336611341971
            ],
            [
              -120.78624857176413,
              38.13330484497703
            ],
            [
              -120.786231792187,
              38.133242035242326
            ],
            [
              -120.7862226351127,
              38.13317825120196
            ],
            [
              -120.7862211831823,
              38.133114068635926
            ],
            [
              -120.78622744948218,
              38.13305006692022
            ],
            [
              -120.78624137742652,
              38.13298682379676
            ],
            [
              -120.78626284126898,
              38.132924910158266
            ],
            [
              -120.78629164723829,
              38.13286488489492
            ],
            [
              -120.78632753528824,
              38.132807289849296
            ],
            [
              -120.78637018144555,
              38.132752644925525
            ],
            [
              -120.78653425444364,
              38.13256318856767
            ],
            [
              -120.7865877131756,
              38.13230119753515
            ],
            [
              -120.78660264659162,
              38.1322439179211
            ],
            [
              -120.78662379511832,
              38.132187872899806
            ],
            [
              -120.78665100029484,
              38.13213348236646
            ],
            [
              -120.78668405828462,
              38.13208115381981
            ],
            [
              -120.78676875908587,
              38.13196045437969
            ],
            [
              -120.78680452325447,
              38.131914002022135
            ],
            [
              -120.78682539514273,
              38.13188919867255
            ],
            [
              -120.78682826417956,
              38.131809096308736
            ],
            [
              -120.78682863750358,
              38.131800575473704
            ],
            [
              -120.7868473416966,
              38.131439575737296
            ],
            [
              -120.78685963852173,
              38.13134980251049
            ],
            [
              -120.78691144106985,
              38.131117902957236
            ],
            [
              -120.7869295605803,
              38.13105468305339
            ],
            [
              -120.78695526647189,
              38.13099312559894
            ],
            [
              -120.7869883221269,
              38.130933797173924
            ],
            [
              -120.78702842328198,
              38.130877243840835
            ],
            [
              -120.78707520082905,
              38.130823986119026
            ],
            [
              -120.787128224213,
              38.13077451419382
            ],
            [
              -120.78718700539496,
              38.13072928340517
            ],
            [
              -120.78725100334412,
              38.130688710056866
            ],
            [
              -120.78731962901777,
              38.130653167585194
            ],
            [
              -120.7873946286012,
              38.13061826784748
            ],
            [
              -120.78746713090221,
              38.13058812733101
            ],
            [
              -120.78754295131898,
              38.13056360417249
            ],
            [
              -120.78762139423927,
              38.130544923358634
            ],
            [
              -120.78770173999251,
              38.13053225627592
            ],
            [
              -120.78778325145211,
              38.13052571913816
            ],
            [
              -120.78786518079745,
              38.13052537192046
            ],
            [
              -120.78794677637423,
              38.13053121780898
            ],
            [
              -120.78802728958986,
              38.13054320317168
            ],
            [
              -120.78810598178087,
              38.130561218050296
            ],
            [
              -120.78818213098914,
              38.13058509716905
            ],
            [
              -120.788255038585,
              38.130614621450846
            ],
            [
              -120.78833653817749,
              38.1306516211449
            ],
            [
              -120.78840122425066,
              38.13068411738998
            ],
            [
              -120.78846196716054,
              38.1307210577476
            ],
            [
              -120.78851827900516,
              38.1307621455081
            ],
            [
              -120.78856970747127,
              38.13080705064864
            ],
            [
              -120.78861583946737,
              38.130855412483946
            ],
            [
              -120.78880484069158,
              38.13107321139502
            ],
            [
              -120.78884841123342,
              38.131129052313426
            ],
            [
              -120.78914701446817,
              38.131556950522985
            ],
            [
              -120.78918293686608,
              38.131614789689664
            ],
            [
              -120.78933303935227,
              38.131888788770446
            ],
            [
              -120.78935931823725,
              38.13194304735801
            ],
            [
              -120.78942575485668,
              38.132100149613436
            ],
            [
              -120.78944704914822,
              38.13204834263
            ],
            [
              -120.78952477273515,
              38.131763129332
            ],
            [
              -120.78954521422845,
              38.131702122864226
            ],
            [
              -120.78960332595248,
              38.13155655217158
            ],
            [
              -120.78947432031109,
              38.13127046206951
            ],
            [
              -120.78940403691942,
              38.131237123912534
            ],
            [
              -120.78933944295379,
              38.1312032465724
            ],
            [
              -120.78927899818741,
              38.13116488823435
            ],
            [
              -120.78922319928292,
              38.13112236408611
            ],
            [
              -120.78917250472591,
              38.131076023544786
            ],
            [
              -120.78912733105768,
              38.13102624738573
            ],
            [
              -120.78908804945262,
              38.13097344461351
            ],
            [
              -120.7890436499752,
              38.13090704434584
            ],
            [
              -120.78900647406783,
              38.13084372813588
            ],
            [
              -120.78897776600547,
              38.13077772040612
            ],
            [
              -120.78895783211237,
              38.13070972553447
            ],
            [
              -120.78894688508053,
              38.130640469101934
            ],
            [
              -120.78894504170091,
              38.13057069014961
            ],
            [
              -120.78895232161835,
              38.13050113329239
            ],
            [
              -120.78897798908369,
              38.130350915622216
            ],
            [
              -120.78897809271989,
              38.13025878502926
            ],
            [
              -120.78887811399348,
              38.13006434337862
            ],
            [
              -120.78885462760955,
              38.13001275550148
            ],
            [
              -120.78876608242132,
              38.12979030873855
            ],
            [
              -120.78853442804635,
              38.129290612464956
            ],
            [
              -120.78821533552545,
              38.12865015152047
            ],
            [
              -120.78815553125843,
              38.128642087495244
            ],
            [
              -120.78807525511723,
              38.12862478372997
            ],
            [
              -120.78799748750123,
              38.128601400224625
            ],
            [
              -120.78792296443956,
              38.12857215829317
            ],
            [
              -120.787852391251,
              38.12853733469621
            ],
            [
              -120.78778643586783,
              38.12849725902153
            ],
            [
              -120.78772572251427,
              38.1284523105644
            ],
            [
              -120.78767082579832,
              38.12840291473758
            ],
            [
              -120.78762226527358,
              38.12834953904475
            ],
            [
              -120.7875805005222,
              38.128292688655606
            ],
            [
              -120.78754592680545,
              38.12823290162446
            ],
            [
              -120.78751887132341,
              38.128170743797824
            ],
            [
              -120.78749959011881,
              38.12810680345871
            ],
            [
              -120.78748826565439,
              38.12804168575886
            ],
            [
              -120.78748500508675,
              38.12797600699127
            ],
            [
              -120.78748983925313,
              38.12791038875745
            ],
            [
              -120.78750272238018,
              38.12784545208431
            ],
            [
              -120.78752353251815,
              38.12778181154669
            ],
            [
              -120.78755207269576,
              38.12772006945105
            ],
            [
              -120.78758807278501,
              38.12766081013515
            ],
            [
              -120.78763119205853,
              38.12760459443804
            ],
            [
              -120.78772059255799,
              38.12749989498885
            ],
            [
              -120.78776852352856,
              38.1274490764407
            ],
            [
              -120.78782227118847,
              38.127402028758844
            ],
            [
              -120.78783926572494,
              38.127389701521885
            ],
            [
              -120.78783707658617,
              38.12737635536757
            ],
            [
              -120.7876608292908,
              38.12697036324965
            ],
            [
              -120.7876346143295,
              38.12689657601852
            ],
            [
              -120.78751210066584,
              38.1264573259576
            ],
            [
              -120.7874707489106,
              38.126310445022135
            ],
            [
              -120.78742785789707,
              38.126226577010094
            ],
            [
              -120.78739529278972,
              38.126150009843215
            ],
            [
              -120.78737452756717,
              38.12607091998591
            ],
            [
              -120.78737386811045,
              38.12606734481582
            ],
            [
              -120.7873401440084,
              38.12601490341256
            ],
            [
              -120.78730578310625,
              38.125954258378194
            ],
            [
              -120.78727912900072,
              38.12589124058312
            ],
            [
              -120.78726810998745,
              38.12585304687026
            ],
            [
              -120.78708645188773,
              38.125655330988934
            ],
            [
              -120.78688791846318,
              38.125479195587225
            ],
            [
              -120.7868376802029,
              38.12543020082545
            ],
            [
              -120.78679344248025,
              38.12537771998018
            ],
            [
              -120.78675559053856,
              38.12532221009608
            ],
            [
              -120.78672445400643,
              38.12526415459592
            ],
            [
              -120.78670030402756,
              38.125204059070384
            ],
            [
              -120.78668335089986,
              38.12514244687494
            ],
            [
              -120.78667374224466,
              38.12507985457199
            ],
            [
              -120.78663354723378,
              38.124651554435445
            ],
            [
              -120.78663164779037,
              38.124579903298105
            ],
            [
              -120.78663403150193,
              38.124521304354396
            ],
            [
              -120.7866204146445,
              38.124476759388706
            ],
            [
              -120.78653922977446,
              38.124332308006544
            ],
            [
              -120.78626537655842,
              38.12403835944775
            ],
            [
              -120.7862133214713,
              38.123989771261186
            ],
            [
              -120.78610335101037,
              38.123974077437076
            ],
            [
              -120.7860191741368,
              38.123958558172944
            ],
            [
              -120.78593741014826,
              38.123936406293446
            ],
            [
              -120.78585889420295,
              38.12390784806488
            ],
            [
              -120.78578442827987,
              38.12387317518942
            ],
            [
              -120.78571477298686,
              38.123832741825424
            ],
            [
              -120.78565063979124,
              38.123786960969575
            ],
            [
              -120.78559268375268,
              38.123736300238285
            ],
            [
              -120.78554149683232,
              38.12368127709095
            ],
            [
              -120.78549760184649,
              38.12362245354427
            ],
            [
              -120.78546144712715,
              38.12356043043144
            ],
            [
              -120.78543340194298,
              38.123495841264884
            ],
            [
              -120.78541375272852,
              38.12342934576529
            ],
            [
              -120.78540270015907,
              38.123361623122925
            ],
            [
              -120.78540035710212,
              38.12329336506039
            ],
            [
              -120.78540674746539,
              38.12322526876703
            ],
            [
              -120.78542180595366,
              38.12315802977804
            ],
            [
              -120.78547030771904,
              38.12299113017374
            ],
            [
              -120.78549236936443,
              38.122928989704754
            ],
            [
              -120.7855180141418,
              38.12287660220521
            ],
            [
              -120.78539423538292,
              38.122700768249985
            ],
            [
              -120.78536188515476,
              38.1226498744536
            ],
            [
              -120.78533507543891,
              38.12259700926089
            ],
            [
              -120.78515757939523,
              38.122199208173015
            ],
            [
              -120.78513183487556,
              38.1221298933288
            ],
            [
              -120.78511560525108,
              38.122058803343656
            ],
            [
              -120.78509816979877,
              38.12194914239752
            ],
            [
              -120.78503561982431,
              38.12184180357482
            ],
            [
              -120.78481028544766,
              38.12158343758813
            ],
            [
              -120.7847427735039,
              38.121541859908355
            ],
            [
              -120.78454240276078,
              38.12148478508955
            ],
            [
              -120.78451461123193,
              38.12147643470179
            ],
            [
              -120.78439921043294,
              38.12143993436738
            ],
            [
              -120.784322353435,
              38.12141206736126
            ],
            [
              -120.78424935588761,
              38.12137834042905
            ],
            [
              -120.78418093148275,
              38.12133908331991
            ],
            [
              -120.78411774919753,
              38.12129467985095
            ],
            [
              -120.78406042675351,
              38.1212455641544
            ],
            [
              -120.78400952457743,
              38.121192216432824
            ],
            [
              -120.78396554032189,
              38.12113515826396
            ],
            [
              -120.78392890400043,
              38.121074947501
            ],
            [
              -120.7838999737837,
              38.12101217281837
            ],
            [
              -120.78387903249826,
              38.12094744795599
            ],
            [
              -120.78386628486224,
              38.120881405718805
            ],
            [
              -120.78386185548457,
              38.12081469178974
            ],
            [
              -120.78386578764761,
              38.12074795841701
            ],
            [
              -120.78387804288481,
              38.120681858037145
            ],
            [
              -120.78389850135774,
              38.12061703689631
            ],
            [
              -120.78392696302858,
              38.120554128732294
            ],
            [
              -120.78396002543258,
              38.12049896152873
            ],
            [
              -120.78395701019937,
              38.120478500419345
            ],
            [
              -120.78371280943342,
              38.120126742048626
            ],
            [
              -120.78322923859648,
              38.11953901750886
            ],
            [
              -120.78321160265799,
              38.11951663924383
            ],
            [
              -120.78292620528161,
              38.119138237553365
            ],
            [
              -120.78288659277186,
              38.119079273364484
            ],
            [
              -120.78285453891269,
              38.11901750881622
            ],
            [
              -120.78283035658791,
              38.11895354684211
            ],
            [
              -120.78276499879529,
              38.11874330647084
            ],
            [
              -120.78272752324163,
              38.11864163950008
            ],
            [
              -120.78270726083761,
              38.118616768504815
            ],
            [
              -120.78266453128644,
              38.11855804711738
            ],
            [
              -120.78262945866042,
              38.11849624090503
            ],
            [
              -120.78260239542531,
              38.118431971030766
            ],
            [
              -120.78258361354888,
              38.118365883416146
            ],
            [
              -120.78257330176842,
              38.11829864224942
            ],
            [
              -120.78257156369475,
              38.11823092331037
            ],
            [
              -120.7825784167719,
              38.11816340717855
            ],
            [
              -120.78259379210266,
              38.11809677239345
            ],
            [
              -120.78261753514208,
              38.11803168863515
            ],
            [
              -120.78266619167948,
              38.11791973681351
            ],
            [
              -120.7824365748273,
              38.11793458686345
            ],
            [
              -120.78235256956343,
              38.1179367457923
            ],
            [
              -120.78226870175659,
              38.11793237970565
            ],
            [
              -120.78218578149054,
              38.11792153077647
            ],
            [
              -120.78210460969564,
              38.11790430379579
            ],
            [
              -120.7820259704123,
              38.11788086516036
            ],
            [
              -120.78195062321718,
              38.11785144126537
            ],
            [
              -120.781879295886,
              38.11781631631743
            ],
            [
              -120.78181799567021,
              38.11778271605837
            ],
            [
              -120.7817507149352,
              38.117741783757786
            ],
            [
              -120.78168890422167,
              38.11769578184083
            ],
            [
              -120.78163317295311,
              38.117645163872645
            ],
            [
              -120.7815840706081,
              38.117590428930164
            ],
            [
              -120.78154208130303,
              38.11753211668104
            ],
            [
              -120.78150761901901,
              38.11747080206257
            ],
            [
              -120.78148102352101,
              38.11740708961273
            ],
            [
              -120.7814625570084,
              38.11734160750948
            ],
            [
              -120.78145240153056,
              38.11727500137712
            ],
            [
              -120.7814506571929,
              38.11720792792057
            ],
            [
              -120.7814573411706,
              38.117141048450556
            ],
            [
              -120.78147238754035,
              38.1170750223634
            ],
            [
              -120.78149564793108,
              38.11701050063982
            ],
            [
              -120.78152689298777,
              38.11694811942672
            ],
            [
              -120.78156581463338,
              38.11688849376525
            ],
            [
              -120.78161202910717,
              38.1168322115272
            ],
            [
              -120.78166508074872,
              38.11677982761902
            ],
            [
              -120.78172444649094,
              38.11673185851116
            ],
            [
              -120.7817895410174,
              38.11668877714625
            ],
            [
              -120.78185972253324,
              38.11665100827647
            ],
            [
              -120.78186878094246,
              38.11664711121148
            ],
            [
              -120.78186822643109,
              38.116646456404844
            ],
            [
              -120.78183042352688,
              38.116591378509675
            ],
            [
              -120.78179924119203,
              38.11653377086303
            ],
            [
              -120.78159980738336,
              38.116112260695814
            ],
            [
              -120.78130706594837,
              38.1156109279607
            ],
            [
              -120.78126980818622,
              38.115535554744376
            ],
            [
              -120.78122503981642,
              38.11542604326446
            ],
            [
              -120.78118961927268,
              38.11541203197508
            ],
            [
              -120.7811368749591,
              38.11540337880594
            ],
            [
              -120.7810585374615,
              38.115384187001354
            ],
            [
              -120.78098288734692,
              38.11535915454355
            ],
            [
              -120.78091062045887,
              38.1153285116872
            ],
            [
              -120.78084240151874,
              38.11529254029233
            ],
            [
              -120.78077885801133,
              38.115251571231454
            ],
            [
              -120.78072057441305,
              38.11520598134594
            ],
            [
              -120.7806680868156,
              38.11515618997954
            ],
            [
              -120.7806218779952,
              38.11510265512093
            ],
            [
              -120.7805823729721,
              38.1150458691909
            ],
            [
              -120.78054993510152,
              38.11498635451276
            ],
            [
              -120.78052486273205,
              38.11492465850779
            ],
            [
              -120.7805073864619,
              38.11486134865984
            ],
            [
              -120.7804976670185,
              38.11479700729549
            ],
            [
              -120.78048816825087,
              38.11469120726499
            ],
            [
              -120.78048633064503,
              38.114625341105146
            ],
            [
              -120.78049262144283,
              38.11455964668449
            ],
            [
              -120.78050698080757,
              38.11449474864793
            ],
            [
              -120.78052927218489,
              38.114431264066496
            ],
            [
              -120.7805592836018,
              38.114369796570074
            ],
            [
              -120.7805967296831,
              38.114310930608134
            ],
            [
              -120.78064125436518,
              38.1142552258928
            ],
            [
              -120.7806924342823,
              38.11420321207707
            ],
            [
              -120.78074978279234,
              38.11415538371915
            ],
            [
              -120.78081275460413,
              38.1141121955802
            ],
            [
              -120.78088075096228,
              38.114074058300645
            ],
            [
              -120.78095312534026,
              38.11404133449605
            ],
            [
              -120.78102918958756,
              38.114014335309435
            ],
            [
              -120.78110822047228,
              38.11399331745309
            ],
            [
              -120.78118946655746,
              38.113978480768
            ],
            [
              -120.78127215534529,
              38.113969966323666
            ],
            [
              -120.7813555006215,
              38.11396785507707
            ],
            [
              -120.78143870993021,
              38.11397216710284
            ],
            [
              -120.7815209921081,
              38.11398286140241
            ],
            [
              -120.78171169049725,
              38.11401526106324
            ],
            [
              -120.78175811436557,
              38.11402422760011
            ],
            [
              -120.78194961282715,
              38.11406572718689
            ],
            [
              -120.78203281868426,
              38.114087436457744
            ],
            [
              -120.78211277596442,
              38.11411575877352
            ],
            [
              -120.78218864519228,
              38.11415039677906
            ],
            [
              -120.78254334374026,
              38.11433209534052
            ],
            [
              -120.78257873030725,
              38.11435123489547
            ],
            [
              -120.7827901296397,
              38.114471833981014
            ],
            [
              -120.78286094671323,
              38.11451694878921
            ],
            [
              -120.78292529730635,
              38.114567751687
            ],
            [
              -120.78298245321284,
              38.11462366778894
            ],
            [
              -120.78332535510222,
              38.11499826584006
            ],
            [
              -120.78337364891343,
              38.11505725619491
            ],
            [
              -120.78341392830626,
              38.1151198896625
            ],
            [
              -120.78344575775569,
              38.11518548904553
            ],
            [
              -120.7834521374349,
              38.11520428190919
            ],
            [
              -120.78350694375241,
              38.11519063240754
            ],
            [
              -120.78375114168578,
              38.11513923279812
            ],
            [
              -120.78377526731184,
              38.115134450475956
            ],
            [
              -120.78394564008238,
              38.11510275142666
            ],
            [
              -120.78416252276374,
              38.11503971167568
            ],
            [
              -120.78424056998838,
              38.11502032073945
            ],
            [
              -120.78432060543004,
              38.1150069109261
            ],
            [
              -120.78440189655818,
              38.11499960497047
            ],
            [
              -120.78448369935035,
              38.11499846974149
            ],
            [
              -120.78488936446105,
              38.11500817971028
            ],
            [
              -120.78535632590496,
              38.115012506011055
            ],
            [
              -120.7854390298965,
              38.11501644327354
            ],
            [
              -120.78552086349234,
              38.115026685091394
            ],
            [
              -120.78560105856867,
              38.11504313533138
            ],
            [
              -120.78567886238005,
              38.115065639585396
            ],
            [
              -120.78575354462461,
              38.1150939866196
            ],
            [
              -120.78582440429841,
              38.11512791035704
            ],
            [
              -120.78606280339994,
              38.11525490936672
            ],
            [
              -120.78612748230847,
              38.11529298960593
            ],
            [
              -120.78618733231127,
              38.11533571492247
            ],
            [
              -120.78624182093789,
              38.115382705206784
            ],
            [
              -120.78629046341302,
              38.11543354240474
            ],
            [
              -120.78633282696966,
              38.11548777423672
            ],
            [
              -120.78636853469936,
              38.11554491822125
            ],
            [
              -120.7863972689061,
              38.11560446596715
            ],
            [
              -120.78649499104493,
              38.11583976726181
            ],
            [
              -120.78654118813628,
              38.11583883840169
            ],
            [
              -120.78662384286683,
              38.115843514821385
            ],
            [
              -120.7867055367055,
              38.11585448935256
            ],
            [
              -120.78678550262858,
              38.11587165895602
            ],
            [
              -120.78686298983436,
              38.11589486242692
            ],
            [
              -120.78693727079191,
              38.11592388190821
            ],
            [
              -120.78700764807128,
              38.115958444935856
            ],
            [
              -120.78707346089163,
              38.115998226996865
            ],
            [
              -120.78713409132496,
              38.11604285457591
            ],
            [
              -120.78718897009782,
              38.11609190866204
            ],
            [
              -120.78723758193645,
              38.116144928682566
            ],
            [
              -120.78727947040485,
              38.11620141682717
            ],
            [
              -120.7873076546107,
              38.11624958438262
            ],
            [
              -120.78736615791613,
              38.11629355274563
            ],
            [
              -120.78742188392508,
              38.11634473242469
            ],
            [
              -120.78747086696535,
              38.11640005017693
            ],
            [
              -120.78751261797784,
              38.11645895371433
            ],
            [
              -120.78754672010436,
              38.116520854947126
            ],
            [
              -120.78757283285019,
              38.11658513585524
            ],
            [
              -120.78759069548411,
              38.11665115465821
            ],
            [
              -120.78760012964253,
              38.11671825222264
            ],
            [
              -120.787601041111,
              38.116785758642955
            ],
            [
              -120.78759342076584,
              38.11685299992969
            ],
            [
              -120.78757734466618,
              38.11691930473864
            ],
            [
              -120.78755297329542,
              38.116984011073775
            ],
            [
              -120.78752054995992,
              38.11704647289681
            ],
            [
              -120.78748039836053,
              38.11710606657744
            ],
            [
              -120.78743291936131,
              38.117162197120074
            ],
            [
              -120.78737858698784,
              38.11721430410458
            ],
            [
              -120.78731794369484,
              38.11726186728195
            ],
            [
              -120.7872515949504,
              38.11730441176882
            ],
            [
              -120.7871802031909,
              38.117341512789174
            ],
            [
              -120.78710448120687,
              38.11737279991561
            ],
            [
              -120.78692267995316,
              38.11743900042683
            ],
            [
              -120.78685638740679,
              38.11746052715211
            ],
            [
              -120.78678804603113,
              38.11747759278031
            ],
            [
              -120.78676689739781,
              38.11748136953929
            ],
            [
              -120.78676145176277,
              38.11749293425403
            ],
            [
              -120.78672276452109,
              38.11755487009214
            ],
            [
              -120.78651645777842,
              38.11784655954181
            ],
            [
              -120.78629595045452,
              38.11815934876534
            ],
            [
              -120.78625221100235,
              38.11821488558811
            ],
            [
              -120.78611741169439,
              38.118368886410266
            ],
            [
              -120.78606914471233,
              38.11841888420685
            ],
            [
              -120.78601520319535,
              38.1184651205088
            ],
            [
              -120.78600733224596,
              38.1184707193535
            ],
            [
              -120.78602479834683,
              38.118535353974366
            ],
            [
              -120.7860391667848,
              38.11860568828271
            ],
            [
              -120.78610910224918,
              38.1185839142799
            ],
            [
              -120.78618827301669,
              38.11856599159578
            ],
            [
              -120.78626925881146,
              38.118554168109604
            ],
            [
              -120.78635130863249,
              38.11854855346401
            ],
            [
              -120.7864336616125,
              38.118549199725585
            ],
            [
              -120.78651555407293,
              38.11855610090203
            ],
            [
              -120.7865962266053,
              38.11856919299773
            ],
            [
              -120.7866749311127,
              38.11858835460709
            ],
            [
              -120.78675093774656,
              38.11861340804028
            ],
            [
              -120.7868235416744,
              38.11864412097085
            ],
            [
              -120.78689206961539,
              38.1186802085899
            ],
            [
              -120.78691129021233,
              38.11869259565357
            ],
            [
              -120.78692093167945,
              38.11869366894918
            ],
            [
              -120.78700139758404,
              38.11870575570451
            ],
            [
              -120.78708003090242,
              38.118723868216904
            ],
            [
              -120.78715611038916,
              38.11874784035461
            ],
            [
              -120.78722893822126,
              38.1187774522397
            ],
            [
              -120.78729784639835,
              38.11881243226474
            ],
            [
              -120.78736220286946,
              38.11885245958381
            ],
            [
              -120.78742141733035,
              38.11889716705519
            ],
            [
              -120.78747494663776,
              38.11894614460863
            ],
            [
              -120.78752229979142,
              38.11899894300647
            ],
            [
              -120.78756304243791,
              38.11905507796392
            ],
            [
              -120.78759680085504,
              38.119114034590964
            ],
            [
              -120.78762326538015,
              38.119175272114816
            ],
            [
              -120.78764219325109,
              38.11923822884002
            ],
            [
              -120.78765341083351,
              38.11930232730044
            ],
            [
              -120.78765681521425,
              38.11936697955587
            ],
            [
              -120.7876551731206,
              38.11939087574785
            ],
            [
              -120.78770668613595,
              38.119402081447
            ],
            [
              -120.7877857043415,
              38.119426132248414
            ],
            [
              -120.78786132461147,
              38.119456238470434
            ],
            [
              -120.78793280559609,
              38.1194921049666
            ],
            [
              -120.78799944652216,
              38.11953338011889
            ],
            [
              -120.78806059406291,
              38.11957965928467
            ],
            [
              -120.78811564874292,
              38.119630488763235
            ],
            [
              -120.78816407081514,
              38.119685370243545
            ],
            [
              -120.78820538555262,
              38.11974376568908
            ],
            [
              -120.78823918790307,
              38.119805102612375
            ],
            [
              -120.78826514646025,
              38.11986877968732
            ],
            [
              -120.78828300671374,
              38.11993417264403
            ],
            [
              -120.7882925935448,
              38.12000064038903
            ],
            [
              -120.78829381294393,
              38.12006753129007
            ],
            [
              -120.78828665293364,
              38.12013418956467
            ],
            [
              -120.78827118368645,
              38.12019996170922
            ],
            [
              -120.78825882468946,
              38.120241061306416
            ],
            [
              -120.7882651179059,
              38.12027533211363
            ],
            [
              -120.7883117924634,
              38.120272595391725
            ],
            [
              -120.78839324447662,
              38.12027396042407
            ],
            [
              -120.78847416252829,
              38.120281441929585
            ],
            [
              -120.78855381235242,
              38.12029497202029
            ],
            [
              -120.78862369659831,
              38.120312480153046
            ],
            [
              -120.78871241501372,
              38.120284234737696
            ],
            [
              -120.78878299821066,
              38.12026455285717
            ],
            [
              -120.78910229558798,
              38.1201877534486
            ],
            [
              -120.78918347259638,
              38.12017161109646
            ],
            [
              -120.78926625831808,
              38.12016181536331
            ],
            [
              -120.78934985968316,
              38.120158460090856
            ],
            [
              -120.78943347580852,
              38.12016157742258
            ],
            [
              -120.78951630566954,
              38.120171137495774
            ],
            [
              -120.78959755577297,
              38.120187048727594
            ],
            [
              -120.78967644775798,
              38.12020915869228
            ],
            [
              -120.78975222585214,
              38.120237255581266
            ],
            [
              -120.78982416411101,
              38.120271070232015
            ],
            [
              -120.78989157337237,
              38.12031027870644
            ],
            [
              -120.78995380785793,
              38.120354505393884
            ],
            [
              -120.79001027135975,
              38.120403326609136
            ],
            [
              -120.79006042295184,
              38.120456274651126
            ],
            [
              -120.79010378217251,
              38.120512842283084
            ],
            [
              -120.79013993362723,
              38.120572487591666
            ],
            [
              -120.79016853096884,
              38.120634639178185
            ],
            [
              -120.79018930021587,
              38.12069870163242
            ],
            [
              -120.79020204237817,
              38.12076406123647
            ],
            [
              -120.79020663536386,
              38.120830091844105
            ],
            [
              -120.79020641139685,
              38.1208342019617
            ],
            [
              -120.79023810248708,
              38.120882141762536
            ],
            [
              -120.79027259638728,
              38.1209410575283
            ],
            [
              -120.79029977432933,
              38.12100231639567
            ],
            [
              -120.7903193854314,
              38.1210653529216
            ],
            [
              -120.79033124865511,
              38.121129585253016
            ],
            [
              -120.79033525447711,
              38.12119442049756
            ],
            [
              -120.79033136590097,
              38.12125926019609
            ],
            [
              -120.79031961879929,
              38.12132350584684
            ],
            [
              -120.79030012158346,
              38.121386564429805
            ],
            [
              -120.7902730542036,
              38.12144785388084
            ],
            [
              -120.7902386664883,
              38.12150680846435
            ],
            [
              -120.79019727583908,
              38.12156288399571
            ],
            [
              -120.79014926430116,
              38.12161556286441
            ],
            [
              -120.79009507503741,
              38.12166435881223
            ],
            [
              -120.79003520823784,
              38.12170882142183
            ],
            [
              -120.78997021650278,
              38.121748540274666
            ],
            [
              -120.78990069974198,
              38.12178314873964
            ],
            [
              -120.78982729963708,
              38.12181232735753
            ],
            [
              -120.789750693718,
              38.12183580679006
            ],
            [
              -120.78967158910882,
              38.12185337030616
            ],
            [
              -120.78959071599988,
              38.12186485578278
            ],
            [
              -120.78950882090723,
              38.12187015720141
            ],
            [
              -120.78935357144087,
              38.12187429236324
            ],
            [
              -120.78937289695418,
              38.12190767907671
            ],
            [
              -120.78944199824467,
              38.12204427865273
            ],
            [
              -120.78946844699809,
              38.12210471771244
            ],
            [
              -120.78948754409988,
              38.122166861424255
            ],
            [
              -120.789499118452,
              38.12223015308137
            ],
            [
              -120.78950306634702,
              38.122294025691815
            ],
            [
              -120.78949935239808,
              38.122357907057676
            ],
            [
              -120.78948800985651,
              38.12242122490116
            ],
            [
              -120.78948024090114,
              38.12244682854333
            ],
            [
              -120.7896157880817,
              38.122448445978286
            ],
            [
              -120.78993186228863,
              38.12241339174408
            ],
            [
              -120.7900671656083,
              38.12237038830246
            ],
            [
              -120.79014575168836,
              38.12234885539573
            ],
            [
              -120.79022661388797,
              38.12233345481409
            ],
            [
              -120.79030898739029,
              38.12232433222095
            ],
            [
              -120.79039209308526,
              38.1223215739008
            ],
            [
              -120.79047514493789,
              38.12232520594323
            ],
            [
              -120.79055735742227,
              38.12233519399608
            ],
            [
              -120.79063795295066,
              38.12235144359037
            ],
            [
              -120.79071616922747,
              38.122373801033675
            ],
            [
              -120.79079126645883,
              38.12240205486367
            ],
            [
              -120.79086253434933,
              38.12243593784798
            ],
            [
              -120.79092929881978,
              38.122475129511635
            ],
            [
              -120.79099092838281,
              38.1225192591679
            ],
            [
              -120.79104684011536,
              38.122567909424156
            ],
            [
              -120.79109650517246,
              38.12262062012949
            ],
            [
              -120.7911394537893,
              38.122676892726695
            ],
            [
              -120.79117527972481,
              38.122736194967636
            ],
            [
              -120.79120364410443,
              38.122797965947235
            ],
            [
              -120.79122427862605,
              38.12286162140852
            ],
            [
              -120.79123698809829,
              38.12292655926871
            ],
            [
              -120.79124165228745,
              38.12299216531387
            ],
            [
              -120.7912382270556,
              38.123057819008395
            ],
            [
              -120.79122674477881,
              38.12312289936434
            ],
            [
              -120.7912073140418,
              38.12318679081509
            ],
            [
              -120.79118011861154,
              38.12324888903783
            ],
            [
              -120.79114712879715,
              38.12330565873224
            ],
            [
              -120.79117234590453,
              38.123309630996765
            ],
            [
              -120.7912540582843,
              38.123329370404996
            ],
            [
              -120.79133286961947,
              38.12335545212492
            ],
            [
              -120.79140799329296,
              38.123387615836265
            ],
            [
              -120.79147867949112,
              38.12342554051414
            ],
            [
              -120.79154422268749,
              38.123468847632914
            ],
            [
              -120.79160396868451,
              38.123517104944
            ],
            [
              -120.79165732114303,
              38.12356983078988
            ],
            [
              -120.79170374753448,
              38.12362649891126
            ],
            [
              -120.7917427844566,
              38.123686543699385
            ],
            [
              -120.79177404225895,
              38.12374936584129
            ],
            [
              -120.79179720893279,
              38.123814338301266
            ],
            [
              -120.79181205322605,
              38.12388081257929
            ],
            [
              -120.79181842695222,
              38.12394812518366
            ],
            [
              -120.7918162664704,
              38.124015604253316
            ],
            [
              -120.79180559332139,
              38.12408257626391
            ],
            [
              -120.7917865140137,
              38.12414837275028
            ],
            [
              -120.79175921896125,
              38.12421233697883
            ],
            [
              -120.79172398058373,
              38.124273830502595
            ],
            [
              -120.79168115058819,
              38.12433223953403
            ],
            [
              -120.79157098689797,
              38.12446652635075
            ],
            [
              -120.7915987066565,
              38.124491351134175
            ],
            [
              -120.7918095852917,
              38.124678841505336
            ],
            [
              -120.7918641353593,
              38.124732634270565
            ],
            [
              -120.79191146396417,
              38.12479053732828
            ],
            [
              -120.79195107856043,
              38.12485194810729
            ],
            [
              -120.79198256687545,
              38.12491622753146
            ],
            [
              -120.79200560120051,
              38.124982706670025
            ],
            [
              -120.79201994180232,
              38.12505069369881
            ],
            [
              -120.79202543941855,
              38.12511948109959
            ],
            [
              -120.79202801405225,
              38.12528865520183
            ],
            [
              -120.79206098534746,
              38.12530489622891
            ],
            [
              -120.79212743168833,
              38.12534526525596
            ],
            [
              -120.79218855649948,
              38.12539057844738
            ],
            [
              -120.7922437726592,
              38.12544040056489
            ],
            [
              -120.7922607294178,
              38.12545912171927
            ],
            [
              -120.79229095972629,
              38.12544268252991
            ],
            [
              -120.79249499474474,
              38.12527720049737
            ],
            [
              -120.79248406793512,
              38.12521318094314
            ],
            [
              -120.79247719688681,
              38.12515209168982
            ],
            [
              -120.79247736670382,
              38.12509076193043
            ],
            [
              -120.79248457596924,
              38.12502969700405
            ],
            [
              -120.79250377719075,
              38.12492079717883
            ],
            [
              -120.79251918095781,
              38.12485644443595
            ],
            [
              -120.79254239977132,
              38.124793572158225
            ],
            [
              -120.79257321544209,
              38.1247327711088
            ],
            [
              -120.79261133840123,
              38.1246746125877
            ],
            [
              -120.79265641042139,
              38.1246196430639
            ],
            [
              -120.79270800798328,
              38.124568379040916
            ],
            [
              -120.79276564625556,
              38.12452130220371
            ],
            [
              -120.79282878365053,
              38.124478854893056
            ],
            [
              -120.7928968269131,
              38.12444143594939
            ],
            [
              -120.79296913669505,
              38.12440939696558
            ],
            [
              -120.79304503356225,
              38.12438303898342
            ],
            [
              -120.79312380437834,
              38.124362609665305
            ],
            [
              -120.79320470900512,
              38.12434830096727
            ],
            [
              -120.79328698725637,
              38.12434024733545
            ],
            [
              -120.79336986604008,
              38.12433852444299
            ],
            [
              -120.79345256662201,
              38.12434314847892
            ],
            [
              -120.7934805409023,
              38.12434688801999
            ],
            [
              -120.79354495428295,
              38.12432262172405
            ],
            [
              -120.79362325422106,
              38.1243002124336
            ],
            [
              -120.79370394185827,
              38.12428392487615
            ],
            [
              -120.7937862522118,
              38.12427391347109
            ],
            [
              -120.79386940491543,
              38.12427027313498
            ],
            [
              -120.79395261161714,
              38.12427303838171
            ],
            [
              -120.79403508345301,
              38.12428218299524
            ],
            [
              -120.79411603852543,
              38.124297620278135
            ],
            [
              -120.7941947093155,
              38.12431920387348
            ],
            [
              -120.79427034995939,
              38.12434672915225
            ],
            [
              -120.79434224331898,
              38.12437993515323
            ],
            [
              -120.79440970778087,
              38.12441850705689
            ],
            [
              -120.7944721037181,
              38.12446207916998
            ],
            [
              -120.79452883955456,
              38.124510238392304
            ],
            [
              -120.79457937737341,
              38.12456252813305
            ],
            [
              -120.7946232380173,
              38.12461845263942
            ],
            [
              -120.79466000563154,
              38.12467748169655
            ],
            [
              -120.79468933160716,
              38.12473905565425
            ],
            [
              -120.79471093788666,
              38.124802590732834
            ],
            [
              -120.79472461960096,
              38.12486748455769
            ],
            [
              -120.79473024701232,
              38.12493312187038
            ],
            [
              -120.79473855106474,
              38.12527982193432
            ],
            [
              -120.79473844096584,
              38.125282447466816
            ],
            [
              -120.79476740104204,
              38.12529259884966
            ],
            [
              -120.7948393908759,
              38.12532473407316
            ],
            [
              -120.79490711606333,
              38.12536221050417
            ],
            [
              -120.79496994361368,
              38.12540467787517
            ],
            [
              -120.79502728630821,
              38.12545173927088
            ],
            [
              -120.79507860818866,
              38.12550295483765
            ],
            [
              -120.79512342956657,
              38.1255578458943
            ],
            [
              -120.79516133150695,
              38.12561589940587
            ],
            [
              -120.79519195974414,
              38.12567657277841
            ],
            [
              -120.79521502799369,
              38.125739298930164
            ],
            [
              -120.79523032062848,
              38.125803491591576
            ],
            [
              -120.7952376946949,
              38.12586855078486
            ],
            [
              -120.79523708124975,
              38.1259338684315
            ],
            [
              -120.79522848600534,
              38.125998834035755
            ],
            [
              -120.79521198927696,
              38.12606284039065
            ],
            [
              -120.79518774523287,
              38.126125289253444
            ],
            [
              -120.7951559804542,
              38.12618559693719
            ],
            [
              -120.79511699181775,
              38.12624319976647
            ],
            [
              -120.79507114372186,
              38.12629755934595
            ],
            [
              -120.7950188646808,
              38.12634816759296
            ],
            [
              -120.79496064332007,
              38.126394551486406
            ],
            [
              -120.79489702380943,
              38.126436277488395
            ],
            [
              -120.79484070678271,
              38.12646646618811
            ],
            [
              -120.79479328852894,
              38.12652203682905
            ],
            [
              -120.7947566683411,
              38.12655687382797
            ],
            [
              -120.79477911264803,
              38.12657275433288
            ],
            [
              -120.79483714072978,
              38.12662298983488
            ],
            [
              -120.79488848203385,
              38.126677578741045
            ],
            [
              -120.79493261641198,
              38.126735968018174
            ],
            [
              -120.79496101426058,
              38.126783918654105
            ],
            [
              -120.79501844687593,
              38.126825463237566
            ],
            [
              -120.79507440305468,
              38.126874719160746
            ],
            [
              -120.79512399036099,
              38.1269280631934
            ],
            [
              -120.79516673301278,
              38.12698498352427
            ],
            [
              -120.79520222089631,
              38.12704493402789
            ],
            [
              -120.79523011350165,
              38.12710733950416
            ],
            [
              -120.79525014319012,
              38.12717160119698
            ],
            [
              -120.79526211776317,
              38.12723710253899
            ],
            [
              -120.79526592230707,
              38.12730321506709
            ],
            [
              -120.79526152029621,
              38.127369304452436
            ],
            [
              -120.7952511306341,
              38.12742340272276
            ],
            [
              -120.79529978602643,
              38.12746805825039
            ],
            [
              -120.79535162268185,
              38.127520676395505
            ],
            [
              -120.7953966416665,
              38.12757707408186
            ],
            [
              -120.7954344045761,
              38.12763670211784
            ],
            [
              -120.79546454366208,
              38.1276989798538
            ],
            [
              -120.79548676541329,
              38.12776330083602
            ],
            [
              -120.79550085341492,
              38.127829038712335
            ],
            [
              -120.79550667045672,
              38.12789555333114
            ],
            [
              -120.79550415986986,
              38.12796219697531
            ],
            [
              -120.79549334607991,
              38.128028320669436
            ],
            [
              -120.79547433436956,
              38.12809328049971
            ],
            [
              -120.79544730985437,
              38.12815644388444
            ],
            [
              -120.795412535681,
              38.12821719573423
            ],
            [
              -120.79537035046515,
              38.12827494444195
            ],
            [
              -120.7953211649948,
              38.12832912764417
            ],
            [
              -120.79526545823045,
              38.128379217697585
            ],
            [
              -120.79520377264112,
              38.12842472681765
            ],
            [
              -120.79513670892197,
              38.128465211828896
            ],
            [
              -120.79507813666744,
              38.12849382261419
            ],
            [
              -120.79512703397187,
              38.12851280066309
            ],
            [
              -120.79519731876833,
              38.12854709373093
            ],
            [
              -120.79526308763285,
              38.12858658272908
            ],
            [
              -120.79532372705447,
              38.128630899297946
            ],
            [
              -120.79537867136735,
              38.12867963004475
            ],
            [
              -120.79542740802769,
              38.128732320399514
            ],
            [
              -120.79546948239495,
              38.12878847885509
            ],
            [
              -120.79562121845792,
              38.12901533470702
            ],
            [
              -120.7956324361315,
              38.12901207002576
            ],
            [
              -120.79571410248889,
              38.128995301448334
            ],
            [
              -120.79579746310317,
              38.12898497044719
            ],
            [
              -120.79588170673952,
              38.12898117756052
            ],
            [
              -120.79596601357025,
              38.128983959699966
            ],
            [
              -120.79611291224138,
              38.12899455956282
            ],
            [
              -120.79619699851828,
              38.129003971122934
            ],
            [
              -120.7962794888133,
              38.12901992284648
            ],
            [
              -120.79635956994008,
              38.12904225748284
            ],
            [
              -120.79643645245955,
              38.1290707548587
            ],
            [
              -120.79650937846196,
              38.1291051340484
            ],
            [
              -120.79657762903776,
              38.12914505614301
            ],
            [
              -120.79664053136445,
              38.12919012759103
            ],
            [
              -120.79669746533918,
              38.12923990407778
            ],
            [
              -120.79674786969177,
              38.1292938949052
            ],
            [
              -120.79679124751797,
              38.12935156782889
            ],
            [
              -120.79682717117831,
              38.12941235430473
            ],
            [
              -120.79685528651441,
              38.12947565509348
            ],
            [
              -120.7968753163409,
              38.129540846167856
            ],
            [
              -120.79687893743507,
              38.129561326650816
            ],
            [
              -120.79701051049042,
              38.12951021372899
            ],
            [
              -120.79708891788992,
              38.129483505875974
            ],
            [
              -120.79717030567397,
              38.12946310597872
            ],
            [
              -120.79737932669254,
              38.12941965472543
            ],
            [
              -120.79737922942383,
              38.12941956253552
            ],
            [
              -120.79732899479009,
              38.12936692857012
            ],
            [
              -120.79728549233195,
              38.12931067848019
            ],
            [
              -120.79724913609148,
              38.129251347656734
            ],
            [
              -120.79722027209013,
              38.129189500811925
            ],
            [
              -120.79719917503591,
              38.12912572660399
            ],
            [
              -120.79718604570931,
              38.12906063203418
            ],
            [
              -120.79718100905315,
              38.12899483666927
            ],
            [
              -120.79718254782486,
              38.12896218171937
            ],
            [
              -120.79716208005567,
              38.128966856591134
            ],
            [
              -120.79707871238352,
              38.128978997906756
            ],
            [
              -120.79699423264364,
              38.12898456097766
            ],
            [
              -120.79690947067076,
              38.12898349115916
            ],
            [
              -120.79682525907201,
              38.128975798960674
            ],
            [
              -120.79674242504758,
              38.1289615599424
            ],
            [
              -120.79666178226478,
              38.1289409139731
            ],
            [
              -120.79658412286457,
              38.128914063856016
            ],
            [
              -120.79653812259363,
              38.128895963699556
            ],
            [
              -120.79646733076115,
              38.1288647160138
            ],
            [
              -120.79640060349372,
              38.1288283130661
            ],
            [
              -120.79633854059722,
              38.128787082083576
            ],
            [
              -120.79628169994648,
              38.12874139369192
            ],
            [
              -120.79623059247079,
              38.12869165858375
            ],
            [
              -120.79618567756121,
              38.128638323826515
            ],
            [
              -120.79614735894127,
              38.128581868843824
            ],
            [
              -120.79611598103843,
              38.12852280110555
            ],
            [
              -120.79609182588835,
              38.12846165156612
            ],
            [
              -120.7960751106004,
              38.128398969891734
            ],
            [
              -120.7960659854066,
              38.12833531951932
            ],
            [
              -120.79606514114192,
              38.12829810751979
            ],
            [
              -120.79603220197947,
              38.128280772421654
            ],
            [
              -120.79596831649745,
              38.12823961851618
            ],
            [
              -120.79590974321071,
              38.12819379775228
            ],
            [
              -120.79585702619153,
              38.128143735756076
            ],
            [
              -120.79581065511074,
              38.12808989754916
            ],
            [
              -120.79577106068948,
              38.12803278322887
            ],
            [
              -120.79573861069855,
              38.12797292332275
            ],
            [
              -120.79571360654283,
              38.12791087386033
            ],
            [
              -120.79569380717321,
              38.127852073741344
            ],
            [
              -120.79567587564321,
              38.12778547253873
            ],
            [
              -120.79566652153596,
              38.12771778388622
            ],
            [
              -120.79566583983251,
              38.12764969526316
            ],
            [
              -120.79567383743239,
              38.12758189820929
            ],
            [
              -120.7956904330847,
              38.12751508130117
            ],
            [
              -120.79571545821412,
              38.127449923158764
            ],
            [
              -120.79574865863403,
              38.12738708555318
            ],
            [
              -120.79578969712894,
              38.12732720668574
            ],
            [
              -120.79583815688007,
              38.12727089470629
            ],
            [
              -120.79589354569916,
              38.127218721537005
            ],
            [
              -120.79595530102785,
              38.12717121706389
            ],
            [
              -120.79602279565134,
              38.127128863755495
            ],
            [
              -120.79609534406856,
              38.1270920917631
            ],
            [
              -120.79617220945433,
              38.12706127455225
            ],
            [
              -120.79625261114234,
              38.12703672510999
            ],
            [
              -120.7963357325534,
              38.12701869276628
            ],
            [
              -120.79642072948826,
              38.12700736066198
            ],
            [
              -120.7966602922246,
              38.1269851576962
            ],
            [
              -120.79693121542354,
              38.126953981460005
            ],
            [
              -120.79695286124958,
              38.12693372259568
            ],
            [
              -120.79700919432707,
              38.126885895506845
            ],
            [
              -120.79707111129113,
              38.12684258944398
            ],
            [
              -120.7971380333056,
              38.12680420925176
            ],
            [
              -120.79720933474796,
              38.126771113725134
            ],
            [
              -120.79728434905768,
              38.126743612255396
            ],
            [
              -120.79729327847468,
              38.126741134559786
            ],
            [
              -120.79720624768784,
              38.12661474889998
            ],
            [
              -120.79716908546806,
              38.12655366955049
            ],
            [
              -120.79713985598582,
              38.12648995675216
            ],
            [
              -120.79711885327823,
              38.12642425147727
            ],
            [
              -120.79710628861653,
              38.1263572147413
            ],
            [
              -120.79710228838135,
              38.126289520952774
            ],
            [
              -120.79710339126618,
              38.12604242104882
            ],
            [
              -120.79710825248767,
              38.12597283155208
            ],
            [
              -120.79712216310872,
              38.12590400788656
            ],
            [
              -120.79714497508512,
              38.12583668238634
            ],
            [
              -120.79717644565754,
              38.125771571442016
            ],
            [
              -120.79728934731699,
              38.125569872238664
            ],
            [
              -120.79732523696552,
              38.1255131198398
            ],
            [
              -120.7973677067112,
              38.12545927666183
            ],
            [
              -120.79741638211856,
              38.12540881739725
            ],
            [
              -120.79747083404432,
              38.12536218690442
            ],
            [
              -120.79753058242116,
              38.12531979628583
            ],
            [
              -120.79759510049008,
              38.125282019263956
            ],
            [
              -120.79766381944448,
              38.125249188886634
            ],
            [
              -120.79773613344462,
              38.12522159459104
            ],
            [
              -120.79781140495864,
              38.1251994796522
            ],
            [
              -120.79799167617388,
              38.1251540031972
            ],
            [
              -120.79799966322828,
              38.12514972934773
            ],
            [
              -120.7979742208403,
              38.12508978641943
            ],
            [
              -120.79793782191548,
              38.124988186199225
            ],
            [
              -120.7979245262956,
              38.124941896473665
            ],
            [
              -120.79784676133329,
              38.12491981536422
            ],
            [
              -120.79755575939154,
              38.12482201448192
            ],
            [
              -120.79747978966269,
              38.12479290426013
            ],
            [
              -120.79740782368714,
              38.12475801862998
            ],
            [
              -120.79734056283664,
              38.12471769758624
            ],
            [
              -120.79727866262368,
              38.12467233409635
            ],
            [
              -120.79722272631302,
              38.12462237027034
            ],
            [
              -120.7971732990422,
              38.12456829305175
            ],
            [
              -120.79713086250894,
              38.1245106294717
            ],
            [
              -120.79709583027709,
              38.12444994151228
            ],
            [
              -120.79706854374636,
              38.124386820629276
            ],
            [
              -120.79705524521493,
              38.124342016898794
            ],
            [
              -120.79702696087092,
              38.124333607512455
            ],
            [
              -120.79695010152508,
              38.12430350206965
            ],
            [
              -120.79687744668118,
              38.12426746571987
            ],
            [
              -120.7968097273155,
              38.124225861026744
            ],
            [
              -120.79674762474485,
              38.124179106576484
            ],
            [
              -120.79669176377182,
              38.12412767276621
            ],
            [
              -120.79664270639867,
              38.12407207707086
            ],
            [
              -120.7966009461734,
              38.12401287883683
            ],
            [
              -120.79656690322446,
              38.123950673653944
            ],
            [
              -120.79654092003467,
              38.12388608736321
            ],
            [
              -120.79652325799613,
              38.123819769759976
            ],
            [
              -120.79651409478112,
              38.12375238805628
            ],
            [
              -120.79650761326995,
              38.123662410101566
            ],
            [
              -120.79647419791463,
              38.12362763037475
            ],
            [
              -120.79643265500023,
              38.12357497734581
            ],
            [
              -120.79639740140948,
              38.1235195359328
            ],
            [
              -120.79636873440222,
              38.1234617736436
            ],
            [
              -120.79634689569542,
              38.12340217755561
            ],
            [
              -120.79630369724445,
              38.123260177299485
            ],
            [
              -120.79628904179603,
              38.123200175826504
            ],
            [
              -120.79628130894515,
              38.12313937373235
            ],
            [
              -120.796280561931,
              38.123078268392014
            ],
            [
              -120.79628190391162,
              38.12306517962137
            ],
            [
              -120.79622515365328,
              38.122966895577406
            ],
            [
              -120.79619312706609,
              38.12290301028087
            ],
            [
              -120.79616948001616,
              38.122836885682844
            ],
            [
              -120.79615445705892,
              38.122769205702056
            ],
            [
              -120.79615357265529,
              38.12275949755744
            ],
            [
              -120.79611072179806,
              38.12274662341824
            ],
            [
              -120.79596134629533,
              38.12272687754213
            ],
            [
              -120.79587855527505,
              38.12271257024699
            ],
            [
              -120.7957979631754,
              38.12269186038165
            ],
            [
              -120.79572036132838,
              38.12266495129702
            ],
            [
              -120.79564651170234,
              38.12263210721387
            ],
            [
              -120.79557713941972,
              38.12259365062816
            ],
            [
              -120.79551292563691,
              38.12254995914435
            ],
            [
              -120.79545450085574,
              38.12250146176733
            ],
            [
              -120.7954024387328,
              38.122448634689775
            ],
            [
              -120.79535725044673,
              38.122391996616344
            ],
            [
              -120.79531937967958,
              38.122332103670104
            ],
            [
              -120.7952891982606,
              38.12226954393192
            ],
            [
              -120.79526700251603,
              38.122204931665905
            ],
            [
              -120.79525301036021,
              38.12213890128794
            ],
            [
              -120.7952473591567,
              38.12207210113634
            ],
            [
              -120.7952501043705,
              38.12200518710586
            ],
            [
              -120.79526121902413,
              38.12193881620766
            ],
            [
              -120.79528059396368,
              38.12187364011826
            ],
            [
              -120.79530803893125,
              38.12181029878104
            ],
            [
              -120.79534328443387,
              38.121749414123
            ],
            [
              -120.7953859843903,
              38.121691583948426
            ],
            [
              -120.79543571952964,
              38.121637376069415
            ],
            [
              -120.79549200150848,
              38.121587322731095
            ],
            [
              -120.79555427770613,
              38.12154191538593
            ],
            [
              -120.79562193665056,
              38.12150159986864
            ],
            [
              -120.79589923539982,
              38.12135280095598
            ],
            [
              -120.79596620569176,
              38.12132031269407
            ],
            [
              -120.79603666816958,
              38.12129281789524
            ],
            [
              -120.79611002788054,
              38.12127054871212
            ],
            [
              -120.7961691782563,
              38.12125501658114
            ],
            [
              -120.79620050832175,
              38.121239477620875
            ],
            [
              -120.79613781911549,
              38.12122098510724
            ],
            [
              -120.7960640327262,
              38.12119258420077
            ],
            [
              -120.79599403242823,
              38.12115872638246
            ],
            [
              -120.79592846294464,
              38.121119723495944
            ],
            [
              -120.79586792818614,
              38.121075934772215
            ],
            [
              -120.7958129856889,
              38.12102776352082
            ],
            [
              -120.79576930635538,
              38.12098116363711
            ],
            [
              -120.79570616052555,
              38.120970975880645
            ],
            [
              -120.79552444727224,
              38.120952778967926
            ],
            [
              -120.79544243732518,
              38.12094133761877
            ],
            [
              -120.79536222478352,
              38.12092364939708
            ],
            [
              -120.79528457020676,
              38.120899882020005
            ],
            [
              -120.79521020989834,
              38.12087026084602
            ],
            [
              -120.79513984892354,
              38.12083506673777
            ],
            [
              -120.79507415442384,
              38.120794633398894
            ],
            [
              -120.79501374929127,
              38.12074934420961
            ],
            [
              -120.79495920626204,
              38.120699628591346
            ],
            [
              -120.79491104248612,
              38.120645957934926
            ],
            [
              -120.79486971462413,
              38.120588841130576
            ],
            [
              -120.79483561451762,
              38.12052881974272
            ],
            [
              -120.79480906547427,
              38.120466462874624
            ],
            [
              -120.79479031920302,
              38.120402361772385
            ],
            [
              -120.79478011970711,
              38.12035766171528
            ],
            [
              -120.79476951033783,
              38.12029392661362
            ],
            [
              -120.79476661635115,
              38.120229683452045
            ],
            [
              -120.79477146392469,
              38.12016551379303
            ],
            [
              -120.79478400915562,
              38.120101998532114
            ],
            [
              -120.79480413845889,
              38.12003971263944
            ],
            [
              -120.79483166959614,
              38.119979219954935
            ],
            [
              -120.79486635332603,
              38.11992106808432
            ],
            [
              -120.79490787566117,
              38.11986578344203
            ],
            [
              -120.79495586071069,
              38.119813866486126
            ],
            [
              -120.79500987408358,
              38.11976578718814
            ],
            [
              -120.79506942682109,
              38.11972198077894
            ],
            [
              -120.79513397982308,
              38.11968284380905
            ],
            [
              -120.79520294872827,
              38.11964873055918
            ],
            [
              -120.79527570920386,
              38.11961994983332
            ],
            [
              -120.79535160259695,
              38.11959676216359
            ],
            [
              -120.79542994189667,
              38.119579377451956
            ],
            [
              -120.79565373995595,
              38.1195386777553
            ],
            [
              -120.79573599170435,
              38.11952702885398
            ],
            [
              -120.79581928982934,
              38.11952177688353
            ],
            [
              -120.79590283912788,
              38.11952297198242
            ],
            [
              -120.79602143597803,
              38.1195292565537
            ],
            [
              -120.79602516797483,
              38.119527882709946
            ],
            [
              -120.79611362541651,
              38.11949994357021
            ],
            [
              -120.79620546730875,
              38.11947994978197
            ],
            [
              -120.79629955412368,
              38.11946814941862
            ],
            [
              -120.79637803847169,
              38.11946182054913
            ],
            [
              -120.7963347123957,
              38.11938634219281
            ],
            [
              -120.7963048630454,
              38.119327044577204
            ],
            [
              -120.79628619418222,
              38.11927651976256
            ],
            [
              -120.79626052424263,
              38.11925916148569
            ],
            [
              -120.79620252928474,
              38.11921142584843
            ],
            [
              -120.79615072269158,
              38.119159437678086
            ],
            [
              -120.79610560129089,
              38.11910369555809
            ],
            [
              -120.79606759779438,
              38.11904473407218
            ],
            [
              -120.79603707664816,
              38.11898311867739
            ],
            [
              -120.79601577715445,
              38.11893301854701
            ],
            [
              -120.79599225219035,
              38.11886663933716
            ],
            [
              -120.79597741089012,
              38.118798711940535
            ],
            [
              -120.79597140771173,
              38.11872994341019
            ],
            [
              -120.79597430511687,
              38.11866104955265
            ],
            [
              -120.79598607292179,
              38.118592747476846
            ],
            [
              -120.79600658861258,
              38.11852574813
            ],
            [
              -120.79604488962748,
              38.11842374842627
            ],
            [
              -120.7960715585634,
              38.11836336778239
            ],
            [
              -120.79610533406746,
              38.11830524958625
            ],
            [
              -120.79614591353275,
              38.11824991451199
            ],
            [
              -120.79619293339883,
              38.1181978582991
            ],
            [
              -120.79624597240935,
              38.11814954731123
            ],
            [
              -120.79630455538607,
              38.118105414358396
            ],
            [
              -120.79650579442729,
              38.11796757223372
            ],
            [
              -120.79665748845662,
              38.117801006284196
            ],
            [
              -120.79670748911909,
              38.117751221223976
            ],
            [
              -120.79676318949403,
              38.11770536790421
            ],
            [
              -120.79681969062501,
              38.11766685534742
            ],
            [
              -120.79680066776352,
              38.1176593890938
            ],
            [
              -120.7967315192708,
              38.1176254174226
            ],
            [
              -120.79666677389724,
              38.11758640415231
            ],
            [
              -120.79664823969631,
              38.117572849437096
            ],
            [
              -120.79657234575261,
              38.11757887499783
            ],
            [
              -120.796487794279,
              38.11757895866443
            ],
            [
              -120.7964036455844,
              38.11757244589511
            ],
            [
              -120.79632072219867,
              38.11755940035102
            ],
            [
              -120.79623983467346,
              38.117539949549325
            ],
            [
              -120.79616177365868,
              38.11751428361655
            ],
            [
              -120.7960873021737,
              38.11748265343
            ],
            [
              -120.79601714814858,
              38.11744536816535
            ],
            [
              -120.79595199730842,
              38.11740279227424
            ],
            [
              -120.7958924864707,
              38.117355341921694
            ],
            [
              -120.79583919732035,
              38.11730348091796
            ],
            [
              -120.79579265072421,
              38.117247716184686
            ],
            [
              -120.79575330164022,
              38.11718859279964
            ],
            [
              -120.79572153467058,
              38.117126688668705
            ],
            [
              -120.79569766030318,
              38.117062608876715
            ],
            [
              -120.79568191187735,
              38.11699697977299
            ],
            [
              -120.79567444330391,
              38.11693044284891
            ],
            [
              -120.79567215601601,
              38.11688412557884
            ],
            [
              -120.79549950445366,
              38.116760708840125
            ],
            [
              -120.79519784366667,
              38.11654925217316
            ],
            [
              -120.7949605192635,
              38.11638726947999
            ],
            [
              -120.79490057031849,
              38.11634216895756
            ],
            [
              -120.79484642163328,
              38.116292700542026
            ],
            [
              -120.79479858056324,
              38.11623932774797
            ],
            [
              -120.79475749535908,
              38.11618255067242
            ],
            [
              -120.79472355096712,
              38.116122901308934
            ],
            [
              -120.79469706542281,
              38.11606093856254
            ],
            [
              -120.79467828687139,
              38.11599724301288
            ],
            [
              -120.79466739124359,
              38.11593241147402
            ],
            [
              -120.79466448060778,
              38.11586705140242
            ],
            [
              -120.79466958221454,
              38.11580177520518
            ],
            [
              -120.79468264824196,
              38.11573719450185
            ],
            [
              -120.79470355624473,
              38.11567391439388
            ],
            [
              -120.79473211030194,
              38.11561252779502
            ],
            [
              -120.79476804285366,
              38.115553609876095
            ],
            [
              -120.79481101720839,
              38.11549771267597
            ],
            [
              -120.79486063069834,
              38.1154453599294
            ],
            [
              -120.79491641845259,
              38.11539704216004
            ],
            [
              -120.79497785775301,
              38.115353212084635
            ],
            [
              -120.79502905686702,
              38.11532324495883
            ],
            [
              -120.7949918238207,
              38.11528331175764
            ],
            [
              -120.79482122503221,
              38.11507991076752
            ],
            [
              -120.79478083606122,
              38.11502658135479
            ],
            [
              -120.79474682029132,
              38.114970545541205
            ],
            [
              -120.79471946550677,
              38.114912277432666
            ],
            [
              -120.79469900313308,
              38.114852270020855
            ],
            [
              -120.79468560627946,
              38.11479103101201
            ],
            [
              -120.79467938827489,
              38.11472907853119
            ],
            [
              -120.79467448963939,
              38.114612278537564
            ],
            [
              -120.79467547457556,
              38.11455052045392
            ],
            [
              -120.79468359361037,
              38.11448909146819
            ],
            [
              -120.79469877888005,
              38.114428504906634
            ],
            [
              -120.79474207529576,
              38.114289453796296
            ],
            [
              -120.79474519753802,
              38.11425121173003
            ],
            [
              -120.79475671472093,
              38.114176048169305
            ],
            [
              -120.79477880370798,
              38.114102374595774
            ],
            [
              -120.79479526871368,
              38.114066143973595
            ],
            [
              -120.79479621348598,
              38.11405752283122
            ],
            [
              -120.79480680582873,
              38.113995002171414
            ],
            [
              -120.79482473184757,
              38.11393353442607
            ],
            [
              -120.79484983527972,
              38.11387365535334
            ],
            [
              -120.79488189730503,
              38.11381588686311
            ],
            [
              -120.79492063845372,
              38.11376073246823
            ],
            [
              -120.79496572104267,
              38.11370867289585
            ],
            [
              -120.79501675211912,
              38.11366016189772
            ],
            [
              -120.79506145973848,
              38.11362148722384
            ],
            [
              -120.79513971302148,
              38.113513710458356
            ],
            [
              -120.79519122289135,
              38.11345106626806
            ],
            [
              -120.79525117105167,
              38.11339329769339
            ],
            [
              -120.79533867110901,
              38.113317898160965
            ],
            [
              -120.79539787376187,
              38.113271623288995
            ],
            [
              -120.79546249264921,
              38.113230117486424
            ],
            [
              -120.79553191495516,
              38.113193774370416
            ],
            [
              -120.79560548231414,
              38.11316293859776
            ],
            [
              -120.79568249705405,
              38.11313790259661
            ],
            [
              -120.79576222881224,
              38.113118903793385
            ],
            [
              -120.7958439214615,
              38.113106122361444
            ],
            [
              -120.79589689077686,
              38.113099934781715
            ],
            [
              -120.7959312187973,
              38.11305675208694
            ],
            [
              -120.79598166138119,
              38.11300512212215
            ],
            [
              -120.79600335395504,
              38.11298686979835
            ],
            [
              -120.79591356737455,
              38.112960341838395
            ],
            [
              -120.79590251610752,
              38.11295700765529
            ],
            [
              -120.79563561423221,
              38.11287480689783
            ],
            [
              -120.79553355503158,
              38.11283707949361
            ],
            [
              -120.7952148651536,
              38.11269836153753
            ],
            [
              -120.79491616869875,
              38.11260211653183
            ],
            [
              -120.79483148569173,
              38.112570451029605
            ],
            [
              -120.79475169530208,
              38.112531656431514
            ],
            [
              -120.79445099424254,
              38.11236685516125
            ],
            [
              -120.79436309308058,
              38.1123115846784
            ],
            [
              -120.79430938360305,
              38.112272998383
            ],
            [
              -120.79425171117707,
              38.11226699291104
            ],
            [
              -120.79416442322625,
              38.1122504026192
            ],
            [
              -120.79407981781108,
              38.11222667339319
            ],
            [
              -120.79399882745962,
              38.11219606678012
            ],
            [
              -120.79392234485105,
              38.11215892013011
            ],
            [
              -120.79385121297608,
              38.11211564287753
            ],
            [
              -120.79376610293333,
              38.11205799281348
            ],
            [
              -120.79367070758448,
              38.11201672425693
            ],
            [
              -120.79359644804228,
              38.11198059333207
            ],
            [
              -120.79352723240099,
              38.111938674520275
            ],
            [
              -120.79346378054943,
              38.11189140381139
            ],
            [
              -120.79340675242459,
              38.11183927285827
            ],
            [
              -120.79335674114782,
              38.11178282386296
            ],
            [
              -120.79325254200029,
              38.11165142325132
            ],
            [
              -120.79320961808041,
              38.11159052071381
            ],
            [
              -120.79317486499168,
              38.11152644795879
            ],
            [
              -120.79314865265432,
              38.11145988703291
            ],
            [
              -120.79313126007084,
              38.11139154646714
            ],
            [
              -120.79309766212141,
              38.11121204628987
            ],
            [
              -120.79308954512548,
              38.11114720300207
            ],
            [
              -120.79308937157899,
              38.111082043485474
            ],
            [
              -120.79309714307492,
              38.11101717377885
            ],
            [
              -120.79311278731107,
              38.1109531972239
            ],
            [
              -120.7931215140025,
              38.11092986463896
            ],
            [
              -120.79312494289897,
              38.11083880953605
            ],
            [
              -120.79313114905497,
              38.110775220351506
            ],
            [
              -120.79314491627314,
              38.110712376827166
            ],
            [
              -120.79316612186093,
              38.110650838932926
            ],
            [
              -120.79319457684738,
              38.110591155003426
            ],
            [
              -120.79323002766725,
              38.11053385685234
            ],
            [
              -120.79327215842119,
              38.11047945503366
            ],
            [
              -120.79332059369085,
              38.11042843429267
            ],
            [
              -120.79337490188448,
              38.110381249246835
            ],
            [
              -120.79343459908274,
              38.110338320335096
            ],
            [
              -120.7936115986054,
              38.11022262113536
            ],
            [
              -120.7936863677061,
              38.11017893191625
            ],
            [
              -120.7937666990223,
              38.11014191591743
            ],
            [
              -120.79385164253907,
              38.110112010895314
            ],
            [
              -120.79400344138355,
              38.11006621125105
            ],
            [
              -120.7940843317856,
              38.1100453848536
            ],
            [
              -120.79416744101884,
              38.11003101224713
            ],
            [
              -120.79425194646387,
              38.110023235692964
            ],
            [
              -120.79433701168234,
              38.11002213216449
            ],
            [
              -120.79442179469568,
              38.11002771258516
            ],
            [
              -120.79450545631806,
              38.11003992172047
            ],
            [
              -120.79458716846219,
              38.110058638724475
            ],
            [
              -120.79466612233512,
              38.11008367833598
            ],
            [
              -120.7947415364431,
              38.11011479271189
            ],
            [
              -120.79481266432649,
              38.110151673880324
            ],
            [
              -120.79487880194787,
              38.11019395678867
            ],
            [
              -120.79493929466058,
              38.11024122291661
            ],
            [
              -120.79499354368838,
              38.11029300441845
            ],
            [
              -120.79504101205242,
              38.11034878875363
            ],
            [
              -120.79508122988653,
              38.11040802375966
            ],
            [
              -120.79511379908857,
              38.11047012311725
            ],
            [
              -120.79513839726151,
              38.11053447215367
            ],
            [
              -120.7951547809052,
              38.11060043392666
            ],
            [
              -120.79516278782746,
              38.11066735552895
            ],
            [
              -120.79516233875034,
              38.11073457455081
            ],
            [
              -120.79515343809577,
              38.11080142563678
            ],
            [
              -120.79514879320453,
              38.11081913479579
            ],
            [
              -120.79515004367289,
              38.1108480763497
            ],
            [
              -120.7951845734783,
              38.110859482586626
            ],
            [
              -120.79525549952622,
              38.1108893757215
            ],
            [
              -120.79532255958307,
              38.110924398787965
            ],
            [
              -120.79538516106122,
              38.11096424230232
            ],
            [
              -120.79557262665203,
              38.11109550147261
            ],
            [
              -120.79563951252652,
              38.11113331324153
            ],
            [
              -120.79592568704366,
              38.11120528784042
            ],
            [
              -120.79599101678197,
              38.11122406141745
            ],
            [
              -120.79637756824326,
              38.111349421370335
            ],
            [
              -120.7964286769509,
              38.11134475457834
            ],
            [
              -120.79651148573302,
              38.111343565655346
            ],
            [
              -120.79659405170852,
              38.111348711556026
            ],
            [
              -120.7966756003996,
              38.11136014401193
            ],
            [
              -120.79675536686969,
              38.11137775578596
            ],
            [
              -120.79683260289825,
              38.11140138167817
            ],
            [
              -120.79690658399853,
              38.11143080007521
            ],
            [
              -120.79693009545849,
              38.11144252856827
            ],
            [
              -120.79694140499277,
              38.11144341206286
            ],
            [
              -120.79703466016701,
              38.11145142058076
            ],
            [
              -120.79711775628081,
              38.11143489448692
            ],
            [
              -120.79720530577035,
              38.11142127556427
            ],
            [
              -120.79729417478507,
              38.11141493870078
            ],
            [
              -120.79738339575032,
              38.11141595289084
            ],
            [
              -120.79747199725955,
              38.11142430709309
            ],
            [
              -120.7976427957747,
              38.111447606837835
            ],
            [
              -120.7976867498214,
              38.11145454470691
            ],
            [
              -120.79796864746213,
              38.11150514418379
            ],
            [
              -120.79804236640159,
              38.111521145120825
            ],
            [
              -120.79811398206698,
              38.11154228397315
            ],
            [
              -120.79818292208921,
              38.11156839179524
            ],
            [
              -120.79824863548181,
              38.11159925992823
            ],
            [
              -120.79831059704426,
              38.11163464166759
            ],
            [
              -120.79843969675554,
              38.11171554107936
            ],
            [
              -120.79851551327646,
              38.11176915507101
            ],
            [
              -120.79858273351344,
              38.11182950427053
            ],
            [
              -120.79867153388832,
              38.11191950377618
            ],
            [
              -120.79871916552636,
              38.111972917251784
            ],
            [
              -120.79876004432633,
              38.11202971608655
            ],
            [
              -120.79879378796797,
              38.11208936909047
            ],
            [
              -120.79882008085754,
              38.11215131837963
            ],
            [
              -120.79887118237062,
              38.11229431807067
            ],
            [
              -120.7988896292828,
              38.112357331683505
            ],
            [
              -120.7989003657219,
              38.11242145016036
            ],
            [
              -120.79890329328353,
              38.112486085947715
            ],
            [
              -120.79889838512004,
              38.112550646750115
            ],
            [
              -120.79888568618738,
              38.1126145409577
            ],
            [
              -120.79886531283387,
              38.112677183067504
            ],
            [
              -120.79880561433475,
              38.11282998352535
            ],
            [
              -120.79877679627495,
              38.11289260457603
            ],
            [
              -120.79874031128531,
              38.11295267839776
            ],
            [
              -120.79869651419962,
              38.113009620714706
            ],
            [
              -120.79864583097176,
              38.1130628777068
            ],
            [
              -120.79858875453337,
              38.113111931396304
            ],
            [
              -120.7984419544321,
              38.11322623213743
            ],
            [
              -120.79839318931239,
              38.11326137571081
            ],
            [
              -120.79836288579314,
              38.11328157818301
            ],
            [
              -120.79832016954022,
              38.11334099913339
            ],
            [
              -120.79826741254365,
              38.1134292173809
            ],
            [
              -120.79826685213632,
              38.11343332971066
            ],
            [
              -120.79825374618704,
              38.113498972749305
            ],
            [
              -120.7982325414655,
              38.11356328103569
            ],
            [
              -120.7982034430913,
              38.113625632433454
            ],
            [
              -120.7981667325516,
              38.113685423736314
            ],
            [
              -120.79812276497843,
              38.11374207650372
            ],
            [
              -120.79807196571365,
              38.11379504265716
            ],
            [
              -120.79801482619447,
              38.11384380978268
            ],
            [
              -120.79795189919935,
              38.1138879060884
            ],
            [
              -120.7978837935004,
              38.11392690496909
            ],
            [
              -120.79787733519967,
              38.11392988614351
            ],
            [
              -120.79808433353861,
              38.11393086803973
            ],
            [
              -120.79818070180247,
              38.113935631820716
            ],
            [
              -120.79827577611755,
              38.11394894804939
            ],
            [
              -120.7983683444659,
              38.11397064697011
            ],
            [
              -120.79861284267692,
              38.11404004631839
            ],
            [
              -120.79869943068118,
              38.11406896114501
            ],
            [
              -120.79878147868567,
              38.11410520982534
            ],
            [
              -120.79885799528431,
              38.11414835436188
            ],
            [
              -120.7989280559031,
              38.11419787343246
            ],
            [
              -120.7991106559924,
              38.114341972503155
            ],
            [
              -120.79916561491785,
              38.11438969764935
            ],
            [
              -120.79921456123517,
              38.11444134699375
            ],
            [
              -120.79925704856514,
              38.114496449520544
            ],
            [
              -120.79929268942858,
              38.114554502721546
            ],
            [
              -120.79932115878039,
              38.11461497717847
            ],
            [
              -120.79934219697444,
              38.11467732139098
            ],
            [
              -120.79935561213175,
              38.11474096680589
            ],
            [
              -120.79936128189135,
              38.11480533300213
            ],
            [
              -120.79935915452661,
              38.11486983298379
            ],
            [
              -120.79934924941792,
              38.11493387853338
            ],
            [
              -120.79930424515473,
              38.115141819619915
            ],
            [
              -120.79933752798128,
              38.11512836852117
            ],
            [
              -120.79941471693424,
              38.11510430952434
            ],
            [
              -120.79949449379653,
              38.115086273985824
            ],
            [
              -120.79957610750233,
              38.11507443170301
            ],
            [
              -120.79965878969406,
              38.11506889416645
            ],
            [
              -120.79974176195542,
              38.11506971351024
            ],
            [
              -120.79982424313934,
              38.11507688202129
            ],
            [
              -120.79990545672149,
              38.11509033221187
            ],
            [
              -120.79998463811032,
              38.11510993745488
            ],
            [
              -120.80006104184476,
              38.115135513175886
            ],
            [
              -120.80013394861213,
              38.11516681859067
            ],
            [
              -120.80020267201962,
              38.11520355897195
            ],
            [
              -120.80026656505622,
              38.1152453884238
            ],
            [
              -120.80032502618396,
              38.11529191313805
            ],
            [
              -120.80037750500108,
              38.115342695101425
            ],
            [
              -120.80042350742403,
              38.11539725621923
            ],
            [
              -120.8004626003394,
              38.11545508281605
            ],
            [
              -120.80046703411244,
              38.115463520718656
            ],
            [
              -120.80072382690005,
              38.11540153867527
            ],
            [
              -120.80084085305788,
              38.11538025695813
            ],
            [
              -120.80131204784571,
              38.1153217169718
            ],
            [
              -120.80145025337464,
              38.11519863165316
            ],
            [
              -120.80151623196885,
              38.11514599132251
            ],
            [
              -120.80158910850645,
              38.11509937430293
            ],
            [
              -120.80166800684226,
              38.11505934103243
            ],
            [
              -120.80179450610977,
              38.11500264146095
            ],
            [
              -120.80189175792121,
              38.11496526271901
            ],
            [
              -120.8019987571333,
              38.11493056298847
            ],
            [
              -120.8020782775046,
              38.114908327497616
            ],
            [
              -120.80216018370389,
              38.11489238957681
            ],
            [
              -120.80224367884686,
              38.114882904290255
            ],
            [
              -120.80232795059116,
              38.11487996392298
            ],
            [
              -120.80241217903914,
              38.11488359708318
            ],
            [
              -120.80249554471418,
              38.11489376842372
            ],
            [
              -120.80257723653294,
              38.11491037898607
            ],
            [
              -120.80265645969591,
              38.11493326716296
            ],
            [
              -120.8027324434196,
              38.114962210270576
            ],
            [
              -120.80280444843535,
              38.11499692671485
            ],
            [
              -120.80287177418133,
              38.11503707873102
            ],
            [
              -120.80293376561843,
              38.115082275669515
            ],
            [
              -120.80298981960314,
              38.11513207779651
            ],
            [
              -120.80303939075587,
              38.11518600057188
            ],
            [
              -120.8030819967673,
              38.115243519363275
            ],
            [
              -120.8031172230912,
              38.11530407455012
            ],
            [
              -120.80314472697842,
              38.1153670769682
            ],
            [
              -120.80316424081212,
              38.11543191364165
            ],
            [
              -120.80317557471227,
              38.115497953746754
            ],
            [
              -120.80317861838388,
              38.11556455474932
            ],
            [
              -120.80317334219104,
              38.11563106865618
            ],
            [
              -120.80315979744599,
              38.11569684831985
            ],
            [
              -120.80313811591093,
              38.115761253734966
            ],
            [
              -120.80310551669344,
              38.11584185398311
            ],
            [
              -120.80307821410787,
              38.11590000547176
            ],
            [
              -120.8030442767931,
              38.11595593389695
            ],
            [
              -120.80300399072625,
              38.116009167946814
            ],
            [
              -120.80295769538796,
              38.116059259014285
            ],
            [
              -120.80255729643864,
              38.11645316130122
            ],
            [
              -120.80250015938925,
              38.11650391780329
            ],
            [
              -120.80247265830627,
              38.11652388897637
            ],
            [
              -120.80246856771812,
              38.11654440673487
            ],
            [
              -120.80244685406315,
              38.11660984263263
            ],
            [
              -120.80241696683674,
              38.11667323513406
            ],
            [
              -120.80237920562548,
              38.1167339487558
            ],
            [
              -120.80233394895214,
              38.11679137486766
            ],
            [
              -120.80228165048167,
              38.116844937794184
            ],
            [
              -120.80222283447388,
              38.11689410058583
            ],
            [
              -120.80215809052815,
              38.116938370401996
            ],
            [
              -120.80208806767315,
              38.116977303451776
            ],
            [
              -120.80201346786035,
              38.11701050944319
            ],
            [
              -120.801935038927,
              38.117037655495956
            ],
            [
              -120.80185356709902,
              38.11705846947874
            ],
            [
              -120.80163796527795,
              38.11710426982757
            ],
            [
              -120.80155518428094,
              38.11711842373631
            ],
            [
              -120.80147103710765,
              38.11712603913372
            ],
            [
              -120.80138634912208,
              38.11712704132432
            ],
            [
              -120.80130195099312,
              38.11712142047873
            ],
            [
              -120.80125823716318,
              38.11711502262363
            ],
            [
              -120.80118003775634,
              38.11715045281303
            ],
            [
              -120.80109621585446,
              38.11717951939251
            ],
            [
              -120.80106763027486,
              38.11718666686621
            ],
            [
              -120.80111476303844,
              38.1172285926349
            ],
            [
              -120.80116477968794,
              38.117283196608575
            ],
            [
              -120.80120766112255,
              38.11734146591216
            ],
            [
              -120.8012429805776,
              38.117402820662114
            ],
            [
              -120.80127038654082,
              38.117466650267644
            ],
            [
              -120.80128960625136,
              38.117532319507006
            ],
            [
              -120.80130044841486,
              38.11759917484892
            ],
            [
              -120.80130280510821,
              38.117666550956386
            ],
            [
              -120.80129665285442,
              38.11773377730795
            ],
            [
              -120.80128205285715,
              38.11780018487071
            ],
            [
              -120.8012375621751,
              38.11795599306862
            ],
            [
              -120.80124151668173,
              38.117985038878956
            ],
            [
              -120.80124245826879,
              38.11804962182722
            ],
            [
              -120.80124124453253,
              38.11806099491012
            ],
            [
              -120.80125283221733,
              38.118074390668056
            ],
            [
              -120.80129242710044,
              38.11813117660666
            ],
            [
              -120.80132495054292,
              38.11819069921057
            ],
            [
              -120.801350103074,
              38.118252410437556
            ],
            [
              -120.80136765308718,
              38.11831574209261
            ],
            [
              -120.80137743897338,
              38.1183801110594
            ],
            [
              -120.80137937060975,
              38.11844492466915
            ],
            [
              -120.80137343019015,
              38.11850958615753
            ],
            [
              -120.80135967238982,
              38.1185735001593
            ],
            [
              -120.80133217344272,
              38.11867230038543
            ],
            [
              -120.80131192474778,
              38.11873192051808
            ],
            [
              -120.80128487282326,
              38.11878983182538
            ],
            [
              -120.80125124346362,
              38.118845550905434
            ],
            [
              -120.80121131736887,
              38.11889861265449
            ],
            [
              -120.80116542780185,
              38.11894857414938
            ],
            [
              -120.80111395780676,
              38.11899501834502
            ],
            [
              -120.80105733701195,
              38.119037557555636
            ],
            [
              -120.80091113669178,
              38.1191377582379
            ],
            [
              -120.80088212666479,
              38.119155711230206
            ],
            [
              -120.80086292393993,
              38.11918960345367
            ],
            [
              -120.80082335206502,
              38.11924486048401
            ],
            [
              -120.80078476728903,
              38.1192885798405
            ],
            [
              -120.80079169052246,
              38.11929795517791
            ],
            [
              -120.80082654835938,
              38.119357939707484
            ],
            [
              -120.80085383126965,
              38.11942032497864
            ],
            [
              -120.80087327886572,
              38.119484515633026
            ],
            [
              -120.80088470553281,
              38.11954989908141
            ],
            [
              -120.80088800220109,
              38.11961585134976
            ],
            [
              -120.80088313738744,
              38.11968174303392
            ],
            [
              -120.80087015749663,
              38.11974694530626
            ],
            [
              -120.80084918637942,
              38.119810835916795
            ],
            [
              -120.80082042415124,
              38.11987280513171
            ],
            [
              -120.8007841452833,
              38.119932261552364
            ],
            [
              -120.8007406959837,
              38.11998863775948
            ],
            [
              -120.80069049089408,
              38.120041395728485
            ],
            [
              -120.80063400913278,
              38.12009003196432
            ],
            [
              -120.80051207560889,
              38.12018524230171
            ],
            [
              -120.80051268589939,
              38.12018537412535
            ],
            [
              -120.80119278080785,
              38.12036847238531
            ],
            [
              -120.80120555667509,
              38.12037200129498
            ],
            [
              -120.8016634533207,
              38.12050170007633
            ],
            [
              -120.80173824214694,
              38.12052609594261
            ],
            [
              -120.80180977800603,
              38.120555966037486
            ],
            [
              -120.80187742061464,
              38.12059104301035
            ],
            [
              -120.8019405645333,
              38.12063101290616
            ],
            [
              -120.80199864458514,
              38.120675517975265
            ],
            [
              -120.80205114091461,
              38.120724159875245
            ],
            [
              -120.80209758364045,
              38.12077650323609
            ],
            [
              -120.80213755706153,
              38.1208320795567
            ],
            [
              -120.80217070337808,
              38.12089039139813
            ],
            [
              -120.8021967258945,
              38.12095091683569
            ],
            [
              -120.80221539167552,
              38.12101311413039
            ],
            [
              -120.80223199246097,
              38.12108301403649
            ],
            [
              -120.80224371058996,
              38.12115154858331
            ],
            [
              -120.80224649912246,
              38.1212206704095
            ],
            [
              -120.80224032881782,
              38.12128965532925
            ],
            [
              -120.8022252642972,
              38.12135778058912
            ],
            [
              -120.80220146336733,
              38.12142433244034
            ],
            [
              -120.80216917536822,
              38.12148861361695
            ],
            [
              -120.80212873856183,
              38.12154995064116
            ],
            [
              -120.80208057658868,
              38.1216077008798
            ],
            [
              -120.80199387694225,
              38.12170090139526
            ],
            [
              -120.80194126357718,
              38.1217520334612
            ],
            [
              -120.80188259533136,
              38.1217988735396
            ],
            [
              -120.80181843023718,
              38.12184097609558
            ],
            [
              -120.8017493786152,
              38.12187794065618
            ],
            [
              -120.80167609726905,
              38.1219094156198
            ],
            [
              -120.8015992832377,
              38.12193510160091
            ],
            [
              -120.80151966716502,
              38.12195475427779
            ],
            [
              -120.80143800634954,
              38.121968186716806
            ],
            [
              -120.80135507754053,
              38.12197527115053
            ],
            [
              -120.80127166954918,
              38.12197594019314
            ],
            [
              -120.80118857574483,
              38.12197018748144
            ],
            [
              -120.80110658650788,
              38.121958067735335
            ],
            [
              -120.80108602647154,
              38.121953352434886
            ],
            [
              -120.80106270648989,
              38.122002256344246
            ],
            [
              -120.800831709982,
              38.122421857980996
            ],
            [
              -120.80079126814904,
              38.12248583126441
            ],
            [
              -120.80054986599153,
              38.122821923928
            ],
            [
              -120.80081586596538,
              38.122995538601224
            ],
            [
              -120.80086490976079,
              38.12303013880912
            ],
            [
              -120.80091044380224,
              38.123067613146716
            ],
            [
              -120.80135194475811,
              38.123460110791676
            ],
            [
              -120.80141321426625,
              38.123521370229795
            ],
            [
              -120.80146512897822,
              38.12358780415804
            ],
            [
              -120.80178123254016,
              38.12405010225743
            ],
            [
              -120.80181937234524,
              38.12411356599947
            ],
            [
              -120.80203737622877,
              38.124531064661944
            ],
            [
              -120.80206985186463,
              38.124605202392544
            ],
            [
              -120.80209122971173,
              38.12468181410171
            ],
            [
              -120.80217232289716,
              38.12508163274707
            ],
            [
              -120.80229967199405,
              38.12526956674533
            ],
            [
              -120.80246639687236,
              38.12545076455375
            ],
            [
              -120.80253700922218,
              38.125474087612474
            ],
            [
              -120.80295160888318,
              38.12559573401635
            ],
            [
              -120.80303007139575,
              38.125622347055916
            ],
            [
              -120.80310478373137,
              38.125655007521694
            ],
            [
              -120.80317500124876,
              38.1256933898971
            ],
            [
              -120.8032400241019,
              38.12573711163628
            ],
            [
              -120.80329920421505,
              38.12578573697667
            ],
            [
              -120.80335195174207,
              38.12583878128177
            ],
            [
              -120.80339774094531,
              38.12589571587113
            ],
            [
              -120.80343611543601,
              38.12595597328939
            ],
            [
              -120.80346669272339,
              38.126018952961694
            ],
            [
              -120.80348916802758,
              38.12608402717933
            ],
            [
              -120.80350331731802,
              38.12615054735581
            ],
            [
              -120.80350899954719,
              38.12621785049118
            ],
            [
              -120.80350615805732,
              38.126285265779956
            ],
            [
              -120.80349482114606,
              38.12635212129701
            ],
            [
              -120.80347510178522,
              38.126417750694635
            ],
            [
              -120.80344719649592,
              38.126481499844125
            ],
            [
              -120.80341138339044,
              38.12654273335566
            ],
            [
              -120.80336801940118,
              38.12660084091133
            ],
            [
              -120.80322559187856,
              38.12677159256139
            ],
            [
              -120.80321034258138,
              38.12690663324419
            ],
            [
              -120.80319317555092,
              38.12699381593116
            ],
            [
              -120.8031420774735,
              38.127174616350025
            ],
            [
              -120.80312051246352,
              38.127236800469746
            ],
            [
              -120.80309154191532,
              38.12729707771399
            ],
            [
              -120.80305542963266,
              38.1273548991658
            ],
            [
              -120.80301250445811,
              38.127409738270785
            ],
            [
              -120.80296315727878,
              38.12746109563243
            ],
            [
              -120.80290783746713,
              38.12750850356006
            ],
            [
              -120.80284704878892,
              38.12755153032814
            ],
            [
              -120.80278134481566,
              38.12758978410804
            ],
            [
              -120.80271132388357,
              38.127622916536545
            ],
            [
              -120.8026376236445,
              38.12765062588833
            ],
            [
              -120.80256091525892,
              38.127672659824036
            ],
            [
              -120.80248189728341,
              38.12768881768825
            ],
            [
              -120.80240128930885,
              38.12769895233699
            ],
            [
              -120.80226158803258,
              38.127711152409006
            ],
            [
              -120.80217438531062,
              38.127715222624275
            ],
            [
              -120.80208711181794,
              38.127712245758794
            ],
            [
              -120.80200067787715,
              38.127702252864125
            ],
            [
              -120.80191598505283,
              38.1276853481737
            ],
            [
              -120.80183391674689,
              38.12766170801557
            ],
            [
              -120.80175532898343,
              38.12763157897302
            ],
            [
              -120.80168104147924,
              38.12759527531228
            ],
            [
              -120.80161182909326,
              38.12755317570426
            ],
            [
              -120.80143629225786,
              38.12743464524827
            ],
            [
              -120.80136080492969,
              38.12743253847372
            ],
            [
              -120.80128058039277,
              38.127424257142785
            ],
            [
              -120.80120170534762,
              38.127410025192866
            ],
            [
              -120.80112488554263,
              38.12738996996759
            ],
            [
              -120.80111177505808,
              38.12738542164976
            ],
            [
              -120.80114697497476,
              38.12791818931044
            ],
            [
              -120.80114757450706,
              38.127928893608434
            ],
            [
              -120.80117532840225,
              38.12853284147122
            ],
            [
              -120.80134489526853,
              38.1286100573015
            ],
            [
              -120.80141621380652,
              38.1286463709013
            ],
            [
              -120.80148262663344,
              38.128688087412584
            ],
            [
              -120.80154348019191,
              38.128734796316465
            ],
            [
              -120.80180218057346,
              38.12895409496064
            ],
            [
              -120.80185380013569,
              38.12900216545347
            ],
            [
              -120.80189952370178,
              38.12905382664875
            ],
            [
              -120.8019389532863,
              38.12910862889399
            ],
            [
              -120.80197174568346,
              38.129166095196254
            ],
            [
              -120.80199761545484,
              38.12922572537377
            ],
            [
              -120.8020229161761,
              38.129294325220265
            ],
            [
              -120.80204367712918,
              38.12936427240307
            ],
            [
              -120.80205491796872,
              38.129435565451956
            ],
            [
              -120.80205651156793,
              38.12950739826508
            ],
            [
              -120.80204843987977,
              38.12957895863525
            ],
            [
              -120.80202398352458,
              38.129714032583514
            ],
            [
              -120.80213846431172,
              38.129884535687644
            ],
            [
              -120.80217298992106,
              38.12994242409222
            ],
            [
              -120.8022004275115,
              38.13000263286563
            ],
            [
              -120.80222053094884,
              38.13006462193304
            ],
            [
              -120.80230223443304,
              38.13037752146105
            ],
            [
              -120.80231684847114,
              38.1304572841966
            ],
            [
              -120.80231933467338,
              38.13053785397036
            ],
            [
              -120.80229655505207,
              38.131047242422156
            ],
            [
              -120.8023377474473,
              38.131294562185346
            ],
            [
              -120.80243814519366,
              38.131464265092816
            ],
            [
              -120.80247211566096,
              38.131530646585176
            ],
            [
              -120.80249700198837,
              38.13159949483658
            ],
            [
              -120.80251249376214,
              38.1316698961959
            ],
            [
              -120.80251555600577,
              38.13162609948886
            ],
            [
              -120.80252786779967,
              38.131562158581175
            ],
            [
              -120.80259087046937,
              38.13131515910871
            ],
            [
              -120.80261409083546,
              38.13124423326265
            ],
            [
              -120.80264689648284,
              38.13117571012336
            ],
            [
              -120.80266537617506,
              38.131146975663576
            ],
            [
              -120.80266223687039,
              38.131118461518625
            ],
            [
              -120.80266264114836,
              38.13105639929759
            ],
            [
              -120.80267025350305,
              38.13099462821267
            ],
            [
              -120.80268500968494,
              38.130933669475844
            ],
            [
              -120.80270678516715,
              38.13087403744342
            ],
            [
              -120.80280089506404,
              38.13065469785925
            ],
            [
              -120.80274138456305,
              38.130529963288154
            ],
            [
              -120.8027163117239,
              38.130468714683076
            ],
            [
              -120.80269873192486,
              38.13040585933216
            ],
            [
              -120.80268880471974,
              38.13034196777871
            ],
            [
              -120.80268662019814,
              38.1302776199702
            ],
            [
              -120.80269219816863,
              38.130213399994
            ],
            [
              -120.80270548797971,
              38.13014989077566
            ],
            [
              -120.80272636898015,
              38.13008766878773
            ],
            [
              -120.80275465161496,
              38.13002729881714
            ],
            [
              -120.80279007914663,
              38.12996932883885
            ],
            [
              -120.80283232998595,
              38.12991428504198
            ],
            [
              -120.80288102061168,
              38.129862667053935
            ],
            [
              -120.80293570905202,
              38.1298149434054
            ],
            [
              -120.80299589889658,
              38.12977154727784
            ],
            [
              -120.80310388267175,
              38.12970083797
            ],
            [
              -120.80310653609945,
              38.129694342083496
            ],
            [
              -120.80313947960252,
              38.129634305509434
            ],
            [
              -120.80317962076475,
              38.129577067630365
            ],
            [
              -120.80322658308557,
              38.129523165281356
            ],
            [
              -120.80327992609155,
              38.12947310401252
            ],
            [
              -120.80333914946794,
              38.12942735334752
            ],
            [
              -120.80340369775116,
              38.12938634238029
            ],
            [
              -120.80343750740839,
              38.12936882610018
            ],
            [
              -120.80343569489551,
              38.12932802489662
            ],
            [
              -120.80344013181774,
              38.12926619226483
            ],
            [
              -120.80345171787381,
              38.12920494031354
            ],
            [
              -120.803533221424,
              38.12887754099939
            ],
            [
              -120.80355657994075,
              38.1288051273542
            ],
            [
              -120.8035899192927,
              38.128735194194554
            ],
            [
              -120.80363283162572,
              38.12866859698433
            ],
            [
              -120.80379163297397,
              38.12845259801752
            ],
            [
              -120.80383551039017,
              38.12839893081943
            ],
            [
              -120.8038856086135,
              38.12834877707218
            ],
            [
              -120.8039414797224,
              38.12830258518214
            ],
            [
              -120.80400262418496,
              38.128260768133465
            ],
            [
              -120.804068495325,
              38.128223699795946
            ],
            [
              -120.80407645444384,
              38.12822006314694
            ],
            [
              -120.80407819692667,
              38.128209080995795
            ],
            [
              -120.80409391030304,
              38.12813964979682
            ],
            [
              -120.80411870129944,
              38.12807189087997
            ],
            [
              -120.80415229972867,
              38.12800654265608
            ],
            [
              -120.80419433942622,
              38.12794431726339
            ],
            [
              -120.80424436224152,
              38.12788589280709
            ],
            [
              -120.80427746428538,
              38.12785479205351
            ],
            [
              -120.80425165868158,
              38.12771915440295
            ],
            [
              -120.80417996702626,
              38.12758206921808
            ],
            [
              -120.80415128930004,
              38.12751837498766
            ],
            [
              -120.80413081300732,
              38.12745273583483
            ],
            [
              -120.80411874312122,
              38.1273858088971
            ],
            [
              -120.80411520045423,
              38.127318264202685
            ],
            [
              -120.80412022044949,
              38.12725077796251
            ],
            [
              -120.80413842194744,
              38.127119078138804
            ],
            [
              -120.80415188042058,
              38.12705260154621
            ],
            [
              -120.80417364691951,
              38.12698751291953
            ],
            [
              -120.80420350532312,
              38.12692445846384
            ],
            [
              -120.80424115917549,
              38.126864064187245
            ],
            [
              -120.80428623462967,
              38.126806929686055
            ],
            [
              -120.80433828415998,
              38.12675362219216
            ],
            [
              -120.80439679100539,
              38.12670467094181
            ],
            [
              -120.80446117430022,
              38.126660561921675
            ],
            [
              -120.80453079484111,
              38.12662173304416
            ],
            [
              -120.80460496143293,
              38.12658856980018
            ],
            [
              -120.80468293775083,
              38.12656140143223
            ],
            [
              -120.80476394964991,
              38.12654049766592
            ],
            [
              -120.80484719285056,
              38.12652606603239
            ],
            [
              -120.80493184092265,
              38.12651824980798
            ],
            [
              -120.80501705348958,
              38.126517126592006
            ],
            [
              -120.80510198457087,
              38.12652270753636
            ],
            [
              -120.80518579098009,
              38.126534937234716
            ],
            [
              -120.80526629182839,
              38.1265533851609
            ],
            [
              -120.80527298492169,
              38.12655048274416
            ],
            [
              -120.8053518780855,
              38.12652400283276
            ],
            [
              -120.80543373031415,
              38.12650389365277
            ],
            [
              -120.80551771951625,
              38.1264903571731
            ],
            [
              -120.80560300213915,
              38.126483529349116
            ],
            [
              -120.80568872164052,
              38.12648347875734
            ],
            [
              -120.80577401709029,
              38.12649020590661
            ],
            [
              -120.80585803181702,
              38.126503643232965
            ],
            [
              -120.80593992201091,
              38.12652365577822
            ],
            [
              -120.80601886519835,
              38.12655004254522
            ],
            [
              -120.80609406850174,
              38.126582538516395
            ],
            [
              -120.80616477660246,
              38.12662081731532
            ],
            [
              -120.8062302793268,
              38.12666449448443
            ],
            [
              -120.80628991877836,
              38.12671313134607
            ],
            [
              -120.80634309594582,
              38.12676623940824
            ],
            [
              -120.80638927671941,
              38.126823285270355
            ],
            [
              -120.80642799725565,
              38.12688369598056
            ],
            [
              -120.80645886863654,
              38.12694686478983
            ],
            [
              -120.80646713375081,
              38.12697062520647
            ],
            [
              -120.8066390486186,
              38.12695117808496
            ],
            [
              -120.8066848286721,
              38.12694787982834
            ],
            [
              -120.80669599507303,
              38.126938607805464
            ],
            [
              -120.80675846796672,
              38.12689587369535
            ],
            [
              -120.80682587008185,
              38.12685810150447
            ],
            [
              -120.80689757220857,
              38.12682564383924
            ],
            [
              -120.80697290499877,
              38.126798803694236
            ],
            [
              -120.8070511652144,
              38.12677783162396
            ],
            [
              -120.80713162229172,
              38.12676292340406
            ],
            [
              -120.8072135251607,
              38.12675421820384
            ],
            [
              -120.80729610925577,
              38.12675179728722
            ],
            [
              -120.80737860365247,
              38.126755683254174
            ],
            [
              -120.80746023826339,
              38.12676583982972
            ],
            [
              -120.80760913699771,
              38.12679023957276
            ],
            [
              -120.80769295293085,
              38.126807512780665
            ],
            [
              -120.80777412742138,
              38.12683139387813
            ],
            [
              -120.80785182794499,
              38.126861637942525
            ],
            [
              -120.80792525760326,
              38.12689793479256
            ],
            [
              -120.80799366329633,
              38.12693991216916
            ],
            [
              -120.80805634344648,
              38.12698713955316
            ],
            [
              -120.80811265519343,
              38.12703913258036
            ],
            [
              -120.80816202098762,
              38.12709535800892
            ],
            [
              -120.8082039345138,
              38.12715523918796
            ],
            [
              -120.80820901606529,
              38.12716463480155
            ],
            [
              -120.8086011516241,
              38.12737056775919
            ],
            [
              -120.80893544801418,
              38.127524208468486
            ],
            [
              -120.80896397996639,
              38.1275379173225
            ],
            [
              -120.80901516795498,
              38.127563606380164
            ],
            [
              -120.80901809152009,
              38.127563641311895
            ],
            [
              -120.80910876903545,
              38.1275724222734
            ],
            [
              -120.80919774376203,
              38.1275887925625
            ],
            [
              -120.80946489676944,
              38.12764999328064
            ],
            [
              -120.80990351808278,
              38.12763142252621
            ],
            [
              -120.80997777377728,
              38.127630828466174
            ],
            [
              -120.81000801322917,
              38.12763266461326
            ],
            [
              -120.8100349882557,
              38.12760977623081
            ],
            [
              -120.81009539281973,
              38.127567365138525
            ],
            [
              -120.81016059499447,
              38.12752964663558
            ],
            [
              -120.81023001269291,
              38.1274969574474
            ],
            [
              -120.81030302619743,
              38.12746958940084
            ],
            [
              -120.8103789836917,
              38.127447786818955
            ],
            [
              -120.81045720707952,
              38.12743174434024
            ],
            [
              -120.8106111057287,
              38.1274062445275
            ],
            [
              -120.81069436839341,
              38.127395801820256
            ],
            [
              -120.8107785280358,
              38.12739188457495
            ],
            [
              -120.8108627670707,
              38.12739453084716
            ],
            [
              -120.81094626714163,
              38.1274037149298
            ],
            [
              -120.81102821707007,
              38.12741934760295
            ],
            [
              -120.81110782073533,
              38.127441277000436
            ],
            [
              -120.81118430480807,
              38.12746929008498
            ],
            [
              -120.8112569262624,
              38.12750311471778
            ],
            [
              -120.81132497959385,
              38.12754242230184
            ],
            [
              -120.811387803673,
              38.12758683097413
            ],
            [
              -120.81144478816796,
              38.12763590931494
            ],
            [
              -120.81149537947378,
              38.127689180538844
            ],
            [
              -120.81153908609076,
              38.127746127126194
            ],
            [
              -120.81157548339962,
              38.12780619585063
            ],
            [
              -120.81160421778704,
              38.127868803153255
            ],
            [
              -120.81162501008173,
              38.12793334081166
            ],
            [
              -120.81163765826706,
              38.127999181848644
            ],
            [
              -120.81164203944468,
              38.12806568662302
            ],
            [
              -120.811638111029,
              38.128132209043734
            ],
            [
              -120.81160611403223,
              38.12839490936498
            ],
            [
              -120.81159264756053,
              38.128465782446796
            ],
            [
              -120.81156975312653,
              38.12853513009335
            ],
            [
              -120.81153768829579,
              38.12860217205509
            ],
            [
              -120.8114968138154,
              38.128666154022454
            ],
            [
              -120.81144758955597,
              38.12872635611296
            ],
            [
              -120.81139056933831,
              38.12878210097122
            ],
            [
              -120.81122586949076,
              38.12892670186041
            ],
            [
              -120.81115715672378,
              38.128980560144754
            ],
            [
              -120.81108117988293,
              38.129027940816265
            ],
            [
              -120.81099891205949,
              38.12906823702886
            ],
            [
              -120.81084191111097,
              38.12913573754233
            ],
            [
              -120.8107710395154,
              38.12916294362442
            ],
            [
              -120.81069729904802,
              38.129184882517926
            ],
            [
              -120.81062131552802,
              38.12920136803223
            ],
            [
              -120.81054373381237,
              38.129212260258356
            ],
            [
              -120.81046521232258,
              38.12921746675656
            ],
            [
              -120.81038641745641,
              38.129216943340765
            ],
            [
              -120.8103080179318,
              38.12921069445369
            ],
            [
              -120.810230679111,
              38.12919877312901
            ],
            [
              -120.80995999888307,
              38.12914672169452
            ],
            [
              -120.80980585964315,
              38.12916870492415
            ],
            [
              -120.80944349693375,
              38.12924130699141
            ],
            [
              -120.8093673656799,
              38.12925368240217
            ],
            [
              -120.80929012653324,
              38.129260547712924
            ],
            [
              -120.80921241730944,
              38.12926184623268
            ],
            [
              -120.80913487970611,
              38.129257567239236
            ],
            [
              -120.80856707461831,
              38.129205666613174
            ],
            [
              -120.80848067110595,
              38.12919420050442
            ],
            [
              -120.80839620582478,
              38.12917581276237
            ],
            [
              -120.80831456500533,
              38.12915069631686
            ],
            [
              -120.80823660524072,
              38.129119114696785
            ],
            [
              -120.80816314449841,
              38.129081399264805
            ],
            [
              -120.80809495353753,
              38.129037945740414
            ],
            [
              -120.80803888211577,
              38.12899401602613
            ],
            [
              -120.80801285063085,
              38.12898987596672
            ],
            [
              -120.80793128275987,
              38.128970050962046
            ],
            [
              -120.80785262195148,
              38.12894390408059
            ],
            [
              -120.80777765127687,
              38.1289116956173
            ],
            [
              -120.80770711706877,
              38.128873746210196
            ],
            [
              -120.80764172149141,
              38.128830433648176
            ],
            [
              -120.8076330299657,
              38.128823398807405
            ],
            [
              -120.80749883261997,
              38.12880334976091
            ],
            [
              -120.80693164103926,
              38.12872652591804
            ],
            [
              -120.80687904141791,
              38.128718051272664
            ],
            [
              -120.80671067023603,
              38.128686546452904
            ],
            [
              -120.80671056275288,
              38.12868750957816
            ],
            [
              -120.80670282432465,
              38.12871918138349
            ],
            [
              -120.80683886934715,
              38.128815369602165
            ],
            [
              -120.80689960030834,
              38.12886283104425
            ],
            [
              -120.80695403472048,
              38.128914841088516
            ],
            [
              -120.80700162955675,
              38.128970880907104
            ],
            [
              -120.80704191001554,
              38.12903039147175
            ],
            [
              -120.80707447425726,
              38.129092779130055
            ],
            [
              -120.80709899741345,
              38.129157421527275
            ],
            [
              -120.80711523482827,
              38.12922367381463
            ],
            [
              -120.80712302450006,
              38.12929087508182
            ],
            [
              -120.80712228869807,
              38.12935835495
            ],
            [
              -120.80711303473899,
              38.12942544025929
            ],
            [
              -120.80709535491485,
              38.129491461784006
            ],
            [
              -120.80706942557319,
              38.12955576090874
            ],
            [
              -120.80703550535871,
              38.12961769619873
            ],
            [
              -120.80699393263396,
              38.12967664979883
            ],
            [
              -120.80694512210444,
              38.129732033597364
            ],
            [
              -120.80688956068211,
              38.12978329509324
            ],
            [
              -120.80682780262843,
              38.1298299229079
            ],
            [
              -120.80676046402527,
              38.12987145188705
            ],
            [
              -120.806688216629,
              38.129907467741276
            ],
            [
              -120.80661178116901,
              38.129937611179194
            ],
            [
              -120.80653192015748,
              38.12996158149198
            ],
            [
              -120.80644943028217,
              38.12997913955337
            ],
            [
              -120.80636513445825,
              38.1299901102054
            ],
            [
              -120.80628738085083,
              38.12999400769948
            ],
            [
              -120.80627916784648,
              38.13005189568289
            ],
            [
              -120.80626216041065,
              38.13011556442214
            ],
            [
              -120.80623747789124,
              38.130177645563904
            ],
            [
              -120.80620534921167,
              38.13023756327553
            ],
            [
              -120.8061660723642,
              38.13029476178992
            ],
            [
              -120.8061200116465,
              38.130348710560774
            ],
            [
              -120.80606759428302,
              38.13039890918376
            ],
            [
              -120.80600930646256,
              38.130444892038405
            ],
            [
              -120.8059456888288,
              38.130486232607105
            ],
            [
              -120.8058773314656,
              38.13052254743161
            ],
            [
              -120.8058048684235,
              38.130553499670036
            ],
            [
              -120.80572897183848,
              38.13057880222143
            ],
            [
              -120.80565034569692,
              38.13059822038911
            ],
            [
              -120.80564650460157,
              38.13059901083013
            ],
            [
              -120.80562993789285,
              38.13062126666546
            ],
            [
              -120.80557817233742,
              38.13067690517432
            ],
            [
              -120.80557711485699,
              38.13067782733383
            ],
            [
              -120.80555893023211,
              38.131139217056564
            ],
            [
              -120.80562034913808,
              38.13116460022267
            ],
            [
              -120.80568962097928,
              38.13120035719466
            ],
            [
              -120.8059177202657,
              38.1313309562057
            ],
            [
              -120.80598414120242,
              38.13137312678865
            ],
            [
              -120.80604492028701,
              38.13142030838952
            ],
            [
              -120.80609945426627,
              38.13147203272429
            ],
            [
              -120.80614720186713,
              38.13152778642046
            ],
            [
              -120.80618768916915,
              38.13158701611215
            ],
            [
              -120.8062205143088,
              38.131649133932065
            ],
            [
              -120.8062453514686,
              38.13171352334606
            ],
            [
              -120.80626195411153,
              38.13177954527217
            ],
            [
              -120.80627015742901,
              38.1318465444235
            ],
            [
              -120.80626987997724,
              38.131913855812165
            ],
            [
              -120.80626112448677,
              38.13198081134934
            ],
            [
              -120.80624397783613,
              38.132046746476384
            ],
            [
              -120.80621861019048,
              38.13211100676087
            ],
            [
              -120.80618527331353,
              38.13217295439226
            ],
            [
              -120.80614429806941,
              38.13223197451257
            ],
            [
              -120.80609609113932,
              38.132287481319295
            ],
            [
              -120.80604113098563,
              38.132338923880106
            ],
            [
              -120.80597996310317,
              38.13238579160127
            ],
            [
              -120.80591319460522,
              38.13242761929594
            ],
            [
              -120.80584148819767,
              38.13246399180158
            ],
            [
              -120.80576555560106,
              38.13249454810088
            ],
            [
              -120.80568615048625,
              38.132518984905474
            ],
            [
              -120.80560406099328,
              38.132537059666234
            ],
            [
              -120.80557340670971,
              38.13254127059976
            ],
            [
              -120.80562227480792,
              38.132817649409546
            ],
            [
              -120.80562986094763,
              38.132885053103266
            ],
            [
              -120.80562887287476,
              38.132952718107305
            ],
            [
              -120.8056254047989,
              38.13297713289836
            ],
            [
              -120.80572691909914,
              38.132990576855605
            ],
            [
              -120.80588450654328,
              38.13297957813798
            ],
            [
              -120.80596727251242,
              38.13297698146539
            ],
            [
              -120.80604996841997,
              38.13298071983292
            ],
            [
              -120.80613181886923,
              38.132990758188456
            ],
            [
              -120.80621205639014,
              38.133007002408114
            ],
            [
              -120.80628992863484,
              38.133029300178706
            ],
            [
              -120.80633566910087,
              38.133044414247244
            ],
            [
              -120.8063455352666,
              38.13304414839682
            ],
            [
              -120.80642982417211,
              38.133045159942284
            ],
            [
              -120.80651357773696,
              38.13305271957201
            ],
            [
              -120.8065959825778,
              38.1330667538704
            ],
            [
              -120.80667623840824,
              38.1330871265422
            ],
            [
              -120.80675356581055,
              38.133113639735974
            ],
            [
              -120.80707776388492,
              38.13324013863995
            ],
            [
              -120.80715246987643,
              38.133273056308134
            ],
            [
              -120.80722263983596,
              38.133311702937945
            ],
            [
              -120.80736633686854,
              38.13339959557891
            ],
            [
              -120.80745608447359,
              38.13338745365443
            ],
            [
              -120.80753951452414,
              38.13337947456418
            ],
            [
              -120.80762353320394,
              38.13337800024523
            ],
            [
              -120.80770732957426,
              38.13338304492825
            ],
            [
              -120.80779009484168,
              38.133394559923154
            ],
            [
              -120.807871030164,
              38.13341243408909
            ],
            [
              -120.80794935435979,
              38.13343649490698
            ],
            [
              -120.8080243114479,
              38.133466510144565
            ],
            [
              -120.80809517794357,
              38.1335021900976
            ],
            [
              -120.80816126984128,
              38.13354319038597
            ],
            [
              -120.8082219492164,
              38.13358911527726
            ],
            [
              -120.80827663038245,
              38.133639521506176
            ],
            [
              -120.80832478554419,
              38.13369392255262
            ],
            [
              -120.80836594989219,
              38.13375179333737
            ],
            [
              -120.80839972608952,
              38.1338125752899
            ],
            [
              -120.80842578810743,
              38.13387568173948
            ],
            [
              -120.80844388437274,
              38.133940503577676
            ],
            [
              -120.80845384019696,
              38.134006415137236
            ],
            [
              -120.80845555946297,
              38.134072780231165
            ],
            [
              -120.80844902555381,
              38.134138958293114
            ],
            [
              -120.80843430151381,
              38.134204310560335
            ],
            [
              -120.80841152944095,
              38.13426820623912
            ],
            [
              -120.80838092911615,
              38.134330028593524
            ],
            [
              -120.80834279588254,
              38.134389180898324
            ],
            [
              -120.80829749779544,
              38.13444509219902
            ],
            [
              -120.80824547207031,
              38.134497222823
            ],
            [
              -120.808187220863,
              38.134545069588874
            ],
            [
              -120.80812330642303,
              38.13458817066363
            ],
            [
              -120.80774930515791,
              38.13481627227683
            ],
            [
              -120.80768910206258,
              38.13484982308778
            ],
            [
              -120.80762546685277,
              38.13487915749192
            ],
            [
              -120.80739446541492,
              38.134975358226725
            ],
            [
              -120.80731685179502,
              38.135003856951506
            ],
            [
              -120.80723602093393,
              38.135026086954554
            ],
            [
              -120.807152782076,
              38.1350418256786
            ],
            [
              -120.80706796857521,
              38.135050915554395
            ],
            [
              -120.80698242955138,
              38.13505326557832
            ],
            [
              -120.80689702138842,
              38.135048852223555
            ],
            [
              -120.80681259915981,
              38.13503771967564
            ],
            [
              -120.80673000806722,
              38.135019979389924
            ],
            [
              -120.80665007497812,
              38.134995808975795
            ],
            [
              -120.80660358847838,
              38.13497735502977
            ],
            [
              -120.80659825833615,
              38.13504021789251
            ],
            [
              -120.80658483354226,
              38.13510453619408
            ],
            [
              -120.80656362370674,
              38.135167533308696
            ],
            [
              -120.8065348262429,
              38.13522862282446
            ],
            [
              -120.80649870919576,
              38.13528723608501
            ],
            [
              -120.8064556087477,
              38.1353428274832
            ],
            [
              -120.80640592608941,
              38.13539487954002
            ],
            [
              -120.80635012368577,
              38.135442907721924
            ],
            [
              -120.80628872097127,
              38.135486464951306
            ],
            [
              -120.8059918327546,
              38.13567745764684
            ],
            [
              -120.806022207608,
              38.135860875671455
            ],
            [
              -120.80602901388451,
              38.13592736578348
            ],
            [
              -120.80602748563479,
              38.135994061937915
            ],
            [
              -120.80601763773329,
              38.13606031399102
            ],
            [
              -120.80599956615382,
              38.13612547612641
            ],
            [
              -120.80597344703479,
              38.13618891315043
            ],
            [
              -120.80590084839264,
              38.13633951368197
            ],
            [
              -120.80586717670172,
              38.13640022593079
            ],
            [
              -120.80582613517052,
              38.13645804018706
            ],
            [
              -120.80578629484894,
              38.136503143827284
            ],
            [
              -120.80604443042283,
              38.13661650003778
            ],
            [
              -120.80617292852291,
              38.136669819074456
            ],
            [
              -120.80632494610849,
              38.13667152408836
            ],
            [
              -120.80640669616386,
              38.13667553834671
            ],
            [
              -120.80648758541388,
              38.13668570937705
            ],
            [
              -120.80656687229144,
              38.13670194393525
            ],
            [
              -120.80664382991806,
              38.136724093188576
            ],
            [
              -120.80671775276733,
              38.13675195408003
            ],
            [
              -120.80678796313252,
              38.1367852711897
            ],
            [
              -120.80692936258737,
              38.13685987060558
            ],
            [
              -120.80699803360747,
              38.13690016264863
            ],
            [
              -120.8070612661598,
              38.13694567028233
            ],
            [
              -120.80711842789127,
              38.1369959384188
            ],
            [
              -120.80716894715498,
              38.13705046436278
            ],
            [
              -120.80721231872724,
              38.13710870283847
            ],
            [
              -120.80724810886026,
              38.13717007144219
            ],
            [
              -120.80727279918128,
              38.137226706949015
            ],
            [
              -120.80727834363371,
              38.13722952341759
            ],
            [
              -120.80747554299867,
              38.1373413225673
            ],
            [
              -120.80754136008147,
              38.1373826541805
            ],
            [
              -120.80760172167004,
              38.13742888955998
            ],
            [
              -120.80765604456533,
              38.13747958199954
            ],
            [
              -120.8077038039082,
              38.13753424172974
            ],
            [
              -120.80774453825077,
              38.13759234064952
            ],
            [
              -120.8077778540152,
              38.13765331742834
            ],
            [
              -120.80780342929667,
              38.13771658292936
            ],
            [
              -120.80782101697434,
              38.13778152590125
            ],
            [
              -120.80783044709959,
              38.137847518883845
            ],
            [
              -120.80783162853876,
              38.137913924270315
            ],
            [
              -120.80782454985474,
              38.137980100467615
            ],
            [
              -120.80780927941807,
              38.13804540809534
            ],
            [
              -120.80778596474738,
              38.13810921616335
            ],
            [
              -120.80775483108486,
              38.138170908168455
            ],
            [
              -120.80771617922066,
              38.13822988805108
            ],
            [
              -120.80767038258743,
              38.13828558595443
            ],
            [
              -120.80761788365278,
              38.1383374637307
            ],
            [
              -120.80755918964445,
              38.13838502014082
            ],
            [
              -120.80749486764995,
              38.138427795697616
            ],
            [
              -120.80742553913734,
              38.13846537710556
            ],
            [
              -120.80735187395062,
              38.138497401254405
            ],
            [
              -120.80727458383758,
              38.13852355872758
            ],
            [
              -120.80719441557248,
              38.138543596792125
            ],
            [
              -120.80711214374035,
              38.13855732184067
            ],
            [
              -120.80702856325236,
              38.138564601262246
            ],
            [
              -120.80700657946382,
              38.138564800881
            ],
            [
              -120.80694861141605,
              38.138598216807765
            ],
            [
              -120.80687211345142,
              38.13863337282542
            ],
            [
              -120.8067914257375,
              38.13866209818389
            ],
            [
              -120.80661052437173,
              38.13871779861721
            ],
            [
              -120.80652638000836,
              38.13873981401711
            ],
            [
              -120.80643980288382,
              38.138754834305104
            ],
            [
              -120.8063517225669,
              38.13876269821072
            ],
            [
              -120.80626308476725,
              38.13876332130076
            ],
            [
              -120.80617484118035,
              38.13875669688597
            ],
            [
              -120.80608828058772,
              38.13874295029743
            ],
            [
              -120.80601969468646,
              38.13875666935334
            ],
            [
              -120.80593855034273,
              38.13876648964557
            ],
            [
              -120.80585658779859,
              38.13877012183668
            ],
            [
              -120.8057745618303,
              38.1387675324792
            ],
            [
              -120.8056932277981,
              38.138758745418606
            ],
            [
              -120.80561333468964,
              38.138743841573714
            ],
            [
              -120.80541823314044,
              38.138699541137086
            ],
            [
              -120.80533952335482,
              38.138678347362955
            ],
            [
              -120.80526379096058,
              38.13865121787571
            ],
            [
              -120.8051917516035,
              38.138618409041825
            ],
            [
              -120.80512408602851,
              38.13858023089552
            ],
            [
              -120.80500698636656,
              38.138507118857085
            ],
            [
              -120.8050046942413,
              38.13856622347001
            ],
            [
              -120.80504920903724,
              38.138911540859354
            ],
            [
              -120.80513019218535,
              38.139185187953075
            ],
            [
              -120.80545365997838,
              38.13969690064889
            ],
            [
              -120.80586594764647,
              38.14027715955682
            ],
            [
              -120.8059022432119,
              38.14033444739787
            ],
            [
              -120.80593150605951,
              38.14039419253002
            ],
            [
              -120.80607800958022,
              38.1407413916326
            ],
            [
              -120.80609795864633,
              38.140796309147575
            ],
            [
              -120.80611196168807,
              38.140852361400725
            ],
            [
              -120.80619883957547,
              38.141298770667326
            ],
            [
              -120.80626142284888,
              38.141341132912444
            ],
            [
              -120.80632187150913,
              38.141391407526484
            ],
            [
              -120.80637547848113,
              38.14144630979898
            ],
            [
              -120.80642167929945,
              38.14150526164236
            ],
            [
              -120.80645998747744,
              38.14156764232805
            ],
            [
              -120.80648999963012,
              38.14163279502196
            ],
            [
              -120.80651139972254,
              38.14170003370048
            ],
            [
              -120.8065239623981,
              38.141768650373685
            ],
            [
              -120.80658023773451,
              38.14224895946395
            ],
            [
              -120.80663481976508,
              38.14243969581371
            ],
            [
              -120.80699049797092,
              38.142723370715736
            ],
            [
              -120.80739633225623,
              38.142986483393166
            ],
            [
              -120.80745616171163,
              38.14302915290522
            ],
            [
              -120.80751064015095,
              38.14307608037455
            ],
            [
              -120.80755928384976,
              38.14312684913292
            ],
            [
              -120.80790980260208,
              38.14353092185492
            ],
            [
              -120.80797030653841,
              38.143532402680016
            ],
            [
              -120.80805607220934,
              38.143541406381786
            ],
            [
              -120.80814024782822,
              38.14355720514254
            ],
            [
              -120.80822197250623,
              38.14357963738467
            ],
            [
              -120.80830041041877,
              38.14360847368776
            ],
            [
              -120.80844820959864,
              38.143670173163684
            ],
            [
              -120.80852188715548,
              38.14370476576782
            ],
            [
              -120.80859081195746,
              38.143745007069874
            ],
            [
              -120.8086542921433,
              38.14379049313654
            ],
            [
              -120.80871169050003,
              38.14384076738781
            ],
            [
              -120.80876243085937,
              38.14389532517968
            ],
            [
              -120.80880600388143,
              38.14395361886945
            ],
            [
              -120.80882667202765,
              38.143984731808594
            ],
            [
              -120.80885107160607,
              38.14399337896567
            ],
            [
              -120.8089218792164,
              38.14402165806549
            ],
            [
              -120.80898906485228,
              38.144054996247185
            ],
            [
              -120.80905205059999,
              38.14409310674731
            ],
            [
              -120.80911029466927,
              38.14413566175204
            ],
            [
              -120.80916329605368,
              38.14418229521658
            ],
            [
              -120.80921059884007,
              38.14423260601382
            ],
            [
              -120.8092517961305,
              38.14428616138429
            ],
            [
              -120.8092859856863,
              38.14434161211244
            ],
            [
              -120.80933734406182,
              38.14432711856769
            ],
            [
              -120.80941662904934,
              38.14431129216781
            ],
            [
              -120.80949746520263,
              38.14430151633272
            ],
            [
              -120.80957911393841,
              38.144297880382794
            ],
            [
              -120.80991510013021,
              38.144295620044566
            ],
            [
              -120.81032751074177,
              38.14423112552486
            ],
            [
              -120.81040921940648,
              38.14422155772091
            ],
            [
              -120.81049171558185,
              38.14421825743488
            ],
            [
              -120.81057423025972,
              38.14422125543186
            ],
            [
              -120.81065599425919,
              38.14423052376589
            ],
            [
              -120.81073624539633,
              38.14424597604054
            ],
            [
              -120.81078563070439,
              38.144259585420876
            ],
            [
              -120.81078814304067,
              38.14425976458036
            ],
            [
              -120.81086669722023,
              38.144271276250834
            ],
            [
              -120.81092829670698,
              38.144282676133706
            ],
            [
              -120.81100817758984,
              38.14430073188864
            ],
            [
              -120.81108546398873,
              38.14432482194337
            ],
            [
              -120.8111313167129,
              38.14434335643706
            ],
            [
              -120.81118848007313,
              38.14433835635769
            ],
            [
              -120.8112794905097,
              38.14433807747858
            ],
            [
              -120.8116205873844,
              38.1443513772623
            ],
            [
              -120.81170389810787,
              38.14435786401746
            ],
            [
              -120.81178600724968,
              38.144370749896154
            ],
            [
              -120.81185827297982,
              38.14438803278335
            ],
            [
              -120.81190573698535,
              38.14435118068457
            ],
            [
              -120.81197192605724,
              38.144309121250096
            ],
            [
              -120.81204307072386,
              38.144272453374626
            ],
            [
              -120.81211846946289,
              38.144241538619156
            ],
            [
              -120.81219737880804,
              38.14421668181621
            ],
            [
              -120.81227902067945,
              38.14419812806423
            ],
            [
              -120.81236259005559,
              38.144186060311036
            ],
            [
              -120.8127435865942,
              38.144146360566374
            ],
            [
              -120.81282737624755,
              38.14414092010696
            ],
            [
              -120.81291143748443,
              38.144142000659535
            ],
            [
              -120.81299495856103,
              38.14414959179028
            ],
            [
              -120.81307713294903,
              38.14416362019552
            ],
            [
              -120.81315716712332,
              38.14418395040935
            ],
            [
              -120.81323428822414,
              38.144210386111766
            ],
            [
              -120.81330775151977,
              38.14424267202414
            ],
            [
              -120.81337684759781,
              38.144280496374314
            ],
            [
              -120.8134409092153,
              38.14432349390688
            ],
            [
              -120.81349931774209,
              38.14437124941015
            ],
            [
              -120.81355150913453,
              38.144423301725446
            ],
            [
              -120.8135969793826,
              38.144479148200084
            ],
            [
              -120.81363528937719,
              38.1445382495411
            ],
            [
              -120.8136660691509,
              38.14460003502283
            ],
            [
              -120.81368902145134,
              38.14466390799804
            ],
            [
              -120.81370392461224,
              38.144729251659435
            ],
            [
              -120.81371063469483,
              38.14479543499598
            ],
            [
              -120.8137090868787,
              38.14486181888633
            ],
            [
              -120.81370552732962,
              38.14488579334261
            ],
            [
              -120.81375022317671,
              38.14492999242971
            ],
            [
              -120.8137957896469,
              38.144985390086774
            ],
            [
              -120.81383428809313,
              38.14504403708767
            ],
            [
              -120.81386535048001,
              38.14510537280904
            ],
            [
              -120.81388867985325,
              38.14516881092373
            ],
            [
              -120.81390405317902,
              38.14523374500559
            ],
            [
              -120.8139113234767,
              38.14529955432638
            ],
            [
              -120.8139104212248,
              38.145365609789415
            ],
            [
              -120.81390135502626,
              38.14543127994338
            ],
            [
              -120.81388421152712,
              38.14549593701864
            ],
            [
              -120.81387725369947,
              38.14551343810844
            ],
            [
              -120.81388816583491,
              38.14558717759901
            ],
            [
              -120.81388954203842,
              38.14560175889075
            ],
            [
              -120.81391980211767,
              38.14560629459171
            ],
            [
              -120.8139994238437,
              38.145624687450436
            ],
            [
              -120.8140157777166,
              38.14562986947408
            ],
            [
              -120.81405171343809,
              38.14563380195244
            ],
            [
              -120.8141345840891,
              38.145649636462416
            ],
            [
              -120.81421504754422,
              38.145671906239066
            ],
            [
              -120.8142923046898,
              38.14570039011396
            ],
            [
              -120.81436558825251,
              38.14573480520392
            ],
            [
              -120.8144341704193,
              38.145774809720145
            ],
            [
              -120.814497370065,
              38.145820006362456
            ],
            [
              -120.8145545595171,
              38.1458699462647
            ],
            [
              -120.81460517078918,
              38.14592413345246
            ],
            [
              -120.81464870122231,
              38.14598202976837
            ],
            [
              -120.81468471847734,
              38.14604306021669
            ],
            [
              -120.81471286482943,
              38.14610661867354
            ],
            [
              -120.81484876865086,
              38.14647081784703
            ],
            [
              -120.81486863283146,
              38.146535723353715
            ],
            [
              -120.81488028719244,
              38.14660186033481
            ],
            [
              -120.81488361787831,
              38.14666858280279
            ],
            [
              -120.81487859233403,
              38.14673523904962
            ],
            [
              -120.81486525962383,
              38.14680117801242
            ],
            [
              -120.81484374995281,
              38.146865755632575
            ],
            [
              -120.81481427339615,
              38.1469283411468
            ],
            [
              -120.8147771178478,
              38.14698832324824
            ],
            [
              -120.81473264620917,
              38.14704511605757
            ],
            [
              -120.81468129284522,
              38.147098164845964
            ],
            [
              -120.8146710888013,
              38.14710678758772
            ],
            [
              -120.81464586002741,
              38.14714182690801
            ],
            [
              -120.81459927297779,
              38.14719425890719
            ],
            [
              -120.81454660803244,
              38.14724297147191
            ],
            [
              -120.81448833849873,
              38.14728752680541
            ],
            [
              -120.81443813839698,
              38.14732242704207
            ],
            [
              -120.81437276264546,
              38.14736357994661
            ],
            [
              -120.81430261279024,
              38.1473994974529
            ],
            [
              -120.81423069378363,
              38.14742888250044
            ],
            [
              -120.81425630924691,
              38.14748316357526
            ],
            [
              -120.81432191089068,
              38.14764366317382
            ],
            [
              -120.81434673773396,
              38.14771900546444
            ],
            [
              -120.81436042483094,
              38.14779610292299
            ],
            [
              -120.81437921041403,
              38.147977404390424
            ],
            [
              -120.81440793155802,
              38.148000932934444
            ],
            [
              -120.81445909984129,
              38.14805185089563
            ],
            [
              -120.81450383521191,
              38.14810641623213
            ],
            [
              -120.8145417235838,
              38.148164123886836
            ],
            [
              -120.81457241424415,
              38.14822443971605
            ],
            [
              -120.81459562310019,
              38.148286805433315
            ],
            [
              -120.81461113530948,
              38.14835064377679
            ],
            [
              -120.81461880726901,
              38.14841536385237
            ],
            [
              -120.81461856794527,
              38.14848036660293
            ],
            [
              -120.81460287076052,
              38.14872306680145
            ],
            [
              -120.81459667825682,
              38.14877671228816
            ],
            [
              -120.81458509358859,
              38.14882979770043
            ],
            [
              -120.81449209707777,
              38.149173452693105
            ],
            [
              -120.81435938637645,
              38.14975193651755
            ],
            [
              -120.81433218496264,
              38.14988209833191
            ],
            [
              -120.81427442636777,
              38.15035562129512
            ],
            [
              -120.81427688998498,
              38.15060343952923
            ],
            [
              -120.81432840213891,
              38.151033008903426
            ],
            [
              -120.81433058555962,
              38.15105505567272
            ],
            [
              -120.8143749293451,
              38.151622045394454
            ],
            [
              -120.81448691181747,
              38.15213671701828
            ],
            [
              -120.81466105171478,
              38.15278753059863
            ],
            [
              -120.81467442968805,
              38.15285351202037
            ],
            [
              -120.8146794883572,
              38.15292021423904
            ],
            [
              -120.81467617821883,
              38.15298698481758
            ],
            [
              -120.8146645316279,
              38.1530531706485
            ],
            [
              -120.814644662482,
              38.15311812434219
            ],
            [
              -120.81461676510818,
              38.153181210559474
            ],
            [
              -120.814581112363,
              38.153241812226135
            ],
            [
              -120.81455173309799,
              38.15328106087993
            ],
            [
              -120.81457259742642,
              38.15349138829656
            ],
            [
              -120.8146013617077,
              38.15373214329507
            ],
            [
              -120.81460514426182,
              38.153795639056604
            ],
            [
              -120.81460135314705,
              38.15385913449929
            ],
            [
              -120.81459002190066,
              38.153922067597115
            ],
            [
              -120.81457125080155,
              38.15398388130022
            ],
            [
              -120.8145452059834,
              38.1540440284657
            ],
            [
              -120.81451100658755,
              38.15411232871385
            ],
            [
              -120.81447827525946,
              38.15416972261563
            ],
            [
              -120.81443892176574,
              38.15422446220287
            ],
            [
              -120.8143932876575,
              38.154276072368376
            ],
            [
              -120.81434176900024,
              38.15432410516553
            ],
            [
              -120.81428481293679,
              38.15436814369651
            ],
            [
              -120.81422291380618,
              38.154407805730884
            ],
            [
              -120.81415660885334,
              38.15444274702333
            ],
            [
              -120.81408647356595,
              38.15447266430174
            ],
            [
              -120.81400177299858,
              38.15450486455017
            ],
            [
              -120.81395857425993,
              38.154519314099396
            ],
            [
              -120.81396335119287,
              38.154533814296194
            ],
            [
              -120.81410349588627,
              38.15483828944645
            ],
            [
              -120.81435026840278,
              38.15531843506878
            ],
            [
              -120.81442341230716,
              38.155413859684295
            ],
            [
              -120.81451045499468,
              38.15543455921155
            ],
            [
              -120.81459473621858,
              38.15545846663093
            ],
            [
              -120.81467539138693,
              38.155489198671425
            ],
            [
              -120.81477669084833,
              38.155533098302826
            ],
            [
              -120.81485175693086,
              38.155569727644654
            ],
            [
              -120.8149216462709,
              38.15561226676177
            ],
            [
              -120.81498561557201,
              38.155660263242986
            ],
            [
              -120.8150429844945,
              38.15571320663597
            ],
            [
              -120.8150931428911,
              38.15577053387563
            ],
            [
              -120.8151355572964,
              38.15583163527218
            ],
            [
              -120.81516977660087,
              38.155895860995045
            ],
            [
              -120.81519543684921,
              38.155962527983704
            ],
            [
              -120.81523733829658,
              38.1560957277335
            ],
            [
              -120.81525294835478,
              38.156157549045105
            ],
            [
              -120.81526119357534,
              38.156220250032405
            ],
            [
              -120.81526200216454,
              38.1562832848833
            ],
            [
              -120.81525536706438,
              38.156346104877954
            ],
            [
              -120.81524134601479,
              38.156408163165544
            ],
            [
              -120.81522006105143,
              38.15646891952453
            ],
            [
              -120.81521126607124,
              38.15649012053196
            ],
            [
              -120.81525414214785,
              38.156733843126915
            ],
            [
              -120.81526020359969,
              38.15677976350385
            ],
            [
              -120.81527860603006,
              38.15698796344462
            ],
            [
              -120.81528047664503,
              38.15704981848375
            ],
            [
              -120.81527517311682,
              38.15711154927849
            ],
            [
              -120.81525797389507,
              38.157230646647385
            ],
            [
              -120.815260624723,
              38.15724058680859
            ],
            [
              -120.81527371126263,
              38.157304895973205
            ],
            [
              -120.81527889452212,
              38.15736990128654
            ],
            [
              -120.81527612630974,
              38.15743499862188
            ],
            [
              -120.81526543233083,
              38.15749958299569
            ],
            [
              -120.81524533329805,
              38.15758768316793
            ],
            [
              -120.81522765001868,
              38.15764879219425
            ],
            [
              -120.8152028702603,
              38.15770834421649
            ],
            [
              -120.81517120729895,
              38.157765826637984
            ],
            [
              -120.8151329336601,
              38.15782074467517
            ],
            [
              -120.81508837877323,
              38.15787262561648
            ],
            [
              -120.81503792613657,
              38.15792102289163
            ],
            [
              -120.81492662623214,
              38.15801822349134
            ],
            [
              -120.81486868536679,
              38.15806418392112
            ],
            [
              -120.81480543088611,
              38.15810554662924
            ],
            [
              -120.81473744551263,
              38.15814193056304
            ],
            [
              -120.8146705474125,
              38.158170762905605
            ],
            [
              -120.81468714277915,
              38.158208952984076
            ],
            [
              -120.81470658515494,
              38.15827409956889
            ],
            [
              -120.81471776880201,
              38.158340445376794
            ],
            [
              -120.81472058394898,
              38.15840733933513
            ],
            [
              -120.81471500294685,
              38.158474124990285
            ],
            [
              -120.81470108054134,
              38.158540146949676
            ],
            [
              -120.81467895333637,
              38.15860475731346
            ],
            [
              -120.81465845383082,
              38.15864734576571
            ],
            [
              -120.81469081601185,
              38.15867154413549
            ],
            [
              -120.81474891753062,
              38.15872511479133
            ],
            [
              -120.81480681778754,
              38.158784514467385
            ],
            [
              -120.81485424314874,
              38.15883839117555
            ],
            [
              -120.81489482648858,
              38.15889564592246
            ],
            [
              -120.8149281850803,
              38.15895573878317
            ],
            [
              -120.8149540043257,
              38.15901810306719
            ],
            [
              -120.81497204072254,
              38.15908215066251
            ],
            [
              -120.8149821241615,
              38.15914727758141
            ],
            [
              -120.81498415953118,
              38.159212869656194
            ],
            [
              -120.81497812761566,
              38.15927830833096
            ],
            [
              -120.8149640852767,
              38.15934297649478
            ],
            [
              -120.81494216491826,
              38.159406264301346
            ],
            [
              -120.81491257323862,
              38.15946757492019
            ],
            [
              -120.81487558928183,
              38.159526330165136
            ],
            [
              -120.81483156180683,
              38.15958197594702
            ],
            [
              -120.81478090599903,
              38.159633987499255
            ],
            [
              -120.81472409955522,
              38.159681874326814
            ],
            [
              -120.81466167817901,
              38.159725184832105
            ],
            [
              -120.81459423052888,
              38.15976351057396
            ],
            [
              -120.81452239266683,
              38.15979649011981
            ],
            [
              -120.81442275372393,
              38.15983725589966
            ],
            [
              -120.81437898489362,
              38.15987095186678
            ],
            [
              -120.81431796783838,
              38.15991364370924
            ],
            [
              -120.81425208205219,
              38.15995155697984
            ],
            [
              -120.81418192558934,
              38.15998434753127
            ],
            [
              -120.81410813527263,
              38.16001171771602
            ],
            [
              -120.81403138091264,
              38.160033419088364
            ],
            [
              -120.81395235922732,
              38.160049254659725
            ],
            [
              -120.81387178751714,
              38.16005908068685
            ],
            [
              -120.81380008686067,
              38.160065080721644
            ],
            [
              -120.81371911943063,
              38.160068804446084
            ],
            [
              -120.81363806918243,
              38.160066459027306
            ],
            [
              -120.81355766422634,
              38.160058065535864
            ],
            [
              -120.81347862687514,
              38.16004369937479
            ],
            [
              -120.81340166715461,
              38.16002348960204
            ],
            [
              -120.81334568706201,
              38.160003968200336
            ],
            [
              -120.81330341823318,
              38.16001345235394
            ],
            [
              -120.81321981750942,
              38.16002895247021
            ],
            [
              -120.81314026586207,
              38.16004059964775
            ],
            [
              -120.81305967660248,
              38.16004626257457
            ],
            [
              -120.81297877018987,
              38.16004589062527
            ],
            [
              -120.81295853733383,
              38.160044281181484
            ],
            [
              -120.81297441549725,
              38.16004842443656
            ],
            [
              -120.81305463959914,
              38.160076863139
            ],
            [
              -120.81313074358967,
              38.16011165244262
            ],
            [
              -120.813201923756,
              38.160152424950994
            ],
            [
              -120.81325512364634,
              38.16018632470611
            ],
            [
              -120.81331691359463,
              38.16022975533116
            ],
            [
              -120.81337310340543,
              38.16027769393543
            ],
            [
              -120.81342316792653,
              38.16032969249314
            ],
            [
              -120.8134666392486,
              38.16038526503384
            ],
            [
              -120.81350311107856,
              38.160443892183906
            ],
            [
              -120.81353224253711,
              38.16050502602042
            ],
            [
              -120.81355376134518,
              38.160568095191785
            ],
            [
              -120.81356746636921,
              38.16063251025736
            ],
            [
              -120.81357322950167,
              38.1606976691963
            ],
            [
              -120.81357099685913,
              38.160762963033946
            ],
            [
              -120.8135607892866,
              38.160827781533214
            ],
            [
              -120.8135427021635,
              38.16089151889804
            ],
            [
              -120.8135169045131,
              38.16095357943504
            ],
            [
              -120.81350388626409,
              38.16097698213523
            ],
            [
              -120.81351188135633,
              38.160984916665114
            ],
            [
              -120.8135577706146,
              38.161041059377844
            ],
            [
              -120.81359641189138,
              38.16110050636833
            ],
            [
              -120.81362742723975,
              38.16116267621902
            ],
            [
              -120.81365051329513,
              38.16122696088011
            ],
            [
              -120.81366544424331,
              38.16129273161621
            ],
            [
              -120.81367207402965,
              38.16135934515572
            ],
            [
              -120.81367033778852,
              38.16142614998217
            ],
            [
              -120.8136602524785,
              38.16149249270648
            ],
            [
              -120.81364191671753,
              38.16155772445742
            ],
            [
              -120.81361550981913,
              38.16162120722811
            ],
            [
              -120.81358129003947,
              38.161682320116185
            ],
            [
              -120.81356757854552,
              38.16170143996419
            ],
            [
              -120.81356795329089,
              38.16170169898319
            ],
            [
              -120.81363275329024,
              38.16175089865843
            ],
            [
              -120.81369292422295,
              38.16180153308402
            ],
            [
              -120.81374619582044,
              38.16185677577559
            ],
            [
              -120.81379200549803,
              38.161916043349855
            ],
            [
              -120.81382986946818,
              38.161978709917655
            ],
            [
              -120.81385938784994,
              38.1620441136934
            ],
            [
              -120.8138802488928,
              38.16211156398353
            ],
            [
              -120.81389223226967,
              38.16218034848039
            ],
            [
              -120.8138951585399,
              38.162207372172574
            ],
            [
              -120.81392672966214,
              38.16227038681339
            ],
            [
              -120.81395046807555,
              38.16233702211157
            ],
            [
              -120.81396544658382,
              38.1624052253675
            ],
            [
              -120.81397150794234,
              38.16247428069555
            ],
            [
              -120.81396858850349,
              38.16254346326452
            ],
            [
              -120.81395671888556,
              38.16261204690554
            ],
            [
              -120.81394621936371,
              38.162655846994596
            ],
            [
              -120.81392720315768,
              38.1627186048755
            ],
            [
              -120.81390069070368,
              38.16277964421569
            ],
            [
              -120.81386692382286,
              38.162838408231295
            ],
            [
              -120.81382621051138,
              38.162894360892096
            ],
            [
              -120.81377892213139,
              38.16294699181118
            ],
            [
              -120.8137254900241,
              38.162995820900896
            ],
            [
              -120.81366640157536,
              38.16304040275215
            ],
            [
              -120.81360219577005,
              38.16308033069767
            ],
            [
              -120.81353345827553,
              38.16311524052173
            ],
            [
              -120.81349245804253,
              38.163133940662966
            ],
            [
              -120.81341422865206,
              38.16316550887014
            ],
            [
              -120.81333231201057,
              38.16319057802566
            ],
            [
              -120.8132475715313,
              38.16320888389683
            ],
            [
              -120.8131609003935,
              38.163220233537096
            ],
            [
              -120.8130732121273,
              38.16322450731983
            ],
            [
              -120.81298543098431,
              38.16322166019928
            ],
            [
              -120.81294443061311,
              38.16321866016071
            ],
            [
              -120.8128850472192,
              38.16321210256636
            ],
            [
              -120.81299797033822,
              38.16324953377713
            ],
            [
              -120.81307325191378,
              38.163277972204185
            ],
            [
              -120.81314466705817,
              38.16331206487433
            ],
            [
              -120.81321153658442,
              38.16335148755574
            ],
            [
              -120.81327322453272,
              38.16339586532592
            ],
            [
              -120.81332914421868,
              38.16344477613695
            ],
            [
              -120.81337876381296,
              38.163497754829116
            ],
            [
              -120.81342161139928,
              38.16355429755456
            ],
            [
              -120.81345727946292,
              38.1636138665687
            ],
            [
              -120.81348542876687,
              38.1636758953444
            ],
            [
              -120.81350579157868,
              38.16373979395946
            ],
            [
              -120.81351817421728,
              38.163804954707174
            ],
            [
              -120.81352245889603,
              38.16387075787563
            ],
            [
              -120.8135228603319,
              38.163993457916156
            ],
            [
              -120.81352000582237,
              38.16403809837088
            ],
            [
              -120.81354414345267,
              38.16407525735516
            ],
            [
              -120.81357473387365,
              38.16413631792181
            ],
            [
              -120.81359767243754,
              38.16419943457305
            ],
            [
              -120.81361274246491,
              38.164264011159915
            ],
            [
              -120.813619801595,
              38.16432943774241
            ],
            [
              -120.81361878313093,
              38.1643950963505
            ],
            [
              -120.81360969667077,
              38.164460366820975
            ],
            [
              -120.81359262801743,
              38.16452463265503
            ],
            [
              -120.81356773836926,
              38.16458728684144
            ],
            [
              -120.81353526279798,
              38.164647737590016
            ],
            [
              -120.81349550802926,
              38.164705413921375
            ],
            [
              -120.81348938599051,
              38.16471254610317
            ],
            [
              -120.81352824665207,
              38.164752757623916
            ],
            [
              -120.81357136530735,
              38.16480750441992
            ],
            [
              -120.81360767879917,
              38.16486524654687
            ],
            [
              -120.81363685650052,
              38.16492545830098
            ],
            [
              -120.81365863274897,
              38.164987591492896
            ],
            [
              -120.81367280926594,
              38.16505108043829
            ],
            [
              -120.81367925696264,
              38.165115347108035
            ],
            [
              -120.81367791711607,
              38.165179806390775
            ],
            [
              -120.81366880190426,
              38.16524387141994
            ],
            [
              -120.81365410270534,
              38.1653159715491
            ],
            [
              -120.81363209737984,
              38.165394086658104
            ],
            [
              -120.81362375168831,
              38.16541716547601
            ],
            [
              -120.81364371700704,
              38.16547535914758
            ],
            [
              -120.8136658881054,
              38.16556219094468
            ],
            [
              -120.81371279128273,
              38.16583829070463
            ],
            [
              -120.81371989364764,
              38.16590519079425
            ],
            [
              -120.81371855150697,
              38.16597231710171
            ],
            [
              -120.81370877808884,
              38.166039006872786
            ],
            [
              -120.81369066986606,
              38.166104601661374
            ],
            [
              -120.81366440560458,
              38.16616845383081
            ],
            [
              -120.81363024459922,
              38.16622993294818
            ],
            [
              -120.8135885241143,
              38.166288432009054
            ],
            [
              -120.81353965605446,
              38.166343373430756
            ],
            [
              -120.81348412289813,
              38.16639421475539
            ],
            [
              -120.81342247293429,
              38.16644045400592
            ],
            [
              -120.81335531484916,
              38.16648163464273
            ],
            [
              -120.81328331171639,
              38.166517350071395
            ],
            [
              -120.8132071744502,
              38.16654724765752
            ],
            [
              -120.81312765478582,
              38.16657103220864
            ],
            [
              -120.81304553785695,
              38.166588468888996
            ],
            [
              -120.81296163444325,
              38.16659938553836
            ],
            [
              -120.81287677296444,
              38.166603674371906
            ],
            [
              -120.81279179130034,
              38.166601293044565
            ],
            [
              -120.81270752851728,
              38.16659226506904
            ],
            [
              -120.81262481658308,
              38.166576679583706
            ],
            [
              -120.81254447215169,
              38.16655469047229
            ],
            [
              -120.81246728849969,
              38.166526514844456
            ],
            [
              -120.81239402769319,
              38.16649243089193
            ],
            [
              -120.81232541306323,
              38.16645277514159
            ],
            [
              -120.81226212206387,
              38.16640793913253
            ],
            [
              -120.8122047795832,
              38.16635836554994
            ],
            [
              -120.81199157780242,
              38.1661545744835
            ],
            [
              -120.81194104040695,
              38.166129105468244
            ],
            [
              -120.81186851531832,
              38.166088208547784
            ],
            [
              -120.81180177106448,
              38.166041578357195
            ],
            [
              -120.81179102535454,
              38.16603232782799
            ],
            [
              -120.8118180800218,
              38.166066770272536
            ],
            [
              -120.81185619628893,
              38.166128533688294
            ],
            [
              -120.8118861706934,
              38.166193033863834
            ],
            [
              -120.81190769326999,
              38.16625960385092
            ],
            [
              -120.81192054144567,
              38.166327555297045
            ],
            [
              -120.81192458234187,
              38.166396185563066
            ],
            [
              -120.81191977414954,
              38.16646478498868
            ],
            [
              -120.8119061665625,
              38.166532644230486
            ],
            [
              -120.81189216712606,
              38.16658504434657
            ],
            [
              -120.81187207396498,
              38.16664601932335
            ],
            [
              -120.8118448738445,
              38.1667052514998
            ],
            [
              -120.81183102800901,
              38.1667284051265
            ],
            [
              -120.81184947733465,
              38.16676422987049
            ],
            [
              -120.81186907083432,
              38.16680851392807
            ],
            [
              -120.81189788109434,
              38.166814194993776
            ],
            [
              -120.81198018519315,
              38.16683394241177
            ],
            [
              -120.81205956256068,
              38.16686011310555
            ],
            [
              -120.81213521123027,
              38.16689244266877
            ],
            [
              -120.81220636690409,
              38.16693060447056
            ],
            [
              -120.81227231067452,
              38.16697421295518
            ],
            [
              -120.8123323762873,
              38.167022827537195
            ],
            [
              -120.8123810763983,
              38.16706642727644
            ],
            [
              -120.8124311401825,
              38.16711571364442
            ],
            [
              -120.81247515407789,
              38.16716847631429
            ],
            [
              -120.81251273324024,
              38.1672242539618
            ],
            [
              -120.81254354908434,
              38.16728255890047
            ],
            [
              -120.81256733215746,
              38.16734288134538
            ],
            [
              -120.8125838744957,
              38.167404693870466
            ],
            [
              -120.812593031443,
              38.16746745601979
            ],
            [
              -120.81259472291656,
              38.167530619033016
            ],
            [
              -120.81259248379638,
              38.16755499203697
            ],
            [
              -120.81259283497515,
              38.167555217110475
            ],
            [
              -120.81263593493388,
              38.16758551690198
            ],
            [
              -120.8126995474517,
              38.167635180478506
            ],
            [
              -120.8127562453545,
              38.16768981546371
            ],
            [
              -120.81280540903418,
              38.16774882480978
            ],
            [
              -120.81284650121226,
              38.16781156366457
            ],
            [
              -120.8128845017989,
              38.16787786343199
            ],
            [
              -120.8129140301585,
              38.16793653678722
            ],
            [
              -120.81293649252927,
              38.16799712996757
            ],
            [
              -120.81295169275737,
              38.16805911388804
            ],
            [
              -120.81295949809895,
              38.168121947318745
            ],
            [
              -120.81295984038022,
              38.16818508161053
            ],
            [
              -120.8129527165931,
              38.16824796548586
            ],
            [
              -120.81294221727524,
              38.1683085655817
            ],
            [
              -120.81292685086335,
              38.168373458262025
            ],
            [
              -120.81290353586344,
              38.168436857226055
            ],
            [
              -120.81289785805862,
              38.1684480697944
            ],
            [
              -120.81293377797483,
              38.168479221317874
            ],
            [
              -120.81298493340228,
              38.16853367967392
            ],
            [
              -120.81302891800394,
              38.168591911337664
            ],
            [
              -120.81306528885816,
              38.1686533299445
            ],
            [
              -120.81309367970717,
              38.16871731703728
            ],
            [
              -120.81311380464584,
              38.168783228293606
            ],
            [
              -120.81312546100146,
              38.16885040001384
            ],
            [
              -120.8131285313754,
              38.16891815580409
            ],
            [
              -120.81312298482614,
              38.16898581338724
            ],
            [
              -120.81310887718202,
              38.16905269147319
            ],
            [
              -120.81308635047972,
              38.169118116619366
            ],
            [
              -120.81300185245341,
              38.16932241725989
            ],
            [
              -120.81297284112095,
              38.16938265819493
            ],
            [
              -120.81293669132681,
              38.1694404428471
            ],
            [
              -120.81289373197876,
              38.16949524543887
            ],
            [
              -120.81284435394672,
              38.16954656732517
            ],
            [
              -120.81278900650663,
              38.16959394153073
            ],
            [
              -120.81272819325271,
              38.16963693699925
            ],
            [
              -120.8126624675154,
              38.16967516251584
            ],
            [
              -120.81259242732666,
              38.16970827026684
            ],
            [
              -120.8125187099783,
              38.169735959004804
            ],
            [
              -120.81246880006663,
              38.16975028189942
            ],
            [
              -120.81246727708127,
              38.16975398583143
            ],
            [
              -120.81243311236761,
              38.16981548423133
            ],
            [
              -120.81239138336775,
              38.16987400142505
            ],
            [
              -120.8123692357421,
              38.16989890243086
            ],
            [
              -120.81238071998519,
              38.16989688213922
            ],
            [
              -120.81249001900605,
              38.16988208224321
            ],
            [
              -120.81257041539793,
              38.16987426645297
            ],
            [
              -120.81265138766786,
              38.169872486210174
            ],
            [
              -120.81273221045043,
              38.169876757463214
            ],
            [
              -120.81281215971923,
              38.16988704194996
            ],
            [
              -120.8128905192721,
              38.1699032475405
            ],
            [
              -120.81296658714665,
              38.169925229062315
            ],
            [
              -120.81303968190794,
              38.16995278960074
            ],
            [
              -120.81310914875289,
              38.16998568226278
            ],
            [
              -120.81317436537546,
              38.17002361238857
            ],
            [
              -120.81323474754154,
              38.170066240190906
            ],
            [
              -120.81332994756798,
              38.17014013970904
            ],
            [
              -120.81338600979447,
              38.170188076056064
            ],
            [
              -120.81343554028514,
              38.1702396271099
            ],
            [
              -120.81348793497874,
              38.17024898678395
            ],
            [
              -120.81356900711722,
              38.17027037072178
            ],
            [
              -120.81364697299033,
              38.170298032298575
            ],
            [
              -120.81372105488772,
              38.17033169559193
            ],
            [
              -120.81379051383863,
              38.17037102481194
            ],
            [
              -120.81385465698271,
              38.17041562765072
            ],
            [
              -120.81391284448132,
              38.170465059195124
            ],
            [
              -120.81396449589981,
              38.170518826364706
            ],
            [
              -120.81403979639363,
              38.17060592592986
            ],
            [
              -120.81408137226715,
              38.17065914925739
            ],
            [
              -120.81411653732131,
              38.17071517902786
            ],
            [
              -120.81414499034426,
              38.170773535333915
            ],
            [
              -120.81416648761247,
              38.1708337183397
            ],
            [
              -120.81418084497858,
              38.17089521256193
            ],
            [
              -120.81419694604695,
              38.170988112478874
            ],
            [
              -120.81420435983301,
              38.171056925233074
            ],
            [
              -120.81420283680036,
              38.1711259759705
            ],
            [
              -120.81419239283652,
              38.17119454324606
            ],
            [
              -120.81417313703598,
              38.171261910663986
            ],
            [
              -120.81414527056158,
              38.17132737436279
            ],
            [
              -120.81410908454342,
              38.17139025036944
            ],
            [
              -120.81409320351274,
              38.171411711095935
            ],
            [
              -120.81411557957384,
              38.17142936969728
            ],
            [
              -120.814176413559,
              38.171482776170286
            ],
            [
              -120.81422972247195,
              38.17154097887085
            ],
            [
              -120.81427490388175,
              38.17160332008564
            ],
            [
              -120.81431144719751,
              38.17166909533259
            ],
            [
              -120.814327675609,
              38.171703115817344
            ],
            [
              -120.81438930157614,
              38.171736523699025
            ]
          ],
          [
            [
              -120.81164091472765,
              38.1658903349336
            ],
            [
              -120.81162363357188,
              38.16587209332795
            ],
            [
              -120.81158104159447,
              38.16581679530459
            ],
            [
              -120.81154534664265,
              38.165758533608205
            ],
            [
              -120.81151687622649,
              38.16569784283233
            ],
            [
              -120.8114958915636,
              38.165635279857646
            ],
            [
              -120.81148673746793,
              38.1655913467526
            ],
            [
              -120.81147452238477,
              38.16558480466595
            ],
            [
              -120.81147355919535,
              38.16558415988283
            ],
            [
              -120.81147978194144,
              38.16561065595282
            ],
            [
              -120.8114869036358,
              38.16567790569354
            ],
            [
              -120.81148549250506,
              38.165745380873915
            ],
            [
              -120.81148317410626,
              38.16576103022508
            ],
            [
              -120.8115540036686,
              38.16582494017636
            ],
            [
              -120.81164091472765,
              38.1658903349336
            ]
          ],
          [
            [
              -120.81263600584569,
              38.16314835666804
            ],
            [
              -120.81259011422708,
              38.163130186955335
            ],
            [
              -120.81254012955257,
              38.163119162599656
            ],
            [
              -120.81246644917917,
              38.1630969603585
            ],
            [
              -120.81235955518163,
              38.16306020966943
            ],
            [
              -120.81234904615809,
              38.16308333032052
            ],
            [
              -120.8123485838185,
              38.16308409716523
            ],
            [
              -120.81235470740235,
              38.1631045898974
            ],
            [
              -120.81236147917087,
              38.16314511321839
            ],
            [
              -120.81242726948588,
              38.163139015974274
            ],
            [
              -120.81250724616949,
              38.163137542479035
            ],
            [
              -120.81258704767653,
              38.16314197181667
            ],
            [
              -120.81263600584569,
              38.16314835666804
            ]
          ],
          [
            [
              -120.8127288213338,
              38.160004866909496
            ],
            [
              -120.81266634591782,
              38.159984925855085
            ],
            [
              -120.81263686013376,
              38.15997284247454
            ],
            [
              -120.81262940198484,
              38.15998931021142
            ],
            [
              -120.81262356765946,
              38.15999923767074
            ],
            [
              -120.81271765822032,
              38.16000386161133
            ],
            [
              -120.8127288213338,
              38.160004866909496
            ]
          ],
          [
            [
              -120.76544902941546,
              38.182902917059906
            ],
            [
              -120.76573060701904,
              38.18259585731523
            ],
            [
              -120.76574660197923,
              38.182580174429646
            ],
            [
              -120.76574680065866,
              38.18257701404312
            ],
            [
              -120.7657067075827,
              38.18252936946972
            ],
            [
              -120.76545277243547,
              38.182306584269945
            ],
            [
              -120.76538261490008,
              38.18223615019975
            ],
            [
              -120.76527801233033,
              38.182115446279774
            ],
            [
              -120.76523078253821,
              38.18212425332972
            ],
            [
              -120.76523433743301,
              38.18212886955937
            ],
            [
              -120.76527752414945,
              38.18219234630529
            ],
            [
              -120.76531190143207,
              38.18225909218192
            ],
            [
              -120.7653370782986,
              38.18232834811851
            ],
            [
              -120.7654123811448,
              38.182586747675494
            ],
            [
              -120.76542459811773,
              38.1826374701911
            ],
            [
              -120.76543187221343,
              38.182688780977685
            ],
            [
              -120.76544747417519,
              38.182856680925674
            ],
            [
              -120.76544902941546,
              38.182902917059906
            ]
          ],
          [
            [
              -120.79162443748606,
              38.15180555406851
            ],
            [
              -120.79167792429055,
              38.151843620105474
            ],
            [
              -120.7917261511263,
              38.151880761791695
            ],
            [
              -120.79177052811596,
              38.151920784401455
            ],
            [
              -120.79187032847882,
              38.15201828385145
            ],
            [
              -120.79192145154916,
              38.15207377127653
            ],
            [
              -120.79196518369113,
              38.1521330672036
            ],
            [
              -120.79200107380635,
              38.15219556001902
            ],
            [
              -120.79217173220657,
              38.152537954233935
            ],
            [
              -120.7923574749932,
              38.15271595048315
            ],
            [
              -120.79250759689887,
              38.15284612733179
            ],
            [
              -120.79250354965814,
              38.152600285534376
            ],
            [
              -120.79250347745621,
              38.1525911990709
            ],
            [
              -120.79250374802135,
              38.152116301781376
            ],
            [
              -120.7923308192867,
              38.151990116724015
            ],
            [
              -120.7922684531736,
              38.151939592377325
            ],
            [
              -120.79221309966407,
              38.151884207713174
            ],
            [
              -120.79216536238525,
              38.151824566715746
            ],
            [
              -120.79212576190352,
              38.15176131978394
            ],
            [
              -120.7920984839269,
              38.15171134199595
            ],
            [
              -120.79202687100248,
              38.151735038324674
            ],
            [
              -120.79192097018012,
              38.151765538561826
            ],
            [
              -120.79183706743736,
              38.151785918120936
            ],
            [
              -120.79175096191031,
              38.15179940190664
            ],
            [
              -120.79166355996172,
              38.15180584798684
            ],
            [
              -120.79162443748606,
              38.15180555406851
            ]
          ],
          [
            [
              -120.802517032401,
              38.13177066519667
            ],
            [
              -120.8025148888452,
              38.131813022245865
            ],
            [
              -120.80247883372407,
              38.13211848593291
            ],
            [
              -120.80251436448773,
              38.13266420267134
            ],
            [
              -120.80251413072706,
              38.13273702471401
            ],
            [
              -120.80250397568392,
              38.13280940389683
            ],
            [
              -120.8024687775388,
              38.13297710420421
            ],
            [
              -120.8024510794397,
              38.1330415186584
            ],
            [
              -120.80260294730475,
              38.133181300585285
            ],
            [
              -120.80265550984198,
              38.133234906381
            ],
            [
              -120.80265322246072,
              38.13318319410885
            ],
            [
              -120.80265474302279,
              38.13311294438104
            ],
            [
              -120.80266549165357,
              38.13304319921274
            ],
            [
              -120.80268535209328,
              38.13297471281586
            ],
            [
              -120.80271410955032,
              38.13290822578813
            ],
            [
              -120.80275145302492,
              38.13284445710466
            ],
            [
              -120.80277886229683,
              38.13280811618667
            ],
            [
              -120.80276225515712,
              38.132787513825676
            ],
            [
              -120.80272270308643,
              38.132725008049555
            ],
            [
              -120.80269153616638,
              38.13265960983588
            ],
            [
              -120.80266908775795,
              38.13259201873179
            ],
            [
              -120.80265559796047,
              38.13252295773915
            ],
            [
              -120.80261249088369,
              38.132188132286025
            ],
            [
              -120.80252549365748,
              38.13181937610774
            ],
            [
              -120.802517032401,
              38.13177066519667
            ]
          ],
          [
            [
              -120.80296807460795,
              38.13418885516382
            ],
            [
              -120.80301800291505,
              38.13441927718935
            ],
            [
              -120.80310059101366,
              38.134555820525314
            ],
            [
              -120.80320971545441,
              38.1345388242288
            ],
            [
              -120.80323816736384,
              38.13439518104969
            ],
            [
              -120.80302327154509,
              38.13423436608583
            ],
            [
              -120.80296807460795,
              38.13418885516382
            ]
          ],
          [
            [
              -120.77907571515614,
              38.16978080929858
            ],
            [
              -120.77901303362354,
              38.169801969843846
            ],
            [
              -120.77871329062349,
              38.169889845827065
            ],
            [
              -120.77842321793457,
              38.170035841780994
            ],
            [
              -120.77819440951635,
              38.17022439235035
            ],
            [
              -120.77807363213657,
              38.17035480129429
            ],
            [
              -120.77806551730887,
              38.170390472147446
            ],
            [
              -120.77814968855157,
              38.170721423273
            ],
            [
              -120.77821203697515,
              38.170912977552746
            ],
            [
              -120.77829998454517,
              38.17101027096874
            ],
            [
              -120.77855220429045,
              38.17115144768647
            ],
            [
              -120.77908936153742,
              38.171425512313235
            ],
            [
              -120.77934459815086,
              38.17155149354595
            ],
            [
              -120.7794288086023,
              38.171559772614
            ],
            [
              -120.77946081466831,
              38.17143232856028
            ],
            [
              -120.77943479507832,
              38.171193596054806
            ],
            [
              -120.77934152262107,
              38.17090661944462
            ],
            [
              -120.77933242404582,
              38.170875607936146
            ],
            [
              -120.77924696461912,
              38.170549567351344
            ],
            [
              -120.77915529107644,
              38.170246558775574
            ],
            [
              -120.77913861463479,
              38.170174212100584
            ],
            [
              -120.77907571515614,
              38.16978080929858
            ]
          ],
          [
            [
              -120.79033015722906,
              38.16580024571054
            ],
            [
              -120.79024234006731,
              38.165870812543616
            ],
            [
              -120.79018418631227,
              38.165913401609515
            ],
            [
              -120.7901212876221,
              38.16595155668871
            ],
            [
              -120.79005418438136,
              38.165984949974074
            ],
            [
              -120.78998345310025,
              38.16601329456879
            ],
            [
              -120.78990970146135,
              38.16603634695147
            ],
            [
              -120.7898335630984,
              38.16605390906849
            ],
            [
              -120.7897556921522,
              38.166065830035656
            ],
            [
              -120.78974626599265,
              38.166066917995444
            ],
            [
              -120.78968255729,
              38.16610500996562
            ],
            [
              -120.78960310789044,
              38.16614720789573
            ],
            [
              -120.78951818459473,
              38.16618213415772
            ],
            [
              -120.78942885064822,
              38.16620935147069
            ],
            [
              -120.78933494117557,
              38.16623329064739
            ],
            [
              -120.78918613400081,
              38.166337387565015
            ],
            [
              -120.78912417557402,
              38.16637682618989
            ],
            [
              -120.78905784428578,
              38.16641154994438
            ],
            [
              -120.788987713849,
              38.16644125849321
            ],
            [
              -120.78891439083873,
              38.166465694878845
            ],
            [
              -120.78883850944561,
              38.16648464774404
            ],
            [
              -120.78860433385104,
              38.16653380707236
            ],
            [
              -120.78849360296367,
              38.16656779819133
            ],
            [
              -120.7883980091462,
              38.16662809451739
            ],
            [
              -120.78832533141856,
              38.1667064756455
            ],
            [
              -120.78830378117736,
              38.1667751576954
            ],
            [
              -120.78831581431189,
              38.16683940807861
            ],
            [
              -120.78837832503928,
              38.16693783221691
            ],
            [
              -120.78867766867288,
              38.16713906838209
            ],
            [
              -120.78907927136014,
              38.16740378813019
            ],
            [
              -120.7891393901241,
              38.16723728579036
            ],
            [
              -120.78916754493248,
              38.16717211019168
            ],
            [
              -120.78920395657181,
              38.167109535646894
            ],
            [
              -120.78924824678407,
              38.1670502121697
            ],
            [
              -120.78940464772067,
              38.16686321314211
            ],
            [
              -120.78945429139048,
              38.16680975776634
            ],
            [
              -120.78951033073139,
              38.166760400078324
            ],
            [
              -120.7895722263726,
              38.16671561512878
            ],
            [
              -120.78963938258178,
              38.166675833956674
            ],
            [
              -120.78971115299885,
              38.16664143944094
            ],
            [
              -120.78992625169109,
              38.166549440141914
            ],
            [
              -120.79000446120736,
              38.1665199310053
            ],
            [
              -120.79008605054884,
              38.16649681938089
            ],
            [
              -120.79015766166326,
              38.16648279458039
            ],
            [
              -120.79018155056744,
              38.16645876016595
            ],
            [
              -120.7901877660616,
              38.16645363233842
            ],
            [
              -120.7901863160047,
              38.16640057894551
            ],
            [
              -120.79018901652405,
              38.16633043138381
            ],
            [
              -120.7902009191793,
              38.16626088340952
            ],
            [
              -120.79022189552187,
              38.16619268540494
            ],
            [
              -120.79033889560932,
              38.16588334737201
            ],
            [
              -120.79033015722906,
              38.16580024571054
            ]
          ]
        ]
      }
    }
  ]
}