{
  "type": "FeatureCollection",
  "features": [
    {
      "type": "Feature",
      "properties": {
        "reservoir_name": "PINE FLAT DAM",
        "cdec_station_id": "PNF",
        "source": "osm_tight_polygon_75m_buffer"
      },
      "geometry": {
        "type": "Polygon",
        "coordinates": [
          [
            [
              -119.35555948454461,
              36.818787953614695
            ],
            [
              -119.35559291541875,
              36.818834507513735
            ],
            [
              -119.35562614166439,
              36.81889300140153
            ],
            [
              -119.35565230180961,
              36.818953769694716
            ],
            [
              -119.35567115893261,
              36.819016262078264
            ],
            [
              -119.35568254224596,
              36.81907991262265
            ],
            [
              -119.35568634864386,
              36.81914414490861
            ],
            [
              -119.35568635086584,
              36.81934713487389
            ],
            [
              -119.35568210311463,
              36.81941499207831
            ],
            [
              -119.3556694012941,
              36.81948216332744
            ],
            [
              -119.35564837379384,
              36.819547969539386
            ],
            [
              -119.3556192331751,
              36.81961174543052
            ],
            [
              -119.35558227402257,
              36.81967284624168
            ],
            [
              -119.35553786996687,
              36.819730654256475
            ],
            [
              -119.35548646990804,
              36.81978458504657
            ],
            [
              -119.35542859347758,
              36.81983409338038
            ],
            [
              -119.3553648257855,
              36.81987867873546
            ],
            [
              -119.35529581150507,
              36.81991789035908
            ],
            [
              -119.35522224835539,
              36.81995133182544
            ],
            [
              -119.35514488004728,
              36.81997866504389
            ],
            [
              -119.35506448876434,
              36.81999961367712
            ],
            [
              -119.35498188725451,
              36.82001396593523
            ],
            [
              -119.35489791061299,
              36.820021576717025
            ],
            [
              -119.35481340783863,
              36.82002236907712
            ],
            [
              -119.35472094332356,
              36.82001949567127
            ],
            [
              -119.35448117512061,
              36.82018806705737
            ],
            [
              -119.35451341100693,
              36.820189070301524
            ],
            [
              -119.35459377269008,
              36.820194685664205
            ],
            [
              -119.35467309473995,
              36.82020646870606
            ],
            [
              -119.3547506465497,
              36.8202243108971
            ],
            [
              -119.35482571381647,
              36.82024804789867
            ],
            [
              -119.35489760512,
              36.82027746107704
            ],
            [
              -119.35496565829082,
              36.820312279517005
            ],
            [
              -119.3550292465088,
              36.82035218251705
            ],
            [
              -119.35508778407652,
              36.82039680254304
            ],
            [
              -119.35514073181368,
              36.82044572861328
            ],
            [
              -119.35518760202356,
              36.82049851008368
            ],
            [
              -119.35522796298508,
              36.82055466079836
            ],
            [
              -119.35526144292946,
              36.820613663567286
            ],
            [
              -119.35528773346503,
              36.82067497492969
            ],
            [
              -119.35530659241817,
              36.820738030159696
            ],
            [
              -119.3553178460644,
              36.82080224846772
            ],
            [
              -119.35532139072929,
              36.820867038349824
            ],
            [
              -119.35531719374399,
              36.82093180303598
            ],
            [
              -119.35530529374687,
              36.82099594598674
            ],
            [
              -119.35528580032836,
              36.821058876387866
            ],
            [
              -119.35525889302225,
              36.821120014592395
            ],
            [
              -119.35522481965258,
              36.82117879745968
            ],
            [
              -119.35509512113181,
              36.821377098213084
            ],
            [
              -119.35505539333509,
              36.821431510351644
            ],
            [
              -119.35500952624383,
              36.82148270630877
            ],
            [
              -119.35495791972409,
              36.82153023974784
            ],
            [
              -119.35490102368205,
              36.82157369626192
            ],
            [
              -119.35458822331609,
              36.82179119771129
            ],
            [
              -119.3545194706457,
              36.82183420525126
            ],
            [
              -119.35444555028705,
              36.82187126066307
            ],
            [
              -119.35436725628925,
              36.82190196589495
            ],
            [
              -119.35370255552915,
              36.82212916320493
            ],
            [
              -119.35365983820691,
              36.822153476657945
            ],
            [
              -119.35317309960158,
              36.822666513387034
            ],
            [
              -119.3531286351064,
              36.82270955994363
            ],
            [
              -119.35307989311681,
              36.82274950139335
            ],
            [
              -119.35275602241768,
              36.82299378736822
            ],
            [
              -119.35255504886898,
              36.82325397858875
            ],
            [
              -119.35251624334701,
              36.823299895687725
            ],
            [
              -119.35247288062013,
              36.823343097068644
            ],
            [
              -119.35168800223984,
              36.82406245606779
            ],
            [
              -119.35143833717294,
              36.82436963066378
            ],
            [
              -119.35140150796214,
              36.82441139751119
            ],
            [
              -119.35136085103375,
              36.824450802826405
            ],
            [
              -119.35001182763084,
              36.82566180801327
            ],
            [
              -119.34987855653151,
              36.825813015907364
            ],
            [
              -119.34963285316074,
              36.82620895701925
            ],
            [
              -119.34958834965403,
              36.826271969274394
            ],
            [
              -119.3495357089767,
              36.82633078831156
            ],
            [
              -119.34929150985968,
              36.82657488961628
            ],
            [
              -119.34923582979218,
              36.82662519379313
            ],
            [
              -119.3491741984138,
              36.82667079330091
            ],
            [
              -119.34865962768305,
              36.82701506554938
            ],
            [
              -119.3478862430932,
              36.827546418997734
            ],
            [
              -119.34787601968678,
              36.82757245014108
            ],
            [
              -119.34784368521885,
              36.82763329107594
            ],
            [
              -119.34780410454206,
              36.827691298406116
            ],
            [
              -119.3477576570759,
              36.82774591605047
            ],
            [
              -119.34770478807054,
              36.827796620421495
            ],
            [
              -119.3476460043386,
              36.82784292544484
            ],
            [
              -119.34759250429173,
              36.82788112569591
            ],
            [
              -119.34752281069748,
              36.82792580621632
            ],
            [
              -119.34744762302726,
              36.82796430227659
            ],
            [
              -119.34736778687711,
              36.82799618092713
            ],
            [
              -119.34728420012641,
              36.82802108364093
            ],
            [
              -119.34710434744625,
              36.828066103161106
            ],
            [
              -119.34690885983221,
              36.82818522095731
            ],
            [
              -119.34687948344163,
              36.82820233138972
            ],
            [
              -119.34638952463054,
              36.82847494408366
            ],
            [
              -119.34580975857949,
              36.82891338529206
            ],
            [
              -119.3457529642072,
              36.82895265108047
            ],
            [
              -119.34569204677064,
              36.82898769629674
            ],
            [
              -119.34562749005421,
              36.829018242620776
            ],
            [
              -119.34555980674648,
              36.82904404746121
            ],
            [
              -119.34548953436841,
              36.82906490588195
            ],
            [
              -119.34412200663171,
              36.82941599436876
            ],
            [
              -119.34277684047113,
              36.82984942994904
            ],
            [
              -119.34267165990408,
              36.82987701461878
            ],
            [
              -119.34238220099847,
              36.82993630582606
            ],
            [
              -119.34238093428833,
              36.82993820504006
            ],
            [
              -119.34234072288122,
              36.82999227997548
            ],
            [
              -119.34229442151364,
              36.83004310946541
            ],
            [
              -119.34224243263482,
              36.83009025168899
            ],
            [
              -119.34218520813356,
              36.83013329687507
            ],
            [
              -119.34212324541053,
              36.830171870864056
            ],
            [
              -119.34205708305468,
              36.83020563836056
            ],
            [
              -119.34198729616173,
              36.830234305847874
            ],
            [
              -119.34191449133513,
              36.830257624139655
            ],
            [
              -119.34183930141307,
              36.830275390545985
            ],
            [
              -119.34092589996838,
              36.830454489404744
            ],
            [
              -119.3404385383612,
              36.83059213569233
            ],
            [
              -119.34036960814561,
              36.830608973233154
            ],
            [
              -119.34029913760025,
              36.83062100442391
            ],
            [
              -119.34022764433739,
              36.83062814089389
            ],
            [
              -119.34005224281913,
              36.83063954104657
            ],
            [
              -119.339963650163,
              36.83064153101194
            ],
            [
              -119.33987528927244,
              36.8306360117725
            ],
            [
              -119.33978814238448,
              36.83062304468029
            ],
            [
              -119.33970317824037,
              36.83060277387912
            ],
            [
              -119.33966562130426,
              36.83059205175516
            ],
            [
              -119.33906309363667,
              36.83076604973177
            ],
            [
              -119.33897612525332,
              36.83078697711793
            ],
            [
              -119.33888685661668,
              36.83080024344732
            ],
            [
              -119.33797134884769,
              36.83089554454601
            ],
            [
              -119.33786340090099,
              36.83090113952948
            ],
            [
              -119.33772288553821,
              36.83090113958918
            ],
            [
              -119.33758919692315,
              36.83090814923216
            ],
            [
              -119.3371221098874,
              36.831053800900115
            ],
            [
              -119.33705503609468,
              36.83107214206412
            ],
            [
              -119.33698627921736,
              36.83108587779438
            ],
            [
              -119.33691632767076,
              36.831094910518345
            ],
            [
              -119.33677349685722,
              36.831108419620584
            ],
            [
              -119.33582425443899,
              36.83147530496345
            ],
            [
              -119.3357480280165,
              36.83150113583419
            ],
            [
              -119.33566901230097,
              36.831520819004396
            ],
            [
              -119.33483740583544,
              36.83169242068314
            ],
            [
              -119.33477589584061,
              36.831703157283066
            ],
            [
              -119.33355843655559,
              36.831877574187544
            ],
            [
              -119.33324363831909,
              36.83198047077899
            ],
            [
              -119.33316831649063,
              36.832001799081915
            ],
            [
              -119.3330908167925,
              36.83201728565432
            ],
            [
              -119.3322374339144,
              36.8321535792783
            ],
            [
              -119.33092434740595,
              36.832512979047046
            ],
            [
              -119.33084034468519,
              36.83253212009336
            ],
            [
              -119.33075432516415,
              36.83254415378585
            ],
            [
              -119.32996651533038,
              36.83262073615515
            ],
            [
              -119.32900532741418,
              36.83278302091655
            ],
            [
              -119.32881638882175,
              36.83289462832709
            ],
            [
              -119.32874892855888,
              36.83293058981798
            ],
            [
              -119.3286774782014,
              36.83296116898268
            ],
            [
              -119.32860270024659,
              36.83298608228457
            ],
            [
              -119.32852528804831,
              36.833005098721735
            ],
            [
              -119.3284459593876,
              36.83301804196897
            ],
            [
              -119.32836544981684,
              36.83302479201293
            ],
            [
              -119.32799205018931,
              36.8330415455772
            ],
            [
              -119.32796512379872,
              36.83305548781354
            ],
            [
              -119.32789227917142,
              36.833089188611865
            ],
            [
              -119.32781561215576,
              36.83311687384047
            ],
            [
              -119.32773588913588,
              36.833138266748264
            ],
            [
              -119.32765390704726,
              36.83315315348397
            ],
            [
              -119.32757048540961,
              36.83316138523399
            ],
            [
              -119.32748645813419,
              36.83316287971016
            ],
            [
              -119.3274026651871,
              36.83315762197239
            ],
            [
              -119.32731994419197,
              36.833145664578105
            ],
            [
              -119.32723912205626,
              36.833127127056805
            ],
            [
              -119.32716100670442,
              36.833102194715146
            ],
            [
              -119.327105433913,
              36.83307905201131
            ],
            [
              -119.32691399557564,
              36.83311288258165
            ],
            [
              -119.32683059846084,
              36.83312411986336
            ],
            [
              -119.32674621882991,
              36.83312856538418
            ],
            [
              -119.32673704467672,
              36.833128305797864
            ],
            [
              -119.32674465637291,
              36.83336568161106
            ],
            [
              -119.32717783841247,
              36.83469280748041
            ],
            [
              -119.32719477967449,
              36.83475742190262
            ],
            [
              -119.32720379430864,
              36.83482305695832
            ],
            [
              -119.32720479621173,
              36.83488908588232
            ],
            [
              -119.32719777579567,
              36.83495487814666
            ],
            [
              -119.32718280007994,
              36.8350198054818
            ],
            [
              -119.32716001205226,
              36.835083247875986
            ],
            [
              -119.32712962930403,
              36.83514459949611
            ],
            [
              -119.32709194195309,
              36.83520327447316
            ],
            [
              -119.32704730987389,
              36.83525871249692
            ],
            [
              -119.32699615926153,
              36.83531038416685
            ],
            [
              -119.32693897856208,
              36.835357796047795
            ],
            [
              -119.32687631380874,
              36.83540049538212
            ],
            [
              -119.32680876340736,
              36.835438074413624
            ],
            [
              -119.32673697242222,
              36.83547017428161
            ],
            [
              -119.32666162641588,
              36.835496488448015
            ],
            [
              -119.326583444902,
              36.83551676562497
            ],
            [
              -119.32650317447421,
              36.835530812174596
            ],
            [
              -119.32529556443052,
              36.83569291392242
            ],
            [
              -119.32521118737314,
              36.83570074288962
            ],
            [
              -119.3251262581674,
              36.83570168804203
            ],
            [
              -119.32504164380136,
              36.835695739730355
            ],
            [
              -119.32495820804903,
              36.83568295867632
            ],
            [
              -119.32487680265199,
              36.83566347535271
            ],
            [
              -119.32479825862372,
              36.835637488651415
            ],
            [
              -119.324723377766,
              36.835605263852905
            ],
            [
              -119.32465292448308,
              36.83556712991807
            ],
            [
              -119.32458761797817,
              36.83552347612975
            ],
            [
              -119.32452812491135,
              36.835474748118706
            ],
            [
              -119.32447505259395,
              36.835421443314075
            ],
            [
              -119.32447312377266,
              36.8354190448309
            ],
            [
              -119.32180733487934,
              36.83604360355191
            ],
            [
              -119.32054914721982,
              36.836954723384586
            ],
            [
              -119.32475650694514,
              36.84770320310885
            ],
            [
              -119.32897029717076,
              36.84979790410181
            ],
            [
              -119.3290663178771,
              36.84985350392463
            ],
            [
              -119.3294648933747,
              36.85012046213742
            ],
            [
              -119.3301760030983,
              36.84994331785621
            ],
            [
              -119.33092864212836,
              36.84965493877242
            ],
            [
              -119.33100276357601,
              36.8496299584997
            ],
            [
              -119.33107951418371,
              36.84961078004418
            ],
            [
              -119.33115819264835,
              36.84959757864655
            ],
            [
              -119.33123808005273,
              36.84959047493259
            ],
            [
              -119.33194917385826,
              36.84955477546097
            ],
            [
              -119.3320341391325,
              36.849553966871675
            ],
            [
              -119.33211877210093,
              36.84956005411805
            ],
            [
              -119.33220220846226,
              36.84957297503422
            ],
            [
              -119.3322835961346,
              36.849592597666465
            ],
            [
              -119.33236210395654,
              36.84961872162072
            ],
            [
              -119.33243693017477,
              36.84965108010894
            ],
            [
              -119.33250731063134,
              36.84968934267345
            ],
            [
              -119.3325725265671,
              36.849733118561495
            ],
            [
              -119.3326319119619,
              36.84978196071559
            ],
            [
              -119.33268486033597,
              36.84983537033866
            ],
            [
              -119.33273083094385,
              36.8498928019878
            ],
            [
              -119.33276935429679,
              36.84995366914425
            ],
            [
              -119.332800036958,
              36.85001735020296
            ],
            [
              -119.33282256556109,
              36.850083194820485
            ],
            [
              -119.33301777263127,
              36.85079209323406
            ],
            [
              -119.33303070275221,
              36.85085150649382
            ],
            [
              -119.3330369891977,
              36.85091160966498
            ],
            [
              -119.3330365818682,
              36.850971923907316
            ],
            [
              -119.33301888498154,
              36.85125572392236
            ],
            [
              -119.33300708646514,
              36.85133959919476
            ],
            [
              -119.33298598314757,
              36.85143548239634
            ],
            [
              -119.33329969403762,
              36.851586076773195
            ],
            [
              -119.33336269922383,
              36.85161949387918
            ],
            [
              -119.33387159728063,
              36.85191659184642
            ],
            [
              -119.33392571547184,
              36.85195099872833
            ],
            [
              -119.33397614083133,
              36.85198885594246
            ],
            [
              -119.33402253374562,
              36.85202990852528
            ],
            [
              -119.33421474728071,
              36.85221469534679
            ],
            [
              -119.33423816643389,
              36.85221696633052
            ],
            [
              -119.3343181350509,
              36.852231170329134
            ],
            [
              -119.3343960049217,
              36.852251558951714
            ],
            [
              -119.33447103733346,
              36.85227793878128
            ],
            [
              -119.33454252048902,
              36.85231005956518
            ],
            [
              -119.33460977625896,
              36.85234761658894
            ],
            [
              -119.33467216661444,
              36.852390253566895
            ],
            [
              -119.33472909967954,
              36.85243756602172
            ],
            [
              -119.3347800353463,
              36.85248910512142
            ],
            [
              -119.33482449039843,
              36.85254438193691
            ],
            [
              -119.33486204309554,
              36.85260287208005
            ],
            [
              -119.33489233717451,
              36.85266402067811
            ],
            [
              -119.33491508522958,
              36.8527272476374
            ],
            [
              -119.33494970603799,
              36.852844624166714
            ],
            [
              -119.33517596031858,
              36.853131679710835
            ],
            [
              -119.3352582504896,
              36.85312475859478
            ],
            [
              -119.33534223957334,
              36.85312446485538
            ],
            [
              -119.33542584614142,
              36.85313090600611
            ],
            [
              -119.33550823605762,
              36.85314401778333
            ],
            [
              -119.3355885873234,
              36.85316366937104
            ],
            [
              -119.33566609827834,
              36.853189664706015
            ],
            [
              -119.33573999559766,
              36.85322174443372
            ],
            [
              -119.33580954200715,
              36.853259588495725
            ],
            [
              -119.33587404363864,
              36.85330281932275
            ],
            [
              -119.33593285695245,
              36.85335100560137
            ],
            [
              -119.33598539515789,
              36.85340366657705
            ],
            [
              -119.3360311340679,
              36.853460276850306
            ],
            [
              -119.3360696173288,
              36.85352027161839
            ],
            [
              -119.33610046097414,
              36.85358305231011
            ],
            [
              -119.3361233572557,
              36.85364799255754
            ],
            [
              -119.33613807771488,
              36.8537144444452
            ],
            [
              -119.33614447546258,
              36.85378174497419
            ],
            [
              -119.3361424866456,
              36.85384922267693
            ],
            [
              -119.3361398246091,
              36.85386644121957
            ],
            [
              -119.33616025270625,
              36.85388368357811
            ],
            [
              -119.3362105988263,
              36.8539354262403
            ],
            [
              -119.33625445603829,
              36.853990852501404
            ],
            [
              -119.33629140996301,
              36.85404943869101
            ],
            [
              -119.33632111144136,
              36.85411063128238
            ],
            [
              -119.33637694116409,
              36.854244542408814
            ],
            [
              -119.3364155516022,
              36.85430911342096
            ],
            [
              -119.33644493064284,
              36.8543125534682
            ],
            [
              -119.33652311282101,
              36.85432795900106
            ],
            [
              -119.3365991036813,
              36.8543493016777
            ],
            [
              -119.33667220681475,
              36.85437638590565
            ],
            [
              -119.33674175227482,
              36.85440896347464
            ],
            [
              -119.3368071027166,
              36.854446735831154
            ],
            [
              -119.33686765923743,
              36.85448935681439
            ],
            [
              -119.33692286686542,
              36.85453643582827
            ],
            [
              -119.33697221964526,
              36.85458754142098
            ],
            [
              -119.33699992374139,
              36.85461925456636
            ],
            [
              -119.33714171337208,
              36.854726813663675
            ],
            [
              -119.3371988399302,
              36.85477461851436
            ],
            [
              -119.33722700747057,
              36.85480336463468
            ],
            [
              -119.33725640475423,
              36.85481013678416
            ],
            [
              -119.33733237008539,
              36.85483426189761
            ],
            [
              -119.33740506429206,
              36.854864196165266
            ],
            [
              -119.3374738014399,
              36.85489965713167
            ],
            [
              -119.33753793293019,
              36.85494031019202
            ],
            [
              -119.3375968536199,
              36.854985771749234
            ],
            [
              -119.33765000753154,
              36.85503561283331
            ],
            [
              -119.3376968930993,
              36.85508936314883
            ],
            [
              -119.33771180431214,
              36.8551105757369
            ],
            [
              -119.33776782606206,
              36.85511984624897
            ],
            [
              -119.3378485753086,
              36.85514018708425
            ],
            [
              -119.33792637161494,
              36.85516694698317
            ],
            [
              -119.33800042709383,
              36.855199854933396
            ],
            [
              -119.33806999174074,
              36.855238577657744
            ],
            [
              -119.33813436102938,
              36.85528272298923
            ],
            [
              -119.33819288304652,
              36.855331843842535
            ],
            [
              -119.33843558337487,
              36.85555724254174
            ],
            [
              -119.33847058197705,
              36.85559200717554
            ],
            [
              -119.33859668240284,
              36.85572610645386
            ],
            [
              -119.3386421399072,
              36.85577959659296
            ],
            [
              -119.33868101547911,
              36.85583633854315
            ],
            [
              -119.33871295190421,
              36.85589581094294
            ],
            [
              -119.33873765572473,
              36.85595746734166
            ],
            [
              -119.33875489993649,
              36.856020741220036
            ],
            [
              -119.33876452607522,
              36.85608505119555
            ],
            [
              -119.33876644567327,
              36.85614980636424
            ],
            [
              -119.33876064107315,
              36.856214411730065
            ],
            [
              -119.3387471655905,
              36.85627827367196
            ],
            [
              -119.3387261430249,
              36.85634080539827
            ],
            [
              -119.33869776652304,
              36.856401432338494
            ],
            [
              -119.33868561186928,
              36.85642136418091
            ],
            [
              -119.33868973761574,
              36.85645132124855
            ],
            [
              -119.3387018366337,
              36.85659738194395
            ],
            [
              -119.33877178242791,
              36.85662227714529
            ],
            [
              -119.33884382945541,
              36.85665507811862
            ],
            [
              -119.33891151259328,
              36.85669341437783
            ],
            [
              -119.33897417551873,
              36.85673691417967
            ],
            [
              -119.3390312105865,
              36.85678515571001
            ],
            [
              -119.33908206472115,
              36.85683767117388
            ],
            [
              -119.33912624478029,
              36.8568939513314
            ],
            [
              -119.3391633223368,
              36.85695345043565
            ],
            [
              -119.33919293783364,
              36.85701559152447
            ],
            [
              -119.33921480407096,
              36.857079772015084
            ],
            [
              -119.33922870899183,
              36.85714536954721
            ],
            [
              -119.33923690957474,
              36.85720026946953
            ],
            [
              -119.33924273107816,
              36.85726714539781
            ],
            [
              -119.33924027770247,
              36.85733415574968
            ],
            [
              -119.33922957357338,
              36.85740064097661
            ],
            [
              -119.339210724025,
              36.857465946696834
            ],
            [
              -119.33918391456406,
              36.8575294301363
            ],
            [
              -119.3391494090447,
              36.85759046645519
            ],
            [
              -119.33910754707229,
              36.857648454898104
            ],
            [
              -119.33905874066136,
              36.857702824707246
            ],
            [
              -119.33900347018087,
              36.857753040740306
            ],
            [
              -119.33894227962648,
              36.85779860873803
            ],
            [
              -119.33887577126636,
              36.85783908018916
            ],
            [
              -119.33880459971344,
              36.85787405674533
            ],
            [
              -119.33879490517052,
              36.857877816337044
            ],
            [
              -119.33876886464944,
              36.857923144943854
            ],
            [
              -119.33872684266171,
              36.85798062137618
            ],
            [
              -119.33867797760838,
              36.85803449093546
            ],
            [
              -119.3386227450356,
              36.85808422935654
            ],
            [
              -119.33856168246224,
              36.85812935257795
            ],
            [
              -119.33849538414876,
              36.85816942145302
            ],
            [
              -119.33842449531379,
              36.85820404602405
            ],
            [
              -119.33834970585492,
              36.85823288931766
            ],
            [
              -119.33832787685525,
              36.85823926796665
            ],
            [
              -119.338320326466,
              36.85827608851568
            ],
            [
              -119.33830002886513,
              36.858337908116326
            ],
            [
              -119.33827255138064,
              36.858397909496674
            ],
            [
              -119.33823813997849,
              36.85845555551501
            ],
            [
              -119.33819710270004,
              36.85851033011388
            ],
            [
              -119.33814980690501,
              36.858561742940175
            ],
            [
              -119.33809667598307,
              36.85860933373499
            ],
            [
              -119.33791377611477,
              36.85875833464514
            ],
            [
              -119.33785216518906,
              36.85880376863906
            ],
            [
              -119.33778524331126,
              36.85884406083193
            ],
            [
              -119.33771367225282,
              36.85887881278029
            ],
            [
              -119.33763815976332,
              36.85890768082671
            ],
            [
              -119.33755945257151,
              36.85893037949828
            ],
            [
              -119.3374783290005,
              36.858946684330014
            ],
            [
              -119.33739559127078,
              36.85895643408453
            ],
            [
              -119.3373120575664,
              36.85895953234684
            ],
            [
              -119.33722855394353,
              36.85895594847779
            ],
            [
              -119.33718759846492,
              36.85895087880903
            ],
            [
              -119.3371527903841,
              36.85897680974385
            ],
            [
              -119.33708534422726,
              36.859017755857984
            ],
            [
              -119.337013123111,
              36.859053053938716
            ],
            [
              -119.33695353863234,
              36.85907593993688
            ],
            [
              -119.33695341680865,
              36.85908806674633
            ],
            [
              -119.33694443046116,
              36.85915491169222
            ],
            [
              -119.33692722210434,
              36.859220708174675
            ],
            [
              -119.33690196207493,
              36.85928480482726
            ],
            [
              -119.3368689004206,
              36.859346567109725
            ],
            [
              -119.33682836442522,
              36.85940538358992
            ],
            [
              -119.33678075536949,
              36.859460671996985
            ],
            [
              -119.33672654455899,
              36.85951188498594
            ],
            [
              -119.3366662686585,
              36.85955851555654
            ],
            [
              -119.33664051061297,
              36.85957480880698
            ],
            [
              -119.33661961796496,
              36.85964182053445
            ],
            [
              -119.33661496767496,
              36.859656074842235
            ],
            [
              -119.33651376581096,
              36.85995304351443
            ],
            [
              -119.33666375935732,
              36.86031049685132
            ],
            [
              -119.33668587838837,
              36.86037298258482
            ],
            [
              -119.33670042794924,
              36.86043688632068
            ],
            [
              -119.33670727354556,
              36.8605016174233
            ],
            [
              -119.3367063518867,
              36.86056657760865
            ],
            [
              -119.33669767147155,
              36.86063116647385
            ],
            [
              -119.33644508533314,
              36.86192446774082
            ],
            [
              -119.33644009887942,
              36.861947410430965
            ],
            [
              -119.33566389675053,
              36.86518801632121
            ],
            [
              -119.33729993241641,
              36.86736942366913
            ],
            [
              -119.33733967620961,
              36.86742895685911
            ],
            [
              -119.33737182308744,
              36.86749138106023
            ],
            [
              -119.33739605172507,
              36.86755607234586
            ],
            [
              -119.33741211993804,
              36.86762238412851
            ],
            [
              -119.33741986710346,
              36.8676896536222
            ],
            [
              -119.33741921576645,
              36.867757208466955
            ],
            [
              -119.33741017241502,
              36.86782437344899
            ],
            [
              -119.33739282741611,
              36.867890477249446
            ],
            [
              -119.33736735411337,
              36.86795485915426
            ],
            [
              -119.33733400709524,
              36.868016875658306
            ],
            [
              -119.33729311965116,
              36.86807590689728
            ],
            [
              -119.33724510044092,
              36.86813136284362
            ],
            [
              -119.33719042941063,
              36.86818268920405
            ],
            [
              -119.33712965299591,
              36.86822937296019
            ],
            [
              -119.33706337866047,
              36.86827094749648
            ],
            [
              -119.33699226882439,
              36.86830699726438
            ],
            [
              -119.33691703424313,
              36.86833716193622
            ],
            [
              -119.33683842690303,
              36.86836114000691
            ],
            [
              -119.3367572325048,
              36.8683786918079
            ],
            [
              -119.33667426260958,
              36.86838964190286
            ],
            [
              -119.33580482638716,
              36.86846876990403
            ],
            [
              -119.33555923033038,
              36.868979597584065
            ],
            [
              -119.33552527179384,
              36.86904096687226
            ],
            [
              -119.33548389879847,
              36.86909932460797
            ],
            [
              -119.33543552002725,
              36.869154094308925
            ],
            [
              -119.33538061337214,
              36.86920473493568
            ],
            [
              -119.33531972121362,
              36.86925074623648
            ],
            [
              -119.33525344506312,
              36.86929167368923
            ],
            [
              -119.335182439621,
              36.86932711299172
            ],
            [
              -119.33510740630909,
              36.869356714055826
            ],
            [
              -119.33502908634158,
              36.869380184466046
            ],
            [
              -119.33494825340236,
              36.86939729236841
            ],
            [
              -119.33486570600195,
              36.86940786876097
            ],
            [
              -119.33478225958872,
              36.86941180916357
            ],
            [
              -119.33469873849285,
              36.86940907464996
            ],
            [
              -119.33461596778255,
              36.86939969223242
            ],
            [
              -119.3345347651129,
              36.869383754594956
            ],
            [
              -119.33445593264798,
              36.869361419177615
            ],
            [
              -119.33438024913605,
              36.8693329066212
            ],
            [
              -119.33309284147438,
              36.86878360264675
            ],
            [
              -119.33301968316277,
              36.86874845770547
            ],
            [
              -119.33295132815655,
              36.86870754356974
            ],
            [
              -119.3328884785828,
              36.86866128050425
            ],
            [
              -119.33283178001408,
              36.868610143716616
            ],
            [
              -119.33278181483728,
              36.86855465847581
            ],
            [
              -119.33273909627152,
              36.86849539471638
            ],
            [
              -119.33270406309693,
              36.86843296118403
            ],
            [
              -119.33267707514784,
              36.868367999182205
            ],
            [
              -119.33265840961757,
              36.86830117598482
            ],
            [
              -119.33264825821172,
              36.86823317798177
            ],
            [
              -119.33264672517994,
              36.86816470362853
            ],
            [
              -119.33265382624602,
              36.86809645627163
            ],
            [
              -119.33266948844728,
              36.86802913692411
            ],
            [
              -119.3326935508851,
              36.86796343706501
            ],
            [
              -119.33272576637826,
              36.86790003153677
            ],
            [
              -119.3331267432841,
              36.867212619641755
            ],
            [
              -119.33210070776938,
              36.86596125319544
            ],
            [
              -119.33206135863598,
              36.86590811986804
            ],
            [
              -119.33202821849778,
              36.865852319105656
            ],
            [
              -119.33200156478924,
              36.86579431806997
            ],
            [
              -119.33198162063897,
              36.86573460234217
            ],
            [
              -119.33196855300223,
              36.86567367185774
            ],
            [
              -119.33146566080504,
              36.862454747388426
            ],
            [
              -119.33037973893491,
              36.86009641621844
            ],
            [
              -119.32901498950395,
              36.85923039853545
            ],
            [
              -119.32870814274663,
              36.85996700163667
            ],
            [
              -119.3286785110005,
              36.86002810803332
            ],
            [
              -119.32864164715728,
              36.86008661849031
            ],
            [
              -119.3285978984253,
              36.86014198189075
            ],
            [
              -119.3285476768651,
              36.86019367675905
            ],
            [
              -119.32849145550846,
              36.860241216172916
            ],
            [
              -119.32842976390319,
              36.86028415234997
            ],
            [
              -119.32836318312538,
              36.8603220808657
            ],
            [
              -119.32829234030619,
              36.8603546444631
            ],
            [
              -119.32821790272463,
              36.86038153641788
            ],
            [
              -119.32814057152201,
              36.86040250342791
            ],
            [
              -119.32806107509762,
              36.86041734799917
            ],
            [
              -119.32798016224713,
              36.86042593030626
            ],
            [
              -119.32556562612996,
              36.860586718714835
            ],
            [
              -119.32501828990227,
              36.86099835459939
            ],
            [
              -119.3242672881343,
              36.86209254361424
            ],
            [
              -119.32422133372675,
              36.862151992812656
            ],
            [
              -119.32416797366712,
              36.862207304029276
            ],
            [
              -119.32410778028442,
              36.86225788399073
            ],
            [
              -119.32404139920638,
              36.862303190170294
            ],
            [
              -119.3239695424346,
              36.86234273660737
            ],
            [
              -119.3238929807075,
              36.86237609912029
            ],
            [
              -119.32381253523317,
              36.86240291985653
            ],
            [
              -119.3231311304634,
              36.86259752162605
            ],
            [
              -119.32303540011884,
              36.86261982374308
            ],
            [
              -119.32270594734179,
              36.86267982691654
            ],
            [
              -119.32214029020129,
              36.86384177052035
            ],
            [
              -119.32211097166432,
              36.863895092050015
            ],
            [
              -119.32207604283374,
              36.86394618480367
            ],
            [
              -119.32203576363796,
              36.8639946685502
            ],
            [
              -119.32182856470126,
              36.864222169687864
            ],
            [
              -119.3217753138904,
              36.86427486503903
            ],
            [
              -119.32171575223747,
              36.86432300185379
            ],
            [
              -119.32165048074742,
              36.864366094399315
            ],
            [
              -119.32147138025643,
              36.86447269516542
            ],
            [
              -119.3214049489866,
              36.864508435150775
            ],
            [
              -119.321334594189,
              36.8645389450338
            ],
            [
              -119.32126095167501,
              36.86456394908771
            ],
            [
              -119.32118468697023,
              36.86458322134308
            ],
            [
              -119.32110648929967,
              36.86459658763023
            ],
            [
              -119.32102706535866,
              36.86460392715334
            ],
            [
              -119.3209471329257,
              36.8646051735822
            ],
            [
              -119.32086741437513,
              36.86460031565181
            ],
            [
              -119.32078863014854,
              36.86458939726415
            ],
            [
              -119.32075984738898,
              36.86458309870798
            ],
            [
              -119.32071834207947,
              36.86458832611704
            ],
            [
              -119.32064045937955,
              36.864592252183336
            ],
            [
              -119.32047955796376,
              36.86459435225101
            ],
            [
              -119.32041207719477,
              36.864592553618266
            ],
            [
              -119.32035771990766,
              36.86464304694372
            ],
            [
              -119.32029725537761,
              36.8646890907929
            ],
            [
              -119.32023141814295,
              36.86473010215592
            ],
            [
              -119.32016085420102,
              36.864765678622014
            ],
            [
              -119.32008625593157,
              36.86479547110804
            ],
            [
              -119.32000835530273,
              36.864819187283736
            ],
            [
              -119.3199279166886,
              36.86483659444053
            ],
            [
              -119.3198045156955,
              36.86485809465882
            ],
            [
              -119.31972101102866,
              36.864869142720195
            ],
            [
              -119.31963654725142,
              36.86487339143477
            ],
            [
              -119.319422045363,
              36.86487549151888
            ],
            [
              -119.31933336178489,
              36.86487259609007
            ],
            [
              -119.31924555188998,
              36.86486220681536
            ],
            [
              -119.31915959375321,
              36.86484443941535
            ],
            [
              -119.31907644482231,
              36.86481949179221
            ],
            [
              -119.3189970312524,
              36.864787641825224
            ],
            [
              -119.31892223758923,
              36.864749244275444
            ],
            [
              -119.31885513732499,
              36.86471064401021
            ],
            [
              -119.31879615113456,
              36.86467340525116
            ],
            [
              -119.31874152947489,
              36.86463209119015
            ],
            [
              -119.31869170693636,
              36.86458703054232
            ],
            [
              -119.31867372920387,
              36.864567513271176
            ],
            [
              -119.31861712782472,
              36.86456537299787
            ],
            [
              -119.31848302665011,
              36.864554572944826
            ],
            [
              -119.3183951729306,
              36.86454370396009
            ],
            [
              -119.31830923771544,
              36.86452544487857
            ],
            [
              -119.31822618105856,
              36.86449999968707
            ],
            [
              -119.31814693085292,
              36.86446765265436
            ],
            [
              -119.31813452652,
              36.86446118291926
            ],
            [
              -119.31802726447073,
              36.86446333214303
            ],
            [
              -119.31794676226433,
              36.864461846628565
            ],
            [
              -119.3178668058957,
              36.864454181561264
            ],
            [
              -119.31778812840479,
              36.86444040721378
            ],
            [
              -119.3177114511061,
              36.86442064986863
            ],
            [
              -119.31763747697512,
              36.8643950906604
            ],
            [
              -119.317566884203,
              36.864363963914926
            ],
            [
              -119.31750031997855,
              36.86432755500092
            ],
            [
              -119.31743839455466,
              36.8642861977136
            ],
            [
              -119.31738167565315,
              36.8642402712141
            ],
            [
              -119.3173306832601,
              36.86419019655336
            ],
            [
              -119.31728588485856,
              36.86413643281162
            ],
            [
              -119.31724769114297,
              36.864079472889415
            ],
            [
              -119.31721645225419,
              36.86401983898852
            ],
            [
              -119.31721568787565,
              36.86401787176258
            ],
            [
              -119.31716496428203,
              36.86402117409205
            ],
            [
              -119.31708455958379,
              36.86402021737909
            ],
            [
              -119.31700463617716,
              36.8640130945167
            ],
            [
              -119.31687053502347,
              36.86399589440833
            ],
            [
              -119.31678673252392,
              36.863981594976174
            ],
            [
              -119.31670517543597,
              36.86396051901562
            ],
            [
              -119.31662671013984,
              36.86393288524774
            ],
            [
              -119.31655215092766,
              36.8638989804489
            ],
            [
              -119.31648227155236,
              36.8638591564745
            ],
            [
              -119.31641779719754,
              36.863813826607284
            ],
            [
              -119.31635939695148,
              36.86376346126819
            ],
            [
              -119.31630767686352,
              36.86370858313402
            ],
            [
              -119.31626317365473,
              36.86364976171311
            ],
            [
              -119.31625395844502,
              36.86363420782368
            ],
            [
              -119.31610741550762,
              36.86358734313606
            ],
            [
              -119.31603457580363,
              36.86356075790861
            ],
            [
              -119.315965209631,
              36.86352873150263
            ],
            [
              -119.3158999447356,
              36.86349155375023
            ],
            [
              -119.31583937174526,
              36.863449561101824
            ],
            [
              -119.3157840388244,
              36.86340313358116
            ],
            [
              -119.31573444671339,
              36.86335269134594
            ],
            [
              -119.31569104419701,
              36.86329869088534
            ],
            [
              -119.31565422404323,
              36.86324162088867
            ],
            [
              -119.3156243194491,
              36.8631819978227
            ],
            [
              -119.31560160102585,
              36.86312036125756
            ],
            [
              -119.31558627435038,
              36.86305726898374
            ],
            [
              -119.31557847810551,
              36.862993291964
            ],
            [
              -119.31557311146993,
              36.862907160046284
            ],
            [
              -119.31545995388842,
              36.862615550563696
            ],
            [
              -119.31545599162128,
              36.86260503986441
            ],
            [
              -119.3154378052607,
              36.86255534493945
            ],
            [
              -119.31539984403999,
              36.86253584556844
            ],
            [
              -119.31533450276196,
              36.86249443843159
            ],
            [
              -119.31527457442505,
              36.86244804495166
            ],
            [
              -119.31523100219862,
              36.86240689908145
            ],
            [
              -119.3150065159562,
              36.862537231046446
            ],
            [
              -119.31492876705661,
              36.86257733892887
            ],
            [
              -119.31484601174307,
              36.86261035147196
            ],
            [
              -119.31475924890054,
              36.862635870199775
            ],
            [
              -119.31472246401316,
              36.862643133820114
            ],
            [
              -119.31462646673936,
              36.862878251275575
            ],
            [
              -119.31460058965793,
              36.8629333874184
            ],
            [
              -119.31456883296224,
              36.86298650245128
            ],
            [
              -119.3145314381296,
              36.863037192468056
            ],
            [
              -119.31424174018997,
              36.86339349410028
            ],
            [
              -119.31419442843942,
              36.86344599829381
            ],
            [
              -119.31414107337753,
              36.86349461833883
            ],
            [
              -119.31408216597413,
              36.86353890682623
            ],
            [
              -119.31401824829538,
              36.86357845620571
            ],
            [
              -119.3139499085157,
              36.86361290253634
            ],
            [
              -119.31387777550528,
              36.86364192883584
            ],
            [
              -119.31380251304283,
              36.863665267997675
            ],
            [
              -119.31372481370718,
              36.86368270524925
            ],
            [
              -119.31356189764448,
              36.863712580017705
            ],
            [
              -119.31370379425239,
              36.86373025755599
            ],
            [
              -119.314089693142,
              36.86376991678503
            ],
            [
              -119.31417478124128,
              36.863782261770616
            ],
            [
              -119.3142578421625,
              36.8638015614394
            ],
            [
              -119.31433799793031,
              36.86382761178842
            ],
            [
              -119.31441440127534,
              36.863860137458246
            ],
            [
              -119.31448624458967,
              36.8638987946434
            ],
            [
              -119.31455276846295,
              36.86394317472621
            ],
            [
              -119.31462855540295,
              36.86399926615965
            ],
            [
              -119.31473776971991,
              36.8640375619865
            ],
            [
              -119.31481250827956,
              36.86406739907324
            ],
            [
              -119.31488319853409,
              36.86410304123961
            ],
            [
              -119.31494914437032,
              36.864144137506145
            ],
            [
              -119.31500969639183,
              36.864190283184826
            ],
            [
              -119.31506425831358,
              36.86424102386384
            ],
            [
              -119.31511229283399,
              36.86429585988209
            ],
            [
              -119.31515332692587,
              36.86435425124932
            ],
            [
              -119.31518695649488,
              36.86441562296327
            ],
            [
              -119.31521285035942,
              36.86447937067183
            ],
            [
              -119.31522797513455,
              36.86452400338525
            ],
            [
              -119.31524694336979,
              36.86453647410466
            ],
            [
              -119.31535533410751,
              36.86457980784452
            ],
            [
              -119.31538697630577,
              36.864593139228525
            ],
            [
              -119.31578397402811,
              36.86476913796029
            ],
            [
              -119.31585389244754,
              36.86480381783689
            ],
            [
              -119.31591926534664,
              36.86484381449707
            ],
            [
              -119.3159794686979,
              36.86488874615015
            ],
            [
              -119.31603392781719,
              36.86493818389761
            ],
            [
              -119.31608212284937,
              36.86499165582693
            ],
            [
              -119.31612359373075,
              36.86504865151607
            ],
            [
              -119.31615794458105,
              36.8651086269055
            ],
            [
              -119.31618484748259,
              36.865171009491455
            ],
            [
              -119.31620404561117,
              36.86523520379052
            ],
            [
              -119.31621535568813,
              36.86530059702389
            ],
            [
              -119.31621866973059,
              36.86536656496655
            ],
            [
              -119.31621395608295,
              36.86543247790592
            ],
            [
              -119.31619515762439,
              36.86557407798366
            ],
            [
              -119.31618272845549,
              36.865638264758815
            ],
            [
              -119.31616268628969,
              36.86570119603889
            ],
            [
              -119.31613521631805,
              36.865762290275676
            ],
            [
              -119.31610057237364,
              36.86582098289571
            ],
            [
              -119.31605907458648,
              36.86587673151759
            ],
            [
              -119.31601110642556,
              36.86592902096431
            ],
            [
              -119.31595711115585,
              36.86597736802427
            ],
            [
              -119.31589758774217,
              36.86602132591682
            ],
            [
              -119.31583308623841,
              36.8660604884213
            ],
            [
              -119.31576420270456,
              36.86609449363108
            ],
            [
              -119.31569157369829,
              36.86612302729834
            ],
            [
              -119.31561587039229,
              36.866145825738215
            ],
            [
              -119.3155594328054,
              36.86615800735387
            ],
            [
              -119.31555189059104,
              36.86617049511231
            ],
            [
              -119.31550824459079,
              36.86622756910487
            ],
            [
              -119.31545778008201,
              36.86628089047526
            ],
            [
              -119.31540099297257,
              36.86632993522643
            ],
            [
              -119.31533844130674,
              36.86637422138732
            ],
            [
              -119.31527073978133,
              36.86641331374933
            ],
            [
              -119.31519855370506,
              36.866446828143616
            ],
            [
              -119.3151225924602,
              36.86647443521652
            ],
            [
              -119.31499774701825,
              36.86651394345833
            ],
            [
              -119.31497150841645,
              36.8665339037556
            ],
            [
              -119.31490468183168,
              36.86657966839514
            ],
            [
              -119.31483228081693,
              36.86661958524197
            ],
            [
              -119.3147550945867,
              36.866653219173344
            ],
            [
              -119.31467396452149,
              36.86668020355409
            ],
            [
              -119.3145897749957,
              36.86670024423358
            ],
            [
              -119.31451207438194,
              36.86671524438245
            ],
            [
              -119.31443394492278,
              36.866727219255175
            ],
            [
              -119.31435475692575,
              36.86673321020474
            ],
            [
              -119.31427521868605,
              36.86673316364458
            ],
            [
              -119.31419604163202,
              36.866727079990476
            ],
            [
              -119.31411793396123,
              36.866715013656915
            ],
            [
              -119.31408928965166,
              36.866708281775374
            ],
            [
              -119.31390259617864,
              36.86693053508453
            ],
            [
              -119.31385481919952,
              36.86698196454733
            ],
            [
              -119.31380118550311,
              36.86702952039555
            ],
            [
              -119.31374217884286,
              36.86707277368551
            ],
            [
              -119.31367833143804,
              36.86711133428093
            ],
            [
              -119.31361021917326,
              36.867144854371986
            ],
            [
              -119.31353845640388,
              36.86717303161283
            ],
            [
              -119.3134636904147,
              36.86719561184876
            ],
            [
              -119.31338659558114,
              36.86721239140891
            ],
            [
              -119.31330786728616,
              36.86722321894347
            ],
            [
              -119.31322821564758,
              36.86722799678893
            ],
            [
              -119.31314835911255,
              36.86722668184911
            ],
            [
              -119.31306901797653,
              36.86721928598394
            ],
            [
              -119.31299090788603,
              36.867205875902485
            ],
            [
              -119.31291473338294,
              36.86718657256122
            ],
            [
              -119.31226669862096,
              36.86699472241039
            ],
            [
              -119.31162933614176,
              36.8670814561674
            ],
            [
              -119.31154202236434,
              36.86708959448462
            ],
            [
              -119.31145412829012,
              36.86709036606429
            ],
            [
              -119.31136661404568,
              36.867083762477094
            ],
            [
              -119.31128043560821,
              36.86706985585755
            ],
            [
              -119.31043395888372,
              36.866895836811054
            ],
            [
              -119.31016110389545,
              36.86705955675717
            ],
            [
              -119.31010976249975,
              36.867280711677545
            ],
            [
              -119.3100866789146,
              36.86735592757678
            ],
            [
              -119.31005303261189,
              36.8674285264006
            ],
            [
              -119.30990293494298,
              36.867703127285324
            ],
            [
              -119.30986670927422,
              36.867761559569225
            ],
            [
              -119.30982363522804,
              36.867816910641984
            ],
            [
              -119.30977411478436,
              36.86786866393164
            ],
            [
              -119.30971861008796,
              36.86791633644197
            ],
            [
              -119.30965763913541,
              36.86795948326032
            ],
            [
              -119.30959177094118,
              36.86799770171013
            ],
            [
              -119.30952162022717,
              36.86803063510908
            ],
            [
              -119.30944784168551,
              36.86805797609826
            ],
            [
              -119.3093711238684,
              36.86807946951077
            ],
            [
              -119.30929218276172,
              36.86809491475339
            ],
            [
              -119.30921175510248,
              36.868104167678794
            ],
            [
              -119.30913059150251,
              36.86810714193097
            ],
            [
              -119.30904944944274,
              36.86810380975122
            ],
            [
              -119.30862134569225,
              36.86806950958273
            ],
            [
              -119.3085380663689,
              36.8680594321708
            ],
            [
              -119.30845645899272,
              36.86804271321778
            ],
            [
              -119.30837734189525,
              36.86801952037518
            ],
            [
              -119.3083015084346,
              36.867990086212515
            ],
            [
              -119.30822971903943,
              36.86795470588499
            ],
            [
              -119.30816269358314,
              36.86791373417356
            ],
            [
              -119.30725865110328,
              36.86730132550618
            ],
            [
              -119.30732856583009,
              36.86753570197785
            ],
            [
              -119.3073444273876,
              36.867604351345925
            ],
            [
              -119.30735138781841,
              36.86767394932118
            ],
            [
              -119.30734937278659,
              36.86774375285393
            ],
            [
              -119.30733840378088,
              36.86781301669785
            ],
            [
              -119.30731859788628,
              36.867881001366555
            ],
            [
              -119.30729016653504,
              36.867946981028595
            ],
            [
              -119.30722046775877,
              36.86808518144007
            ],
            [
              -119.30718788536257,
              36.868142061769476
            ],
            [
              -119.30714889001345,
              36.86819627471866
            ],
            [
              -119.30710381652226,
              36.868247354800786
            ],
            [
              -119.30705305189068,
              36.86829486342769
            ],
            [
              -119.30699703198856,
              36.868338392675824
            ],
            [
              -119.3069362378116,
              36.868377568789086
            ],
            [
              -119.30687119135146,
              36.86841205538811
            ],
            [
              -119.30660189013886,
              36.868540856397864
            ],
            [
              -119.30653388759686,
              36.86857007466844
            ],
            [
              -119.30646284000603,
              36.868594165583666
            ],
            [
              -119.30638934468715,
              36.86861292660176
            ],
            [
              -119.3063140195416,
              36.86862619999121
            ],
            [
              -119.30613931809081,
              36.86865030024913
            ],
            [
              -119.30605736694913,
              36.868658302427235
            ],
            [
              -119.30597483416224,
              36.86865981064995
            ],
            [
              -119.30589251494048,
              36.86865481038471
            ],
            [
              -119.30581120243649,
              36.86864334980874
            ],
            [
              -119.30544038958115,
              36.8685758633014
            ],
            [
              -119.30546287995332,
              36.869068429214586
            ],
            [
              -119.3054617797555,
              36.869135709725064
            ],
            [
              -119.3054523572031,
              36.869202568785724
            ],
            [
              -119.3054347056981,
              36.86926834349617
            ],
            [
              -119.30540900023263,
              36.86933238170545
            ],
            [
              -119.30537549565486,
              36.86939404847827
            ],
            [
              -119.30533452414298,
              36.869452732390435
            ],
            [
              -119.30528649191217,
              36.86950785159125
            ],
            [
              -119.30523187518767,
              36.86955885957286
            ],
            [
              -119.30517121548327,
              36.86960525058901
            ],
            [
              -119.30510511423249,
              36.86964656466987
            ],
            [
              -119.30503422682544,
              36.8696823921829
            ],
            [
              -119.30495925611055,
              36.869712377894615
            ],
            [
              -119.30488094542552,
              36.86973622449306
            ],
            [
              -119.30480007122672,
              36.86975369553586
            ],
            [
              -119.30471743539022,
              36.869764617794814
            ],
            [
              -119.30463385726041,
              36.869768882973595
            ],
            [
              -119.30455016552554,
              36.86976644878162
            ],
            [
              -119.30446719000062,
              36.869757339353505
            ],
            [
              -119.30438575339892,
              36.86974164500964
            ],
            [
              -119.30430666317412,
              36.8697195213608
            ],
            [
              -119.30326077391393,
              36.86937915571178
            ],
            [
              -119.30274800199174,
              36.86973079013259
            ],
            [
              -119.3026795430144,
              36.869773054879914
            ],
            [
              -119.30260605189444,
              36.86980945815359
            ],
            [
              -119.3025283030424,
              36.86983961635114
            ],
            [
              -119.30244711573822,
              36.86986321167757
            ],
            [
              -119.30236334549761,
              36.8698799954942
            ],
            [
              -119.3022778750565,
              36.86988979093915
            ],
            [
              -119.30219160506844,
              36.869892494791046
            ],
            [
              -119.30210544461313,
              36.86988807855692
            ],
            [
              -119.30202030161621,
              36.86987658877252
            ],
            [
              -119.30193707328111,
              36.86985814651189
            ],
            [
              -119.30039206140825,
              36.86944614350262
            ],
            [
              -119.3003362063228,
              36.86942847242593
            ],
            [
              -119.30031211194756,
              36.86948037062628
            ],
            [
              -119.30028709985532,
              36.86952848857715
            ],
            [
              -119.30025754415986,
              36.86957491364008
            ],
            [
              -119.29993134743674,
              36.870041915525555
            ],
            [
              -119.2998860521428,
              36.87009971000911
            ],
            [
              -119.29983372712573,
              36.870153535785086
            ],
            [
              -119.29977490689004,
              36.8702028430033
            ],
            [
              -119.29971019229484,
              36.87024712797114
            ],
            [
              -119.2996402444159,
              36.87028593829933
            ],
            [
              -119.29956577779265,
              36.87031887752346
            ],
            [
              -119.29948755312863,
              36.87034560915437
            ],
            [
              -119.29940636952033,
              36.87036586011576
            ],
            [
              -119.29880556483714,
              36.87048936132358
            ],
            [
              -119.29872662210674,
              36.87050238645641
            ],
            [
              -119.29864649015302,
              36.87050928127298
            ],
            [
              -119.2985659047146,
              36.87050998246724
            ],
            [
              -119.29848560569427,
              36.87050448360047
            ],
            [
              -119.29840633036507,
              36.87049283516031
            ],
            [
              -119.29832880660028,
              36.87047514409733
            ],
            [
              -119.29825374618996,
              36.87045157284292
            ],
            [
              -119.2981818383051,
              36.87042233781783
            ],
            [
              -119.29811374316961,
              36.87038770744499
            ],
            [
              -119.29805008599806,
              36.87034799968476
            ],
            [
              -119.29799145125504,
              36.87030357911545
            ],
            [
              -119.29793837728879,
              36.87025485358565
            ],
            [
              -119.29789135138839,
              36.87020227046943
            ],
            [
              -119.29785080530978,
              36.870146312558454
            ],
            [
              -119.29781711131194,
              36.87008749362911
            ],
            [
              -119.2977905787393,
              36.87002635372508
            ],
            [
              -119.29777145118203,
              36.86996345419873
            ],
            [
              -119.2977599042401,
              36.869899372556965
            ],
            [
              -119.29775604391156,
              36.86983469715881
            ],
            [
              -119.29775604875013,
              36.86938976374759
            ],
            [
              -119.29745009336258,
              36.869368019603264
            ],
            [
              -119.29736704786107,
              36.869358746572956
            ],
            [
              -119.29728556416136,
              36.869342876229744
            ],
            [
              -119.29720645206211,
              36.86932056629519
            ],
            [
              -119.29713049779099,
              36.869292038488545
            ],
            [
              -119.29705845619044,
              36.869257576323115
            ],
            [
              -119.29699104321558,
              36.86921752228856
            ],
            [
              -119.29692892881869,
              36.86917227444687
            ],
            [
              -119.29687273029089,
              36.8691222824762
            ],
            [
              -119.29682300612752,
              36.8690680432016
            ],
            [
              -119.29678025047787,
              36.86901009565734
            ],
            [
              -119.29674488823453,
              36.86894901572962
            ],
            [
              -119.29671727081138,
              36.868885410433194
            ],
            [
              -119.29669767265162,
              36.86881991187857
            ],
            [
              -119.29662107072089,
              36.868492956005525
            ],
            [
              -119.29640907690346,
              36.86833787649942
            ],
            [
              -119.29639715395642,
              36.86835398435745
            ],
            [
              -119.29634884208184,
              36.86840682304777
            ],
            [
              -119.2962943843704,
              36.868455651233035
            ],
            [
              -119.29623429347386,
              36.86850000924579
            ],
            [
              -119.29616913507778,
              36.868539479499724
            ],
            [
              -119.29609952257606,
              36.86857369042123
            ],
            [
              -119.29602611129651,
              36.868602319947485
            ],
            [
              -119.2956596558309,
              36.86872796957298
            ],
            [
              -119.29553446739723,
              36.86888178767273
            ],
            [
              -119.29553284732279,
              36.869301299611564
            ],
            [
              -119.29552867028738,
              36.8693664995196
            ],
            [
              -119.29551668179509,
              36.869431071273304
            ],
            [
              -119.29549699372848,
              36.86949441215107
            ],
            [
              -119.2954697898401,
              36.869555930918956
            ],
            [
              -119.29543532403811,
              36.86961505334942
            ],
            [
              -119.29539391801666,
              36.86967122758146
            ],
            [
              -119.29534595825388,
              36.869723929271906
            ],
            [
              -119.2952918924046,
              36.86977266648993
            ],
            [
              -119.29523222512242,
              36.869816984309104
            ],
            [
              -119.29516751334909,
              36.869856469054
            ],
            [
              -119.2950983611161,
              36.869890752161766
            ],
            [
              -119.29502541390627,
              36.869919513622655
            ],
            [
              -119.29494935262856,
              36.86994248496729
            ],
            [
              -119.29487088726194,
              36.86995945177282
            ],
            [
              -119.29479075022768,
              36.86997025566465
            ],
            [
              -119.29470968955248,
              36.86997479579476
            ],
            [
              -119.29462846188532,
              36.86997302978331
            ],
            [
              -119.29454782543439,
              36.8699649741142
            ],
            [
              -119.29446853288887,
              36.8699507039812
            ],
            [
              -119.29439132439265,
              36.869930352586096
            ],
            [
              -119.2943169206351,
              36.869904109895224
            ],
            [
              -119.29337281471344,
              36.86952640714265
            ],
            [
              -119.29330086738847,
              36.869493992591934
            ],
            [
              -119.29323321813793,
              36.869456071330035
            ],
            [
              -119.2931705176725,
              36.86941300812041
            ],
            [
              -119.2931133690977,
              36.86936521718628
            ],
            [
              -119.29306232211265,
              36.86931315822599
            ],
            [
              -119.29301786772253,
              36.86925733199099
            ],
            [
              -119.29298043351601,
              36.86919827546881
            ],
            [
              -119.29295037955258,
              36.86913655671779
            ],
            [
              -119.29292799489964,
              36.869072769402564
            ],
            [
              -119.29291349485274,
              36.86900752708363
            ],
            [
              -119.29281524266204,
              36.868392452437455
            ],
            [
              -119.29196576239649,
              36.868409147680296
            ],
            [
              -119.29188435455775,
              36.86840757896926
            ],
            [
              -119.29180351712246,
              36.868399692017825
            ],
            [
              -119.2917240079171,
              36.86838556076306
            ],
            [
              -119.2916465723157,
              36.86836531768052
            ],
            [
              -119.2915719362515,
              36.868339152542184
            ],
            [
              -119.29150079941118,
              36.868307310637334
            ],
            [
              -119.29143382867512,
              36.868270090472855
            ],
            [
              -119.29087592680459,
              36.867926788154115
            ],
            [
              -119.29081211828642,
              36.86788317275846
            ],
            [
              -119.29096227249025,
              36.868405534599695
            ],
            [
              -119.29097708255374,
              36.86847208304418
            ],
            [
              -119.29098354267859,
              36.868539487417266
            ],
            [
              -119.29098158818644,
              36.868607073099994
            ],
            [
              -119.29097123861672,
              36.86867416365703
            ],
            [
              -119.29095259753208,
              36.868740087606774
            ],
            [
              -119.29092585148263,
              36.868804185141975
            ],
            [
              -119.29089126813963,
              36.868865814733596
            ],
            [
              -119.29084919361739,
              36.86892435955176
            ],
            [
              -119.29080004900955,
              36.86897923363962
            ],
            [
              -119.29074432617514,
              36.86902988777822
            ],
            [
              -119.29068258281617,
              36.86907581498364
            ],
            [
              -119.29061543689575,
              36.86911655558166
            ],
            [
              -119.2905435604534,
              36.8691517018087
            ],
            [
              -119.29046767287845,
              36.86918090189326
            ],
            [
              -119.29038853370984,
              36.86920386357707
            ],
            [
              -119.29030693503346,
              36.86922035704045
            ],
            [
              -119.2902236935541,
              36.86923021720262
            ],
            [
              -119.29013964242044,
              36.86923334537426
            ],
            [
              -119.29005562288573,
              36.869229710245286
            ],
            [
              -119.28997247588705,
              36.869219348198314
            ],
            [
              -119.28886913666398,
              36.86903601743954
            ],
            [
              -119.2876319928283,
              36.86927023850632
            ],
            [
              -119.28755315261941,
              36.869282008789824
            ],
            [
              -119.28747327557994,
              36.86928769282892
            ],
            [
              -119.2873930878537,
              36.86928723895062
            ],
            [
              -119.28731331840919,
              36.86928065128038
            ],
            [
              -119.28723469241237,
              36.86926798970454
            ],
            [
              -119.28715792463362,
              36.86924936932597
            ],
            [
              -119.28708371294955,
              36.869224959417494
            ],
            [
              -119.28701273199837,
              36.86919498188314
            ],
            [
              -119.28694562704649,
              36.86915970924065
            ],
            [
              -119.28688300812222,
              36.86911946214392
            ],
            [
              -119.28682544447013,
              36.86907460646788
            ],
            [
              -119.28658514453856,
              36.86886860523382
            ],
            [
              -119.28653439940153,
              36.86882083509137
            ],
            [
              -119.28648939326234,
              36.868769486033095
            ],
            [
              -119.28645051486598,
              36.86871500160445
            ],
            [
              -119.28641810002465,
              36.86865785243289
            ],
            [
              -119.28639242871752,
              36.86859853216248
            ],
            [
              -119.28637372267255,
              36.86853755318977
            ],
            [
              -119.28636214345187,
              36.86847544223767
            ],
            [
              -119.28635779105673,
              36.868412735805585
            ],
            [
              -119.28634392378183,
              36.86720474186088
            ],
            [
              -119.28596191499575,
              36.86691677901943
            ],
            [
              -119.28506263335136,
              36.86639360934767
            ],
            [
              -119.28435199987076,
              36.86620941779014
            ],
            [
              -119.28427295205933,
              36.86618534181391
            ],
            [
              -119.28419731172852,
              36.86615501126923
            ],
            [
              -119.28412584312852,
              36.86611873260898
            ],
            [
              -119.28405926835649,
              36.86607687238416
            ],
            [
              -119.28399826006032,
              36.86602985354014
            ],
            [
              -119.28394343464227,
              36.86597815114308
            ],
            [
              -119.28389534603116,
              36.86592228757969
            ],
            [
              -119.28385448008562,
              36.86586282727893
            ],
            [
              -119.28382124968566,
              36.865800371008895
            ],
            [
              -119.28379599056147,
              36.865735549806686
            ],
            [
              -119.28377895790192,
              36.86566901860227
            ],
            [
              -119.28377032377712,
              36.86560144960131
            ],
            [
              -119.28377017540049,
              36.865533525493156
            ],
            [
              -119.28377851424878,
              36.86546593255328
            ],
            [
              -119.28379525604771,
              36.86539935370936
            ],
            [
              -119.2838202316246,
              36.86533446164135
            ],
            [
              -119.28402467774927,
              36.86488471261133
            ],
            [
              -119.28382272744274,
              36.86477067145386
            ],
            [
              -119.28375583554947,
              36.86472869109902
            ],
            [
              -119.28369455061313,
              36.864681506953545
            ],
            [
              -119.28363949686346,
              36.86462959962826
            ],
            [
              -119.28359123505676,
              36.8645734978428
            ],
            [
              -119.28355025676446,
              36.86451377303981
            ],
            [
              -119.28351697936631,
              36.86445103356413
            ],
            [
              -119.2834917417997,
              36.86438591846602
            ],
            [
              -119.28347480110781,
              36.86431909099177
            ],
            [
              -119.28346632982225,
              36.864251231827815
            ],
            [
              -119.28346638357392,
              36.86420778927064
            ],
            [
              -119.2834254251984,
              36.864203102283135
            ],
            [
              -119.28334627564949,
              36.8641909109475
            ],
            [
              -119.28326894181795,
              36.86417268815866
            ],
            [
              -119.2831941338662,
              36.864148601257504
            ],
            [
              -119.28312253875974,
              36.86411887143554
            ],
            [
              -119.28305481395827,
              36.86408377170337
            ],
            [
              -119.28299158137777,
              36.864043624383655
            ],
            [
              -119.28295545447514,
              36.864015779803644
            ],
            [
              -119.28291381880287,
              36.86404651081372
            ],
            [
              -119.28284846084559,
              36.864086074244035
            ],
            [
              -119.28277862699704,
              36.86412034659044
            ],
            [
              -119.28270497840721,
              36.86414900337717
            ],
            [
              -119.28262821234499,
              36.86417177329362
            ],
            [
              -119.28254905559643,
              36.86418844076324
            ],
            [
              -119.2824682575835,
              36.8641988479847
            ],
            [
              -119.28238658326826,
              36.86420289642599
            ],
            [
              -119.28230480591013,
              36.864200547757434
            ],
            [
              -119.28222369974432,
              36.86419182421459
            ],
            [
              -119.28214403265113,
              36.86417680838769
            ],
            [
              -119.28206655888543,
              36.86415564243985
            ],
            [
              -119.28199201193512,
              36.864128526760815
            ],
            [
              -119.28192109757629,
              36.86409571806984
            ],
            [
              -119.28185448719097,
              36.864057526984915
            ],
            [
              -119.28178845783238,
              36.86401562852626
            ],
            [
              -119.28178053493824,
              36.86403773144251
            ],
            [
              -119.28175055751397,
              36.86409852483558
            ],
            [
              -119.28171340753396,
              36.86415670543598
            ],
            [
              -119.28166943286084,
              36.86421172843036
            ],
            [
              -119.28161904526746,
              36.86426307857254
            ],
            [
              -119.2813756336032,
              36.86448785489773
            ],
            [
              -119.28088949002044,
              36.86508299742328
            ],
            [
              -119.28083943198244,
              36.86513801521482
            ],
            [
              -119.2807827315162,
              36.865188701821864
            ],
            [
              -119.28071996534749,
              36.86523454167642
            ],
            [
              -119.28065177190399,
              36.86527506850907
            ],
            [
              -119.28057884482149,
              36.86530987009204
            ],
            [
              -119.28050192588823,
              36.86533859243249
            ],
            [
              -119.28042179749959,
              36.865360943373574
            ],
            [
              -119.28033927469914,
              36.86537669556636
            ],
            [
              -119.28025519688794,
              36.865385688782595
            ],
            [
              -119.27961873804891,
              36.865427661384224
            ],
            [
              -119.27959482237773,
              36.86543921708772
            ],
            [
              -119.2795827495713,
              36.86546744166852
            ],
            [
              -119.27955310687499,
              36.86552729540888
            ],
            [
              -119.27951650571856,
              36.86558460924051
            ],
            [
              -119.27947327870446,
              36.86563886231621
            ],
            [
              -119.27942381865086,
              36.865689561602736
            ],
            [
              -119.27936857502226,
              36.86573624636133
            ],
            [
              -119.27930804984521,
              36.865778492335124
            ],
            [
              -119.27924279314621,
              36.86581591560476
            ],
            [
              -119.27917339795313,
              36.865848176077606
            ],
            [
              -119.27910049490603,
              36.8658749805786
            ],
            [
              -119.27902474652566,
              36.86589608551474
            ],
            [
              -119.2789468411926,
              36.865911299088964
            ],
            [
              -119.27886748689085,
              36.865920483043354
            ],
            [
              -119.27878740477344,
              36.86592355391561
            ],
            [
              -119.27791920115027,
              36.86592355483179
            ],
            [
              -119.27750768751277,
              36.86607098403285
            ],
            [
              -119.27742534058677,
              36.866096414932514
            ],
            [
              -119.2773401312075,
              36.86611477496215
            ],
            [
              -119.2772529969719,
              36.86612586209694
            ],
            [
              -119.27716489665879,
              36.866129554339054
            ],
            [
              -119.27707679967828,
              36.86612581106009
            ],
            [
              -119.27698967540411,
              36.86611467344828
            ],
            [
              -119.27574695867125,
              36.865901579242454
            ],
            [
              -119.27546497678217,
              36.86606759246196
            ],
            [
              -119.2754048743799,
              36.866099881304045
            ],
            [
              -119.27534154260714,
              36.866127903201466
            ],
            [
              -119.2752754495008,
              36.866151451063864
            ],
            [
              -119.27520708350627,
              36.8661703508651
            ],
            [
              -119.27464335966432,
              36.86630471483249
            ],
            [
              -119.2745655027356,
              36.866379469763494
            ],
            [
              -119.27454697643725,
              36.86698121425111
            ],
            [
              -119.27454088156469,
              36.86704739906545
            ],
            [
              -119.2745267360361,
              36.86711278433284
            ],
            [
              -119.2745046762672,
              36.8671767394
            ],
            [
              -119.27447491500955,
              36.86723864740661
            ],
            [
              -119.27443773929895,
              36.867297911235184
            ],
            [
              -119.2743935076878,
              36.867353959270545
            ],
            [
              -119.27434264678712,
              36.86740625091339
            ],
            [
              -119.2740558351451,
              36.867673017021296
            ],
            [
              -119.2742199456153,
              36.86815938126189
            ],
            [
              -119.27423799841263,
              36.8682260437676
            ],
            [
              -119.27424759366127,
              36.86829382904923
            ],
            [
              -119.27424863354123,
              36.86836204621873
            ],
            [
              -119.27424110743095,
              36.868429999984386
            ],
            [
              -119.2742250920165,
              36.868496997737275
            ],
            [
              -119.27420075051094,
              36.86856235661078
            ],
            [
              -119.27416833099167,
              36.86862541044053
            ],
            [
              -119.2741281638727,
              36.86868551655451
            ],
            [
              -119.2740806585377,
              36.86874206232346
            ],
            [
              -119.27402629916786,
              36.8687944714055
            ],
            [
              -119.27396563980741,
              36.86884220962054
            ],
            [
              -119.27389929871688,
              36.868884790395285
            ],
            [
              -119.27382795207144,
              36.868921779722925
            ],
            [
              -119.27375232706902,
              36.86895280058699
            ],
            [
              -119.27367319451815,
              36.86897753680444
            ],
            [
              -119.27359136098102,
              36.86899573624858
            ],
            [
              -119.27350766055206,
              36.86900721341914
            ],
            [
              -119.27262975305327,
              36.8690912144042
            ],
            [
              -119.27256158539545,
              36.869095487785565
            ],
            [
              -119.2724932109613,
              36.86909529809555
            ],
            [
              -119.27172070414511,
              36.86906789808865
            ],
            [
              -119.27163728667927,
              36.86906158257464
            ],
            [
              -119.27155506525547,
              36.8690486297764
            ],
            [
              -119.27147485588773,
              36.8690291682445
            ],
            [
              -119.27139745461994,
              36.869003391126036
            ],
            [
              -119.27132362962485,
              36.86897155424753
            ],
            [
              -119.27080264489527,
              36.86871924846542
            ],
            [
              -119.26997802348143,
              36.86859745477733
            ],
            [
              -119.26956975831608,
              36.86864851567162
            ],
            [
              -119.26948481801394,
              36.86865561337809
            ],
            [
              -119.26939941975205,
              36.86865575380252
            ],
            [
              -119.26931444399652,
              36.86864893549632
            ],
            [
              -119.26923076685715,
              36.868635228756254
            ],
            [
              -119.26914925105406,
              36.86861477489957
            ],
            [
              -119.2690707370222,
              36.86858778480693
            ],
            [
              -119.26899603424589,
              36.86855453674815
            ],
            [
              -119.26836625277292,
              36.868239646284906
            ],
            [
              -119.26822888246872,
              36.86823682857116
            ],
            [
              -119.2682473903849,
              36.86850531822621
            ],
            [
              -119.26835882000896,
              36.86874207550105
            ],
            [
              -119.26840427617643,
              36.868762192036
            ],
            [
              -119.26847333770348,
              36.86879634096631
            ],
            [
              -119.2685379851147,
              36.86883567493232
            ],
            [
              -119.2685976174377,
              36.868879828283
            ],
            [
              -119.26865168031794,
              36.86892839056555
            ],
            [
              -119.26869967117197,
              36.86898091034072
            ],
            [
              -119.26874114385961,
              36.86903689937923
            ],
            [
              -119.26877571283167,
              36.8690958372002
            ],
            [
              -119.26880305671429,
              36.86915717590937
            ],
            [
              -119.26882292129709,
              36.86922034529226
            ],
            [
              -119.26883512189686,
              36.86928475811478
            ],
            [
              -119.26883954507507,
              36.86934981558218
            ],
            [
              -119.26883882672088,
              36.86936358809737
            ],
            [
              -119.26892372914837,
              36.86937619327598
            ],
            [
              -119.26899802071014,
              36.869390048339056
            ],
            [
              -119.26907044477554,
              36.86940925345632
            ],
            [
              -119.26914040583854,
              36.86943365071374
            ],
            [
              -119.26920732864359,
              36.86946303950491
            ],
            [
              -119.26927066291559,
              36.86949717818049
            ],
            [
              -119.26932988788403,
              36.869535786035
            ],
            [
              -119.26949999056052,
              36.86965735246032
            ],
            [
              -119.2699085872778,
              36.86944930958894
            ],
            [
              -119.26998288704175,
              36.869415595881826
            ],
            [
              -119.27006105600974,
              36.869388104337936
            ],
            [
              -119.27014228959807,
              36.86936711792234
            ],
            [
              -119.27022575168205,
              36.86935285264368
            ],
            [
              -119.27031058320134,
              36.869345455331015
            ],
            [
              -119.27039591100161,
              36.86934500212265
            ],
            [
              -119.27048085682102,
              36.86935149768258
            ],
            [
              -119.27056454632923,
              36.869364875152534
            ],
            [
              -119.27064611812608,
              36.86938499684005
            ],
            [
              -119.27164837300465,
              36.86967768794061
            ],
            [
              -119.27217666580184,
              36.86964201828034
            ],
            [
              -119.27226348881652,
              36.869639772880944
            ],
            [
              -119.27235013700353,
              36.86964473465407
            ],
            [
              -119.27243568606971,
              36.86965685067063
            ],
            [
              -119.27251922344583,
              36.869675991685895
            ],
            [
              -119.27259985802017,
              36.86970195351794
            ],
            [
              -119.27267672964386,
              36.86973445922563
            ],
            [
              -119.27274901830533,
              36.86977316206266
            ],
            [
              -119.27281595287744,
              36.86981764917607
            ],
            [
              -119.27358845169923,
              36.87038754554586
            ],
            [
              -119.27364132223846,
              36.87043018845628
            ],
            [
              -119.2736892603556,
              36.87047644203855
            ],
            [
              -119.27373188572552,
              36.870525939340396
            ],
            [
              -119.27376886016971,
              36.870578287674846
            ],
            [
              -119.27386929770367,
              36.87073651350599
            ],
            [
              -119.27417084359591,
              36.87079679837909
            ],
            [
              -119.27482884897083,
              36.870820192719506
            ],
            [
              -119.2750968981826,
              36.87073127777159
            ],
            [
              -119.27548412003308,
              36.87038533648948
            ],
            [
              -119.27554165184836,
              36.87033870769567
            ],
            [
              -119.27560454423754,
              36.87029678482344
            ],
            [
              -119.2756722034781,
              36.87025996363083
            ],
            [
              -119.27574399085069,
              36.87022859171461
            ],
            [
              -119.27581922866851,
              36.87020296522909
            ],
            [
              -119.27589720667467,
              36.87018332609072
            ],
            [
              -119.27597718874661,
              36.87016985969442
            ],
            [
              -119.27605841984476,
              36.87016269316366
            ],
            [
              -119.27614013313973,
              36.87016189415048
            ],
            [
              -119.2762215572507,
              36.87016747019693
            ],
            [
              -119.27630192352666,
              36.870179368663955
            ],
            [
              -119.27638047330213,
              36.87019747722822
            ],
            [
              -119.2764564650583,
              36.87022162494244
            ],
            [
              -119.27652918142273,
              36.87025158384901
            ],
            [
              -119.27659793594093,
              36.87028707113191
            ],
            [
              -119.2766620795562,
              36.870327751786206
            ],
            [
              -119.27705393025093,
              36.87060211274432
            ],
            [
              -119.27767187199673,
              36.87098236635923
            ],
            [
              -119.27790020068832,
              36.87091592989644
            ],
            [
              -119.27797569008398,
              36.870897137472
            ],
            [
              -119.27805304156223,
              36.87088412063434
            ],
            [
              -119.27813157219973,
              36.87087699430625
            ],
            [
              -119.2782105886634,
              36.870875821404205
            ],
            [
              -119.27828939333142,
              36.87088061228288
            ],
            [
              -119.27836729045188,
              36.87089132464387
            ],
            [
              -119.27877247900553,
              36.870962932970535
            ],
            [
              -119.27912054036878,
              36.870988185018525
            ],
            [
              -119.27920179939046,
              36.87099730870617
            ],
            [
              -119.27928156532977,
              36.8710127501922
            ],
            [
              -119.27935907912105,
              36.871034362532406
            ],
            [
              -119.27943360312905,
              36.871061940059676
            ],
            [
              -119.2795044281677,
              36.87109522034109
            ],
            [
              -119.27957088024873,
              36.871133886675004
            ],
            [
              -119.27963232699497,
              36.871177571104816
            ],
            [
              -119.27968818365815,
              36.87122585792015
            ],
            [
              -119.27973791868351,
              36.871278287612704
            ],
            [
              -119.27978105876821,
              36.87133436124879
            ],
            [
              -119.27981719336562,
              36.87139354521702
            ],
            [
              -119.27984597859272,
              36.871455276306165
            ],
            [
              -119.2798671405029,
              36.871518967064574
            ],
            [
              -119.27988047769365,
              36.87158401139039
            ],
            [
              -119.2798858632238,
              36.871649790299266
            ],
            [
              -119.27988324582223,
              36.8717156778148
            ],
            [
              -119.27987265037655,
              36.87178104692539
            ],
            [
              -119.27985417769717,
              36.87184527555125
            ],
            [
              -119.27982800355855,
              36.87190775246433
            ],
            [
              -119.27979437702729,
              36.87196788310516
            ],
            [
              -119.27976841329014,
              36.87200432766182
            ],
            [
              -119.27983021848006,
              36.87199062022639
            ],
            [
              -119.27990986621062,
              36.8719794267734
            ],
            [
              -119.27999048368407,
              36.87197442961808
            ],
            [
              -119.28007132587273,
              36.87197567494104
            ],
            [
              -119.28015164567242,
              36.87198315123294
            ],
            [
              -119.28023070080658,
              36.87199678940087
            ],
            [
              -119.2810864737622,
              36.87217939260763
            ],
            [
              -119.28143643756833,
              36.871934463945
            ],
            [
              -119.2815023557387,
              36.87189278643366
            ],
            [
              -119.28157311306171,
              36.8718565913674
            ],
            [
              -119.28164800578051,
              36.871826238740724
            ],
            [
              -119.28172628901068,
              36.871802030439
            ],
            [
              -119.28180718414862,
              36.87178420723598
            ],
            [
              -119.28188988661488,
              36.871772946399446
            ],
            [
              -119.28197357385604,
              36.87176835992812
            ],
            [
              -119.28205741352511,
              36.871770493437985
            ],
            [
              -119.28214057175938,
              36.871779325708545
            ],
            [
              -119.28222222147333,
              36.87179476889396
            ],
            [
              -119.2839388077856,
              36.872192966017366
            ],
            [
              -119.28401453334999,
              36.87221371360376
            ],
            [
              -119.28408746266042,
              36.87224014806753
            ],
            [
              -119.28415693582197,
              36.872272030219015
            ],
            [
              -119.28422232421008,
              36.87230907157555
            ],
            [
              -119.28428303615853,
              36.8723509369716
            ],
            [
              -119.28433852231284,
              36.8723972475913
            ],
            [
              -119.28438828060104,
              36.87244758439591
            ],
            [
              -119.28443186077669,
              36.87250149191533
            ],
            [
              -119.28446886849322,
              36.87255848236912
            ],
            [
              -119.28449896887231,
              36.87261804008
            ],
            [
              -119.28452188953456,
              36.87267962613974
            ],
            [
              -119.28453742306455,
              36.87274268328543
            ],
            [
              -119.28454542888822,
              36.8728066409416
            ],
            [
              -119.28454583454555,
              36.87287092038309
            ],
            [
              -119.2845386363469,
              36.87293493997167
            ],
            [
              -119.28447166314899,
              36.873323310370324
            ],
            [
              -119.28551487720516,
              36.873523909300935
            ],
            [
              -119.2855912110797,
              36.873541689067224
            ],
            [
              -119.28566511541794,
              36.87356517788459
            ],
            [
              -119.28573593036559,
              36.87359416603339
            ],
            [
              -119.28580302365002,
              36.87362839469327
            ],
            [
              -119.28586579622527,
              36.87366755825382
            ],
            [
              -119.2859236876203,
              36.87371130704304
            ],
            [
              -119.28597618094308,
              36.87375925044922
            ],
            [
              -119.2860228074958,
              36.87381096040829
            ],
            [
              -119.28606315095968,
              36.87386597522569
            ],
            [
              -119.2860968511123,
              36.87392380369833
            ],
            [
              -119.28612360704437,
              36.8739839295002
            ],
            [
              -119.28614317984665,
              36.87404581579227
            ],
            [
              -119.28615539474377,
              36.87410891001556
            ],
            [
              -119.28632185652815,
              36.87535354054394
            ],
            [
              -119.28644044900662,
              36.87577213452336
            ],
            [
              -119.28650047104341,
              36.87580945623811
            ],
            [
              -119.28655948547284,
              36.87585407375858
            ],
            [
              -119.28661288168011,
              36.87590304667168
            ],
            [
              -119.28666016403412,
              36.8759559204134
            ],
            [
              -119.28667527927053,
              36.87597680800076
            ],
            [
              -119.28716952031569,
              36.87582788721882
            ],
            [
              -119.28724734526403,
              36.87580784408886
            ],
            [
              -119.28732722399795,
              36.875793963301426
            ],
            [
              -119.28740840243441,
              36.87578637589515
            ],
            [
              -119.28749011422187,
              36.87578515349698
            ],
            [
              -119.28757158797441,
              36.87579030764606
            ],
            [
              -119.28765205455319,
              36.875801789684836
            ],
            [
              -119.2877307543268,
              36.87581949121837
            ],
            [
              -119.287806944342,
              36.87584324513763
            ],
            [
              -119.28787990533685,
              36.875872827196886
            ],
            [
              -119.28794894853034,
              36.875907958130576
            ],
            [
              -119.2880134221246,
              36.87594830628946
            ],
            [
              -119.28807271745761,
              36.875993490771414
            ],
            [
              -119.28812627474932,
              36.87604308501696
            ],
            [
              -119.28817358838606,
              36.876096620836016
            ],
            [
              -119.28821421169405,
              36.8761535928275
            ],
            [
              -119.2882477611564,
              36.87621346315041
            ],
            [
              -119.28827392003407,
              36.87627566660098
            ],
            [
              -119.28852138291131,
              36.8769743610769
            ],
            [
              -119.28893731848947,
              36.877406848857056
            ],
            [
              -119.28898739398244,
              36.87746496231834
            ],
            [
              -119.28902963997707,
              36.87752695985198
            ],
            [
              -119.28906359429445,
              36.877592163221074
            ],
            [
              -119.28908888546123,
              36.87765985911614
            ],
            [
              -119.28910523677442,
              36.87772930695819
            ],
            [
              -119.28911246932935,
              36.87779974700039
            ],
            [
              -119.28911050397795,
              36.87787040863935
            ],
            [
              -119.28909434246303,
              36.87804398465123
            ],
            [
              -119.28941007186091,
              36.87805079397647
            ],
            [
              -119.289491395997,
              36.87805572515298
            ],
            [
              -119.28957174346071,
              36.87806696013792
            ],
            [
              -119.28965035895003,
              36.878084393316755
            ],
            [
              -119.2897265034432,
              36.87810786080915
            ],
            [
              -119.28979946114536,
              36.87813714200945
            ],
            [
              -119.28986854621691,
              36.87817196166026
            ],
            [
              -119.28993310922027,
              36.878211992439894
            ],
            [
              -119.28999254322495,
              36.878256858039144
            ],
            [
              -119.29004628951263,
              36.87830613669856
            ],
            [
              -119.29009384282953,
              36.87835936517298
            ],
            [
              -119.29013475613617,
              36.87841604308602
            ],
            [
              -119.29016864481018,
              36.87847563763374
            ],
            [
              -119.29019519026217,
              36.87853758859303
            ],
            [
              -119.29021414293129,
              36.87860131358782
            ],
            [
              -119.29022532463185,
              36.87866621356373
            ],
            [
              -119.29022863022897,
              36.87873167841929
            ],
            [
              -119.29022402862769,
              36.87879709274128
            ],
            [
              -119.2902115630661,
              36.87886184159
            ],
            [
              -119.29019135070949,
              36.87892531628007
            ],
            [
              -119.29016358154973,
              36.87898692010265
            ],
            [
              -119.29015196811555,
              36.8790065117436
            ],
            [
              -119.29020980042826,
              36.87906892106159
            ],
            [
              -119.29090209516616,
              36.87930629148114
            ],
            [
              -119.29097810437507,
              36.87933606557572
            ],
            [
              -119.29105000830579,
              36.8793718200881
            ],
            [
              -119.2911170802604,
              36.879413193667155
            ],
            [
              -119.29117864237206,
              36.879459768172545
            ],
            [
              -119.29123407245564,
              36.879511072900286
            ],
            [
              -119.29128281029574,
              36.8795665893398
            ],
            [
              -119.29132436330882,
              36.879625756413866
            ],
            [
              -119.2913583115218,
              36.879687976148865
            ],
            [
              -119.29138431181704,
              36.87975261971805
            ],
            [
              -119.29140210140062,
              36.87981903379653
            ],
            [
              -119.29141150045908,
              36.879886547164055
            ],
            [
              -119.29141241397758,
              36.87995447748848
            ],
            [
              -119.29140483270103,
              36.88002213822197
            ],
            [
              -119.29138883322854,
              36.88008884553948
            ],
            [
              -119.29136457724005,
              36.8801539252501
            ],
            [
              -119.29133230986336,
              36.88021671961086
            ],
            [
              -119.29129235719729,
              36.88027659397462
            ],
            [
              -119.29097455173641,
              36.88070023886929
            ],
            [
              -119.29150578231759,
              36.88203126122394
            ],
            [
              -119.29221202093841,
              36.882579264579626
            ],
            [
              -119.29226976072763,
              36.88262880498871
            ],
            [
              -119.29232102374388,
              36.88268274790951
            ],
            [
              -119.29236529293934,
              36.88274054927821
            ],
            [
              -119.29240212180208,
              36.88280162611393
            ],
            [
              -119.29243113886012,
              36.88286536239833
            ],
            [
              -119.29303205320515,
              36.88442375787136
            ],
            [
              -119.29305270437843,
              36.884488474462145
            ],
            [
              -119.29306529931365,
              36.884554512854606
            ],
            [
              -119.29306971487995,
              36.8846212275518
            ],
            [
              -119.29306590789561,
              36.88468796644448
            ],
            [
              -119.29305391555106,
              36.88475407718531
            ],
            [
              -119.29303385504612,
              36.88481891356516
            ],
            [
              -119.29300592244526,
              36.88488184182971
            ],
            [
              -119.29297039076191,
              36.88494224687426
            ],
            [
              -119.29292760729044,
              36.88499953825633
            ],
            [
              -119.29292588451284,
              36.885001399943285
            ],
            [
              -119.29374538277109,
              36.88585346757426
            ],
            [
              -119.29508854503112,
              36.88643052435574
            ],
            [
              -119.29516065010893,
              36.88646533353891
            ],
            [
              -119.29522806669142,
              36.886505753465244
            ],
            [
              -119.29529012060631,
              36.886551379935455
            ],
            [
              -119.29534619130477,
              36.88660175668427
            ],
            [
              -119.29539571806693,
              36.88665637994284
            ],
            [
              -119.29543820560919,
              36.88671470347609
            ],
            [
              -119.29547322903748,
              36.886776144044894
            ],
            [
              -119.29550043809668,
              36.886840087238255
            ],
            [
              -119.29551956067372,
              36.886905893617275
            ],
            [
              -119.29553040551951,
              36.88697290510937
            ],
            [
              -119.29553286416218,
              36.88704045158903
            ],
            [
              -119.29552691199277,
              36.88710785757902
            ],
            [
              -119.29551260851207,
              36.88717444900528
            ],
            [
              -119.29549009673661,
              36.88723955993782
            ],
            [
              -119.29545960176921,
              36.88730253925021
            ],
            [
              -119.29542142854878,
              36.88736275713117
            ],
            [
              -119.29537595880146,
              36.887419611383024
            ],
            [
              -119.29532364722384,
              36.88747253344404
            ],
            [
              -119.29526501693637,
              36.88752099407445
            ],
            [
              -119.29520065425224,
              36.887564508649376
            ],
            [
              -119.29513120281422,
              36.887602642005426
            ],
            [
              -119.29506136658217,
              36.887633255234036
            ],
            [
              -119.29528641759367,
              36.88793764825513
            ],
            [
              -119.29532907169175,
              36.88800328324433
            ],
            [
              -119.29536253045137,
              36.88807227262748
            ],
            [
              -119.2958946422212,
              36.88937656866854
            ],
            [
              -119.29591668322006,
              36.88944129207078
            ],
            [
              -119.29593062415765,
              36.88950745222704
            ],
            [
              -119.29593632755123,
              36.88957439677864
            ],
            [
              -119.29593373714201,
              36.88964146563076
            ],
            [
              -119.29592287845057,
              36.88970799746133
            ],
            [
              -119.2959038585262,
              36.88977333624174
            ],
            [
              -119.29587686489214,
              36.88983683770564
            ],
            [
              -119.29584216369733,
              36.88989787570172
            ],
            [
              -119.29580009709274,
              36.889955848368
            ],
            [
              -119.29575107985826,
              36.89001018406659
            ],
            [
              -119.29569559531336,
              36.89006034702055
            ],
            [
              -119.29563419055155,
              36.890105842597215
            ],
            [
              -119.29556747104604,
              36.890146222185585
            ],
            [
              -119.29549609467958,
              36.89018108762037
            ],
            [
              -119.29542076525725,
              36.89021009510818
            ],
            [
              -119.29534222556633,
              36.89023295861789
            ],
            [
              -119.29526125005167,
              36.89024945270118
            ],
            [
              -119.29517863717884,
              36.89025941471589
            ],
            [
              -119.29509520156004,
              36.890262746429826
            ],
            [
              -119.29477759875783,
              36.89026274652621
            ],
            [
              -119.29469536771258,
              36.890259510597296
            ],
            [
              -119.29461392422294,
              36.89024983397146
            ],
            [
              -119.29453404829415,
              36.8902338093236
            ],
            [
              -119.29445650491745,
              36.89021159012513
            ],
            [
              -119.29438203674317,
              36.89018338917421
            ],
            [
              -119.29431135696765,
              36.89014947655749
            ],
            [
              -119.29424514250236,
              36.89011017706337
            ],
            [
              -119.29149788638291,
              36.88830614543063
            ],
            [
              -119.29177859507946,
              36.88875514180773
            ],
            [
              -119.29181169523882,
              36.88881519744228
            ],
            [
              -119.29183738098409,
              36.88887755049618
            ],
            [
              -119.29185540965992,
              36.888941611958685
            ],
            [
              -119.29186561094095,
              36.88900677667935
            ],
            [
              -119.29186788844163,
              36.88907242908437
            ],
            [
              -119.29186222062734,
              36.88913794899158
            ],
            [
              -119.2918486610186,
              36.889202717468834
            ],
            [
              -119.29182733768634,
              36.88926612268079
            ],
            [
              -119.29179845204268,
              36.88932756566869
            ],
            [
              -119.29176227693912,
              36.88938646600846
            ],
            [
              -119.29166626927935,
              36.88952533735071
            ],
            [
              -119.29167402650035,
              36.88958975273651
            ],
            [
              -119.29208214429332,
              36.88983651162058
            ],
            [
              -119.29214523901898,
              36.889878686068435
            ],
            [
              -119.29220291659809,
              36.889925598731345
            ],
            [
              -119.29225462794076,
              36.88997680300895
            ],
            [
              -119.29229988075161,
              36.89003181144467
            ],
            [
              -119.29233824421662,
              36.890090100365995
            ],
            [
              -119.2923693531047,
              36.89015111486957
            ],
            [
              -119.29239291124526,
              36.89021427410352
            ],
            [
              -119.292408694348,
              36.890278976797056
            ],
            [
              -119.29241655213907,
              36.890344606984264
            ],
            [
              -119.29241640979228,
              36.89041053986804
            ],
            [
              -119.29231421190578,
              36.892033409435946
            ],
            [
              -119.29242607417683,
              36.892129865970446
            ],
            [
              -119.29289567496443,
              36.89226814278622
            ],
            [
              -119.29296985062906,
              36.892293279369724
            ],
            [
              -119.29304069543105,
              36.89232399558552
            ],
            [
              -119.29310756064139,
              36.892360010164985
            ],
            [
              -119.29316983396976,
              36.892400993322106
            ],
            [
              -119.29322694517113,
              36.89244656977314
            ],
            [
              -119.29327837126746,
              36.89249632217287
            ],
            [
              -119.29332364133671,
              36.892549794936066
            ],
            [
              -119.29336234082518,
              36.89260649840905
            ],
            [
              -119.29339411534393,
              36.89266591335338
            ],
            [
              -119.29341867391443,
              36.89272749570026
            ],
            [
              -119.29343579163344,
              36.89279068153251
            ],
            [
              -119.29344531173321,
              36.89285489224831
            ],
            [
              -119.29358262862063,
              36.894413090705285
            ],
            [
              -119.29358450537954,
              36.89447636058814
            ],
            [
              -119.29357900439695,
              36.8945394940071
            ],
            [
              -119.29356617390643,
              36.89460193718808
            ],
            [
              -119.29354612643296,
              36.89466314241008
            ],
            [
              -119.29351903780632,
              36.89472257280956
            ],
            [
              -119.29348514561951,
              36.8947797070896
            ],
            [
              -119.29344474714516,
              36.894834044092654
            ],
            [
              -119.29339819672846,
              36.89488510719655
            ],
            [
              -119.29273709761561,
              36.89554325578849
            ],
            [
              -119.2944697159596,
              36.89651507569667
            ],
            [
              -119.2945346084782,
              36.89655539109797
            ],
            [
              -119.29459430380176,
              36.89660059095554
            ],
            [
              -119.29464823433331,
              36.89665024550524
            ],
            [
              -119.29469588728514,
              36.89670388262658
            ],
            [
              -119.29473680955448,
              36.89676099233152
            ],
            [
              -119.29477061203194,
              36.89682103161322
            ],
            [
              -119.29479697330166,
              36.89688342960883
            ],
            [
              -119.29481564269791,
              36.89694759302715
            ],
            [
              -119.29482644268903,
              36.89701291178961
            ],
            [
              -119.29482927056627,
              36.89707876483086
            ],
            [
              -119.29482409942094,
              36.89714452600396
            ],
            [
              -119.29481097840113,
              36.897209570033894
            ],
            [
              -119.29479003224525,
              36.897273278462826
            ],
            [
              -119.29476146009655,
              36.89733504553065
            ],
            [
              -119.29472553361047,
              36.897394283934915
            ],
            [
              -119.29468259437226,
              36.89745043041514
            ],
            [
              -119.29463305064945,
              36.89750295110871
            ],
            [
              -119.29457737351056,
              36.897551346627246
            ],
            [
              -119.29451609234609,
              36.89759515680522
            ],
            [
              -119.29444978983518,
              36.89763396507563
            ],
            [
              -119.29437909640512,
              36.89766740243117
            ],
            [
              -119.29430468423709,
              36.89769515093305
            ],
            [
              -119.29422726087432,
              36.89771694673452
            ],
            [
              -119.29318471024713,
              36.89796531185494
            ],
            [
              -119.29307861855261,
              36.89965581958083
            ],
            [
              -119.29306962286903,
              36.89972599863694
            ],
            [
              -119.29305156573314,
              36.89979504195831
            ],
            [
              -119.29302464394422,
              36.899862196969416
            ],
            [
              -119.29298915092869,
              36.89992673167541
            ],
            [
              -119.29294547354266,
              36.89998794264109
            ],
            [
              -119.29247791926703,
              36.90057042354668
            ],
            [
              -119.29282429278915,
              36.90160144460882
            ],
            [
              -119.29333213199013,
              36.902452175735306
            ],
            [
              -119.29336625644073,
              36.90251805379073
            ],
            [
              -119.29339154143774,
              36.90258645427785
            ],
            [
              -119.29340770505809,
              36.90265661460781
            ],
            [
              -119.29341456707002,
              36.90272775256945
            ],
            [
              -119.29342394532787,
              36.90303517392597
            ],
            [
              -119.29491416780672,
              36.903107381174785
            ],
            [
              -119.2949965114646,
              36.9031146513894
            ],
            [
              -119.29507756589781,
              36.90312838905697
            ],
            [
              -119.2951565454814,
              36.90314846102366
            ],
            [
              -119.2952326846997,
              36.903174672740114
            ],
            [
              -119.2953052455655,
              36.90320677014694
            ],
            [
              -119.29537352477273,
              36.903244442136966
            ],
            [
              -119.29543686051294,
              36.90328732357063
            ],
            [
              -119.2954946388897,
              36.90333499881477
            ],
            [
              -119.29554629986899,
              36.90338700577109
            ],
            [
              -119.29559134270724,
              36.903442840354735
            ],
            [
              -119.29562933080533,
              36.90350196138008
            ],
            [
              -119.29565989594055,
              36.90356379580592
            ],
            [
              -119.29568274183627,
              36.90362774428966
            ],
            [
              -119.2956976470343,
              36.90369318699631
            ],
            [
              -119.29570446704196,
              36.90375948960628
            ],
            [
              -119.29570313573358,
              36.9038260094635
            ],
            [
              -119.29569366599205,
              36.90389210180461
            ],
            [
              -119.29567614958488,
              36.903957126008336
            ],
            [
              -119.29565075627553,
              36.9040204518051
            ],
            [
              -119.2956177321786,
              36.90408146538611
            ],
            [
              -119.29557739737507,
              36.90413957535312
            ],
            [
              -119.2955301428103,
              36.904194218450876
            ],
            [
              -119.29547642650526,
              36.90424486502704
            ],
            [
              -119.29541676911722,
              36.9042910241661
            ],
            [
              -119.29535174889342,
              36.90433224844821
            ],
            [
              -119.29528199606607,
              36.90436813828621
            ],
            [
              -119.2952081867436,
              36.90439834579901
            ],
            [
              -119.29513103635692,
              36.90442257818395
            ],
            [
              -119.29431563049563,
              36.9046421802082
            ],
            [
              -119.2942375413324,
              36.904659896352506
            ],
            [
              -119.29415769032276,
              36.904671489386814
            ],
            [
              -119.29407682009642,
              36.90467685149292
            ],
            [
              -119.29399568276284,
              36.90467593280153
            ],
            [
              -119.29391503291599,
              36.90466874185594
            ],
            [
              -119.29383562061597,
              36.90465534553273
            ],
            [
              -119.29325162268107,
              36.90453294539976
            ],
            [
              -119.28911904339168,
              36.906140186874545
            ],
            [
              -119.28904607276168,
              36.906165226145305
            ],
            [
              -119.2889704894716,
              36.9061846339419
            ],
            [
              -119.28889296571661,
              36.90619823766131
            ],
            [
              -119.28881419095082,
              36.906205916318676
            ],
            [
              -119.28873486575517,
              36.90620760162348
            ],
            [
              -119.28865569560635,
              36.90620327858687
            ],
            [
              -119.28857738460222,
              36.90619298565502
            ],
            [
              -119.28850062919938,
              36.9061768143672
            ],
            [
              -119.28842611201877,
              36.906154908541666
            ],
            [
              -119.28835449577447,
              36.9061274629965
            ],
            [
              -119.28150515539741,
              36.90317614161007
            ],
            [
              -119.28142543965224,
              36.90313706526436
            ],
            [
              -119.28135160725634,
              36.903091134829
            ],
            [
              -119.2812845677842,
              36.903038916147594
            ],
            [
              -119.27942154022,
              36.901417118377246
            ],
            [
              -119.27801006767173,
              36.9011364414882
            ],
            [
              -119.2779324622662,
              36.90111778232892
            ],
            [
              -119.27785745083582,
              36.90109321592839
            ],
            [
              -119.27778572870267,
              36.901062970006215
            ],
            [
              -119.27619869183641,
              36.90031328255967
            ],
            [
              -119.27379535773386,
              36.89962897034473
            ],
            [
              -119.27217507438908,
              36.90055797390574
            ],
            [
              -119.27200836121587,
              36.901571135231706
            ],
            [
              -119.27199625507151,
              36.90162672211257
            ],
            [
              -119.27197841621661,
              36.901681303962356
            ],
            [
              -119.2719549690406,
              36.90173450014707
            ],
            [
              -119.27161167514858,
              36.90242080217873
            ],
            [
              -119.27157669054306,
              36.90248179139656
            ],
            [
              -119.27153434156477,
              36.902539690991105
            ],
            [
              -119.271485046376,
              36.9025939292274
            ],
            [
              -119.27142929173303,
              36.90264397052373
            ],
            [
              -119.27136762817997,
              36.90268932074031
            ],
            [
              -119.27130066461268,
              36.90272953205924
            ],
            [
              -119.26987459088055,
              36.903500224412305
            ],
            [
              -119.26959720278268,
              36.90383037275749
            ],
            [
              -119.26954820510736,
              36.90388298026855
            ],
            [
              -119.26949307799936,
              36.90393151815762
            ],
            [
              -119.26943234248844,
              36.90397552766201
            ],
            [
              -119.2693665726161,
              36.90401459281885
            ],
            [
              -119.2692963900098,
              36.90404834439678
            ],
            [
              -119.26922245800768,
              36.90407646338614
            ],
            [
              -119.26914547538847,
              36.90409868401428
            ],
            [
              -119.26906616976675,
              36.904114796257765
            ],
            [
              -119.26898529071524,
              36.904124647827665
            ],
            [
              -119.26890360267954,
              36.904128145609064
            ],
            [
              -119.26882187775233,
              36.90412525654118
            ],
            [
              -119.26874088837522,
              36.904116007930014
            ],
            [
              -119.26866140003715,
              36.904100487190185
            ],
            [
              -119.26858416403871,
              36.90407884101867
            ],
            [
              -119.26850991039066,
              36.90405127400824
            ],
            [
              -119.2672555777563,
              36.90352471586575
            ],
            [
              -119.2671590554385,
              36.90357615623138
            ],
            [
              -119.26708410780931,
              36.90361175600589
            ],
            [
              -119.2670049802871,
              36.9036409447548
            ],
            [
              -119.26692252026092,
              36.9036634098889
            ],
            [
              -119.2668376108111,
              36.9036789108233
            ],
            [
              -119.2666533141578,
              36.90370458465423
            ],
            [
              -119.2673657447454,
              36.90476503305758
            ],
            [
              -119.26740170672682,
              36.904825572003524
            ],
            [
              -119.26743001830845,
              36.90488867582676
            ],
            [
              -119.26745040053616,
              36.9049537228071
            ],
            [
              -119.26746265257674,
              36.90502007207823
            ],
            [
              -119.26746665369728,
              36.905087069941594
            ],
            [
              -119.26746236445551,
              36.90515405630674
            ],
            [
              -119.2674498270892,
              36.90522037119482
            ],
            [
              -119.26742916510096,
              36.905285361240956
            ],
            [
              -119.26740058204216,
              36.90534838613156
            ],
            [
              -119.26736435950825,
              36.90540882491311
            ],
            [
              -119.26732085436512,
              36.90546608211029
            ],
            [
              -119.26727049523356,
              36.90551959359304
            ],
            [
              -119.26721377826675,
              36.90556883213493
            ],
            [
              -119.2669216322992,
              36.90579846250366
            ],
            [
              -119.26776326625277,
              36.90628916552741
            ],
            [
              -119.26782685458817,
              36.90633016028948
            ],
            [
              -119.26788520335795,
              36.9063759052944
            ],
            [
              -119.26793776461888,
              36.906425970965614
            ],
            [
              -119.26798404477336,
              36.90647988715188
            ],
            [
              -119.26802360920495,
              36.90653714754203
            ],
            [
              -119.26805608636003,
              36.90659721441941
            ],
            [
              -119.26808117123728,
              36.90665952371123
            ],
            [
              -119.26809862825249,
              36.906723490285415
            ],
            [
              -119.26810829345139,
              36.90678851344538
            ],
            [
              -119.26811007605016,
              36.90685398257082
            ],
            [
              -119.26810395928854,
              36.90691928285196
            ],
            [
              -119.26809000058799,
              36.90698380106304
            ],
            [
              -119.26806833101334,
              36.90704693132107
            ],
            [
              -119.26803915404253,
              36.90710808077567
            ],
            [
              -119.26800274365658,
              36.907166675176555
            ],
            [
              -119.26795944176719,
              36.90722216426642
            ],
            [
              -119.26790965500636,
              36.90727402694855
            ],
            [
              -119.26785385090827,
              36.90732177618066
            ],
            [
              -119.2677925535187,
              36.90736496354883
            ],
            [
              -119.26772633847418,
              36.90740318347887
            ],
            [
              -119.2676558275959,
              36.907436077045304
            ],
            [
              -119.26717625181621,
              36.90763549691161
            ],
            [
              -119.26714208495008,
              36.90781130898481
            ],
            [
              -119.27062926122613,
              36.9091199960396
            ],
            [
              -119.27070456056711,
              36.909152080099574
            ],
            [
              -119.27077543160098,
              36.909190116947514
            ],
            [
              -119.2708411471032,
              36.90923371628117
            ],
            [
              -119.27090103274756,
              36.90928243072027
            ],
            [
              -119.27095447402569,
              36.90933576039677
            ],
            [
              -119.27100092255253,
              36.90939315808397
            ],
            [
              -119.27103990169384,
              36.90945403481126
            ],
            [
              -119.27107101145735,
              36.90951776590759
            ],
            [
              -119.27109393259788,
              36.909583697411016
            ],
            [
              -119.27110842989373,
              36.909651152779
            ],
            [
              -119.27111435456133,
              36.9097194398305
            ],
            [
              -119.2711116457827,
              36.90978785784843
            ],
            [
              -119.27102713233629,
              36.91060907610843
            ],
            [
              -119.27207806764916,
              36.91169111295618
            ],
            [
              -119.27212560402491,
              36.91174534695386
            ],
            [
              -119.27216629102287,
              36.911803061566694
            ],
            [
              -119.27219973672878,
              36.911863700885064
            ],
            [
              -119.27222561897442,
              36.91192668082727
            ],
            [
              -119.27224368844121,
              36.91199139476518
            ],
            [
              -119.27225377106234,
              36.912057219367206
            ],
            [
              -119.27225576970014,
              36.91212352060212
            ],
            [
              -119.27224966508246,
              36.91218965984617
            ],
            [
              -119.27223551598914,
              36.91225500003419
            ],
            [
              -119.27221345868662,
              36.91231891179613
            ],
            [
              -119.27195239161249,
              36.912952696408034
            ],
            [
              -119.27375780094846,
              36.91362030273444
            ],
            [
              -119.27383312739462,
              36.9136519524281
            ],
            [
              -119.27390409280277,
              36.91368954324971
            ],
            [
              -119.27396997293783,
              36.91373269157024
            ],
            [
              -119.27403009545871,
              36.91378095704369
            ],
            [
              -119.27408384677963,
              36.91383384710071
            ],
            [
              -119.27413067833214,
              36.91389082197532
            ],
            [
              -119.2741701121638,
              36.913951300213064
            ],
            [
              -119.27420174581626,
              36.91401466460478
            ],
            [
              -119.27446653333412,
              36.91463392879396
            ],
            [
              -119.27530516342206,
              36.91517903096357
            ],
            [
              -119.27743704313716,
              36.91632884296497
            ],
            [
              -119.27750223337183,
              36.91636779633737
            ],
            [
              -119.27756244102109,
              36.91641161648452
            ],
            [
              -119.27761710475335,
              36.916459894865554
            ],
            [
              -119.27766571492084,
              36.91651218137429
            ],
            [
              -119.2777078183112,
              36.91656798853535
            ],
            [
              -119.27774302237309,
              36.91662679604881
            ],
            [
              -119.27777099887642,
              36.91668805564082
            ],
            [
              -119.27779148697294,
              36.91675119617504
            ],
            [
              -119.2778042956289,
              36.91681562897739
            ],
            [
              -119.27780930540645,
              36.916880753324186
            ],
            [
              -119.2778064695782,
              36.91694596204286
            ],
            [
              -119.27779581456348,
              36.91701064717261
            ],
            [
              -119.27777743968268,
              36.91707420563276
            ],
            [
              -119.27775151623219,
              36.91713604484541
            ],
            [
              -119.27771828588779,
              36.917195588260356
            ],
            [
              -119.2776780584523,
              36.91725228073063
            ],
            [
              -119.27763120896749,
              36.917305593688454
            ],
            [
              -119.27757817421796,
              36.91735503007356
            ],
            [
              -119.27751944865919,
              36.91740012896758
            ],
            [
              -119.27745557980757,
              36.91744046989178
            ],
            [
              -119.2764180144027,
              36.91803301061936
            ],
            [
              -119.27658523305686,
              36.91921535500871
            ],
            [
              -119.27659047921176,
              36.919279792977235
            ],
            [
              -119.27658804100605,
              36.91934433879355
            ],
            [
              -119.27657794068598,
              36.91940840302697
            ],
            [
              -119.27656027046844,
              36.919471400643125
            ],
            [
              -119.27653519169961,
              36.919532756346584
            ],
            [
              -119.27650293338213,
              36.91959190983445
            ],
            [
              -119.27646379008443,
              36.91964832091328
            ],
            [
              -119.27641811925128,
              36.919701474432216
            ],
            [
              -119.27636633794003,
              36.91975088498762
            ],
            [
              -119.27630891901228,
              36.91979610135599
            ],
            [
              -119.27624638681588,
              36.91983671061482
            ],
            [
              -119.27617931239664,
              36.91987234191365
            ],
            [
              -119.2761083082834,
              36.919902669860946
            ],
            [
              -119.2760340228942,
              36.91992741749588
            ],
            [
              -119.27595713461461,
              36.91994635881771
            ],
            [
              -119.2752876293821,
              36.920083560160265
            ],
            [
              -119.2752060763794,
              36.92009686310743
            ],
            [
              -119.2751232857733,
              36.92010363419151
            ],
            [
              -119.27504006704766,
              36.920103807207624
            ],
            [
              -119.27495723387274,
              36.920097380463375
            ],
            [
              -119.27487559614897,
              36.920084416795426
            ],
            [
              -119.27479595208759,
              36.92006504295518
            ],
            [
              -119.27471908040538,
              36.920039448369245
            ],
            [
              -119.27464573271054,
              36.9200078832874
            ],
            [
              -119.27457662615312,
              36.91997065633541
            ],
            [
              -119.27451243641296,
              36.9199281314975
            ],
            [
              -119.27445379109307,
              36.91988072455706
            ],
            [
              -119.27440126358313,
              36.919828899031316
            ],
            [
              -119.27435536745332,
              36.91977316163895
            ],
            [
              -119.2743165514332,
              36.91971405734554
            ],
            [
              -119.27428519502467,
              36.91965216403489
            ],
            [
              -119.27426160479187,
              36.9195880868588
            ],
            [
              -119.27424601136451,
              36.91952245231994
            ],
            [
              -119.27378659677075,
              36.91688632570391
            ],
            [
              -119.26936981563965,
              36.91572562595758
            ],
            [
              -119.26929475767582,
              36.91570266096637
            ],
            [
              -119.26922276822253,
              36.91567405482164
            ],
            [
              -119.26915450307446,
              36.91564006811455
            ],
            [
              -119.26909058409701,
              36.91560101045095
            ],
            [
              -119.26903159356114,
              36.915557237630814
            ],
            [
              -119.26897806883888,
              36.91550914840685
            ],
            [
              -119.26893049750822,
              36.91545718085182
            ],
            [
              -119.26888931291151,
              36.91540180836763
            ],
            [
              -119.26885489020829,
              36.91534353537274
            ],
            [
              -119.26882754295787,
              36.915282892706834
            ],
            [
              -119.26827675367244,
              36.91385149942343
            ],
            [
              -119.26348426755887,
              36.91278364520996
            ],
            [
              -119.263401867775,
              36.912761546247594
            ],
            [
              -119.26332274433844,
              36.91273274355728
            ],
            [
              -119.26324774047555,
              36.91269754409276
            ],
            [
              -119.26317765550688,
              36.91265632297877
            ],
            [
              -119.26311323632838,
              36.91260951951306
            ],
            [
              -119.26305516945138,
              36.91255763248442
            ],
            [
              -119.26300407368646,
              36.91250121485674
            ],
            [
              -119.26296049354889,
              36.91244086787579
            ],
            [
              -119.26090061544276,
              36.90921535424683
            ],
            [
              -119.26086623247176,
              36.9091542144933
            ],
            [
              -119.26083956801799,
              36.90909063835326
            ],
            [
              -119.26082088485384,
              36.909025252401676
            ],
            [
              -119.26081036709054,
              36.90895870104848
            ],
            [
              -119.26080811836417,
              36.908891640187576
            ],
            [
              -119.26081416081523,
              36.90882473073267
            ],
            [
              -119.26082843487127,
              36.908758632103485
            ],
            [
              -119.26085079983478,
              36.90869399572714
            ],
            [
              -119.26149988218516,
              36.90712465914656
            ],
            [
              -119.26051718683077,
              36.90694609215166
            ],
            [
              -119.26043785408385,
              36.906928358423976
            ],
            [
              -119.2603610597435,
              36.90690448235182
            ],
            [
              -119.26028753928559,
              36.90687469260154
            ],
            [
              -119.26021799682916,
              36.90683927447599
            ],
            [
              -119.2601530983924,
              36.90679856718199
            ],
            [
              -119.26009346551399,
              36.90675296058137
            ],
            [
              -119.26003966930031,
              36.9067028914571
            ],
            [
              -119.25999222495588,
              36.90664883932978
            ],
            [
              -119.25995158684935,
              36.906591321864994
            ],
            [
              -119.25991814416224,
              36.90653088991536
            ],
            [
              -119.2598922171621,
              36.906468122244675
            ],
            [
              -119.25987405413584,
              36.90640361998483
            ],
            [
              -119.2598638290125,
              36.9063380008786
            ],
            [
              -119.25986163969819,
              36.90627189336334
            ],
            [
              -119.2598675071393,
              36.90620593055232
            ],
            [
              -119.25988137512259,
              36.906140744171346
            ],
            [
              -119.25990311081438,
              36.90607695850877
            ],
            [
              -119.25993250603342,
              36.906015184436704
            ],
            [
              -119.26041170182016,
              36.90513928339977
            ],
            [
              -119.25972399147363,
              36.903188697062255
            ],
            [
              -119.25970537229342,
              36.90312386014714
            ],
            [
              -119.25969478325372,
              36.903057866966954
            ],
            [
              -119.25969232700055,
              36.902991357362794
            ],
            [
              -119.25969802732746,
              36.90292497618109
            ],
            [
              -119.25971182894571,
              36.90285936702152
            ],
            [
              -119.25973359802114,
              36.90279516599698
            ],
            [
              -119.25976312347254,
              36.90273299556616
            ],
            [
              -119.25980011901883,
              36.90267345849873
            ],
            [
              -119.25984422595555,
              36.90261713203126
            ],
            [
              -119.25989501663295,
              36.90256456227092
            ],
            [
              -119.26452742879454,
              36.89822838657267
            ],
            [
              -119.26457677446258,
              36.898186017638736
            ],
            [
              -119.2646304630935,
              36.89814720422438
            ],
            [
              -119.26468809896168,
              36.89811223240869
            ],
            [
              -119.26765942263668,
              36.89646523983173
            ],
            [
              -119.26716323045497,
              36.89593612535211
            ],
            [
              -119.26313543177261,
              36.89604904467614
            ],
            [
              -119.26305208233069,
              36.896048061278556
            ],
            [
              -119.26296926314029,
              36.89604045823431
            ],
            [
              -119.2628877871829,
              36.89602631017678
            ],
            [
              -119.26280845425363,
              36.89600575598735
            ],
            [
              -119.26273204310934,
              36.89597899743216
            ],
            [
              -119.26265930382378,
              36.895946297181254
            ],
            [
              -119.26259095042406,
              36.895907976230035
            ],
            [
              -119.26186965497233,
              36.895459324574716
            ],
            [
              -119.26167384020536,
              36.89537231882234
            ],
            [
              -119.26134628738404,
              36.89560514611298
            ],
            [
              -119.26128130392382,
              36.895646920761216
            ],
            [
              -119.26121149917797,
              36.895683333788945
            ],
            [
              -119.26113755634283,
              36.89571402880888
            ],
            [
              -119.26106019911863,
              36.895738705397314
            ],
            [
              -119.26098018462595,
              36.8957571220348
            ],
            [
              -119.26089829599512,
              36.8957690984701
            ],
            [
              -119.26081533470102,
              36.895774517484526
            ],
            [
              -119.26073211271805,
              36.89577332603936
            ],
            [
              -119.2606494445725,
              36.89576553579502
            ],
            [
              -119.26056813936971,
              36.89575122299693
            ],
            [
              -119.26048899287463,
              36.895730527729285
            ],
            [
              -119.26041277972249,
              36.89570365254391
            ],
            [
              -119.26034024583691,
              36.89567086047761
            ],
            [
              -119.26027210112876,
              36.89563247247771
            ],
            [
              -119.26020901254762,
              36.89558886426048
            ],
            [
              -119.26015159755406,
              36.89554046263375
            ],
            [
              -119.2601004180762,
              36.8954877413193
            ],
            [
              -119.25949962083081,
              36.89480133777151
            ],
            [
              -119.25944407919482,
              36.89472849431474
            ],
            [
              -119.25877013230445,
              36.893704411538565
            ],
            [
              -119.25619920674475,
              36.89326927937239
            ],
            [
              -119.25537782988796,
              36.89347814400105
            ],
            [
              -119.25529247755688,
              36.8934959538192
            ],
            [
              -119.25520527309317,
              36.89350648991296
            ],
            [
              -119.25511717459418,
              36.893509636523575
            ],
            [
              -119.25502914998079,
              36.89350535907903
            ],
            [
              -119.25494216636228,
              36.89349370457386
            ],
            [
              -119.2518522405489,
              36.892944600754376
            ],
            [
              -119.25177028424899,
              36.89292650327888
            ],
            [
              -119.25169101963705,
              36.89290185618188
            ],
            [
              -119.25161525574775,
              36.8928709110304
            ],
            [
              -119.25154376588218,
              36.89283398367413
            ],
            [
              -119.25147727971462,
              36.89279145102139
            ],
            [
              -119.25141647584458,
              36.8927437471919
            ],
            [
              -119.25136197487046,
              36.892691359085575
            ],
            [
              -119.25115773111197,
              36.89247355128847
            ],
            [
              -119.24926295936991,
              36.892744127933085
            ],
            [
              -119.24918279489724,
              36.89275240764287
            ],
            [
              -119.2491020111809,
              36.892754470530576
            ],
            [
              -119.24902135379858,
              36.89275029755649
            ],
            [
              -119.24894156716208,
              36.89273992723362
            ],
            [
              -119.24886338764644,
              36.89272345527218
            ],
            [
              -119.24723257491381,
              36.89231165226392
            ],
            [
              -119.24715904672286,
              36.892290016363596
            ],
            [
              -119.24708834151748,
              36.89226298312948
            ],
            [
              -119.2470210718402,
              36.89223078675999
            ],
            [
              -119.24695782046832,
              36.892193706183456
            ],
            [
              -119.24689913536488,
              36.89215206264149
            ],
            [
              -119.2468455249314,
              36.892106216905816
            ],
            [
              -119.24679745360335,
              36.89205656615259
            ],
            [
              -119.24675533782677,
              36.89200354052135
            ],
            [
              -119.24673486301876,
              36.89197154243517
            ],
            [
              -119.24663815608311,
              36.89203230896907
            ],
            [
              -119.24608830425917,
              36.895071094673156
            ],
            [
              -119.24607201455359,
              36.89513753052627
            ],
            [
              -119.24604752879854,
              36.895202323513836
            ],
            [
              -119.24601509281803,
              36.895264823093825
            ],
            [
              -119.245975032261,
              36.8953244017492
            ],
            [
              -119.24592774933244,
              36.89538046128839
            ],
            [
              -119.2448308364064,
              36.89655014783697
            ],
            [
              -119.24523407686148,
              36.90088313284142
            ],
            [
              -119.24523618919171,
              36.900949246294495
            ],
            [
              -119.24523024451057,
              36.901015208955535
            ],
            [
              -119.24521629973621,
              36.90108038902578
            ],
            [
              -119.24519448841347,
              36.901144162200616
            ],
            [
              -119.24516501943548,
              36.90120591764931
            ],
            [
              -119.24512817504362,
              36.901265063865786
            ],
            [
              -119.2450843081247,
              36.90132103433434
            ],
            [
              -119.24432050980049,
              36.90219730505399
            ],
            [
              -119.24586003246112,
              36.90520658796778
            ],
            [
              -119.2458866853101,
              36.90526658335066
            ],
            [
              -119.24590618549362,
              36.905328327571674
            ],
            [
              -119.2459183597262,
              36.905391272004614
            ],
            [
              -119.24592309981583,
              36.90545485735742
            ],
            [
              -119.24592036362591,
              36.90551851864181
            ],
            [
              -119.24591017545033,
              36.905581690193465
            ],
            [
              -119.2458926257983,
              36.90564381069813
            ],
            [
              -119.24586787059074,
              36.90570432817941
            ],
            [
              -119.24583612977547,
              36.90576270490328
            ],
            [
              -119.24523763742064,
              36.90673560841845
            ],
            [
              -119.24519987848153,
              36.90679043125612
            ],
            [
              -119.24515595946316,
              36.90684221027135
            ],
            [
              -119.24510625785118,
              36.906890500406746
            ],
            [
              -119.2450512008369,
              36.90693488659211
            ],
            [
              -119.24499126164564,
              36.90697498731225
            ],
            [
              -119.24492695546927,
              36.907010457886344
            ],
            [
              -119.24485883503793,
              36.90704099343096
            ],
            [
              -119.24478748586918,
              36.907066331480614
            ],
            [
              -119.24471352123474,
              36.90708625424411
            ],
            [
              -119.24411271666786,
              36.90722355555357
            ],
            [
              -119.24402978281562,
              36.907238914362246
            ],
            [
              -119.24394534120597,
              36.907247467004694
            ],
            [
              -119.24386025569144,
              36.90724912598511
            ],
            [
              -119.24377539671258,
              36.907243874331044
            ],
            [
              -119.24369163239234,
              36.907231765767094
            ],
            [
              -119.24360981965457,
              36.907212924165336
            ],
            [
              -119.2435307954566,
              36.9071875422779
            ],
            [
              -119.24345536822659,
              36.90715587976511
            ],
            [
              -119.24338430959266,
              36.9071182605388
            ],
            [
              -119.24331834648854,
              36.90707506944859
            ],
            [
              -119.24325815371678,
              36.90702674834441
            ],
            [
              -119.24320434704536,
              36.90697379155621
            ],
            [
              -119.2431574769083,
              36.906916740836536
            ],
            [
              -119.24311802277498,
              36.9068561798181
            ],
            [
              -119.24308638824557,
              36.90679272804295
            ],
            [
              -119.2430628969227,
              36.90672703462421
            ],
            [
              -119.24194713502928,
              36.90288352570578
            ],
            [
              -119.24193465012414,
              36.9028312991674
            ],
            [
              -119.24192731767728,
              36.902778445898015
            ],
            [
              -119.24150547655911,
              36.89805455151082
            ],
            [
              -119.24084712162183,
              36.896403508353345
            ],
            [
              -119.24082688472583,
              36.896343330115144
            ],
            [
              -119.24081363802141,
              36.896281910199725
            ],
            [
              -119.24080749420655,
              36.896219771222576
            ],
            [
              -119.24080850554097,
              36.89615744191649
            ],
            [
              -119.24081666340199,
              36.896095452632416
            ],
            [
              -119.24083189835838,
              36.89603433082683
            ],
            [
              -119.24085408076189,
              36.89597459657373
            ],
            [
              -119.24088302185089,
              36.895916758139485
            ],
            [
              -119.2421034145159,
              36.893769667376574
            ],
            [
              -119.24226958552903,
              36.89102834029259
            ],
            [
              -119.24227829205668,
              36.89095887260509
            ],
            [
              -119.24229587574858,
              36.890890497265424
            ],
            [
              -119.24232214888058,
              36.89082394415914
            ],
            [
              -119.24235683097338,
              36.890759923718164
            ],
            [
              -119.24239955178741,
              36.89069911933725
            ],
            [
              -119.24244985527577,
              36.89064218007918
            ],
            [
              -119.24250720445298,
              36.89058971374665
            ],
            [
              -119.24257098712754,
              36.89054228039432
            ],
            [
              -119.24574678208779,
              36.888414294859636
            ],
            [
              -119.24581253800085,
              36.88837445003249
            ],
            [
              -119.24588282949017,
              36.88833996129206
            ],
            [
              -119.24595698275834,
              36.88831115923584
            ],
            [
              -119.2460342869928,
              36.888288319950114
            ],
            [
              -119.24611400117931,
              36.88827166236379
            ],
            [
              -119.2461953612045,
              36.88826134614997
            ],
            [
              -119.24627758717999,
              36.88825747019546
            ],
            [
              -119.24635989091753,
              36.888260071653086
            ],
            [
              -119.24824138857936,
              36.88839385806362
            ],
            [
              -119.24723710129233,
              36.88804242377525
            ],
            [
              -119.24716341463395,
              36.888013117174395
            ],
            [
              -119.24709364166067,
              36.88797817237234
            ],
            [
              -119.24702844890197,
              36.887937923193
            ],
            [
              -119.24696845913023,
              36.887892754132054
            ],
            [
              -119.24691424541132,
              36.88784309668371
            ],
            [
              -119.24686632563026,
              36.8877894252184
            ],
            [
              -119.24682515754402,
              36.88773225245096
            ],
            [
              -119.24679113440901,
              36.88767212454263
            ],
            [
              -119.24676458122472,
              36.8876096158833
            ],
            [
              -119.24674575162966,
              36.887545323604364
            ],
            [
              -119.24673482547897,
              36.88747986187433
            ],
            [
              -119.246731907127,
              36.887413856031635
            ],
            [
              -119.24673702443133,
              36.88734793661092
            ],
            [
              -119.24692834589901,
              36.885971148568835
            ],
            [
              -119.2453573663484,
              36.88644468694943
            ],
            [
              -119.24335843025275,
              36.887377344808364
            ],
            [
              -119.24328969324718,
              36.88740609892213
            ],
            [
              -119.24321795370913,
              36.88742964995187
            ],
            [
              -119.24314382046641,
              36.8874477980271
            ],
            [
              -119.24306792266299,
              36.88746038913029
            ],
            [
              -119.2429909044194,
              36.88746731640407
            ],
            [
              -119.24291341936593,
              36.88746852105823
            ],
            [
              -119.24283612509491,
              36.88746399286862
            ],
            [
              -119.24093996203949,
              36.887282049377404
            ],
            [
              -119.23824682367842,
              36.888359045454166
            ],
            [
              -119.23817482957077,
              36.888384533869385
            ],
            [
              -119.23810018597011,
              36.88840450846476
            ],
            [
              -119.23802354572416,
              36.88841879453752
            ],
            [
              -119.23794557914509,
              36.88842726713781
            ],
            [
              -119.2348580524194,
              36.888645269933406
            ],
            [
              -119.23477876259847,
              36.88864784949192
            ],
            [
              -119.23469952293249,
              36.88864441663952
            ],
            [
              -119.2346210384606,
              36.88863500191962
            ],
            [
              -119.23454400750211,
              36.888619689099485
            ],
            [
              -119.23446911544279,
              36.888598614425064
            ],
            [
              -119.23439702863618,
              36.888571965408545
            ],
            [
              -119.2343283884742,
              36.888539979159944
            ],
            [
              -119.23426380568014,
              36.88850294027717
            ],
            [
              -119.23185809825999,
              36.88698063006524
            ],
            [
              -119.23179146760548,
              36.886933691647656
            ],
            [
              -119.23173135399374,
              36.88688138313116
            ],
            [
              -119.23167842454563,
              36.88682428502942
            ],
            [
              -119.23163326664914,
              36.8867630310093
            ],
            [
              -119.23067016372981,
              36.885284070295015
            ],
            [
              -119.22877618955432,
              36.88528406679066
            ],
            [
              -119.22869362717438,
              36.88528080360769
            ],
            [
              -119.22861186207089,
              36.88527104718861
            ],
            [
              -119.22853168372535,
              36.88525489173567
            ],
            [
              -119.22845386629736,
              36.88523249323684
            ],
            [
              -119.22837916114914,
              36.88520406795964
            ],
            [
              -119.22830828959026,
              36.88516989036275
            ],
            [
              -119.22824193591285,
              36.885130290445844
            ],
            [
              -119.22818074078403,
              36.88508565056318
            ],
            [
              -119.22812529505995,
              36.885036401731455
            ],
            [
              -119.22807613408078,
              36.884983019468
            ],
            [
              -119.22803373250187,
              36.8849260191992
            ],
            [
              -119.22799849971118,
              36.88486595128363
            ],
            [
              -119.22797077587683,
              36.884803395697915
            ],
            [
              -119.22795082866314,
              36.88473895643662
            ],
            [
              -119.22793885064696,
              36.88467325568038
            ],
            [
              -119.22793495745893,
              36.884606927788376
            ],
            [
              -119.2279391866678,
              36.884540613173364
            ],
            [
              -119.2279514974186,
              36.88447495211827
            ],
            [
              -119.2279717708278,
              36.884410578594085
            ],
            [
              -119.22799981113201,
              36.88434811413886
            ],
            [
              -119.23031725005306,
              36.87988562786363
            ],
            [
              -119.23035278413151,
              36.87982567293003
            ],
            [
              -119.23039547137293,
              36.879768809125835
            ],
            [
              -119.23044489958262,
              36.879715585515626
            ],
            [
              -119.23050059147954,
              36.879666516013906
            ],
            [
              -119.23056200930503,
              36.879622074423025
            ],
            [
              -119.23062856001553,
              36.87958268985853
            ],
            [
              -119.23069960100891,
              36.87954874260595
            ],
            [
              -119.23278595902634,
              36.87866018563885
            ],
            [
              -119.23432005784996,
              36.87708948680344
            ],
            [
              -119.2343284460156,
              36.87534200788572
            ],
            [
              -119.23431584613745,
              36.87533400065942
            ],
            [
              -119.23425474853114,
              36.8752863551622
            ],
            [
              -119.23419995972125,
              36.875233991288496
            ],
            [
              -119.23415204113485,
              36.87517744562873
            ],
            [
              -119.23411148379402,
              36.87511729762444
            ],
            [
              -119.23407870328492,
              36.875054163630246
            ],
            [
              -119.23405403549933,
              36.87498869059769
            ],
            [
              -119.23389280296728,
              36.874466800414766
            ],
            [
              -119.2336886764995,
              36.87418945086522
            ],
            [
              -119.2336466419565,
              36.87412455805481
            ],
            [
              -119.2336135848482,
              36.87405639501281
            ],
            [
              -119.23358989254662,
              36.873985760541146
            ],
            [
              -119.23357584267507,
              36.87391348240232
            ],
            [
              -119.23356001115188,
              36.87378768549605
            ],
            [
              -119.23353264647908,
              36.87375401834912
            ],
            [
              -119.23349263777972,
              36.87369140685971
            ],
            [
              -119.2334609516671,
              36.87362579177384
            ],
            [
              -119.23343793182275,
              36.8735578848257
            ],
            [
              -119.23342382792191,
              36.8734884226077
            ],
            [
              -119.23337072049591,
              36.873100701739105
            ],
            [
              -119.23333069510328,
              36.87305403400014
            ],
            [
              -119.23328694440646,
              36.87299719930315
            ],
            [
              -119.23325039466705,
              36.87293717077812
            ],
            [
              -119.23302101242912,
              36.87250786630099
            ],
            [
              -119.23288638726666,
              36.87235991109151
            ],
            [
              -119.2328412210225,
              36.872304815906055
            ],
            [
              -119.23280295676906,
              36.872246444887516
            ],
            [
              -119.23277195917866,
              36.872185354356766
            ],
            [
              -119.2327485236643,
              36.87212212655245
            ],
            [
              -119.23273287356487,
              36.87205736408164
            ],
            [
              -119.23272515801719,
              36.87199168417651
            ],
            [
              -119.23272517739757,
              36.87198731331848
            ],
            [
              -119.23271161100071,
              36.871977387122115
            ],
            [
              -119.23265882465438,
              36.871930836127255
            ],
            [
              -119.23261166102937,
              36.87188053943356
            ],
            [
              -119.23257052968675,
              36.871826933820685
            ],
            [
              -119.2325357878005,
              36.87177048480223
            ],
            [
              -119.2325077370562,
              36.87171168258314
            ],
            [
              -119.23248662103151,
              36.871651037802565
            ],
            [
              -119.23241429195852,
              36.87139848948156
            ],
            [
              -119.23231234727777,
              36.87132200398605
            ],
            [
              -119.2322501893799,
              36.871270118909266
            ],
            [
              -119.23219525670355,
              36.87121321405126
            ],
            [
              -119.23214817308356,
              36.87115193565991
            ],
            [
              -119.23196148905551,
              36.870877220215846
            ],
            [
              -119.23177935176525,
              36.87075944479795
            ],
            [
              -119.23171855095771,
              36.87071607622512
            ],
            [
              -119.23166324604763,
              36.87066819366341
            ],
            [
              -119.23161395381555,
              36.87061624454595
            ],
            [
              -119.23157113485443,
              36.87056071430454
            ],
            [
              -119.23149267658027,
              36.8704470351465
            ],
            [
              -119.23123949552603,
              36.87048104240749
            ],
            [
              -119.23112692276274,
              36.87054518846443
            ],
            [
              -119.23068270604364,
              36.87090212223693
            ],
            [
              -119.2306615100232,
              36.870993678354466
            ],
            [
              -119.23064432992503,
              36.87105291767622
            ],
            [
              -119.23062058944201,
              36.87111067584942
            ],
            [
              -119.23059048090349,
              36.871166484920444
            ],
            [
              -119.23055424823391,
              36.8712198927261
            ],
            [
              -119.23051218497696,
              36.87127046655725
            ],
            [
              -119.23046463191768,
              36.87131779666464
            ],
            [
              -119.22989467674837,
              36.87183554867145
            ],
            [
              -119.2298520623163,
              36.8719797799243
            ],
            [
              -119.22982972888532,
              36.872041953677126
            ],
            [
              -119.22980009590526,
              36.87210212608988
            ],
            [
              -119.22976343509227,
              36.87215974538385
            ],
            [
              -119.22972008260956,
              36.872214283191106
            ],
            [
              -119.2296704359854,
              36.87226523939969
            ],
            [
              -119.22961495046792,
              36.8723121467399
            ],
            [
              -119.22955413485091,
              36.87235457506933
            ],
            [
              -119.22854366423684,
              36.872993994182266
            ],
            [
              -119.22837801317354,
              36.87316529632961
            ],
            [
              -119.22832413874472,
              36.87321568678139
            ],
            [
              -119.22826436659454,
              36.87326158412474
            ],
            [
              -119.22819927429265,
              36.87330254485193
            ],
            [
              -119.22812949082075,
              36.873338173157116
            ],
            [
              -119.22805569049449,
              36.873368124761306
            ],
            [
              -119.2279785864475,
              36.87339211023939
            ],
            [
              -119.22789892373991,
              36.873409897816984
            ],
            [
              -119.22781747215852,
              36.87342131561044
            ],
            [
              -119.22773501877758,
              36.873426253287775
            ],
            [
              -119.22765236035279,
              36.87342466313498
            ],
            [
              -119.22757029562162,
              36.87341656051721
            ],
            [
              -119.22713383491069,
              36.87335584291909
            ],
            [
              -119.22645224873416,
              36.87348139852771
            ],
            [
              -119.22637026116281,
              36.87352942839415
            ],
            [
              -119.22630099320422,
              36.87356594948577
            ],
            [
              -119.22622758902591,
              36.873596818340054
            ],
            [
              -119.22615076084568,
              36.87362173544364
            ],
            [
              -119.22607125410599,
              36.873640459031186
            ],
            [
              -119.22598984024093,
              36.87365280743138
            ],
            [
              -119.22590730919049,
              36.873658660829705
            ],
            [
              -119.22582446173551,
              36.87365796243123
            ],
            [
              -119.22574210172732,
              36.87365071901168
            ],
            [
              -119.22566102828738,
              36.873637000851645
            ],
            [
              -119.22558202805305,
              36.873616941054806
            ],
            [
              -119.22534332768694,
              36.873545763891876
            ],
            [
              -119.22520100904775,
              36.87353960081986
            ],
            [
              -119.22446512273407,
              36.87362208712445
            ],
            [
              -119.22438751536515,
              36.873627856791586
            ],
            [
              -119.22431225092802,
              36.87362783131975
            ],
            [
              -119.2242730616854,
              36.873644982710594
            ],
            [
              -119.22419922465362,
              36.873670296088136
            ],
            [
              -119.22412272018134,
              36.87368983883957
            ],
            [
              -119.22404424517138,
              36.87370343294292
            ],
            [
              -119.22396451447823,
              36.873710954564295
            ],
            [
              -119.22388425439593,
              36.87371233518604
            ],
            [
              -119.22380419604147,
              36.873707562230955
            ],
            [
              -119.22372506869416,
              36.873696679176895
            ],
            [
              -119.22364759315205,
              36.873679785160704
            ],
            [
              -119.22357247516517,
              36.8736570340751
            ],
            [
              -119.2235003990064,
              36.87362863316677
            ],
            [
              -119.22343202123763,
              36.87359484114828
            ],
            [
              -119.22336796472877,
              36.873555965841334
            ],
            [
              -119.22296029556199,
              36.87328305657816
            ],
            [
              -119.22225237006008,
              36.873115652729325
            ],
            [
              -119.22208444341557,
              36.8731183956429
            ],
            [
              -119.2219782147698,
              36.87315583755271
            ],
            [
              -119.22190346009805,
              36.8731788438397
            ],
            [
              -119.2218263217103,
              36.87319603638634
            ],
            [
              -119.22174749832695,
              36.87320725946143
            ],
            [
              -119.2216677039326,
              36.87321241140535
            ],
            [
              -119.22152260265871,
              36.87321621148101
            ],
            [
              -119.22144305689946,
              36.87321527044231
            ],
            [
              -119.22136397760087,
              36.87320829579349
            ],
            [
              -119.22128607219481,
              36.873195349928125
            ],
            [
              -119.22121003761109,
              36.87317654865739
            ],
            [
              -119.22113655404222,
              36.87315206017402
            ],
            [
              -119.22106627885822,
              36.873122103547516
            ],
            [
              -119.22070338879804,
              36.8729492663885
            ],
            [
              -119.22046344805486,
              36.87290766030458
            ],
            [
              -119.22038155444596,
              36.87288994543177
            ],
            [
              -119.22030229758596,
              36.87286569489318
            ],
            [
              -119.22022648327263,
              36.87283515524202
            ],
            [
              -119.2201548823011,
              36.872798636972284
            ],
            [
              -119.22008822262696,
              36.87275651136188
            ],
            [
              -119.21984530966903,
              36.872586395479836
            ],
            [
              -119.21957131423869,
              36.87252145678154
            ],
            [
              -119.21949315141372,
              36.87249951811922
            ],
            [
              -119.21941805198342,
              36.87247151166611
            ],
            [
              -119.21832766313462,
              36.87201117165467
            ],
            [
              -119.21787899726075,
              36.87201117139422
            ],
            [
              -119.21778747780088,
              36.87200715893244
            ],
            [
              -119.21769704513825,
              36.87199516964551
            ],
            [
              -119.21760877313673,
              36.87197534590211
            ],
            [
              -119.21725601611422,
              36.87187919307818
            ],
            [
              -119.21648006361717,
              36.871778980556385
            ],
            [
              -119.21639004176667,
              36.871784879472564
            ],
            [
              -119.2163506715376,
              36.871800455460345
            ],
            [
              -119.21627081451369,
              36.87182802717822
            ],
            [
              -119.21618784225706,
              36.87184883035265
            ],
            [
              -119.21610264082881,
              36.871862642825135
            ],
            [
              -119.21601612009748,
              36.871869317090976
            ],
            [
              -119.21592920402175,
              36.871868781874575
            ],
            [
              -119.21584282078281,
              36.87186104289072
            ],
            [
              -119.21575789287142,
              36.87184618278357
            ],
            [
              -119.21567532723579,
              36.871824360244105
            ],
            [
              -119.21559600559554,
              36.871795808315255
            ],
            [
              -119.21546327623656,
              36.87174125009319
            ],
            [
              -119.21517278173498,
              36.87167972984829
            ],
            [
              -119.21500686284715,
              36.87166878079189
            ],
            [
              -119.2138460050644,
              36.87196375500734
            ],
            [
              -119.21360564123484,
              36.87206917227648
            ],
            [
              -119.21358683130543,
              36.87219213607316
            ],
            [
              -119.21357295567454,
              36.872256759066246
            ],
            [
              -119.21355134913217,
              36.8723199972412
            ],
            [
              -119.21352221512753,
              36.87238125508589
            ],
            [
              -119.21348582799745,
              36.87243995573542
            ],
            [
              -119.21344253038362,
              36.8724955464047
            ],
            [
              -119.21339273000648,
              36.872547503594106
            ],
            [
              -119.213336895826,
              36.872595338019515
            ],
            [
              -119.21327555362589,
              36.87263859922019
            ],
            [
              -119.21320928106229,
              36.87267687980094
            ],
            [
              -119.21313870222406,
              36.87270981926892
            ],
            [
              -119.21306448175555,
              36.87273710742859
            ],
            [
              -119.21298731859727,
              36.87275848730311
            ],
            [
              -119.2129079394037,
              36.872773757554505
            ],
            [
              -119.21282709169974,
              36.872782774379864
            ],
            [
              -119.21274553684066,
              36.87278545286566
            ],
            [
              -119.21266404284191,
              36.872781767787465
            ],
            [
              -119.21258337714588,
              36.87277175384762
            ],
            [
              -119.21250429939423,
              36.87275550534833
            ],
            [
              -119.21208462610375,
              36.87265160196433
            ],
            [
              -119.2120072936551,
              36.872629074071305
            ],
            [
              -119.21193307001765,
              36.87260058493885
            ],
            [
              -119.21186266510077,
              36.87256640705098
            ],
            [
              -119.2117967522872,
              36.87252686730155
            ],
            [
              -119.21173596199228,
              36.87248234386748
            ],
            [
              -119.21168087563417,
              36.87243326259152
            ],
            [
              -119.21163202007297,
              36.87238009290898
            ],
            [
              -119.21158986257169,
              36.87232334335767
            ],
            [
              -119.21155480632733,
              36.87226355671376
            ],
            [
              -119.21152718661517,
              36.87220130480025
            ],
            [
              -119.21150726758238,
              36.87213718301763
            ],
            [
              -119.21149523972223,
              36.87207180464903
            ],
            [
              -119.21149121805298,
              36.872005794994585
            ],
            [
              -119.21149125413531,
              36.86871763067046
            ],
            [
              -119.21149486943925,
              36.86865504737983
            ],
            [
              -119.21150568275407,
              36.868593002051995
            ],
            [
              -119.21152360112151,
              36.86853202796893
            ],
            [
              -119.211548470516,
              36.868472649204016
            ],
            [
              -119.21158007716903,
              36.86841537611755
            ],
            [
              -119.21161814940717,
              36.86836070097044
            ],
            [
              -119.21166235998726,
              36.86830909369324
            ],
            [
              -119.21171232890977,
              36.8682609978473
            ],
            [
              -119.21176762668482,
              36.86821682681256
            ],
            [
              -119.21179789666421,
              36.86819479270777
            ],
            [
              -119.2118623591079,
              36.86815234621799
            ],
            [
              -119.21193173357099,
              36.868115234194875
            ],
            [
              -119.21200533883709,
              36.868083821052466
            ],
            [
              -119.21208245214923,
              36.868058415245216
            ],
            [
              -119.21216231630656,
              36.868039266239386
            ],
            [
              -119.21224414709901,
              36.86802656206375
            ],
            [
              -119.21232714100725,
              36.868020427463314
            ],
            [
              -119.21241048309209,
              36.868020922674646
            ],
            [
              -119.2124933549959,
              36.86802804283442
            ],
            [
              -119.21257494297777,
              36.8680417180272
            ],
            [
              -119.21265444590306,
              36.86806181397195
            ],
            [
              -119.21273108310947,
              36.868088133340486
            ],
            [
              -119.2128380824288,
              36.86813003303388
            ],
            [
              -119.21291160202333,
              36.86816256554574
            ],
            [
              -119.21298072006391,
              36.86820082346996
            ],
            [
              -119.21304474825133,
              36.86824442582522
            ],
            [
              -119.21310304896929,
              36.868292938408544
            ],
            [
              -119.21342017501203,
              36.86858464211444
            ],
            [
              -119.21358638861922,
              36.868575106381144
            ],
            [
              -119.21386151442853,
              36.868519140452776
            ],
            [
              -119.2140203952382,
              36.86838540312255
            ],
            [
              -119.21407759915725,
              36.86834157396191
            ],
            [
              -119.21413967136613,
              36.86830225303653
            ],
            [
              -119.21420606362616,
              36.86826778763455
            ],
            [
              -119.21427618954594,
              36.868238482158844
            ],
            [
              -119.21434942976018,
              36.86821459543871
            ],
            [
              -119.21442513739984,
              36.86819633844397
            ],
            [
              -119.21450143680136,
              36.86818103859362
            ],
            [
              -119.21458413718099,
              36.86816795272102
            ],
            [
              -119.21466805239213,
              36.86816158323098
            ],
            [
              -119.21475233966966,
              36.868161994091935
            ],
            [
              -119.21483615251223,
              36.86816918117681
            ],
            [
              -119.21491864918313,
              36.8681830723046
            ],
            [
              -119.2149990011632,
              36.86820352796524
            ],
            [
              -119.21507640147094,
              36.86823034272057
            ],
            [
              -119.21515007276679,
              36.868263247267535
            ],
            [
              -119.21521927515927,
              36.86830191114252
            ],
            [
              -119.21526460210094,
              36.868330044250726
            ],
            [
              -119.21538283683964,
              36.86835208357658
            ],
            [
              -119.21545303300815,
              36.86832501914101
            ],
            [
              -119.21552756117298,
              36.86830296099649
            ],
            [
              -119.21560434661531,
              36.868286649522126
            ],
            [
              -119.21568270462527,
              36.86827623016949
            ],
            [
              -119.2157619364713,
              36.86827179584906
            ],
            [
              -119.21584133563053,
              36.86827338610174
            ],
            [
              -119.21592019408837,
              36.8682809867464
            ],
            [
              -119.21599780865154,
              36.86829453000623
            ],
            [
              -119.21607348721798,
              36.86831389511326
            ],
            [
              -119.21614655494808,
              36.868338909385024
            ],
            [
              -119.21621636028188,
              36.868369349764436
            ],
            [
              -119.21629362990146,
              36.86840694413441
            ],
            [
              -119.21638429406563,
              36.86840617918679
            ],
            [
              -119.21716177707644,
              36.868216795575066
            ],
            [
              -119.21722346587615,
              36.86820379880926
            ],
            [
              -119.21728620297442,
              36.86819459495722
            ],
            [
              -119.21748460129945,
              36.86817169521108
            ],
            [
              -119.21752076200443,
              36.86816886651287
            ],
            [
              -119.21758268062689,
              36.86811224748941
            ],
            [
              -119.21764069262993,
              36.86806422139902
            ],
            [
              -119.21770433253366,
              36.868021041309326
            ],
            [
              -119.21777297614875,
              36.867983130730146
            ],
            [
              -119.21784595021276,
              36.86795086148729
            ],
            [
              -119.21792253899322,
              36.867924550075855
            ],
            [
              -119.21800199130736,
              36.86790445455644
            ],
            [
              -119.21808352788922,
              36.86789077202414
            ],
            [
              -119.21816634903217,
              36.86788363667571
            ],
            [
              -119.21824964243189,
              36.86788311849346
            ],
            [
              -119.21833259115266,
              36.86788922255895
            ],
            [
              -119.21841438163933,
              36.86790188900327
            ],
            [
              -119.2184942116959,
              36.86792099359404
            ],
            [
              -119.21857129835281,
              36.86794634895396
            ],
            [
              -119.21864488554573,
              36.86797770639843
            ],
            [
              -119.21871425153057,
              36.86801475837445
            ],
            [
              -119.21877871596203,
              36.868057141476946
            ],
            [
              -119.21883764656607,
              36.8681044400128
            ],
            [
              -119.2188904653413,
              36.8681561900777
            ],
            [
              -119.21893665422799,
              36.86821188410589
            ],
            [
              -119.21903585497512,
              36.86834538348283
            ],
            [
              -119.2190755140702,
              36.868405422903926
            ],
            [
              -119.21910746598888,
              36.868468359609686
            ],
            [
              -119.21913138745855,
              36.868533556876876
            ],
            [
              -119.21914703644745,
              36.86860035511086
            ],
            [
              -119.21917766446005,
              36.868780531339596
            ],
            [
              -119.22028839847063,
              36.868969013809746
            ],
            [
              -119.22036715686492,
              36.868985614521584
            ],
            [
              -119.22044354836903,
              36.86900825619582
            ],
            [
              -119.22051685706269,
              36.869036726640836
            ],
            [
              -119.22058639591481,
              36.869070759039374
            ],
            [
              -119.22065151322185,
              36.86911003444881
            ],
            [
              -119.22071159871514,
              36.86915418479012
            ],
            [
              -119.22076608928006,
              36.869202796297074
            ],
            [
              -119.22081447423338,
              36.8692554133939
            ],
            [
              -119.22081539175187,
              36.86925664468822
            ],
            [
              -119.2209779314771,
              36.86924132918858
            ],
            [
              -119.22106309631607,
              36.86923680762614
            ],
            [
              -119.22114839299523,
              36.86923924407736
            ],
            [
              -119.22123294317855,
              36.8692486134523
            ],
            [
              -119.22131587621651,
              36.86926481926971
            ],
            [
              -119.2213963381109,
              36.869287694650566
            ],
            [
              -119.22147350030824,
              36.86931700403633
            ],
            [
              -119.22154656823115,
              36.869352445614474
            ],
            [
              -119.22161478945999,
              36.86939365442619
            ],
            [
              -119.22167746148071,
              36.8694402061243
            ],
            [
              -119.22173393891867,
              36.86949162134267
            ],
            [
              -119.22178364018448,
              36.86954737063223
            ],
            [
              -119.22184010611433,
              36.86961802369202
            ],
            [
              -119.22186508766264,
              36.869618288314065
            ],
            [
              -119.22195234951776,
              36.86962286541233
            ],
            [
              -119.22203854825375,
              36.86963469730178
            ],
            [
              -119.22212275210023,
              36.869653656084104
            ],
            [
              -119.22220405084923,
              36.86967953682241
            ],
            [
              -119.2222815656935,
              36.86971205975633
            ],
            [
              -119.2223519388285,
              36.8697454367844
            ],
            [
              -119.22266111937984,
              36.86972690298701
            ],
            [
              -119.22274831398379,
              36.869725319293366
            ],
            [
              -119.22283524391942,
              36.86973099887561
            ],
            [
              -119.2229209744671,
              36.869743880662845
            ],
            [
              -119.22300458380288,
              36.869763826141984
            ],
            [
              -119.22308517290979,
              36.86979062084701
            ],
            [
              -119.22316187524376,
              36.869823976664975
            ],
            [
              -119.22323386605085,
              36.869863534933664
            ],
            [
              -119.22330037123494,
              36.86990887029796
            ],
            [
              -119.22334712173786,
              36.869944247667476
            ],
            [
              -119.22354785094383,
              36.86994757992309
            ],
            [
              -119.22389943984383,
              36.86984102084382
            ],
            [
              -119.22397988074212,
              36.869820283987494
            ],
            [
              -119.22406250494343,
              36.86980613508253
            ],
            [
              -119.22414647890709,
              36.86979871686695
            ],
            [
              -119.22423095547691,
              36.86979810417733
            ],
            [
              -119.22431508242683,
              36.86980430319393
            ],
            [
              -119.22439801105774,
              36.86981725137838
            ],
            [
              -119.22447890475878,
              36.86983681810454
            ],
            [
              -119.22455694744677,
              36.86986280597624
            ],
            [
              -119.22463135179841,
              36.86989495281859
            ],
            [
              -119.22478536537345,
              36.8699697396259
            ],
            [
              -119.22525902282425,
              36.86997172220451
            ],
            [
              -119.22533209424894,
              36.86972060243709
            ],
            [
              -119.22533876665301,
              36.86918859361841
            ],
            [
              -119.22534399864371,
              36.86911983939165
            ],
            [
              -119.22535791472112,
              36.86905187028126
            ],
            [
              -119.22538037027246,
              36.86898539249476
            ],
            [
              -119.22547197243296,
              36.86876029303407
            ],
            [
              -119.22550106433411,
              36.868699037718585
            ],
            [
              -119.2255374073113,
              36.86864033580442
            ],
            [
              -119.22558065925608,
              36.868584739845204
            ],
            [
              -119.22563041302944,
              36.868532773157355
            ],
            [
              -119.22568620029439,
              36.86848492489437
            ],
            [
              -119.22574749592465,
              36.86844164544274
            ],
            [
              -119.2258137229478,
              36.8684033421828
            ],
            [
              -119.22588425797623,
              36.86837037565432
            ],
            [
              -119.22595843707478,
              36.86834305616306
            ],
            [
              -119.22603556201008,
              36.86832164086018
            ],
            [
              -119.22611490682246,
              36.86830633132189
            ],
            [
              -119.22619572465891,
              36.868297271652196
            ],
            [
              -119.2262772548024,
              36.86829454712673
            ],
            [
              -119.22635872983193,
              36.86829818339003
            ],
            [
              -119.22645052902878,
              36.86830588334992
            ],
            [
              -119.22652977986444,
              36.868315617470174
            ],
            [
              -119.2266075171656,
              36.86833137004605
            ],
            [
              -119.2266830346167,
              36.86835299795031
            ],
            [
              -119.22675564607017,
              36.86838030467289
            ],
            [
              -119.22682469178034,
              36.868413042106184
            ],
            [
              -119.22688954439738,
              36.868450912799354
            ],
            [
              -119.2272010726384,
              36.86865173606037
            ],
            [
              -119.22722251799104,
              36.86865011863747
            ],
            [
              -119.22726496052894,
              36.868636347021905
            ],
            [
              -119.22739568736478,
              36.868489486909354
            ],
            [
              -119.2274548032802,
              36.86843038703083
            ],
            [
              -119.22752178697841,
              36.868376979934986
            ],
            [
              -119.22812123183978,
              36.86794990425696
            ],
            [
              -119.22813849277968,
              36.86789925027927
            ],
            [
              -119.22816449464712,
              36.86783554054719
            ],
            [
              -119.22819822600889,
              36.86777421465331
            ],
            [
              -119.22823935479808,
              36.86771587628408
            ],
            [
              -119.2282874761309,
              36.86766109971557
            ],
            [
              -119.22834211629272,
              36.86761042416067
            ],
            [
              -119.22840273740164,
              36.867564348461286
            ],
            [
              -119.22846874270357,
              36.86752332617815
            ],
            [
              -119.22853948244665,
              36.86748776112626
            ],
            [
              -119.22861426027731,
              36.867458003400046
            ],
            [
              -119.22869234009474,
              36.8674343459274
            ],
            [
              -119.22909870441394,
              36.86732940319964
            ],
            [
              -119.22921768068824,
              36.86728005506028
            ],
            [
              -119.22942036516582,
              36.86701083715388
            ],
            [
              -119.22946520029552,
              36.86695724504627
            ],
            [
              -119.22951619702394,
              36.86690733603262
            ],
            [
              -119.22957288968799,
              36.86686156583198
            ],
            [
              -119.22963476061781,
              36.86682035237108
            ],
            [
              -119.22970124486368,
              36.86678407196835
            ],
            [
              -119.22977173535462,
              36.86675305589809
            ],
            [
              -119.22984558844145,
              36.86672758736575
            ],
            [
              -119.22992212977356,
              36.86670789892221
            ],
            [
              -119.23012120423424,
              36.86666499946326
            ],
            [
              -119.23014646281875,
              36.86664195794219
            ],
            [
              -119.23020583015769,
              36.866597341264736
            ],
            [
              -119.23027028087263,
              36.86655753796957
            ],
            [
              -119.23033921288781,
              36.86652291987985
            ],
            [
              -119.2304119822681,
              36.866493810380405
            ],
            [
              -119.23048790923413,
              36.86647048139714
            ],
            [
              -119.23056628451228,
              36.866453150856906
            ],
            [
              -119.23064637595988,
              36.86644198065208
            ],
            [
              -119.23072743540408,
              36.866437075128125
            ],
            [
              -119.23080870563044,
              36.866438480109274
            ],
            [
              -119.23088942745572,
              36.86644618247021
            ],
            [
              -119.23096884681942,
              36.86646011025893
            ],
            [
              -119.23104622182707,
              36.866480133368675
            ],
            [
              -119.23112082968022,
              36.866506064753416
            ],
            [
              -119.23119197342798,
              36.866537662174885
            ],
            [
              -119.23124577315765,
              36.866564361985375
            ],
            [
              -119.23131038279833,
              36.86659986644296
            ],
            [
              -119.23137060461086,
              36.86664004334013
            ],
            [
              -119.23142591696987,
              36.86668454467939
            ],
            [
              -119.23147584077142,
              36.86673298500612
            ],
            [
              -119.23151994358294,
              36.866784944746925
            ],
            [
              -119.23155784338877,
              36.866839973843675
            ],
            [
              -119.23155992857825,
              36.866843804197224
            ],
            [
              -119.23161702661045,
              36.86684123612032
            ],
            [
              -119.2317051944431,
              36.86684471624076
            ],
            [
              -119.23259038669445,
              36.866917215869904
            ],
            [
              -119.2326807564225,
              36.86692863516504
            ],
            [
              -119.23304940072234,
              36.86699189143012
            ],
            [
              -119.23324976709023,
              36.866970420263556
            ],
            [
              -119.23369739115826,
              36.86684714304679
            ],
            [
              -119.23377804569029,
              36.86682848728424
            ],
            [
              -119.2338606127442,
              36.866816383300495
            ],
            [
              -119.23394427009528,
              36.86681095162946
            ],
            [
              -119.23402818466238,
              36.86681224636036
            ],
            [
              -119.23411152080337,
              36.86682025459918
            ],
            [
              -119.23419344863586,
              36.866834896597155
            ],
            [
              -119.23427315230096,
              36.86685602654479
            ],
            [
              -119.23434983808696,
              36.86688343402387
            ],
            [
              -119.23442274233304,
              36.86691684610268
            ],
            [
              -119.23449113903338,
              36.866955930053784
            ],
            [
              -119.23455434706676,
              36.86700029666723
            ],
            [
              -119.2346117369791,
              36.867049504126115
            ],
            [
              -119.23466273725177,
              36.86710306240618
            ],
            [
              -119.23470683999308,
              36.86716043815526
            ],
            [
              -119.23474360599637,
              36.86722106000447
            ],
            [
              -119.23477266911414,
              36.86728432425771
            ],
            [
              -119.23479373990482,
              36.86734960090344
            ],
            [
              -119.23480634797032,
              36.86741489067681
            ],
            [
              -119.2348142699776,
              36.86742047814177
            ],
            [
              -119.23487010714351,
              36.86746832089808
            ],
            [
              -119.23491990902181,
              36.867520287474754
            ],
            [
              -119.23496320647992,
              36.867575888360264
            ],
            [
              -119.23499959165238,
              36.86763459980787
            ],
            [
              -119.23502872178332,
              36.867695868768955
            ],
            [
              -119.23505032245558,
              36.867759118102455
            ],
            [
              -119.23506419017616,
              36.86782375201123
            ],
            [
              -119.23506476379714,
              36.867827505850165
            ],
            [
              -119.23515581241249,
              36.867916726911965
            ],
            [
              -119.23538076941894,
              36.867943129903594
            ],
            [
              -119.23546133763679,
              36.867955840288
            ],
            [
              -119.23553997948316,
              36.8679748020621
            ],
            [
              -119.23561594550131,
              36.86799983451992
            ],
            [
              -119.23568851173331,
              36.86803069910174
            ],
            [
              -119.23575698661914,
              36.86806710166757
            ],
            [
              -119.23582071758656,
              36.868108695300066
            ],
            [
              -119.23587909727033,
              36.86815508361048
            ],
            [
              -119.23593156930004,
              36.86820582451601
            ],
            [
              -119.2359776336026,
              36.86826043445262
            ],
            [
              -119.23601685116809,
              36.86831839298328
            ],
            [
              -119.23604884823382,
              36.868379147757445
            ],
            [
              -119.2360733198469,
              36.868442119774876
            ],
            [
              -119.23610412077,
              36.86853751953451
            ],
            [
              -119.23612085516959,
              36.868602218056466
            ],
            [
              -119.23612891394215,
              36.86866245734896
            ],
            [
              -119.23622607738753,
              36.86872233197787
            ],
            [
              -119.23626175322708,
              36.86872190775004
            ],
            [
              -119.23633660830727,
              36.868723696641894
            ],
            [
              -119.23641096862175,
              36.86873082821469
            ],
            [
              -119.23648424465486,
              36.868743245930055
            ],
            [
              -119.23655585548639,
              36.86876085134195
            ],
            [
              -119.23662523339668,
              36.86878350487712
            ],
            [
              -119.23693959934782,
              36.86889950902493
            ],
            [
              -119.23723924433718,
              36.868909291128865
            ],
            [
              -119.23731979940563,
              36.86891504734658
            ],
            [
              -119.23739929401007,
              36.868926993134366
            ],
            [
              -119.23747699317813,
              36.86894501804612
            ],
            [
              -119.23755217853606,
              36.86896895543072
            ],
            [
              -119.23762415495014,
              36.86899858397283
            ],
            [
              -119.23769225695314,
              36.869033629738915
            ],
            [
              -119.23775585489668,
              36.869073768709676
            ],
            [
              -119.23781436077242,
              36.86911862977573
            ],
            [
              -119.23786723364864,
              36.869167798168505
            ],
            [
              -119.23791398467134,
              36.86922081929478
            ],
            [
              -119.23795418158421,
              36.86927720293955
            ],
            [
              -119.23798745272549,
              36.869336427798046
            ],
            [
              -119.2380134904645,
              36.86939794629551
            ],
            [
              -119.23803205404647,
              36.8694611896496
            ],
            [
              -119.23804297181897,
              36.86952557312912
            ],
            [
              -119.23804614281978,
              36.86959050146014
            ],
            [
              -119.23804153771084,
              36.86965537432967
            ],
            [
              -119.23802919905044,
              36.869719591936054
            ],
            [
              -119.2380092409003,
              36.8697825605345
            ],
            [
              -119.2379818477718,
              36.86984369792692
            ],
            [
              -119.23793599643011,
              36.86993239817695
            ],
            [
              -119.23794355437659,
              36.86997556789522
            ],
            [
              -119.23794666457955,
              36.87004594298628
            ],
            [
              -119.23794064268394,
              36.87011619602037
            ],
            [
              -119.23792564375957,
              36.87021539608883
            ],
            [
              -119.23791144952789,
              36.870281591361575
            ],
            [
              -119.23788914610526,
              36.87034632744393
            ],
            [
              -119.23785895383425,
              36.870408964728306
            ],
            [
              -119.23782117100308,
              36.870468884342145
            ],
            [
              -119.23777617089908,
              36.87052549426268
            ],
            [
              -119.2377243981212,
              36.87057823516652
            ],
            [
              -119.2376663641875,
              36.870626585956096
            ],
            [
              -119.23741376112949,
              36.87081711016153
            ],
            [
              -119.2373723318884,
              36.87090093327249
            ],
            [
              -119.2376694686477,
              36.87102516592201
            ],
            [
              -119.23810466350093,
              36.87111663358037
            ],
            [
              -119.23818252815751,
              36.87113628728832
            ],
            [
              -119.23825765535369,
              36.871161911815726
            ],
            [
              -119.23832933769908,
              36.871193265884806
            ],
            [
              -119.23839690023736,
              36.87123005426899
            ],
            [
              -119.23845970680134,
              36.87127193057244
            ],
            [
              -119.23851716600282,
              36.87131850049153
            ],
            [
              -119.23856873680099,
              36.871369325527425
            ],
            [
              -119.23861393359692,
              36.871423927114556
            ],
            [
              -119.2386523308061,
              36.87148179112672
            ],
            [
              -119.23868356686609,
              36.87154237271776
            ],
            [
              -119.23870734764131,
              36.87160510145163
            ],
            [
              -119.23872344919337,
              36.87166938667345
            ],
            [
              -119.23873171989014,
              36.87173462307104
            ],
            [
              -119.23873208183426,
              36.87180019637435
            ],
            [
              -119.23872453159738,
              36.87186548913945
            ],
            [
              -119.23870914025325,
              36.87192988656252
            ],
            [
              -119.23868605270916,
              36.871992782268684
            ],
            [
              -119.2386554863422,
              36.87205358402208
            ],
            [
              -119.23861772895313,
              36.87211171930232
            ],
            [
              -119.23849543007658,
              36.87227962000601
            ],
            [
              -119.23844935606463,
              36.872336179923046
            ],
            [
              -119.23839647937292,
              36.872388758693106
            ],
            [
              -119.2383373290751,
              36.87243683020954
            ],
            [
              -119.23827249702222,
              36.87247991346448
            ],
            [
              -119.23820263192098,
              36.872517577362196
            ],
            [
              -119.23812843284252,
              36.87254944503286
            ],
            [
              -119.23805064222734,
              36.87257519760381
            ],
            [
              -119.23801094103536,
              36.872584743078725
            ],
            [
              -119.238418195956,
              36.8733680956575
            ],
            [
              -119.23862108708187,
              36.87355781856429
            ],
            [
              -119.23867480048543,
              36.87361370622088
            ],
            [
              -119.23872096217228,
              36.873673791691495
            ],
            [
              -119.2387590681491,
              36.873737418985726
            ],
            [
              -119.23878870236835,
              36.873803893443316
            ],
            [
              -119.23880954127141,
              36.87387248931797
            ],
            [
              -119.23885308386886,
              36.87405725239298
            ],
            [
              -119.23924468363586,
              36.874516020303105
            ],
            [
              -119.23925121650657,
              36.87452187213272
            ],
            [
              -119.23929945634058,
              36.87457455129426
            ],
            [
              -119.23934113196233,
              36.87463073009582
            ],
            [
              -119.23937585302386,
              36.8746898823669
            ],
            [
              -119.23940329431115,
              36.8747514540864
            ],
            [
              -119.23942319879059,
              36.87481486857133
            ],
            [
              -119.23943538001704,
              36.87487953187794
            ],
            [
              -119.23943972388066,
              36.87494483836446
            ],
            [
              -119.23944245398879,
              36.87538534454795
            ],
            [
              -119.23997051459041,
              36.8768707171694
            ],
            [
              -119.23998872819493,
              36.87693296492826
            ],
            [
              -119.23999953666582,
              36.87699631704587
            ],
            [
              -119.24000284320667,
              36.87706020627287
            ],
            [
              -119.23999861819217,
              36.87712406054924
            ],
            [
              -119.23998689943423,
              36.877187308126494
            ],
            [
              -119.23996779184382,
              36.87724938268714
            ],
            [
              -119.2399414664925,
              36.87730972841544
            ],
            [
              -119.23990815908107,
              36.877367804974284
            ],
            [
              -119.23629876312212,
              36.882949664635525
            ],
            [
              -119.23671914683361,
              36.88336996276338
            ],
            [
              -119.24238635437453,
              36.88318363235652
            ],
            [
              -119.2505549511098,
              36.88001778157161
            ],
            [
              -119.25063156681898,
              36.87999175301321
            ],
            [
              -119.25071100801095,
              36.8799719307952
            ],
            [
              -119.25079249782577,
              36.87995850875902
            ],
            [
              -119.25087523937174,
              36.87995161815842
            ],
            [
              -119.2509584235175,
              36.87995132637599
            ],
            [
              -119.25104123680411,
              36.87995763626437
            ],
            [
              -119.2511228693991,
              36.87997048611832
            ],
            [
              -119.25120252301525,
              36.87998975027815
            ],
            [
              -119.25127941871655,
              36.880015240358496
            ],
            [
              -119.25135280453483,
              36.880046707090436
            ],
            [
              -119.25142196282286,
              36.88008384275883
            ],
            [
              -119.25148621727197,
              36.880126284211535
            ],
            [
              -119.2515449395254,
              36.88017361641016
            ],
            [
              -119.2515975553231,
              36.88022537648879
            ],
            [
              -119.25164355011744,
              36.88028105827997
            ],
            [
              -119.25168247410531,
              36.880340117264474
            ],
            [
              -119.25171394662716,
              36.88040197589583
            ],
            [
              -119.25173765988994,
              36.880466029248105
            ],
            [
              -119.25245495348018,
              36.88282461938721
            ],
            [
              -119.25735157182162,
              36.88680524485752
            ],
            [
              -119.26683643665977,
              36.888462773722786
            ],
            [
              -119.26942786812533,
              36.88608535519851
            ],
            [
              -119.26948681948004,
              36.88603647272974
            ],
            [
              -119.26955159284759,
              36.8859926013725
            ],
            [
              -119.26962153120743,
              36.88595418612339
            ],
            [
              -119.26969592515272,
              36.88592161663577
            ],
            [
              -119.2697740200859,
              36.88589522326765
            ],
            [
              -119.26985502387238,
              36.885875273731116
            ],
            [
              -119.26993811487496,
              36.885861970377
            ],
            [
              -119.27002245028729,
              36.88585544814266
            ],
            [
              -119.27010717468181,
              36.88585577318338
            ],
            [
              -119.27019142868616,
              36.885862942201456
            ],
            [
              -119.27182221463575,
              36.8860688409003
            ],
            [
              -119.2719060161037,
              36.886082964247535
            ],
            [
              -119.2719875962343,
              36.886103857250525
            ],
            [
              -119.2720661098622,
              36.88613130345868
            ],
            [
              -119.27214074358868,
              36.886165018530555
            ],
            [
              -119.27221072420772,
              36.88620465317939
            ],
            [
              -119.2722753267162,
              36.886249796791496
            ],
            [
              -119.27233388182461,
              36.88629998167994
            ],
            [
              -119.27238578289092,
              36.88635468792945
            ],
            [
              -119.27243049220539,
              36.88641334878255
            ],
            [
              -119.27371550423499,
              36.88830974044087
            ],
            [
              -119.27375099038179,
              36.88836875641894
            ],
            [
              -119.2737791923322,
              36.88843025612525
            ],
            [
              -119.27379984479089,
              36.8884936610708
            ],
            [
              -119.27381275347396,
              36.88855837484383
            ],
            [
              -119.27381779693745,
              36.888623788719805
            ],
            [
              -119.27381492772025,
              36.88868928738719
            ],
            [
              -119.2738041727913,
              36.888754254735304
            ],
            [
              -119.2737856332967,
              36.888818079649766
            ],
            [
              -119.27375948360898,
              36.88888016176094
            ],
            [
              -119.27375453788953,
              36.888890261280466
            ],
            [
              -119.27443308679132,
              36.88883259787742
            ],
            [
              -119.27451610351943,
              36.88882886169683
            ],
            [
              -119.27459917393266,
              36.88883172625737
            ],
            [
              -119.27468148659761,
              36.88884116357721
            ],
            [
              -119.27476223748221,
              36.88885708147169
            ],
            [
              -119.27484063780884,
              36.88887932445366
            ],
            [
              -119.27491592175859,
              36.88890767525233
            ],
            [
              -119.27498735395145,
              36.88894185693527
            ],
            [
              -119.27505423662893,
              36.88898153561347
            ],
            [
              -119.27511591646972,
              36.88902632370252
            ],
            [
              -119.27517179097107,
              36.889075783708336
            ],
            [
              -119.27522131433423,
              36.88912943250044
            ],
            [
              -119.27526400279598,
              36.889186746030894
            ],
            [
              -119.27529943935419,
              36.889247164453096
            ],
            [
              -119.2753272778419,
              36.889310097590176
            ],
            [
              -119.27534724630901,
              36.88937493069977
            ],
            [
              -119.27535914967946,
              36.88944103047871
            ],
            [
              -119.27536287165762,
              36.88950775124916
            ],
            [
              -119.2753583758649,
              36.889574441265665
            ],
            [
              -119.27534570619609,
              36.88964044908148
            ],
            [
              -119.2752045304513,
              36.89019301689693
            ],
            [
              -119.27613984343688,
              36.890402261455975
            ],
            [
              -119.27672065693582,
              36.890374630351126
            ],
            [
              -119.27680586214039,
              36.890374048718876
            ],
            [
              -119.27689070357086,
              36.8903803928842
            ],
            [
              -119.27697431092699,
              36.89039359776807
            ],
            [
              -119.27705582656682,
              36.890413527914504
            ],
            [
              -119.27713441430366,
              36.89043997887984
            ],
            [
              -119.27720926798317,
              36.89047267932991
            ],
            [
              -119.27727961975229,
              36.89051129382318
            ],
            [
              -119.27734474793549,
              36.89055542625144
            ],
            [
              -119.27740398443765,
              36.89060462390288
            ],
            [
              -119.2774567215972,
              36.89065838210574
            ],
            [
              -119.27750241841969,
              36.890716149404994
            ],
            [
              -119.27754060612762,
              36.89077733321891
            ],
            [
              -119.2776712444332,
              36.89101611060539
            ],
            [
              -119.27842354659899,
              36.891962282034115
            ],
            [
              -119.27846334283038,
              36.89201800623092
            ],
            [
              -119.27849637137327,
              36.8920765139716
            ],
            [
              -119.27852233371563,
              36.892137276490345
            ],
            [
              -119.27854099520455,
              36.892199744642454
            ],
            [
              -119.27855218716766,
              36.89226335386728
            ],
            [
              -119.27855580843789,
              36.8923275292902
            ],
            [
              -119.2785518262686,
              36.892391690918146
            ],
            [
              -119.278525261483,
              36.8926101524774
            ],
            [
              -119.27873735527712,
              36.892820464813525
            ],
            [
              -119.27878603899258,
              36.89287389243708
            ],
            [
              -119.278827979663,
              36.89293089022935
            ],
            [
              -119.27886277466479,
              36.892990911041
            ],
            [
              -119.27889008996651,
              36.89305337870205
            ],
            [
              -119.27890966333605,
              36.89311769355268
            ],
            [
              -119.27896781825581,
              36.893359611930855
            ],
            [
              -119.27937960710914,
              36.893561102626975
            ],
            [
              -119.27944568256193,
              36.89359698963962
            ],
            [
              -119.27950722987214,
              36.893637741280116
            ],
            [
              -119.27956369582775,
              36.89368299126062
            ],
            [
              -119.27961457288674,
              36.89373233286032
            ],
            [
              -119.27965940373922,
              36.89378532258091
            ],
            [
              -119.27969778541794,
              36.89384148413285
            ],
            [
              -119.27972937292066,
              36.89390031271608
            ],
            [
              -119.27975388231154,
              36.89396127955724
            ],
            [
              -119.27977109327362,
              36.89402383666229
            ],
            [
              -119.27978085108987,
              36.89408742174202
            ],
            [
              -119.27978306803416,
              36.894151463265956
            ],
            [
              -119.2797777241608,
              36.89421538559949
            ],
            [
              -119.27976486748418,
              36.89427861417795
            ],
            [
              -119.27974461354802,
              36.89434058067106
            ],
            [
              -119.27965652509818,
              36.89456598087259
            ],
            [
              -119.2801625381375,
              36.895127575586955
            ],
            [
              -119.28110318057888,
              36.89563718003778
            ],
            [
              -119.2811824620071,
              36.89568586541746
            ],
            [
              -119.28125400827693,
              36.89574174820225
            ],
            [
              -119.28161826750184,
              36.89606215357218
            ],
            [
              -119.28296891220002,
              36.89641127836085
            ],
            [
              -119.28416465272397,
              36.89638711815104
            ],
            [
              -119.28578399441783,
              36.89630019793307
            ],
            [
              -119.2867679320917,
              36.89586744356388
            ],
            [
              -119.28639877218491,
              36.894683320806934
            ],
            [
              -119.286144499621,
              36.89406452879053
            ],
            [
              -119.28549257920112,
              36.89388503301348
            ],
            [
              -119.28541414565052,
              36.8938598364517
            ],
            [
              -119.28533925333222,
              36.89382844946968
            ],
            [
              -119.28526865728251,
              36.89379118850035
            ],
            [
              -119.28520306922113,
              36.8937484291959
            ],
            [
              -119.28514315037596,
              36.89370060264033
            ],
            [
              -119.28508950481643,
              36.89364819100325
            ],
            [
              -119.28504267336378,
              36.89359172267843
            ],
            [
              -119.28500312813887,
              36.89353176695656
            ],
            [
              -119.2849712678028,
              36.89346892828559
            ],
            [
              -119.28494741353829,
              36.89340384017678
            ],
            [
              -119.28493180581245,
              36.8933371588176
            ],
            [
              -119.28492460195304,
              36.89326955645628
            ],
            [
              -119.28492587456347,
              36.89320171462443
            ],
            [
              -119.28493561079149,
              36.893134317266075
            ],
            [
              -119.28495371245982,
              36.893068043842526
            ],
            [
              -119.28497999705675,
              36.89300356248244
            ],
            [
              -119.28520009140084,
              36.89254318949816
            ],
            [
              -119.28462746024566,
              36.892424064083215
            ],
            [
              -119.28454732805463,
              36.89240391721604
            ],
            [
              -119.28447009526361,
              36.89237745493054
            ],
            [
              -119.28439653119491,
              36.89234494082008
            ],
            [
              -119.28432736862369,
              36.89230669876065
            ],
            [
              -119.28426329647858,
              36.892263109684656
            ],
            [
              -119.28420495297893,
              36.89221460778599
            ],
            [
              -119.28415291927729,
              36.89216167619488
            ],
            [
              -119.28410771367079,
              36.89210484216506
            ],
            [
              -119.2840697864385,
              36.89204467182159
            ],
            [
              -119.28403951535662,
              36.89198176452132
            ],
            [
              -119.28401720193601,
              36.89191674688258
            ],
            [
              -119.28400306841944,
              36.89185026654322
            ],
            [
              -119.28399725556865,
              36.89178298570931
            ],
            [
              -119.28399982126305,
              36.89171557455892
            ],
            [
              -119.28401073992403,
              36.891648704566464
            ],
            [
              -119.28402990277058,
              36.89158304181416
            ],
            [
              -119.28405711890382,
              36.8915192403574
            ],
            [
              -119.2842756965407,
              36.89107970324846
            ],
            [
              -119.28425888971123,
              36.890614507659976
            ],
            [
              -119.28389180604607,
              36.89046090030564
            ],
            [
              -119.28382009712548,
              36.890427176480856
            ],
            [
              -119.28375287996927,
              36.890387934885354
            ],
            [
              -119.283690810352,
              36.89034355836601
            ],
            [
              -119.2836344938251,
              36.8902944798662
            ],
            [
              -119.28358447980892,
              36.89024117820181
            ],
            [
              -119.28354125623262,
              36.89018417338948
            ],
            [
              -119.28350524477428,
              36.89012402157313
            ],
            [
              -119.2832507388076,
              36.889638913768145
            ],
            [
              -119.28291126371454,
              36.88954953445472
            ],
            [
              -119.28283622528782,
              36.88952653703332
            ],
            [
              -119.28276425906033,
              36.889497896700334
            ],
            [
              -119.28269602095071,
              36.88946387449193
            ],
            [
              -119.28263213289631,
              36.889424780495965
            ],
            [
              -119.2825731771842,
              36.8893809710257
            ],
            [
              -119.28251969114415,
              36.889332845371996
            ],
            [
              -119.28247216225115,
              36.88928084216386
            ],
            [
              -119.28243102368259,
              36.8892254353705
            ],
            [
              -119.2823966503705,
              36.88916712998123
            ],
            [
              -119.28236935558458,
              36.889106457402725
            ],
            [
              -119.28234938807753,
              36.88904397061544
            ],
            [
              -119.28209189821055,
              36.88804166849637
            ],
            [
              -119.28207924548602,
              36.88797647824712
            ],
            [
              -119.28207456752578,
              36.8879106075866
            ],
            [
              -119.28207790890369,
              36.88784468445069
            ],
            [
              -119.2820892377463,
              36.88777933727393
            ],
            [
              -119.28210844603753,
              36.88771518899876
            ],
            [
              -119.28213535064909,
              36.8876528511371
            ],
            [
              -119.28216969508694,
              36.88759291794109
            ],
            [
              -119.28221115193708,
              36.887535960738376
            ],
            [
              -119.28225932598725,
              36.88748252248587
            ],
            [
              -119.2823137579948,
              36.88743311259418
            ],
            [
              -119.28237392906492,
              36.88738820207166
            ],
            [
              -119.28243926559722,
              36.8873482190348
            ],
            [
              -119.28250914475385,
              36.88731354462728
            ],
            [
              -119.28258290039668,
              36.88728450938694
            ],
            [
              -119.28259065725936,
              36.88728217823928
            ],
            [
              -119.2825861748681,
              36.8872595162732
            ],
            [
              -119.28258110726183,
              36.887197462908965
            ],
            [
              -119.28258316272407,
              36.88713529809483
            ],
            [
              -119.28259232383024,
              36.8870735482935
            ],
            [
              -119.28344286936236,
              36.882961195100904
            ],
            [
              -119.28072693603572,
              36.88348067627176
            ],
            [
              -119.28067543257346,
              36.8834891699508
            ],
            [
              -119.2787848168735,
              36.88375177275106
            ],
            [
              -119.27870830766815,
              36.883759517633024
            ],
            [
              -119.2786312370334,
              36.88376160179624
            ],
            [
              -119.27855425264063,
              36.88375800772564
            ],
            [
              -119.27847800143661,
              36.8837487656238
            ],
            [
              -119.27840312420629,
              36.88373395315712
            ],
            [
              -119.2783302501875,
              36.88371369480314
            ],
            [
              -119.27747194403123,
              36.88343909278172
            ],
            [
              -119.27739942914714,
              36.88341263218939
            ],
            [
              -119.27733035454115,
              36.88338078109395
            ],
            [
              -119.27726533942224,
              36.88334382502119
            ],
            [
              -119.27720496660619,
              36.88330209525967
            ],
            [
              -119.27714977729073,
              36.88325596589075
            ],
            [
              -119.27710026620416,
              36.88320585043491
            ],
            [
              -119.27705687717041,
              36.88315219814473
            ],
            [
              -119.27701999913067,
              36.88309548997728
            ],
            [
              -119.27674673099011,
              36.88262190870452
            ],
            [
              -119.27598654109359,
              36.88265988072601
            ],
            [
              -119.27439476336613,
              36.88286095173052
            ],
            [
              -119.27431225603472,
              36.88286804530561
            ],
            [
              -119.27422928011556,
              36.88286857434806
            ],
            [
              -119.27414664300737,
              36.8828625337093
            ],
            [
              -119.274065148812,
              36.882849982167116
            ],
            [
              -119.27398559050941,
              36.882831041853805
            ],
            [
              -119.2739087422411,
              36.88280589706753
            ],
            [
              -119.27383535177677,
              36.88277479247905
            ],
            [
              -119.27376613323757,
              36.88273803075073
            ],
            [
              -119.27370176014726,
              36.88269596959132
            ],
            [
              -119.27364285887809,
              36.88264901827505
            ],
            [
              -119.27359000255595,
              36.88259763365898
            ],
            [
              -119.27354370548362,
              36.882542315737346
            ],
            [
              -119.27350441813651,
              36.8824836027761
            ],
            [
              -119.27347252277984,
              36.88242206607523
            ],
            [
              -119.27344832974951,
              36.882358304409465
            ],
            [
              -119.27343207443283,
              36.88229293820187
            ],
            [
              -119.27342391497908,
              36.88222660348669
            ],
            [
              -119.27342393076114,
              36.88215994572047
            ],
            [
              -119.27343212160423,
              36.88209361350149
            ],
            [
              -119.27344840778821,
              36.882028252258685
            ],
            [
              -119.27347263082429,
              36.88196449797154
            ],
            [
              -119.27350455499783,
              36.88190297098187
            ],
            [
              -119.27354386966263,
              36.88184426995794
            ],
            [
              -119.27359019226418,
              36.881788966069465
            ],
            [
              -119.2741675066336,
              36.88116817262849
            ],
            [
              -119.27172692131724,
              36.87844416463912
            ],
            [
              -119.27049690513927,
              36.88088039436455
            ],
            [
              -119.27046215081641,
              36.880940566188166
            ],
            [
              -119.2704202201362,
              36.88099771078094
            ],
            [
              -119.27037151712346,
              36.881051277501875
            ],
            [
              -119.27031651106356,
              36.881100750184935
            ],
            [
              -119.27025573198082,
              36.881145652112906
            ],
            [
              -119.27018976553137,
              36.881185550611335
            ],
            [
              -119.27011924735983,
              36.88122006121795
            ],
            [
              -119.27004485697421,
              36.881248851387646
            ],
            [
              -119.26996731119797,
              36.88127164369708
            ],
            [
              -119.26988735726233,
              36.88128821851813
            ],
            [
              -119.26980576560562,
              36.88129841613445
            ],
            [
              -119.26972332244856,
              36.88130213828061
            ],
            [
              -119.26964082221795,
              36.88129934908909
            ],
            [
              -119.26955905989065,
              36.88129007543599
            ],
            [
              -119.26947882333275,
              36.881274406682024
            ],
            [
              -119.26940088570686,
              36.881252493811395
            ],
            [
              -119.26932599802156,
              36.88122454797683
            ],
            [
              -119.26925488189401,
              36.881190838464775
            ],
            [
              -119.26918822259606,
              36.881151690100374
            ],
            [
              -119.2691266624508,
              36.88110748011725
            ],
            [
              -119.26907079464286,
              36.88105863452228
            ],
            [
              -119.2690211575025,
              36.88100562399032
            ],
            [
              -119.26897822931849,
              36.8809489593286
            ],
            [
              -119.2689424237295,
              36.880889186554334
            ],
            [
              -119.26654176496393,
              36.876319951588165
            ],
            [
              -119.26148764679921,
              36.87327107116753
            ],
            [
              -119.26142172205665,
              36.873226897972614
            ],
            [
              -119.26136174485512,
              36.87317755625211
            ],
            [
              -119.2613083399302,
              36.873123559969095
            ],
            [
              -119.2612620635545,
              36.87306547156948
            ],
            [
              -119.26122339774349,
              36.87300389612307
            ],
            [
              -119.2611927452352,
              36.872939475020665
            ],
            [
              -119.26117042529575,
              36.872872879292835
            ],
            [
              -119.26014046388772,
              36.869027670910135
            ],
            [
              -119.26012727509686,
              36.868963595142695
            ],
            [
              -119.26012180299483,
              36.86889879805011
            ],
            [
              -119.26005563211822,
              36.86619682726459
            ],
            [
              -119.25931497838646,
              36.86630996892556
            ],
            [
              -119.2592345188614,
              36.86631904969147
            ],
            [
              -119.25915334423962,
              36.8663218498534
            ],
            [
              -119.2590722121329,
              36.866318343276475
            ],
            [
              -119.25899187975635,
              36.866308562687294
            ],
            [
              -119.25891309686072,
              36.86629259936849
            ],
            [
              -119.25883659873432,
              36.86627060230677
            ],
            [
              -119.25876309933994,
              36.86624277680229
            ],
            [
              -119.25869328465106,
              36.86620938255246
            ],
            [
              -119.25862780624914,
              36.866170731228046
            ],
            [
              -119.25856727524217,
              36.86612718356408
            ],
            [
              -119.25719637429472,
              36.865040576834176
            ],
            [
              -119.25714311789676,
              36.864994227747054
            ],
            [
              -119.25709547251766,
              36.86494409034188
            ],
            [
              -119.2570538533452,
              36.86489060153353
            ],
            [
              -119.25701862305031,
              36.86483422744134
            ],
            [
              -119.25564294208417,
              36.862350017969014
            ],
            [
              -119.25561371261858,
              36.8622895813167
            ],
            [
              -119.25559182627607,
              36.86222717188105
            ],
            [
              -119.25557748453893,
              36.86216336424462
            ],
            [
              -119.25557081942755,
              36.86209874586137
            ],
            [
              -119.25557189228572,
              36.86203391164804
            ],
            [
              -119.25558069321649,
              36.86196945850696
            ],
            [
              -119.25575159631826,
              36.86110351318514
            ],
            [
              -119.25433039291364,
              36.86037992175018
            ],
            [
              -119.2542618979158,
              36.860341071883575
            ],
            [
              -119.2541985573529,
              36.860296934777814
            ],
            [
              -119.25414100076387,
              36.86024794911524
            ],
            [
              -119.254089800197,
              36.860194601767724
            ],
            [
              -119.2540454645244,
              36.86013742295728
            ],
            [
              -119.25400843438459,
              36.86007698098599
            ],
            [
              -119.25397907780346,
              36.86001387658729
            ],
            [
              -119.25395768653688,
              36.85994873695515
            ],
            [
              -119.25394447317166,
              36.85988220951017
            ],
            [
              -119.25393956901348,
              36.85981495546473
            ],
            [
              -119.25394302278252,
              36.859747643251126
            ],
            [
              -119.2541147392739,
              36.85823674389364
            ],
            [
              -119.25412657917798,
              36.85816978122744
            ],
            [
              -119.25414668967282,
              36.85810410501899
            ],
            [
              -119.25417486928211,
              36.858040373174035
            ],
            [
              -119.25421083569985,
              36.857979224119106
            ],
            [
              -119.25425422861888,
              36.857921270406415
            ],
            [
              -119.25430461334086,
              36.85786709257784
            ],
            [
              -119.25436148513151,
              36.857817233349664
            ],
            [
              -119.25442427427673,
              36.85777219217622
            ],
            [
              -119.25449235179005,
              36.85773242024709
            ],
            [
              -119.25456503571327,
              36.85769831596756
            ],
            [
              -119.25464159794787,
              36.85767022096804
            ],
            [
              -119.25472127154808,
              36.85764841668204
            ],
            [
              -119.25480325840346,
              36.85763312152728
            ],
            [
              -119.25488673723301,
              36.85762448871789
            ],
            [
              -119.25497087181171,
              36.85762260472975
            ],
            [
              -119.25505481934643,
              36.85762748843443
            ],
            [
              -119.25513773891778,
              36.85763909091012
            ],
            [
              -119.25521879990302,
              36.85765729593167
            ],
            [
              -119.255297190296,
              36.85768192113486
            ],
            [
              -119.25537212484068,
              36.857712719842965
            ],
            [
              -119.25544285289655,
              36.85774938353773
            ],
            [
              -119.25550866595783,
              36.85779154494957
            ],
            [
              -119.25556890475029,
              36.85783878173643
            ],
            [
              -119.2561419464679,
              36.85833549268833
            ],
            [
              -119.25745104096625,
              36.857725672641735
            ],
            [
              -119.25752246627958,
              36.85769597154357
            ],
            [
              -119.25759709558908,
              36.85767188892189
            ],
            [
              -119.25767424636477,
              36.85765364502531
            ],
            [
              -119.25775321301838,
              36.85764140670382
            ],
            [
              -119.25783327335574,
              36.85763528588294
            ],
            [
              -119.2579136951814,
              36.85763533854027
            ],
            [
              -119.25799374299426,
              36.85764156419361
            ],
            [
              -119.25807268471362,
              36.85765390590529
            ],
            [
              -119.25814979837408,
              36.85767225080299
            ],
            [
              -119.26475694846246,
              36.85952423721551
            ],
            [
              -119.26483193448206,
              36.859548561967564
            ],
            [
              -119.26490366638197,
              36.85957856166213
            ],
            [
              -119.26497148089852,
              36.85961395891029
            ],
            [
              -119.26503475098727,
              36.85965442641493
            ],
            [
              -119.26509289162074,
              36.859699589997035
            ],
            [
              -119.26514536519767,
              36.85974903205515
            ],
            [
              -119.26519168651396,
              36.85980229542649
            ],
            [
              -119.26523142724932,
              36.85985888761398
            ],
            [
              -119.26526421992789,
              36.85991828533972
            ],
            [
              -119.26528976131654,
              36.85997993938339
            ],
            [
              -119.26530781522916,
              36.86004327966041
            ],
            [
              -119.26531821471129,
              36.86010772049304
            ],
            [
              -119.26532086358426,
              36.860172666025775
            ],
            [
              -119.26531573733548,
              36.86023751573495
            ],
            [
              -119.2653082918551,
              36.860274676129244
            ],
            [
              -119.26543158011418,
              36.86025495092532
            ],
            [
              -119.2655129160882,
              36.860245231631986
            ],
            [
              -119.26559504450384,
              36.86024194186509
            ],
            [
              -119.26567718013827,
              36.860245113077106
            ],
            [
              -119.2657585376997,
              36.86025471494766
            ],
            [
              -119.26583833933513,
              36.86027065567336
            ],
            [
              -119.26591582206662,
              36.860292782845505
            ],
            [
              -119.26599024508553,
              36.86032088490718
            ],
            [
              -119.26606089683497,
              36.86035469317579
            ],
            [
              -119.26626718437247,
              36.860464726792316
            ],
            [
              -119.26745261554689,
              36.86022756230005
            ],
            [
              -119.26752731674506,
              36.86021547549651
            ],
            [
              -119.26760307280811,
              36.860208871738514
            ],
            [
              -119.26767926176608,
              36.86020780524347
            ],
            [
              -119.26931174736072,
              36.86024440541438
            ],
            [
              -119.26939615266897,
              36.86024972308889
            ],
            [
              -119.26947946485203,
              36.86026183333488
            ],
            [
              -119.26978889267373,
              36.860319872278865
            ],
            [
              -119.27001745947608,
              36.859335303634424
            ],
            [
              -119.2697044950151,
              36.8579468379838
            ],
            [
              -119.26938097003757,
              36.85724995317139
            ],
            [
              -119.26875255529504,
              36.85677372721421
            ],
            [
              -119.26869572064753,
              36.85672624150542
            ],
            [
              -119.26864491067198,
              36.856674533873026
            ],
            [
              -119.26860060835295,
              36.85661909584654
            ],
            [
              -119.26856323481076,
              36.8565604544153
            ],
            [
              -119.26853314529882,
              36.85649916701888
            ],
            [
              -119.268510625827,
              36.85643581624783
            ],
            [
              -119.2684958904435,
              36.856371004305544
            ],
            [
              -119.26848907920072,
              36.85630534728362
            ],
            [
              -119.26849025682475,
              36.85623946930527
            ],
            [
              -119.26849941210084,
              36.85617399659256
            ],
            [
              -119.26851645798074,
              36.85610955151351
            ],
            [
              -119.26854123241101,
              36.85604674666622
            ],
            [
              -119.26857349987405,
              36.855986179055606
            ],
            [
              -119.26861295362774,
              36.855928424418636
            ],
            [
              -119.26865921862156,
              36.85587403175169
            ],
            [
              -119.26871185506246,
              36.85582351809212
            ],
            [
              -119.2687703625955,
              36.85577736360379
            ],
            [
              -119.26883418506053,
              36.855736007012936
            ],
            [
              -119.26890271577868,
              36.855699841438124
            ],
            [
              -119.26897530331945,
              36.85566921065359
            ],
            [
              -119.26905125769254,
              36.85564440582169
            ],
            [
              -119.26912985690647,
              36.85562566272556
            ],
            [
              -119.26921035383116,
              36.855613159527884
            ],
            [
              -119.2692919832993,
              36.855607015077666
            ],
            [
              -119.26937396937907,
              36.85560728778045
            ],
            [
              -119.26945553274942,
              36.855613975043376
            ],
            [
              -119.26953589810712,
              36.85562701329977
            ],
            [
              -119.26961430153604,
              36.8556462786133
            ],
            [
              -119.26968999776794,
              36.85567158785617
            ],
            [
              -119.26976226726617,
              36.855702700449534
            ],
            [
              -119.27040766389821,
              36.85601399823183
            ],
            [
              -119.27049166977491,
              36.85606029947373
            ],
            [
              -119.2705680925744,
              36.856114423547574
            ],
            [
              -119.27275509128921,
              36.85786341275724
            ],
            [
              -119.27280595872129,
              36.85790790122511
            ],
            [
              -119.27285167815513,
              36.85795586271695
            ],
            [
              -119.27289188414295,
              36.85800691387347
            ],
            [
              -119.27292625530436,
              36.85806064663881
            ],
            [
              -119.27295451689531,
              36.85811663152198
            ],
            [
              -119.27327915529476,
              36.85885257139996
            ],
            [
              -119.273349038364,
              36.85885476955588
            ],
            [
              -119.27315699161076,
              36.85832559011594
            ],
            [
              -119.27313692515911,
              36.85825727608908
            ],
            [
              -119.27312578540416,
              36.8581876579418
            ],
            [
              -119.27312369251045,
              36.85811748679624
            ],
            [
              -119.27313066903375,
              36.85804751973893
            ],
            [
              -119.27314663967879,
              36.857978511652405
            ],
            [
              -119.2731714321128,
              36.85791120707074
            ],
            [
              -119.27320477882581,
              36.85784633214678
            ],
            [
              -119.27324632001763,
              36.85778458681778
            ],
            [
              -119.27370961417327,
              36.85717404771342
            ],
            [
              -119.27273039120865,
              36.855877258632404
            ],
            [
              -119.27269088782442,
              36.85581859756759
            ],
            [
              -119.27265877331476,
              36.85575709271658
            ],
            [
              -119.27263436053917,
              36.855693343293474
            ],
            [
              -119.27261788732064,
              36.85562797037872
            ],
            [
              -119.27260951412933,
              36.85556161086822
            ],
            [
              -119.2726093225199,
              36.85549491126815
            ],
            [
              -119.27261731433781,
              36.85542852139631
            ],
            [
              -119.27263341170219,
              36.855363088051384
            ],
            [
              -119.2726574577653,
              36.85529924871145
            ],
            [
              -119.27268921824162,
              36.855237625323596
            ],
            [
              -119.27272838369075,
              36.85517881824472
            ],
            [
              -119.27277457253298,
              36.8551234003928
            ],
            [
              -119.27282733476721,
              36.855071911665604
            ],
            [
              -119.2728861563554,
              36.85502485368096
            ],
            [
              -119.27295046423077,
              36.85498268489018
            ],
            [
              -119.27301963188087,
              36.854945816111886
            ],
            [
              -119.2730929854512,
              36.85491460652999
            ],
            [
              -119.27316981031001,
              36.85488936019467
            ],
            [
              -119.27324935801003,
              36.85487032306048
            ],
            [
              -119.27333085357961,
              36.854857680590385
            ],
            [
              -119.27375609692218,
              36.85480906067918
            ],
            [
              -119.27372636210998,
              36.85447618736591
            ],
            [
              -119.27372438325763,
              36.85441384534905
            ],
            [
              -119.27372956440965,
              36.854351622202394
            ],
            [
              -119.2737418614231,
              36.85429004785199
            ],
            [
              -119.27376116955318,
              36.85422964669715
            ],
            [
              -119.27378732434563,
              36.85417093314437
            ],
            [
              -119.27402463709609,
              36.8537068851772
            ],
            [
              -119.27369319879107,
              36.85319832154722
            ],
            [
              -119.27365877646115,
              36.853138593178564
            ],
            [
              -119.27363174849272,
              36.85307645681275
            ],
            [
              -119.27361237131393,
              36.853012502010294
            ],
            [
              -119.27360082875919,
              36.852947335583906
            ],
            [
              -119.27359723032586,
              36.852881575840875
            ],
            [
              -119.27360161013583,
              36.85281584671641
            ],
            [
              -119.27361392661273,
              36.8527507718536
            ],
            [
              -119.27363406287698,
              36.85268696868629
            ],
            [
              -119.27366182785569,
              36.85262504258089
            ],
            [
              -119.2736969580962,
              36.852565581092655
            ],
            [
              -119.27373912026627,
              36.85250914839118
            ],
            [
              -119.27378791431751,
              36.852456279907685
            ],
            [
              -119.27384287728117,
              36.85240747725507
            ],
            [
              -119.27390348766127,
              36.85236320346886
            ],
            [
              -119.27396917038273,
              36.852323878614214
            ],
            [
              -119.2740393022475,
              36.85228987580056
            ],
            [
              -119.27646572283597,
              36.85123939222903
            ],
            [
              -119.27682631585944,
              36.85047857058674
            ],
            [
              -119.2768585425606,
              36.85041927678737
            ],
            [
              -119.27689767778257,
              36.85036273177438
            ],
            [
              -119.27694336272347,
              36.85030945394508
            ],
            [
              -119.27699517853704,
              36.85025993174253
            ],
            [
              -119.2770526501728,
              36.85021461917774
            ],
            [
              -119.2771152507316,
              36.85017393166768
            ],
            [
              -119.277182406296,
              36.85013824222689
            ],
            [
              -119.27725350119205,
              36.85010787804808
            ],
            [
              -119.27732788363343,
              36.85008311750263
            ],
            [
              -119.27740487169658,
              36.85006418758879
            ],
            [
              -119.27748375957219,
              36.85005126185074
            ],
            [
              -119.27756382403543,
              36.85004445878777
            ],
            [
              -119.27764433107575,
              36.850043840767924
            ],
            [
              -119.2777245426257,
              36.8500494134564
            ],
            [
              -119.27780372332676,
              36.85006112576359
            ],
            [
              -119.27788114727035,
              36.8500788703134
            ],
            [
              -119.27795610465228,
              36.850102484427694
            ],
            [
              -119.27802790827964,
              36.8501317516175
            ],
            [
              -119.27872022310692,
              36.85044829816119
            ],
            [
              -119.27893414979883,
              36.850441458814856
            ],
            [
              -119.2789456772816,
              36.85040687055703
            ],
            [
              -119.2789720173773,
              36.85034138326887
            ],
            [
              -119.27900650919504,
              36.85027838875657
            ],
            [
              -119.27904879494204,
              36.850218540442626
            ],
            [
              -119.27909843598431,
              36.85016245911342
            ],
            [
              -119.27915491739714,
              36.85011072648028
            ],
            [
              -119.27921765330672,
              36.8500638791458
            ],
            [
              -119.27928599296742,
              36.85002240303819
            ],
            [
              -119.27935922751179,
              36.84998672837123
            ],
            [
              -119.27943659730325,
              36.84995722518213
            ],
            [
              -119.2820132806518,
              36.84910093266676
            ],
            [
              -119.28208814414708,
              36.84907932488684
            ],
            [
              -119.28216521327333,
              36.849063499199474
            ],
            [
              -119.28224379830601,
              36.84905359723466
            ],
            [
              -119.28232319595536,
              36.84904970760848
            ],
            [
              -119.28240269565981,
              36.84905186513013
            ],
            [
              -119.28248158594477,
              36.84906005049045
            ],
            [
              -119.28255916078925,
              36.8490741904347
            ],
            [
              -119.28263472594396,
              36.84909415841817
            ],
            [
              -119.28270760514384,
              36.8491197757386
            ],
            [
              -119.28277714615994,
              36.84915081313532
            ],
            [
              -119.28595283022625,
              36.85073050194565
            ],
            [
              -119.28601752134014,
              36.85076613677274
            ],
            [
              -119.28607779979396,
              36.85080646047466
            ],
            [
              -119.28613314117791,
              36.85085112224796
            ],
            [
              -119.28618306403072,
              36.85089973354886
            ],
            [
              -119.28622713402825,
              36.85095187147323
            ],
            [
              -119.286264967762,
              36.8510070824356
            ],
            [
              -119.28629623607503,
              36.85106488611501
            ],
            [
              -119.28632066692592,
              36.8511247796335
            ],
            [
              -119.28633804775578,
              36.851186241930925
            ],
            [
              -119.28634822733805,
              36.851248738297876
            ],
            [
              -119.28657331858957,
              36.853409836613785
            ],
            [
              -119.28800483012326,
              36.8534785495298
            ],
            [
              -119.28808993806214,
              36.853486144325
            ],
            [
              -119.28817364356517,
              36.85350065563188
            ],
            [
              -119.2882318379086,
              36.85351586064896
            ],
            [
              -119.28827348638464,
              36.85281592634055
            ],
            [
              -119.28828003270658,
              36.85275811394668
            ],
            [
              -119.28829272914504,
              36.852700966396334
            ],
            [
              -119.28841122951879,
              36.852274396432094
            ],
            [
              -119.2878948698586,
              36.85112193108863
            ],
            [
              -119.28787082224088,
              36.85105871388547
            ],
            [
              -119.28785457564844,
              36.8509939108783
            ],
            [
              -119.2878462855368,
              36.85092814221343
            ],
            [
              -119.2878460312194,
              36.850862037276734
            ],
            [
              -119.28785381510926,
              36.85079622867048
            ],
            [
              -119.28786956269671,
              36.85073134615956
            ],
            [
              -119.28789312326323,
              36.85066801064488
            ],
            [
              -119.28792427132448,
              36.8506068282216
            ],
            [
              -119.28796270878884,
              36.85054838437922
            ],
            [
              -119.2880080678106,
              36.85049323839883
            ],
            [
              -119.28805991431057,
              36.85044191800121
            ],
            [
              -119.28811775213046,
              36.85039491429703
            ],
            [
              -119.28818102778109,
              36.85035267708736
            ],
            [
              -119.28824913573918,
              36.85031561055953
            ],
            [
              -119.28832142424183,
              36.85028406941961
            ],
            [
              -119.28839720152351,
              36.85025835549816
            ],
            [
              -119.28847574243544,
              36.85023871486216
            ],
            [
              -119.28881733978015,
              36.850167815553306
            ],
            [
              -119.28889578921908,
              36.85015470203084
            ],
            [
              -119.2889754356214,
              36.8501476492249
            ],
            [
              -119.28905555572155,
              36.85014672118107
            ],
            [
              -119.28913542195289,
              36.85015192632619
            ],
            [
              -119.28921430905412,
              36.850163217391966
            ],
            [
              -119.28929150065483,
              36.850180491844064
            ],
            [
              -119.28936629578031,
              36.8502035928133
            ],
            [
              -119.28943801521665,
              36.850232310520006
            ],
            [
              -119.28950600767828,
              36.85026638417894
            ],
            [
              -119.28956965572196,
              36.850305504367306
            ],
            [
              -119.28962838135364,
              36.85034931583443
            ],
            [
              -119.29124802525794,
              36.85167854560624
            ],
            [
              -119.29189798808336,
              36.85204566284153
            ],
            [
              -119.29208191697676,
              36.85213934203729
            ],
            [
              -119.29459774785971,
              36.85180386561712
            ],
            [
              -119.29467435872412,
              36.85179653238755
            ],
            [
              -119.29475148346715,
              36.85179487312714
            ],
            [
              -119.29482847280575,
              36.851798901803996
            ],
            [
              -119.29490467859698,
              36.85180858450161
            ],
            [
              -119.29497945929376,
              36.85182383970462
            ],
            [
              -119.29616287892435,
              36.85211228886715
            ],
            [
              -119.29779794590391,
              36.85174493634301
            ],
            [
              -119.29926452981759,
              36.850417031953185
            ],
            [
              -119.29932031924537,
              36.85037110822265
            ],
            [
              -119.29938127820381,
              36.85032964517661
            ],
            [
              -119.29944685679838,
              36.85029301683619
            ],
            [
              -119.29951646346545,
              36.85026155360998
            ],
            [
              -119.29958947030828,
              36.850235539313815
            ],
            [
              -119.2996652187609,
              36.8502152086107
            ],
            [
              -119.29974302552854,
              36.85020074489421
            ],
            [
              -119.29982218875077,
              36.850192278634324
            ],
            [
              -119.30135805045765,
              36.850087358380414
            ],
            [
              -119.3024825397639,
              36.84946046655388
            ],
            [
              -119.30254746743223,
              36.84942768880752
            ],
            [
              -119.30261584040569,
              36.8493998006449
            ],
            [
              -119.30268709013752,
              36.84937703396455
            ],
            [
              -119.30276062416165,
              36.849359578078015
            ],
            [
              -119.30298361765209,
              36.849315417437374
            ],
            [
              -119.30296111371987,
              36.849242518690154
            ],
            [
              -119.30294548505765,
              36.84917901462123
            ],
            [
              -119.30293748904275,
              36.849114600087596
            ],
            [
              -119.30293719903534,
              36.84904986622099
            ],
            [
              -119.3029446176774,
              36.84898540708212
            ],
            [
              -119.30295967686907,
              36.84892181420908
            ],
            [
              -119.30298223839435,
              36.84885967118885
            ],
            [
              -119.3030120951902,
              36.84879954830174
            ],
            [
              -119.30304897324739,
              36.8487419972882
            ],
            [
              -119.30309253412551,
              36.84868754628557
            ],
            [
              -119.30314237805935,
              36.848636694981714
            ],
            [
              -119.30319804762782,
              36.84858991002958
            ],
            [
              -119.3032590319519,
              36.84854762076508
            ],
            [
              -119.30332477138298,
              36.84851021526726
            ],
            [
              -119.30339466263871,
              36.848478036797374
            ],
            [
              -119.30414365798076,
              36.84817050345721
            ],
            [
              -119.30457590284152,
              36.84790684030797
            ],
            [
              -119.30455444555358,
              36.84788998644555
            ],
            [
              -119.30449959033383,
              36.847837104075325
            ],
            [
              -119.30445171523643,
              36.8477800102498
            ],
            [
              -119.30441131722536,
              36.84771929764559
            ],
            [
              -119.30437881564383,
              36.84765559650367
            ],
            [
              -119.30435454786148,
              36.847589568086725
            ],
            [
              -119.30433876577324,
              36.84752189781456
            ],
            [
              -119.30433163318504,
              36.847453288148785
            ],
            [
              -119.30428057321164,
              36.84618684080819
            ],
            [
              -119.30381947878942,
              36.845917581324045
            ],
            [
              -119.30375382518292,
              36.8458750403865
            ],
            [
              -119.30369380432137,
              36.84582742750782
            ],
            [
              -119.30364002004742,
              36.84577522170741
            ],
            [
              -119.30359301345592,
              36.84571894821191
            ],
            [
              -119.30355325745032,
              36.84565917317074
            ],
            [
              -119.3035211519853,
              36.84559649796003
            ],
            [
              -119.30349702004355,
              36.845531553132105
            ],
            [
              -119.30348110438693,
              36.84546499207157
            ],
            [
              -119.30347356511498,
              36.84539748442165
            ],
            [
              -119.30347447805488,
              36.84532970934715
            ],
            [
              -119.30348383399969,
              36.84526234870147
            ],
            [
              -119.3035015388017,
              36.845196080166914
            ],
            [
              -119.30352741432057,
              36.845131570436806
            ],
            [
              -119.30356120021627,
              36.84506946850839
            ],
            [
              -119.30360255656909,
              36.84501039915371
            ],
            [
              -119.30365106730002,
              36.84495495663434
            ],
            [
              -119.30369967953014,
              36.844904931939716
            ],
            [
              -119.30345523541375,
              36.84465061034793
            ],
            [
              -119.30340799662773,
              36.84459612470876
            ],
            [
              -119.30336764020397,
              36.844538175502656
            ],
            [
              -119.30333455589128,
              36.84447732240573
            ],
            [
              -119.30330906320158,
              36.84441415313874
            ],
            [
              -119.30280147910244,
              36.84290781419802
            ],
            [
              -119.30180222293392,
              36.84057672187712
            ],
            [
              -119.3017868963909,
              36.84053704599771
            ],
            [
              -119.3014435058506,
              36.8395409433469
            ],
            [
              -119.30142774941584,
              36.8394866126542
            ],
            [
              -119.30141762228047,
              36.839431422457025
            ],
            [
              -119.301346828037,
              36.8388922217635
            ],
            [
              -119.30134220488704,
              36.83882591150764
            ],
            [
              -119.30134570237287,
              36.83875955673513
            ],
            [
              -119.30135728668984,
              36.838693798394814
            ],
            [
              -119.30137684591966,
              36.838629271672716
            ],
            [
              -119.30140419111243,
              36.838566599856556
            ],
            [
              -119.3014390581124,
              36.83850638831527
            ],
            [
              -119.30148111011026,
              36.83844921865167
            ],
            [
              -119.30152994089705,
              36.83839564308481
            ],
            [
              -119.30158507878836,
              36.838346179116
            ],
            [
              -119.3016459911808,
              36.83830130453045
            ],
            [
              -119.3017120896967,
              36.83826145278237
            ],
            [
              -119.30178273586753,
              36.838227008808474
            ],
            [
              -119.301857247301,
              36.83819830530994
            ],
            [
              -119.30193490427204,
              36.83817561953903
            ],
            [
              -119.30201495667465,
              36.83815917062133
            ],
            [
              -119.30209663126678,
              36.838149117439215
            ],
            [
              -119.30217913913876,
              36.83814555709748
            ],
            [
              -119.30226168333296,
              36.83814852398531
            ],
            [
              -119.302343466541,
              36.83815798944434
            ],
            [
              -119.30242369880476,
              36.83817386204534
            ],
            [
              -119.30309539349767,
              36.838335260878345
            ],
            [
              -119.3031750593423,
              36.83835796797222
            ],
            [
              -119.30325148584534,
              36.83838699022516
            ],
            [
              -119.30332390045169,
              36.838422034267225
            ],
            [
              -119.3033915711575,
              36.83846274585737
            ],
            [
              -119.30345381390936,
              36.838508713464016
            ],
            [
              -119.30350999951881,
              36.838559472424684
            ],
            [
              -119.30436830161145,
              36.83941816765446
            ],
            [
              -119.30436975578168,
              36.83941962659689
            ],
            [
              -119.30512075767652,
              36.84017522241161
            ],
            [
              -119.30517010172602,
              36.84023033269592
            ],
            [
              -119.30521231615427,
              36.84028914480741
            ],
            [
              -119.30524697475924,
              36.84035106499438
            ],
            [
              -119.30527372761777,
              36.84041546812547
            ],
            [
              -119.30529230461904,
              36.84048170400066
            ],
            [
              -119.30530251819204,
              36.840549103915265
            ],
            [
              -119.30530426520029,
              36.840616987410975
            ],
            [
              -119.3052971696218,
              36.84080974780595
            ],
            [
              -119.30616976166804,
              36.841240313311694
            ],
            [
              -119.30621860784063,
              36.84126634173631
            ],
            [
              -119.30697741532329,
              36.841702022017046
            ],
            [
              -119.30759835569764,
              36.841690240622285
            ],
            [
              -119.30768174163508,
              36.841691985063385
            ],
            [
              -119.30776450210818,
              36.84170036218601
            ],
            [
              -119.3078458224802,
              36.841715289530875
            ],
            [
              -119.30792490228883,
              36.841736620162735
            ],
            [
              -119.30800096312474,
              36.84176414411675
            ],
            [
              -119.30807325629337,
              36.841797590465106
            ],
            [
              -119.30814107018399,
              36.841836629983554
            ],
            [
              -119.30820373727416,
              36.84188087839206
            ],
            [
              -119.3082606407001,
              36.841929900137025
            ],
            [
              -119.30831122032883,
              36.84198321267843
            ],
            [
              -119.30835497827174,
              36.84204029123938
            ],
            [
              -119.30839148378594,
              36.84210057397147
            ],
            [
              -119.30849232606286,
              36.842290504861424
            ],
            [
              -119.30864650351448,
              36.84226775789591
            ],
            [
              -119.30873095748902,
              36.842258823946636
            ],
            [
              -119.30881610272165,
              36.84225680429815
            ],
            [
              -119.30890106520653,
              36.842261719681176
            ],
            [
              -119.30898497281383,
              36.84227351963902
            ],
            [
              -119.30906696424121,
              36.84229208304572
            ],
            [
              -119.30914619785439,
              36.842317219349155
            ],
            [
              -119.3092218603258,
              36.84234867052703
            ],
            [
              -119.30929317498281,
              36.842386113735245
            ],
            [
              -119.3093594097798,
              36.8424291646216
            ],
            [
              -119.3094198848124,
              36.84247738127103
            ],
            [
              -119.30947397929633,
              36.84253026874143
            ],
            [
              -119.30952113794012,
              36.84258728414403
            ],
            [
              -119.30956087664512,
              36.84264784221581
            ],
            [
              -119.31036636448819,
              36.84404224496948
            ],
            [
              -119.31059932887932,
              36.844027530622576
            ],
            [
              -119.31068179929348,
              36.84402558525497
            ],
            [
              -119.31076410985926,
              36.84403014587007
            ],
            [
              -119.31084546796261,
              36.844041168550525
            ],
            [
              -119.31092509016071,
              36.84405854715204
            ],
            [
              -119.31100220972567,
              36.84408211432562
            ],
            [
              -119.31107608402714,
              36.844111643128905
            ],
            [
              -119.31114600168318,
              36.8441468492114
            ],
            [
              -119.31313767343052,
              36.84526267319983
            ],
            [
              -119.314988796184,
              36.845197328867954
            ],
            [
              -119.31535928941707,
              36.84510944257133
            ],
            [
              -119.31515936891707,
              36.84452254028231
            ],
            [
              -119.31387189850916,
              36.84327651815169
            ],
            [
              -119.31382075652503,
              36.8432215674443
            ],
            [
              -119.31377681240812,
              36.84316273120311
            ],
            [
              -119.31374051933587,
              36.84310061620371
            ],
            [
              -119.31371225157788,
              36.843035863033954
            ],
            [
              -119.31369230063677,
              36.8429691394875
            ],
            [
              -119.31368087224264,
              36.842901133676605
            ],
            [
              -119.31363290559752,
              36.842440261870415
            ],
            [
              -119.31214333292674,
              36.84179001342974
            ],
            [
              -119.31207059245871,
              36.841754307339755
            ],
            [
              -119.312002723752,
              36.84171286521342
            ],
            [
              -119.31194042434075,
              36.84166611298468
            ],
            [
              -119.31188433451561,
              36.84161453116306
            ],
            [
              -119.31183503074293,
              36.84155864989473
            ],
            [
              -119.31179301974018,
              36.84149904351361
            ],
            [
              -119.31175873326845,
              36.84143632463813
            ],
            [
              -119.31173252369531,
              36.841371137874766
            ],
            [
              -119.31171466037401,
              36.84130415319257
            ],
            [
              -119.31170532687594,
              36.84123605903743
            ],
            [
              -119.3115426572953,
              36.8390230691805
            ],
            [
              -119.31031960111628,
              36.83681170353003
            ],
            [
              -119.31029046387076,
              36.83675139574383
            ],
            [
              -119.3102686351432,
              36.8366891246368
            ],
            [
              -119.31025431500152,
              36.836625460996004
            ],
            [
              -119.31024763468751,
              36.83656098837133
            ],
            [
              -119.31024865541454,
              36.8364962977265
            ],
            [
              -119.31025736780705,
              36.83643198202215
            ],
            [
              -119.31027369198742,
              36.8363686307807
            ],
            [
              -119.3102974783086,
              36.83630682468282
            ],
            [
              -119.31032850872654,
              36.83624713024485
            ],
            [
              -119.3103664987995,
              36.83619009462627
            ],
            [
              -119.31041110029564,
              36.836136240614564
            ],
            [
              -119.31046190438546,
              36.836086061833505
            ],
            [
              -119.31051844538938,
              36.836040018218846
            ],
            [
              -119.3105802050465,
              36.835998531802716
            ],
            [
              -119.31064661726495,
              36.83596198284557
            ],
            [
              -119.31114304573727,
              36.83571597453658
            ],
            [
              -119.31127792202483,
              36.83447422769858
            ],
            [
              -119.31128894232971,
              36.834409298520754
            ],
            [
              -119.3113077347532,
              36.83434553267889
            ],
            [
              -119.31133412254964,
              36.83428352983512
            ],
            [
              -119.31136785754713,
              36.834223873070606
            ],
            [
              -119.31140862248196,
              36.8341671234024
            ],
            [
              -119.31145603398272,
              36.83411381450769
            ],
            [
              -119.31150964617609,
              36.83406444770521
            ],
            [
              -119.31156895488007,
              36.83401948724118
            ],
            [
              -119.31163340234562,
              36.83397935592356
            ],
            [
              -119.31170238250166,
              36.83394443114634
            ],
            [
              -119.31177524665479,
              36.83391504134068
            ],
            [
              -119.31185130958916,
              36.83389146288658
            ],
            [
              -119.31192985601004,
              36.83387391751405
            ],
            [
              -119.31320678540382,
              36.83364163580026
            ],
            [
              -119.3132507292056,
              36.83311396754109
            ],
            [
              -119.31326053007702,
              36.83304685818202
            ],
            [
              -119.31327861952012,
              36.8329808711205
            ],
            [
              -119.31330481664386,
              36.83291666613689
            ],
            [
              -119.31333885949338,
              36.832854885191594
            ],
            [
              -119.31338040766954,
              36.83279614600641
            ],
            [
              -119.3134290457334,
              36.832741035888375
            ],
            [
              -119.31348428736041,
              36.83269010585783
            ],
            [
              -119.31354558020341,
              36.83264386513912
            ],
            [
              -119.31361231141538,
              36.832602776069514
            ],
            [
              -119.31368381377727,
              36.83256724947671
            ],
            [
              -119.32141097513338,
              36.82914437700414
            ],
            [
              -119.32148817080527,
              36.829114200724156
            ],
            [
              -119.32156879217938,
              36.82909051039268
            ],
            [
              -119.32165199858127,
              36.82907355303761
            ],
            [
              -119.32173692238358,
              36.82906350547921
            ],
            [
              -119.32182267805254,
              36.82906047248643
            ],
            [
              -119.32190837138106,
              36.82906448568467
            ],
            [
              -119.32199310881228,
              36.829075503225944
            ],
            [
              -119.32505168320554,
              36.82960319961533
            ],
            [
              -119.32513358721825,
              36.82962084559803
            ],
            [
              -119.32521286311314,
              36.82964503487234
            ],
            [
              -119.3252887042427,
              36.82967552130774
            ],
            [
              -119.32536033890635,
              36.82971199469884
            ],
            [
              -119.32542703820222,
              36.82975408392152
            ],
            [
              -119.32548812344366,
              36.829801360709055
            ],
            [
              -119.32554297306481,
              36.829853344009486
            ],
            [
              -119.32559102894527,
              36.82990950488011
            ],
            [
              -119.32563180208933,
              36.82996927186951
            ],
            [
              -119.32566487760194,
              36.83003203683176
            ],
            [
              -119.32568991891098,
              36.83009716111433
            ],
            [
              -119.32596505937823,
              36.8309657871427
            ],
            [
              -119.325985191336,
              36.83095494080626
            ],
            [
              -119.32605675235277,
              36.83092398034638
            ],
            [
              -119.326131697964,
              36.830898719301004
            ],
            [
              -119.32620932773189,
              36.830879393756945
            ],
            [
              -119.32628891613481,
              36.830866184328094
            ],
            [
              -119.3263697193475,
              36.83085921446768
            ],
            [
              -119.32647368691353,
              36.83085431645774
            ],
            [
              -119.3271067227034,
              36.83064546196539
            ],
            [
              -119.3271767254212,
              36.8306252262893
            ],
            [
              -119.3272486795156,
              36.830610044865836
            ],
            [
              -119.3273220214859,
              36.83060003658596
            ],
            [
              -119.32751281986287,
              36.83058093680833
            ],
            [
              -119.3275934091782,
              36.8305760167599
            ],
            [
              -119.3276742137833,
              36.83057734080931
            ],
            [
              -119.3277544867418,
              36.830584896716736
            ],
            [
              -119.32783348603154,
              36.830598614636656
            ],
            [
              -119.32791048140315,
              36.83061836776352
            ],
            [
              -119.32839810254872,
              36.83076457653449
            ],
            [
              -119.32930795046721,
              36.83066289787736
            ],
            [
              -119.32991014352358,
              36.83054817219287
            ],
            [
              -119.33001921889287,
              36.83053340366488
            ],
            [
              -119.33063709588167,
              36.83048305137278
            ],
            [
              -119.33080065018697,
              36.8304421963007
            ],
            [
              -119.33086876506816,
              36.83042766805775
            ],
            [
              -119.33110526317334,
              36.830385668482364
            ],
            [
              -119.33118438903121,
              36.83037477222488
            ],
            [
              -119.33126444705283,
              36.83036999313913
            ],
            [
              -119.33152288911467,
              36.83036451602771
            ],
            [
              -119.33260623904482,
              36.830129467364706
            ],
            [
              -119.33354620072176,
              36.8298579742779
            ],
            [
              -119.33392688625106,
              36.82969437350891
            ],
            [
              -119.33400849340337,
              36.82966370250051
            ],
            [
              -119.33409371487062,
              36.82964022791757
            ],
            [
              -119.33531450562006,
              36.829361730582285
            ],
            [
              -119.33534948250751,
              36.829354400538534
            ],
            [
              -119.33560888045766,
              36.82930480103195
            ],
            [
              -119.33568884472056,
              36.829292763929935
            ],
            [
              -119.33576988194773,
              36.8292869971331
            ],
            [
              -119.33585123311319,
              36.82928755465477
            ],
            [
              -119.33593213625102,
              36.829294431272274
            ],
            [
              -119.33596762849055,
              36.829298852959234
            ],
            [
              -119.3360197295212,
              36.82927978427961
            ],
            [
              -119.33609923400886,
              36.82925808435572
            ],
            [
              -119.33737072438325,
              36.82896708713833
            ],
            [
              -119.33740803914776,
              36.828959286000504
            ],
            [
              -119.33969242106461,
              36.82852639031641
            ],
            [
              -119.33976983045164,
              36.82851476676894
            ],
            [
              -119.33984825321336,
              36.82850901749826
            ],
            [
              -119.3404199772122,
              36.82848874083204
            ],
            [
              -119.34123008654369,
              36.82833871044548
            ],
            [
              -119.3413174198795,
              36.828326393956154
            ],
            [
              -119.34140588119458,
              36.82832154118056
            ],
            [
              -119.34149448624262,
              36.82832420611122
            ],
            [
              -119.34158224917842,
              36.82833435909641
            ],
            [
              -119.34166819352585,
              36.82835188717018
            ],
            [
              -119.3418622926962,
              36.828400363275435
            ],
            [
              -119.34194613805963,
              36.82838715879681
            ],
            [
              -119.34396567573282,
              36.8275372427762
            ],
            [
              -119.34421360203527,
              36.82731086749253
            ],
            [
              -119.34426456465621,
              36.82726824792479
            ],
            [
              -119.34431996589261,
              36.827229372211555
            ],
            [
              -119.34437938171665,
              36.827194537893284
            ],
            [
              -119.34513689516909,
              36.82678999909505
            ],
            [
              -119.34607915247403,
              36.82619306622091
            ],
            [
              -119.34647061837826,
              36.82589415071623
            ],
            [
              -119.34651299261323,
              36.82586391178938
            ],
            [
              -119.3474536019735,
              36.82523693809579
            ],
            [
              -119.34824809868587,
              36.82454259634393
            ],
            [
              -119.34865247958983,
              36.82405460294422
            ],
            [
              -119.34919323732906,
              36.82339162435217
            ],
            [
              -119.34935550129002,
              36.82316229316689
            ],
            [
              -119.34938807752617,
              36.82311996056255
            ],
            [
              -119.34942444166815,
              36.82307967078595
            ],
            [
              -119.34980596670972,
              36.82268814884231
            ],
            [
              -119.34998119741759,
              36.822403321310176
            ],
            [
              -119.35001521522865,
              36.82235342977957
            ],
            [
              -119.35005433291262,
              36.82230601575756
            ],
            [
              -119.35009827314649,
              36.82226141537214
            ],
            [
              -119.35088796606605,
              36.82152573640569
            ],
            [
              -119.35159638106524,
              36.820557647254994
            ],
            [
              -119.35159921579302,
              36.820549673079356
            ],
            [
              -119.3516013722433,
              36.820493292019
            ],
            [
              -119.3512247243976,
              36.82043807468066
            ],
            [
              -119.35114313456232,
              36.820422699135015
            ],
            [
              -119.35106385473169,
              36.820400867843155
            ],
            [
              -119.35098767304628,
              36.82037279783515
            ],
            [
              -119.35091534684504,
              36.82033876816175
            ],
            [
              -119.35084759513603,
              36.82029911711993
            ],
            [
              -119.35078509144823,
              36.820254238889675
            ],
            [
              -119.35072845713574,
              36.82020457961508
            ],
            [
              -119.35067825520062,
              36.820150632968925
            ],
            [
              -119.35063498469628,
              36.82009293524465
            ],
            [
              -119.35059907576644,
              36.82003206002474
            ],
            [
              -119.35057088536952,
              36.819968612478455
            ],
            [
              -119.35055069373063,
              36.81990322334546
            ],
            [
              -119.35053870155636,
              36.819836542665406
            ],
            [
              -119.35053502804054,
              36.819769233315746
            ],
            [
              -119.3505397096799,
              36.81970196442185
            ],
            [
              -119.3505526999123,
              36.819635404705195
            ],
            [
              -119.35057386958043,
              36.81957021583554
            ],
            [
              -119.3506030082165,
              36.81950704585346
            ],
            [
              -119.35063350870793,
              36.81944984603285
            ],
            [
              -119.35066827837927,
              36.819392321362315
            ],
            [
              -119.35070965668784,
              36.819337697202855
            ],
            [
              -119.35075727294578,
              36.81928646288678
            ],
            [
              -119.35081070058715,
              36.819239077378576
            ],
            [
              -119.35086946098934,
              36.819195965163644
            ],
            [
              -119.35093302776106,
              36.819157512445884
            ],
            [
              -119.35100083145764,
              36.819124063688264
            ],
            [
              -119.35107226468217,
              36.81909591852722
            ],
            [
              -119.35114668752657,
              36.81907332908879
            ],
            [
              -119.35122343330349,
              36.81905649773007
            ],
            [
              -119.35130181451838,
              36.81904557522678
            ],
            [
              -119.35141631354507,
              36.81903407536086
            ],
            [
              -119.35149439602891,
              36.819029189532294
            ],
            [
              -119.35157270516672,
              36.819030168329256
            ],
            [
              -119.35196140366641,
              36.819049616229655
            ],
            [
              -119.35232698121322,
              36.81901953579912
            ],
            [
              -119.35238046092744,
              36.8189960690469
            ],
            [
              -119.35277527579731,
              36.81867072795311
            ],
            [
              -119.35334008806407,
              36.81796832905711
            ],
            [
              -119.35338995742883,
              36.81791271687375
            ],
            [
              -119.35344657879746,
              36.81786145362763
            ],
            [
              -119.35350936931961,
              36.81781506700116
            ],
            [
              -119.35357768264576,
              36.81777403447786
            ],
            [
              -119.35365081558069,
              36.81773877842754
            ],
            [
              -119.35372801532166,
              36.81770966175898
            ],
            [
              -119.35380848720719,
              36.81768698418455
            ],
            [
              -119.35389140289658,
              36.81767097913534
            ],
            [
              -119.35469136633267,
              36.81755069711481
            ],
            [
              -119.35477255266447,
              36.81754175714992
            ],
            [
              -119.35485443593376,
              36.817539216237805
            ],
            [
              -119.35493623777212,
              36.81754309853118
            ],
            [
              -119.3550171805853,
              36.81755336712493
            ],
            [
              -119.35509649494433,
              36.81756992440678
            ],
            [
              -119.35517342689909,
              36.81759261298528
            ],
            [
              -119.35524724514453,
              36.81762121718568
            ],
            [
              -119.35531724797214,
              36.81765546510018
            ],
            [
              -119.35538276993974,
              36.81769503117226
            ],
            [
              -119.35544318819696,
              36.817739539291374
            ],
            [
              -119.35549792840581,
              36.817788566367895
            ],
            [
              -119.35554647020025,
              36.81784164635476
            ],
            [
              -119.35558835213297,
              36.81789827467745
            ],
            [
              -119.35562317606202,
              36.817957913030156
            ],
            [
              -119.35565061093607,
              36.818019994492765
            ],
            [
              -119.35567039594169,
              36.818083928919734
            ],
            [
              -119.35568234298341,
              36.81814910854984
            ],
            [
              -119.35568633847241,
              36.81821491378347
            ],
            [
              -119.35568634085475,
              36.81843256001944
            ],
            [
              -119.35568213346865,
              36.81850009529576
            ],
            [
              -119.35566955193832,
              36.81856695435026
            ],
            [
              -119.35564872223055,
              36.81863246767172
            ],
            [
              -119.3556198529088,
              36.81869597922307
            ],
            [
              -119.35558323304545,
              36.818756853010946
            ],
            [
              -119.35555948454461,
              36.818787953614695
            ]
          ],
          [
            [
              -119.31282689356901,
              36.86368482548403
            ],
            [
              -119.31281733857142,
              36.86368125133165
            ],
            [
              -119.31274400125336,
              36.863646148906
            ],
            [
              -119.31267869348838,
              36.863607176954304
            ],
            [
              -119.3125791396015,
              36.8635851076939
            ],
            [
              -119.31249634425411,
              36.863562980411956
            ],
            [
              -119.31241684791877,
              36.86353407899825
            ],
            [
              -119.31241137382537,
              36.8635318069624
            ],
            [
              -119.31237794445413,
              36.86354086211028
            ],
            [
              -119.31229840865295,
              36.863555692367406
            ],
            [
              -119.31212271812403,
              36.863581301555676
            ],
            [
              -119.31212570460295,
              36.86358271010277
            ],
            [
              -119.31229740380608,
              36.86367290947035
            ],
            [
              -119.31237188342486,
              36.86371691395353
            ],
            [
              -119.31241407285482,
              36.86374811768013
            ],
            [
              -119.31254698554137,
              36.863716747707564
            ],
            [
              -119.31263297548603,
              36.863700341552935
            ],
            [
              -119.31272063335275,
              36.86369127717461
            ],
            [
              -119.31282689356901,
              36.86368482548403
            ]
          ]
        ]
      }
    }
  ]
}