{
  "type": "FeatureCollection",
  "features": [
    {
      "type": "Feature",
      "properties": {
        "reservoir_name": "PYRAMID",
        "cdec_station_id": "PYM",
        "source": "osm_tight_polygon_75m_buffer"
      },
      "geometry": {
        "type": "Polygon",
        "coordinates": [
          [
            [
              -118.80056604890285,
              34.6618687623165
            ],
            [
              -118.80044596933115,
              34.66202006540814
            ],
            [
              -118.80039700267503,
              34.662075423985655
            ],
            [
              -118.80034150195449,
              34.66212639995776
            ],
            [
              -118.80028003798076,
              34.66217246903809
            ],
            [
              -118.80021324290014,
              34.66221315740664
            ],
            [
              -118.80019670735898,
              34.662221232970175
            ],
            [
              -118.80014540947907,
              34.6622678329751
            ],
            [
              -118.79997650951279,
              34.66240463376001
            ],
            [
              -118.79989648441207,
              34.66246156587785
            ],
            [
              -118.7996912839136,
              34.66258946671477
            ],
            [
              -118.79963618239545,
              34.6626209716294
            ],
            [
              -118.79957814586784,
              34.662648645773324
            ],
            [
              -118.7993179445818,
              34.66276124661567
            ],
            [
              -118.7992485235616,
              34.66278794633312
            ],
            [
              -118.79917638591425,
              34.66280916735909
            ],
            [
              -118.79910216334642,
              34.66282472386085
            ],
            [
              -118.79879366102998,
              34.6628768243433
            ],
            [
              -118.79871600088381,
              34.66288675724215
            ],
            [
              -118.7986375456882,
              34.66289048897145
            ],
            [
              -118.79855901904928,
              34.662887985112256
            ],
            [
              -118.7984811452323,
              34.66287926875756
            ],
            [
              -118.79768453899435,
              34.662757667988686
            ],
            [
              -118.79763993738106,
              34.662749791448896
            ],
            [
              -118.79688164728232,
              34.66259750113829
            ],
            [
              -118.79638003225556,
              34.66253244262453
            ],
            [
              -118.79494499076375,
              34.66266542013071
            ],
            [
              -118.79469721577404,
              34.662746069596
            ],
            [
              -118.79463110366268,
              34.66276493401763
            ],
            [
              -118.79456328332986,
              34.662779064572405
            ],
            [
              -118.79411807999338,
              34.66285526527579
            ],
            [
              -118.7940341190279,
              34.66286591548514
            ],
            [
              -118.7939492741946,
              34.66286931641078
            ],
            [
              -118.79386445980913,
              34.66286543140253
            ],
            [
              -118.79378058985905,
              34.66285430232581
            ],
            [
              -118.79369856815386,
              34.6628360491105
            ],
            [
              -118.7936192785845,
              34.66281086845839
            ],
            [
              -118.79354357559765,
              34.662779031723424
            ],
            [
              -118.79321737396408,
              34.662623730691315
            ],
            [
              -118.79314766373572,
              34.66258652945534
            ],
            [
              -118.79308287217984,
              34.6625436856304
            ],
            [
              -118.79302366567163,
              34.662495639865895
            ],
            [
              -118.79297065314086,
              34.66244288631257
            ],
            [
              -118.7929243798091,
              34.662385967539976
            ],
            [
              -118.79288532158245,
              34.662325468955814
            ],
            [
              -118.79285388015704,
              34.66226201278488
            ],
            [
              -118.79283037888827,
              34.66219625166921
            ],
            [
              -118.79281505946555,
              34.66212886195556
            ],
            [
              -118.79280807942756,
              34.66206053673906
            ],
            [
              -118.7928084055922,
              34.66204491172005
            ],
            [
              -118.79243157467995,
              34.66221092023389
            ],
            [
              -118.79236320943718,
              34.66223775970653
            ],
            [
              -118.79229213523534,
              34.662259264851606
            ],
            [
              -118.79221896019374,
              34.66227525166755
            ],
            [
              -118.78994178012455,
              34.66268065440058
            ],
            [
              -118.78855290699398,
              34.662997983934886
            ],
            [
              -118.78859315321803,
              34.66303457446018
            ],
            [
              -118.78864141068351,
              34.663088274162924
            ],
            [
              -118.7886830107831,
              34.66314565068264
            ],
            [
              -118.78871754641362,
              34.66320614254517
            ],
            [
              -118.78874467960097,
              34.66326915778924
            ],
            [
              -118.7887641448078,
              34.66333407975892
            ],
            [
              -118.7889411396136,
              34.664080943422015
            ],
            [
              -118.78937793094728,
              34.664825107540786
            ],
            [
              -118.78995448531401,
              34.6650747061601
            ],
            [
              -118.79002184268107,
              34.6651073408504
            ],
            [
              -118.79008512883179,
              34.66514513138087
            ],
            [
              -118.79014376754284,
              34.66518773366981
            ],
            [
              -118.79019722490324,
              34.66523475982429
            ],
            [
              -118.79024501417562,
              34.66528578167149
            ],
            [
              -118.7902867002282,
              34.66534033465718
            ],
            [
              -118.79032190349662,
              34.66539792207522
            ],
            [
              -118.79049360568655,
              34.66571562096548
            ],
            [
              -118.79052201986678,
              34.665775752805715
            ],
            [
              -118.79054336404178,
              34.665837849453666
            ],
            [
              -118.7905574436371,
              34.66590134487947
            ],
            [
              -118.7905641302961,
              34.6659656603018
            ],
            [
              -118.79056336305042,
              34.66603020946345
            ],
            [
              -118.79055514887652,
              34.66609440397529
            ],
            [
              -118.79053956263257,
              34.666157658679566
            ],
            [
              -118.79051674637682,
              34.66621939698393
            ],
            [
              -118.79048690807315,
              34.666279056117325
            ],
            [
              -118.79045031969612,
              34.66633609226005
            ],
            [
              -118.79040731475204,
              34.666389985500956
            ],
            [
              -118.79035828523958,
              34.666440244576926
            ],
            [
              -118.79003208585955,
              34.66674374617933
            ],
            [
              -118.78997657531376,
              34.66679060560517
            ],
            [
              -118.78991583205385,
              34.666832802045725
            ],
            [
              -118.78985042736286,
              34.66686993864289
            ],
            [
              -118.78978097636733,
              34.666901666125796
            ],
            [
              -118.78970813225175,
              34.66692768609603
            ],
            [
              -118.7896325801153,
              34.66694775383417
            ],
            [
              -118.78955503052799,
              34.66696168060158
            ],
            [
              -118.78947621284753,
              34.666969335415715
            ],
            [
              -118.78939686835895,
              34.66697064628196
            ],
            [
              -118.78931774330259,
              34.66696560087102
            ],
            [
              -118.78923958185489,
              34.66695424663474
            ],
            [
              -118.78916311912899,
              34.66693669035989
            ],
            [
              -118.78908907426046,
              34.66691309716376
            ],
            [
              -118.78901814364326,
              34.66688368894111
            ],
            [
              -118.7889509943799,
              34.66684874227715
            ],
            [
              -118.78888825800679,
              34.6668085858461
            ],
            [
              -118.78883052455468,
              34.666763597319715
            ],
            [
              -118.78877833699917,
              34.666714199815246
            ],
            [
              -118.78873461325017,
              34.666663663195216
            ],
            [
              -118.7886565305697,
              34.666653894682554
            ],
            [
              -118.78857714038776,
              34.66663711372252
            ],
            [
              -118.78850017963481,
              34.666613856503275
            ],
            [
              -118.78842642008776,
              34.66658435625264
            ],
            [
              -118.78835660141921,
              34.666548908804664
            ],
            [
              -118.7882914237793,
              34.66650786963277
            ],
            [
              -118.78823154077443,
              34.66646165028484
            ],
            [
              -118.78790416387213,
              34.666182328718946
            ],
            [
              -118.78787579437804,
              34.666187027182765
            ],
            [
              -118.78779472346137,
              34.66619362857222
            ],
            [
              -118.7877132598574,
              34.66619353730654
            ],
            [
              -118.78763221090158,
              34.666186754289576
            ],
            [
              -118.78755237981986,
              34.66617334674303
            ],
            [
              -118.7874745577679,
              34.666153447540125
            ],
            [
              -118.78739951598979,
              34.666127253888796
            ],
            [
              -118.78732799817435,
              34.66609502537713
            ],
            [
              -118.7872607130845,
              34.66605708140065
            ],
            [
              -118.78719832753279,
              34.666013797996726
            ],
            [
              -118.78554182548845,
              34.66474309056722
            ],
            [
              -118.78548587672793,
              34.66469575338132
            ],
            [
              -118.78543579575638,
              34.66464412447991
            ],
            [
              -118.78539206216675,
              34.66458869829048
            ],
            [
              -118.78535509476322,
              34.66453000560452
            ],
            [
              -118.785325247551,
              34.66446860849426
            ],
            [
              -118.78493034154208,
              34.66352521386536
            ],
            [
              -118.78356525669719,
              34.66325016682022
            ],
            [
              -118.7835721992968,
              34.66326953861449
            ],
            [
              -118.78358751480226,
              34.663336280464094
            ],
            [
              -118.78359464760493,
              34.66340395526521
            ],
            [
              -118.78359352568312,
              34.66347187987808
            ],
            [
              -118.78356782894272,
              34.663803679948465
            ],
            [
              -118.7835582381371,
              34.66387228549297
            ],
            [
              -118.78354022720228,
              34.663939724768525
            ],
            [
              -118.78351398403285,
              34.66400529415553
            ],
            [
              -118.78347978241513,
              34.66406830954202
            ],
            [
              -118.78343797917141,
              34.664128113461366
            ],
            [
              -118.78342324834111,
              34.66414494997626
            ],
            [
              -118.78342344058498,
              34.66414744324046
            ],
            [
              -118.78342018005362,
              34.664216674030065
            ],
            [
              -118.78340836191902,
              34.66428526564796
            ],
            [
              -118.783076598799,
              34.66569034589548
            ],
            [
              -118.78406466710486,
              34.66673190755264
            ],
            [
              -118.7841190362119,
              34.66679666525196
            ],
            [
              -118.78416391536426,
              34.66686621034005
            ],
            [
              -118.78463602107077,
              34.66771330731395
            ],
            [
              -118.78466378609002,
              34.66776967306417
            ],
            [
              -118.78468530453836,
              34.667827873128026
            ],
            [
              -118.78470040208153,
              34.66788743602626
            ],
            [
              -118.78470895640018,
              34.66794787923831
            ],
            [
              -118.78470995483265,
              34.66797915905388
            ],
            [
              -118.78581882095403,
              34.66858197962571
            ],
            [
              -118.78588404036559,
              34.66862137921079
            ],
            [
              -118.78594423962704,
              34.6686659001963
            ],
            [
              -118.78599883196193,
              34.66871510863131
            ],
            [
              -118.7860472852424,
              34.66876852487505
            ],
            [
              -118.78608912717593,
              34.66882562827195
            ],
            [
              -118.7861239499091,
              34.6688858622262
            ],
            [
              -118.78615141400343,
              34.66894863962685
            ],
            [
              -118.78617125174432,
              34.669013348570246
            ],
            [
              -118.7861832697513,
              34.66907935832422
            ],
            [
              -118.78618735086333,
              34.6691460254759
            ],
            [
              -118.7861834552817,
              34.66921270020302
            ],
            [
              -118.78617162095868,
              34.669278732608014
            ],
            [
              -118.78615196322825,
              34.66934347905262
            ],
            [
              -118.78612467368266,
              34.66940630843179
            ],
            [
              -118.78609001830564,
              34.66946660832525
            ],
            [
              -118.7860483348803,
              34.66952379096722
            ],
            [
              -118.78600002969725,
              34.66957729897567
            ],
            [
              -118.78594557359457,
              34.6696266107856
            ],
            [
              -118.78588549736894,
              34.66967124573314
            ],
            [
              -118.78582038660159,
              34.669710768741005
            ],
            [
              -118.78575087595067,
              34.66974479455964
            ],
            [
              -118.78567764296467,
              34.66977299152262
            ],
            [
              -118.78560140147803,
              34.669795084779835
            ],
            [
              -118.7855228946526,
              34.669810858976724
            ],
            [
              -118.78551717322192,
              34.66981176405997
            ],
            [
              -118.78542797646891,
              34.670281148134634
            ],
            [
              -118.7855647096659,
              34.670829844445315
            ],
            [
              -118.78571778171337,
              34.670960635099426
            ],
            [
              -118.78611352371114,
              34.670865985058974
            ],
            [
              -118.78671347319262,
              34.67061292234201
            ],
            [
              -118.78679174602175,
              34.67058406957406
            ],
            [
              -118.78687324208694,
              34.67056213859281
            ],
            [
              -118.78695706746808,
              34.670547369955216
            ],
            [
              -118.78704230269707,
              34.670539925655426
            ],
            [
              -118.78712801284276,
              34.67053988734804
            ],
            [
              -118.78721325776519,
              34.67054725545253
            ],
            [
              -118.7872971024272,
              34.670561949148734
            ],
            [
              -118.78753010069165,
              34.67061344880179
            ],
            [
              -118.78760839124885,
              34.67063428852115
            ],
            [
              -118.78768375434127,
              34.67066151592935
            ],
            [
              -118.78775542865034,
              34.67069485597532
            ],
            [
              -118.78782269011907,
              34.67073397185804
            ],
            [
              -118.7878848592663,
              34.67077846842865
            ],
            [
              -118.78815145902712,
              34.67098956720951
            ],
            [
              -118.78820719092384,
              34.67103830092575
            ],
            [
              -118.7882568068402,
              34.67109135527141
            ],
            [
              -118.78829981889548,
              34.671148208567445
            ],
            [
              -118.78833580414147,
              34.67120830177903
            ],
            [
              -118.78836440872172,
              34.67127104401232
            ],
            [
              -118.7883853513514,
              34.671335818324465
            ],
            [
              -118.78839842608384,
              34.67140198778988
            ],
            [
              -118.78851693440127,
              34.67227078675096
            ],
            [
              -118.7885218903605,
              34.67233186450399
            ],
            [
              -118.7885201394666,
              34.672393062248645
            ],
            [
              -118.78851169605724,
              34.672453878335716
            ],
            [
              -118.7884966293301,
              34.672513814243395
            ],
            [
              -118.78847506277617,
              34.672572378663865
            ],
            [
              -118.78835476511922,
              34.672852779345654
            ],
            [
              -118.78832554711875,
              34.672911865228926
            ],
            [
              -118.78828971536466,
              34.67296841164069
            ],
            [
              -118.78824758916375,
              34.67302191465895
            ],
            [
              -118.78819954391876,
              34.67307189748241
            ],
            [
              -118.78814600778337,
              34.6731179146796
            ],
            [
              -118.78808745784673,
              34.67315955615877
            ],
            [
              -118.78802441588192,
              34.67319645082262
            ],
            [
              -118.78778411498793,
              34.67332345171114
            ],
            [
              -118.78771260219663,
              34.673357183434824
            ],
            [
              -118.78763734824314,
              34.673384807091544
            ],
            [
              -118.78755911506006,
              34.67340604299501
            ],
            [
              -118.78747869474651,
              34.67342067613383
            ],
            [
              -118.78739690154774,
              34.67342855834861
            ],
            [
              -118.78731456361042,
              34.673429609832226
            ],
            [
              -118.78723251459722,
              34.6734238199379
            ],
            [
              -118.7871515852454,
              34.67341124728706
            ],
            [
              -118.7870725949551,
              34.67339201917576
            ],
            [
              -118.78699634349248,
              34.673366330285724
            ],
            [
              -118.78692360289153,
              34.67333444071324
            ],
            [
              -118.78683703031616,
              34.67329174281185
            ],
            [
              -118.78685669598929,
              34.673333136196355
            ],
            [
              -118.7868797729419,
              34.67340279196775
            ],
            [
              -118.78689372550869,
              34.67347408387515
            ],
            [
              -118.78692105811893,
              34.67368457466019
            ],
            [
              -118.78781086441559,
              34.67479470580884
            ],
            [
              -118.7878508283481,
              34.674850140383164
            ],
            [
              -118.78788421430939,
              34.674908469624434
            ],
            [
              -118.78791071825201,
              34.674969162349846
            ],
            [
              -118.78793009879894,
              34.675031665852124
            ],
            [
              -118.78794217944196,
              34.67509541093267
            ],
            [
              -118.78794685014961,
              34.67515981708499
            ],
            [
              -118.78794406836997,
              34.675224297781085
            ],
            [
              -118.78793385941869,
              34.67528826581278
            ],
            [
              -118.78791631624904,
              34.67535113863926
            ],
            [
              -118.78789159860611,
              34.675412343692116
            ],
            [
              -118.78785993157258,
              34.67547132358974
            ],
            [
              -118.7878216035194,
              34.67552754121334
            ],
            [
              -118.78777696348034,
              34.675580484598505
            ],
            [
              -118.78757956424764,
              34.675792285614946
            ],
            [
              -118.78752661636568,
              34.67584358671571
            ],
            [
              -118.78746774738858,
              34.6758902765501
            ],
            [
              -118.78740354262861,
              34.6759318908905
            ],
            [
              -118.78733464045372,
              34.67596801597314
            ],
            [
              -118.78726172594018,
              34.675998292612285
            ],
            [
              -118.78718552406092,
              34.67602241977182
            ],
            [
              -118.7871067924769,
              34.67604015755861
            ],
            [
              -118.78702631400343,
              34.67605132960788
            ],
            [
              -118.78694488882626,
              34.676055824836894
            ],
            [
              -118.78686332654493,
              34.67605359854962
            ],
            [
              -118.78678243812244,
              34.67604467288112
            ],
            [
              -118.78670302782133,
              34.67602913657751
            ],
            [
              -118.78662588520646,
              34.676007144113505
            ],
            [
              -118.78655177729402,
              34.67597891415642
            ],
            [
              -118.78648144092459,
              34.675944727391915
            ],
            [
              -118.78641557543662,
              34.675904923732894
            ],
            [
              -118.78635483571273,
              34.675859898939756
            ],
            [
              -118.78629982566811,
              34.675810100685105
            ],
            [
              -118.78625109224603,
              34.67575602410245
            ],
            [
              -118.78579032734356,
              34.675187623184584
            ],
            [
              -118.78507246040508,
              34.67464212852942
            ],
            [
              -118.7850214216942,
              34.67459975410145
            ],
            [
              -118.78497511301836,
              34.67455382089661
            ],
            [
              -118.7849338963751,
              34.674504687984914
            ],
            [
              -118.78489809395462,
              34.67445273944863
            ],
            [
              -118.78486798562147,
              34.67439838137964
            ],
            [
              -118.78468832838767,
              34.6740320283401
            ],
            [
              -118.78463117205366,
              34.673964661058534
            ],
            [
              -118.7842524910969,
              34.67384935086338
            ],
            [
              -118.78405616690426,
              34.67392503603305
            ],
            [
              -118.78406179201721,
              34.6741305151892
            ],
            [
              -118.78405958051395,
              34.674197767459994
            ],
            [
              -118.78404928987356,
              34.67426450522081
            ],
            [
              -118.78403102196573,
              34.67433006769123
            ],
            [
              -118.78382398227008,
              34.67493392074325
            ],
            [
              -118.78394445483707,
              34.67521605385135
            ],
            [
              -118.78425645519302,
              34.6753070151937
            ],
            [
              -118.78436137245978,
              34.675344602285485
            ],
            [
              -118.78468457066674,
              34.67548330134984
            ],
            [
              -118.78475897125657,
              34.67551946816406
            ],
            [
              -118.7848283468072,
              34.6755619079416
            ],
            [
              -118.78489192547767,
              34.67561014852098
            ],
            [
              -118.78494899991631,
              34.67566365320344
            ],
            [
              -118.78520570056665,
              34.675931551845125
            ],
            [
              -118.78525505839951,
              34.67598897192453
            ],
            [
              -118.78529691867482,
              34.67605032200792
            ],
            [
              -118.7855289211097,
              34.67643602055161
            ],
            [
              -118.78555001628116,
              34.676473991169395
            ],
            [
              -118.7862904266707,
              34.677923186314224
            ],
            [
              -118.78631579586275,
              34.67797976262356
            ],
            [
              -118.78633495893207,
              34.678037981969396
            ],
            [
              -118.7863477632751,
              34.67809738076614
            ],
            [
              -118.7863541069204,
              34.678157486035666
            ],
            [
              -118.78640131593073,
              34.67907808544519
            ],
            [
              -118.78640016909699,
              34.679152506845035
            ],
            [
              -118.78638912736822,
              34.679226373206724
            ],
            [
              -118.78636832451802,
              34.679298789443095
            ],
            [
              -118.78633801260364,
              34.679368878036755
            ],
            [
              -118.78583536081412,
              34.680355934127675
            ],
            [
              -118.7859315421612,
              34.68192497830111
            ],
            [
              -118.7860434624873,
              34.68228362453216
            ],
            [
              -118.78619812857514,
              34.68238830486925
            ],
            [
              -118.78626705502224,
              34.68244067675117
            ],
            [
              -118.78632828818742,
              34.68249920987804
            ],
            [
              -118.78636318829038,
              34.68253670969086
            ],
            [
              -118.78641223323369,
              34.68259560857647
            ],
            [
              -118.78645347587577,
              34.68265845589553
            ],
            [
              -118.78648645514085,
              34.68272454906766
            ],
            [
              -118.78651080232792,
              34.68279314922499
            ],
            [
              -118.78652624523328,
              34.68286348947185
            ],
            [
              -118.78653261119439,
              34.68293478345781
            ],
            [
              -118.78653391170334,
              34.682986583433525
            ],
            [
              -118.78653208968034,
              34.68304781605177
            ],
            [
              -118.78652356678295,
              34.68310866119354
            ],
            [
              -118.78651197469883,
              34.683154526924035
            ],
            [
              -118.78653256446354,
              34.68318367885943
            ],
            [
              -118.78653517531274,
              34.683187402591926
            ],
            [
              -118.78669019994575,
              34.68341013760206
            ],
            [
              -118.78676201871887,
              34.68349278647572
            ],
            [
              -118.78689674971183,
              34.68362831162029
            ],
            [
              -118.78699398084679,
              34.68370306032686
            ],
            [
              -118.78706467988606,
              34.6837418401154
            ],
            [
              -118.78717681632162,
              34.6837879290044
            ],
            [
              -118.78746912115295,
              34.683856838523226
            ],
            [
              -118.78755292308229,
              34.683880718107226
            ],
            [
              -118.78763310724132,
              34.68391194401809
            ],
            [
              -118.78779400637838,
              34.683983643536564
            ],
            [
              -118.78786867874003,
              34.684021307743
            ],
            [
              -118.78793805763804,
              34.68406534085238
            ],
            [
              -118.78800135033455,
              34.68411523973791
            ],
            [
              -118.78814085037281,
              34.6842376390612
            ],
            [
              -118.78819650978292,
              34.684291936471176
            ],
            [
              -118.78824495368687,
              34.68435076475466
            ],
            [
              -118.78827536439448,
              34.68439762874333
            ],
            [
              -118.7883089844984,
              34.68441342812087
            ],
            [
              -118.7883728186799,
              34.68445048629558
            ],
            [
              -118.78843209138087,
              34.684492396734306
            ],
            [
              -118.78848626402625,
              34.68453877862684
            ],
            [
              -118.78853484437901,
              34.68458921053347
            ],
            [
              -118.78857739101302,
              34.68464323421423
            ],
            [
              -118.78861351732404,
              34.684700358792284
            ],
            [
              -118.78864289504283,
              34.68476006521412
            ],
            [
              -118.78866525721841,
              34.68482181096565
            ],
            [
              -118.78880196122446,
              34.68527730995994
            ],
            [
              -118.78881723413429,
              34.685341254637024
            ],
            [
              -118.78882498237843,
              34.685406116957154
            ],
            [
              -118.7888251339367,
              34.68547129416986
            ],
            [
              -118.78882146810433,
              34.685503236843566
            ],
            [
              -118.78925904877156,
              34.68600791265018
            ],
            [
              -118.78930205931788,
              34.686062970730276
            ],
            [
              -118.7893384157885,
              34.686121209367414
            ],
            [
              -118.78936777669767,
              34.68618208156525
            ],
            [
              -118.78938986626225,
              34.68624501559109
            ],
            [
              -118.78940447699249,
              34.68630942034557
            ],
            [
              -118.7894114716414,
              34.68637469091435
            ],
            [
              -118.78941078449452,
              34.686440214249686
            ],
            [
              -118.78940242198769,
              34.68650537492828
            ],
            [
              -118.78938646264739,
              34.686569560931666
            ],
            [
              -118.78936305635375,
              34.68663216939453
            ],
            [
              -118.7893324229336,
              34.686692612267244
            ],
            [
              -118.78929485009611,
              34.68675032183911
            ],
            [
              -118.78925069073127,
              34.68680475607085
            ],
            [
              -118.7892003595955,
              34.68685540368587
            ],
            [
              -118.7891443294166,
              34.68690178897253
            ],
            [
              -118.78900482932836,
              34.68700658959952
            ],
            [
              -118.78895911931438,
              34.687038487377876
            ],
            [
              -118.78876331890449,
              34.687165288193995
            ],
            [
              -118.78869572667247,
              34.68720467396021
            ],
            [
              -118.78862366714164,
              34.68723822353841
            ],
            [
              -118.78854787622751,
              34.687265594297195
            ],
            [
              -118.7884691279557,
              34.68728650670702
            ],
            [
              -118.78838822655648,
              34.687300747195195
            ],
            [
              -118.78830599825119,
              34.68730817032722
            ],
            [
              -118.78822328281349,
              34.68730870029222
            ],
            [
              -118.78814092499256,
              34.687302331677145
            ],
            [
              -118.78805976588522,
              34.687289129522206
            ],
            [
              -118.78798063434544,
              34.687269228656575
            ],
            [
              -118.7879043385189,
              34.68724283232131
            ],
            [
              -118.78783165758914,
              34.68721021009361
            ],
            [
              -118.78776333381951,
              34.68717169513359
            ],
            [
              -118.78770006497246,
              34.68712768078154
            ],
            [
              -118.78764249718321,
              34.687078616540724
            ],
            [
              -118.78759121836104,
              34.68702500348644
            ],
            [
              -118.78650142117417,
              34.685758956118505
            ],
            [
              -118.78601556967853,
              34.68538619863012
            ],
            [
              -118.78601485115865,
              34.685385646696574
            ],
            [
              -118.78555885060915,
              34.6850349446468
            ],
            [
              -118.78551000539966,
              34.68499404305756
            ],
            [
              -118.78516530565635,
              34.68467974135065
            ],
            [
              -118.7851185180548,
              34.68463303101875
            ],
            [
              -118.78507698397169,
              34.68458304638916
            ],
            [
              -118.78469478637413,
              34.68407574415726
            ],
            [
              -118.78464673835995,
              34.68400219131994
            ],
            [
              -118.78445234069505,
              34.6836547900747
            ],
            [
              -118.784425241252,
              34.68360023186819
            ],
            [
              -118.78402649695376,
              34.682685779190315
            ],
            [
              -118.78398795550298,
              34.68265985649261
            ],
            [
              -118.78392373737817,
              34.68260572491902
            ],
            [
              -118.78382313749637,
              34.68251082441206
            ],
            [
              -118.78376769008526,
              34.68245232118958
            ],
            [
              -118.78372034853115,
              34.68238914538135
            ],
            [
              -118.78363444927567,
              34.68225904485696
            ],
            [
              -118.78361855986594,
              34.68223372277611
            ],
            [
              -118.78345636160248,
              34.68196132175489
            ],
            [
              -118.78342878921462,
              34.68190967763531
            ],
            [
              -118.78324769207329,
              34.681528076426325
            ],
            [
              -118.78321816930566,
              34.68145334652875
            ],
            [
              -118.7831993460331,
              34.681376291038944
            ],
            [
              -118.78316184809592,
              34.681157990728764
            ],
            [
              -118.78315396689482,
              34.681079247160035
            ],
            [
              -118.78315725991611,
              34.68100028174783
            ],
            [
              -118.78319346305754,
              34.680679281891166
            ],
            [
              -118.78320904110471,
              34.68059676164264
            ],
            [
              -118.78326804316737,
              34.68037516196256
            ],
            [
              -118.78329084243929,
              34.680306828400404
            ],
            [
              -118.78350920922729,
              34.67976499540833
            ],
            [
              -118.78353975560745,
              34.67961286108962
            ],
            [
              -118.7835224438834,
              34.67960744409475
            ],
            [
              -118.78345190046609,
              34.67957870032208
            ],
            [
              -118.78338502297468,
              34.67954449513692
            ],
            [
              -118.78334612282399,
              34.679522394994976
            ],
            [
              -118.7832848330795,
              34.67948394718751
            ],
            [
              -118.7832459369294,
              34.679454398885625
            ],
            [
              -118.7832163843717,
              34.679453733441065
            ],
            [
              -118.78313611250164,
              34.67944532316677
            ],
            [
              -118.78305723821026,
              34.679430406114484
            ],
            [
              -118.78298053242632,
              34.6794091280852
            ],
            [
              -118.78290674488191,
              34.67938169705294
            ],
            [
              -118.78283659678397,
              34.67934838113196
            ],
            [
              -118.78277077376481,
              34.67930950595593
            ],
            [
              -118.78270991918035,
              34.679265451495
            ],
            [
              -118.78265462782176,
              34.67921664834172
            ],
            [
              -118.78260544010186,
              34.679163573502116
            ],
            [
              -118.78256283677332,
              34.67910674573324
            ],
            [
              -118.78252723422975,
              34.67904672047255
            ],
            [
              -118.78251333441884,
              34.67902002038183
            ],
            [
              -118.78248380023561,
              34.6789540202334
            ],
            [
              -118.78246630061933,
              34.67890762011053
            ],
            [
              -118.78244592240662,
              34.67884226333942
            ],
            [
              -118.78239643701903,
              34.6786428169219
            ],
            [
              -118.78182686988734,
              34.67843787261034
            ],
            [
              -118.78172341782708,
              34.678393142325874
            ],
            [
              -118.78131661595872,
              34.67818544096096
            ],
            [
              -118.78124800413794,
              34.678146283520086
            ],
            [
              -118.78118457193827,
              34.67810156148561
            ],
            [
              -118.78112697791506,
              34.678051739168765
            ],
            [
              -118.78107582000754,
              34.67799733383199
            ],
            [
              -118.78103162933121,
              34.677938910318346
            ],
            [
              -118.78099486466384,
              34.67787707518705
            ],
            [
              -118.78010591739123,
              34.676166815660224
            ],
            [
              -118.77998137857536,
              34.6760383989209
            ],
            [
              -118.77969190725211,
              34.675821165616824
            ],
            [
              -118.779629036459,
              34.67576851985098
            ],
            [
              -118.77957350175042,
              34.67571051629765
            ],
            [
              -118.7795259675456,
              34.67564784892914
            ],
            [
              -118.77945696812581,
              34.67554474850986
            ],
            [
              -118.77942240811018,
              34.675486714773186
            ],
            [
              -118.7793947183047,
              34.67542621850515
            ],
            [
              -118.77937415207302,
              34.67536381328356
            ],
            [
              -118.77936089759235,
              34.67530007015315
            ],
            [
              -118.77934649851518,
              34.67520327002986
            ],
            [
              -118.7793406054528,
              34.67513638848393
            ],
            [
              -118.77933460756279,
              34.674921488379425
            ],
            [
              -118.7793371852255,
              34.674850070495864
            ],
            [
              -118.77934887110088,
              34.674779276107614
            ],
            [
              -118.77939777310422,
              34.67456737636567
            ],
            [
              -118.77941504649347,
              34.6745074922478
            ],
            [
              -118.77943884127204,
              34.6744491543148
            ],
            [
              -118.7794586806363,
              34.67441206407181
            ],
            [
              -118.77944454306974,
              34.67440560271134
            ],
            [
              -118.77938071351495,
              34.674369539638754
            ],
            [
              -118.77932128889991,
              34.67432866053278
            ],
            [
              -118.77926679975924,
              34.67428333036046
            ],
            [
              -118.77921773256156,
              34.67423395382729
            ],
            [
              -118.77917452536624,
              34.67418097176383
            ],
            [
              -118.7791551254965,
              34.67415457164959
            ],
            [
              -118.77911884461206,
              34.67409961492705
            ],
            [
              -118.7790888715903,
              34.674042121612665
            ],
            [
              -118.77906546335126,
              34.67398258454731
            ],
            [
              -118.77904882053923,
              34.67392151409025
            ],
            [
              -118.77903908580336,
              34.67385943374406
            ],
            [
              -118.7790363425752,
              34.67379687566706
            ],
            [
              -118.77904061435414,
              34.6737343761115
            ],
            [
              -118.77905186450654,
              34.67367247082684
            ],
            [
              -118.77905926479757,
              34.67364157086619
            ],
            [
              -118.77907955570991,
              34.67357486838035
            ],
            [
              -118.7791079438669,
              34.673510213994355
            ],
            [
              -118.77914156654835,
              34.67345267315227
            ],
            [
              -118.77914868037014,
              34.67343073581595
            ],
            [
              -118.77917358963686,
              34.67336680974175
            ],
            [
              -118.77920605213701,
              34.673305240509634
            ],
            [
              -118.77924574759093,
              34.67324663553886
            ],
            [
              -118.77929228436369,
              34.673191573003045
            ],
            [
              -118.77934520332924,
              34.67314059612637
            ],
            [
              -118.77940398240037,
              34.673094207824555
            ],
            [
              -118.77946804167946,
              34.673052865743514
            ],
            [
              -118.77953674917987,
              34.67301697774467
            ],
            [
              -118.77960942706042,
              34.67298689788151
            ],
            [
              -118.7796853583128,
              34.67296292290669
            ],
            [
              -118.77980279544992,
              34.67293126844025
            ],
            [
              -118.77982749134631,
              34.672912201953245
            ],
            [
              -118.7798943038735,
              34.672870324287736
            ],
            [
              -118.77996595312919,
              34.67283431547885
            ],
            [
              -118.78004168671703,
              34.67280455365547
            ],
            [
              -118.78012070935378,
              34.67278135134621
            ],
            [
              -118.78014906826141,
              34.67277564380181
            ],
            [
              -118.78012754841343,
              34.67273673386862
            ],
            [
              -118.78010238343089,
              34.67267702113439
            ],
            [
              -118.78008408021755,
              34.67261562738191
            ],
            [
              -118.78007279882667,
              34.67255308952239
            ],
            [
              -118.78006863790218,
              34.672489954471544
            ],
            [
              -118.78007137707378,
              34.6724321887542
            ],
            [
              -118.78006517008208,
              34.67236966790026
            ],
            [
              -118.78006117138155,
              34.67223726783386
            ],
            [
              -118.78006301354378,
              34.67217203428414
            ],
            [
              -118.78007245842784,
              34.67210725122802
            ],
            [
              -118.7800894180484,
              34.67204352204095
            ],
            [
              -118.78015381981355,
              34.67184722240013
            ],
            [
              -118.78017563128252,
              34.67179069139361
            ],
            [
              -118.78020335764276,
              34.67173595789399
            ],
            [
              -118.78023678536229,
              34.67168344340334
            ],
            [
              -118.78034268625882,
              34.671533443984046
            ],
            [
              -118.78037918215453,
              34.67148634139655
            ],
            [
              -118.780730584033,
              34.6710716432529
            ],
            [
              -118.78078720577572,
              34.67101220013955
            ],
            [
              -118.78085961029292,
              34.67094436826698
            ],
            [
              -118.78107126013802,
              34.670706230284594
            ],
            [
              -118.78112417749725,
              34.67065266345522
            ],
            [
              -118.78113886170385,
              34.67064056628899
            ],
            [
              -118.78108777549316,
              34.67025005526257
            ],
            [
              -118.78108312875796,
              34.67018751854226
            ],
            [
              -118.78108550870385,
              34.67012489495458
            ],
            [
              -118.78109489487785,
              34.670062722262166
            ],
            [
              -118.78111120666337,
              34.670001534354505
            ],
            [
              -118.78113430397289,
              34.66994185666336
            ],
            [
              -118.78113880459857,
              34.669931851875454
            ],
            [
              -118.7802785574547,
              34.66998354224838
            ],
            [
              -118.78020051928198,
              34.66998514694867
            ],
            [
              -118.78012265108562,
              34.66998060116827
            ],
            [
              -118.7800456614043,
              34.669969946269624
            ],
            [
              -118.77997025078251,
              34.669953279203284
            ],
            [
              -118.77989710539558,
              34.66993075162571
            ],
            [
              -118.77982689080581,
              34.669902568519156
            ],
            [
              -118.77976024590576,
              34.66986898632652
            ],
            [
              -118.77954564505144,
              34.66974888555254
            ],
            [
              -118.77948135148297,
              34.66970895957721
            ],
            [
              -118.77942211225563,
              34.66966401206607
            ],
            [
              -118.7793684995849,
              34.669614477191104
            ],
            [
              -118.77932103133361,
              34.669560833435334
            ],
            [
              -118.77928016600976,
              34.66950359897076
            ],
            [
              -118.77924629833787,
              34.669443326652875
            ],
            [
              -118.77921975544639,
              34.669380598680085
            ],
            [
              -118.77920079370844,
              34.66931602096992
            ],
            [
              -118.77918959626591,
              34.66925021730593
            ],
            [
              -118.77918627126094,
              34.66918382331226
            ],
            [
              -118.77919085079226,
              34.6691174803138
            ],
            [
              -118.77920329060572,
              34.66905182914137
            ],
            [
              -118.7792671831792,
              34.66879724251297
            ],
            [
              -118.77821815173169,
              34.668290330874065
            ],
            [
              -118.77814896102068,
              34.668252895833355
            ],
            [
              -118.7780846970866,
              34.66820988183813
            ],
            [
              -118.77802601633576,
              34.6681617282478
            ],
            [
              -118.77797351814286,
              34.66810892691851
            ],
            [
              -118.77792773872892,
              34.66805201717918
            ],
            [
              -118.77788914568443,
              34.66799158032219
            ],
            [
              -118.77720245385441,
              34.6667703759321
            ],
            [
              -118.77717371015629,
              34.66671236005617
            ],
            [
              -118.77715159348035,
              34.666652393987896
            ],
            [
              -118.77713629394003,
              34.66659099323047
            ],
            [
              -118.77712794304375,
              34.66652868561938
            ],
            [
              -118.77712661256481,
              34.66646600678477
            ],
            [
              -118.7771323139248,
              34.6664034955469
            ],
            [
              -118.77714499809619,
              34.66634168928399
            ],
            [
              -118.77725660204128,
              34.66591808988815
            ],
            [
              -118.77727678172091,
              34.66585590655569
            ],
            [
              -118.77730402805454,
              34.66579559091024
            ],
            [
              -118.7773380939962,
              34.66573768980774
            ],
            [
              -118.77737867067118,
              34.66568272821136
            ],
            [
              -118.77742539017706,
              34.665631204432046
            ],
            [
              -118.77747782891949,
              34.6655835856107
            ],
            [
              -118.77753551145315,
              34.66554030348307
            ],
            [
              -118.7775979147924,
              34.6655017504655
            ],
            [
              -118.77766447315292,
              34.66546827609743
            ],
            [
              -118.77773010571367,
              34.66543870978807
            ],
            [
              -118.777995836919,
              34.664710224294026
            ],
            [
              -118.77798278069633,
              34.664620326218014
            ],
            [
              -118.77784731657773,
              34.66451450489858
            ],
            [
              -118.7777980428977,
              34.66447253379646
            ],
            [
              -118.77775334248336,
              34.66442720204149
            ],
            [
              -118.77771354965454,
              34.66437884868278
            ],
            [
              -118.77752968483097,
              34.66413321826236
            ],
            [
              -118.77750248403247,
              34.66411395746377
            ],
            [
              -118.77744884614792,
              34.66406805556337
            ],
            [
              -118.77740068393543,
              34.664018180412164
            ],
            [
              -118.77735842630067,
              34.66396477618027
            ],
            [
              -118.77732244956304,
              34.66390831846581
            ],
            [
              -118.77729307410463,
              34.663849310059064
            ],
            [
              -118.7772705615173,
              34.663788276464864
            ],
            [
              -118.77720336342898,
              34.66356957597337
            ],
            [
              -118.77718553836708,
              34.663493532749655
            ],
            [
              -118.7771783562721,
              34.66341630404563
            ],
            [
              -118.77717315844774,
              34.6631947039445
            ],
            [
              -118.77717609005144,
              34.66312294553817
            ],
            [
              -118.77718821461713,
              34.66305184859765
            ],
            [
              -118.7772093953951,
              34.66298221486849
            ],
            [
              -118.77732189802143,
              34.662681015502635
            ],
            [
              -118.77732315861489,
              34.66267777474058
            ],
            [
              -118.77729848959962,
              34.66265383916108
            ],
            [
              -118.77725039155952,
              34.66259593451691
            ],
            [
              -118.77704579286886,
              34.66231991205886
            ],
            [
              -118.77672372120863,
              34.662123310239764
            ],
            [
              -118.77598225619559,
              34.661862183938574
            ],
            [
              -118.77591428501833,
              34.661835121408096
            ],
            [
              -118.77584961960645,
              34.661803000836066
            ],
            [
              -118.77578880975167,
              34.66176609531627
            ],
            [
              -118.7757323724632,
              34.66172471862452
            ],
            [
              -118.77568078757209,
              34.66167922255081
            ],
            [
              -118.77563449365148,
              34.661629993908114
            ],
            [
              -118.77527074651431,
              34.6612040115198
            ],
            [
              -118.77341883885849,
              34.66132811354432
            ],
            [
              -118.77333775401367,
              34.661330212955974
            ],
            [
              -118.77325681607098,
              34.66132566787032
            ],
            [
              -118.77317682057823,
              34.66131452296088
            ],
            [
              -118.77309855381925,
              34.66129688777156
            ],
            [
              -118.77302278508495,
              34.66127293563986
            ],
            [
              -118.77295025911124,
              34.661242901992985
            ],
            [
              -118.77288168875869,
              34.66120708203374
            ],
            [
              -118.77247224649227,
              34.66096893141048
            ],
            [
              -118.77177337189424,
              34.66083197721364
            ],
            [
              -118.77169556018568,
              34.660813322396486
            ],
            [
              -118.77162036262709,
              34.660788400701556
            ],
            [
              -118.77154851645743,
              34.66075745646205
            ],
            [
              -118.7714807260563,
              34.66072079305627
            ],
            [
              -118.771417656038,
              34.66067876993319
            ],
            [
              -118.77137725386973,
              34.66064589827782
            ],
            [
              -118.77101760038437,
              34.66060018527138
            ],
            [
              -118.77067619439117,
              34.66058792978159
            ],
            [
              -118.77059449686683,
              34.660755086244386
            ],
            [
              -118.77036846621168,
              34.66201689989216
            ],
            [
              -118.77035333255904,
              34.66208029448432
            ],
            [
              -118.77033094402888,
              34.66214220590835
            ],
            [
              -118.77030150508642,
              34.662202068708275
            ],
            [
              -118.77026528459201,
              34.6622593361376
            ],
            [
              -118.77022261334605,
              34.662313485153064
            ],
            [
              -118.76897125561716,
              34.663746643095024
            ],
            [
              -118.76879573965032,
              34.66448378169372
            ],
            [
              -118.76909305768062,
              34.66579631638448
            ],
            [
              -118.76910324506049,
              34.66585579309846
            ],
            [
              -118.76910700313191,
              34.66591578215235
            ],
            [
              -118.76910430221803,
              34.66597581004456
            ],
            [
              -118.76909516362356,
              34.66603540296592
            ],
            [
              -118.76907965946724,
              34.666094090539566
            ],
            [
              -118.76897707152942,
              34.66641356299862
            ],
            [
              -118.76897898643206,
              34.666414813147206
            ],
            [
              -118.76918847151808,
              34.66646965266599
            ],
            [
              -118.76926567567718,
              34.66649345932377
            ],
            [
              -118.76933959058438,
              34.666523560541016
            ],
            [
              -118.76940946672045,
              34.666559651083354
            ],
            [
              -118.76947459551795,
              34.66660136498275
            ],
            [
              -118.76953431654577,
              34.66664827924843
            ],
            [
              -118.76958802420633,
              34.666699918155764
            ],
            [
              -118.76963517387614,
              34.66675575807007
            ],
            [
              -118.769675287429,
              34.6668152327562
            ],
            [
              -118.76970795808444,
              34.66687773912005
            ],
            [
              -118.76973285453322,
              34.666942643324
            ],
            [
              -118.76974972429743,
              34.667009287213965
            ],
            [
              -118.7697583962914,
              34.66707699499329
            ],
            [
              -118.76975878255732,
              34.667145080075386
            ],
            [
              -118.7697501840867,
              34.66730048008589
            ],
            [
              -118.76974264839622,
              34.667366169552245
            ],
            [
              -118.76972739871788,
              34.6674309393129
            ],
            [
              -118.76970458027253,
              34.66749417249708
            ],
            [
              -118.76967441036771,
              34.66755526686705
            ],
            [
              -118.76963717632846,
              34.66761364055396
            ],
            [
              -118.76955295087876,
              34.667731371404635
            ],
            [
              -118.76954778434056,
              34.667766856000384
            ],
            [
              -118.76953517561569,
              34.66782892712785
            ],
            [
              -118.76951563562763,
              34.66788976062427
            ],
            [
              -118.76948933368372,
              34.66794882934112
            ],
            [
              -118.76945649768786,
              34.66800562142134
            ],
            [
              -118.76931909906834,
              34.66821732218426
            ],
            [
              -118.76928476510628,
              34.668265353659756
            ],
            [
              -118.76914394528598,
              34.6684449912458
            ],
            [
              -118.76905628793995,
              34.66860020057
            ],
            [
              -118.7690174952538,
              34.668660692088
            ],
            [
              -118.76897149771922,
              34.66871763254861
            ],
            [
              -118.76891876687482,
              34.66877043821473
            ],
            [
              -118.76885984329037,
              34.668818567736764
            ],
            [
              -118.76879533102509,
              34.66886152770278
            ],
            [
              -118.76872589143511,
              34.66889887769695
            ],
            [
              -118.76865223639354,
              34.66893023481495
            ],
            [
              -118.76857512099207,
              34.66895527758961
            ],
            [
              -118.76783701608502,
              34.6691599793004
            ],
            [
              -118.76776462031243,
              34.669177039045685
            ],
            [
              -118.76769063334925,
              34.66918852999525
            ],
            [
              -118.76761568133544,
              34.66919435490246
            ],
            [
              -118.76754039857886,
              34.66919446447152
            ],
            [
              -118.76746542218659,
              34.669188857774735
            ],
            [
              -118.76739138667298,
              34.66917758226024
            ],
            [
              -118.76731891858935,
              34.6691607333506
            ],
            [
              -118.7668811155004,
              34.669040732528146
            ],
            [
              -118.7668065500416,
              34.669016894276766
            ],
            [
              -118.76673515604939,
              34.66898715804806
            ],
            [
              -118.76666761500663,
              34.668951807686575
            ],
            [
              -118.76660457161584,
              34.66891118062583
            ],
            [
              -118.76654662764518,
              34.66886566466717
            ],
            [
              -118.76649433618411,
              34.66881569427792
            ],
            [
              -118.76644819636405,
              34.6687617464439
            ],
            [
              -118.76640864859412,
              34.66870433611631
            ],
            [
              -118.76637607035755,
              34.66864401129606
            ],
            [
              -118.76635077260887,
              34.66858134780273
            ],
            [
              -118.7663393391685,
              34.66853992298697
            ],
            [
              -118.76633329046851,
              34.668530742212106
            ],
            [
              -118.76630224584207,
              34.668470302216065
            ],
            [
              -118.76627844305135,
              34.66840765937605
            ],
            [
              -118.76626210654099,
              34.66834340441584
            ],
            [
              -118.76625653332897,
              34.66830167586503
            ],
            [
              -118.76620561234186,
              34.6682858524583
            ],
            [
              -118.76613643170603,
              34.66825797125136
            ],
            [
              -118.76607072771108,
              34.66822484314236
            ],
            [
              -118.76600908164473,
              34.66818676121964
            ],
            [
              -118.76595203889146,
              34.66814406239811
            ],
            [
              -118.76569453876957,
              34.66793226119415
            ],
            [
              -118.76564320097428,
              34.66788591548669
            ],
            [
              -118.76559729148192,
              34.6678358328211
            ],
            [
              -118.76555720667355,
              34.667782445619885
            ],
            [
              -118.76552329263673,
              34.66772621483679
            ],
            [
              -118.76549584217778,
              34.66766762597662
            ],
            [
              -118.76547509229394,
              34.66760718490314
            ],
            [
              -118.7654451392897,
              34.66750144740787
            ],
            [
              -118.76517918340998,
              34.667142545543655
            ],
            [
              -118.7651397321444,
              34.667082735565096
            ],
            [
              -118.76510776467097,
              34.66701994948249
            ],
            [
              -118.76508360542104,
              34.666954824532155
            ],
            [
              -118.7650674995758,
              34.66688802168688
            ],
            [
              -118.76505961057863,
              34.66682021894742
            ],
            [
              -118.76506001847692,
              34.66675210446109
            ],
            [
              -118.76506871911049,
              34.66668436953754
            ],
            [
              -118.76508562415464,
              34.66661770163249
            ],
            [
              -118.76511056201744,
              34.66655277737065
            ],
            [
              -118.76514327958189,
              34.66649025567855
            ],
            [
              -118.76518344477569,
              34.666430771097204
            ],
            [
              -118.76523064994204,
              34.66637492734216
            ],
            [
              -118.76528441597743,
              34.666323291176596
            ],
            [
              -118.76534419719462,
              34.666276386659405
            ],
            [
              -118.765409386861,
              34.666234689826695
            ],
            [
              -118.7654257075543,
              34.66622627331789
            ],
            [
              -118.76545043941975,
              34.66617150854989
            ],
            [
              -118.76548277807144,
              34.66611595865384
            ],
            [
              -118.76552110546253,
              34.66606307303024
            ],
            [
              -118.76555090738971,
              34.6660293531395
            ],
            [
              -118.7655282787679,
              34.66587584980156
            ],
            [
              -118.76552254169039,
              34.66581134317748
            ],
            [
              -118.76552429105317,
              34.665746678777246
            ],
            [
              -118.76552835609778,
              34.66571835928892
            ],
            [
              -118.76550927277778,
              34.66570949285597
            ],
            [
              -118.76544182774752,
              34.66567028973913
            ],
            [
              -118.76537950050795,
              34.665625677283856
            ],
            [
              -118.76532292397792,
              34.66557610852489
            ],
            [
              -118.76527267267545,
              34.66552208682706
            ],
            [
              -118.76522925688353,
              34.665464160773396
            ],
            [
              -118.76519311746874,
              34.66540291859404
            ],
            [
              -118.7651646214045,
              34.66533898219263
            ],
            [
              -118.76514405804515,
              34.66527300083085
            ],
            [
              -118.76513163618834,
              34.66520564453503
            ],
            [
              -118.76512748195522,
              34.665137597292066
            ],
            [
              -118.76512748231444,
              34.6651008525192
            ],
            [
              -118.76492145561376,
              34.66488135016413
            ],
            [
              -118.76487434148929,
              34.6648255711481
            ],
            [
              -118.76483424878616,
              34.66476616313831
            ],
            [
              -118.76480158326108,
              34.664703727393345
            ],
            [
              -118.76477667549905,
              34.66463889581379
            ],
            [
              -118.76475977756823,
              34.66457232454656
            ],
            [
              -118.76475106046946,
              34.66450468734406
            ],
            [
              -118.76475061240639,
              34.6644366687452
            ],
            [
              -118.76475843789348,
              34.66436895714728
            ],
            [
              -118.7647744577113,
              34.6643022378388
            ],
            [
              -118.76477763510209,
              34.66429178939251
            ],
            [
              -118.76462230529806,
              34.66403636084695
            ],
            [
              -118.76459109801958,
              34.66397841722859
            ],
            [
              -118.76456659898176,
              34.66391831249961
            ],
            [
              -118.76454902373263,
              34.66385657551049
            ],
            [
              -118.76453852689787,
              34.66379374947258
            ],
            [
              -118.76453520082079,
              34.663730387178305
            ],
            [
              -118.76453907475045,
              34.6636670461373
            ],
            [
              -118.7645501145847,
              34.663604283670914
            ],
            [
              -118.76456822317101,
              34.66354265200851
            ],
            [
              -118.76462182858859,
              34.663391517673055
            ],
            [
              -118.76451128903791,
              34.663071850008095
            ],
            [
              -118.76449345998293,
              34.6630202645715
            ],
            [
              -118.76447470554717,
              34.662953266400585
            ],
            [
              -118.76446428446091,
              34.66288504073273
            ],
            [
              -118.76446230450287,
              34.66281629331744
            ],
            [
              -118.76446878613353,
              34.662747735299604
            ],
            [
              -118.7644836622842,
              34.66268007586321
            ],
            [
              -118.76450677905167,
              34.66261401489531
            ],
            [
              -118.76453789729113,
              34.662550235746366
            ],
            [
              -118.7645766950906,
              34.66248939816156
            ],
            [
              -118.76462277110154,
              34.66243213145639
            ],
            [
              -118.76467162096182,
              34.66238307294355
            ],
            [
              -118.76455685048847,
              34.66229042156139
            ],
            [
              -118.76449494094591,
              34.662234505521674
            ],
            [
              -118.76444099367575,
              34.66217321604838
            ],
            [
              -118.76439568642989,
              34.66210732315493
            ],
            [
              -118.76430188741718,
              34.66195112256644
            ],
            [
              -118.76427116089242,
              34.661893323880044
            ],
            [
              -118.76424709243648,
              34.66183340922474
            ],
            [
              -118.76422989185707,
              34.66177190091974
            ],
            [
              -118.76421970908852,
              34.66170933517609
            ],
            [
              -118.76421663288517,
              34.661646257422134
            ],
            [
              -118.76421672798456,
              34.6616340309874
            ],
            [
              -118.76418579845584,
              34.66156847171035
            ],
            [
              -118.76418226732197,
              34.66156085142601
            ],
            [
              -118.76409016887051,
              34.661358450805984
            ],
            [
              -118.76406681708322,
              34.661298896423176
            ],
            [
              -118.76405023166681,
              34.661237812709196
            ],
            [
              -118.76404055478991,
              34.6611757233226
            ],
            [
              -118.76403786939488,
              34.661113160542236
            ],
            [
              -118.76403927044407,
              34.66100656051967
            ],
            [
              -118.76404375141001,
              34.660942862691975
            ],
            [
              -118.76405547916372,
              34.660879797507455
            ],
            [
              -118.76407948008391,
              34.66078179763583
            ],
            [
              -118.76409822458605,
              34.66072026957282
            ],
            [
              -118.76412386645272,
              34.66066046422209
            ],
            [
              -118.76415617987219,
              34.66060290821712
            ],
            [
              -118.76419488028607,
              34.66054810838299
            ],
            [
              -118.7642396268955,
              34.66049654727356
            ],
            [
              -118.76440311553237,
              34.66032569683626
            ],
            [
              -118.76430655873389,
              34.66028834524194
            ],
            [
              -118.76423055620708,
              34.66025480589672
            ],
            [
              -118.76415924325225,
              34.66021484888268
            ],
            [
              -118.76409341057581,
              34.66016891723997
            ],
            [
              -118.76403378811587,
              34.66011752025431
            ],
            [
              -118.76383228839367,
              34.65992441923162
            ],
            [
              -118.76378246139562,
              34.65987158844024
            ],
            [
              -118.76374308807667,
              34.65982002830668
            ],
            [
              -118.7637312983782,
              34.65982002828939
            ],
            [
              -118.76364583215982,
              34.659816329948455
            ],
            [
              -118.7633197295328,
              34.65978802980187
            ],
            [
              -118.76324139256404,
              34.65977804168835
            ],
            [
              -118.76316459271256,
              34.6597618375172
            ],
            [
              -118.76309005064441,
              34.65973956934298
            ],
            [
              -118.76301846583792,
              34.659711446122955
            ],
            [
              -118.7629505100196,
              34.65967773175618
            ],
            [
              -118.76288682086061,
              34.659638742606965
            ],
            [
              -118.76282799599281,
              34.65959484453612
            ],
            [
              -118.76262199589468,
              34.65942544357335
            ],
            [
              -118.76256450254263,
              34.65937293321784
            ],
            [
              -118.76251397093529,
              34.659315742257746
            ],
            [
              -118.76247095531905,
              34.65925449799742
            ],
            [
              -118.76243592749732,
              34.659189872198894
            ],
            [
              -118.76240927165588,
              34.659122573713354
            ],
            [
              -118.76239128014967,
              34.659053340705846
            ],
            [
              -118.7623821502969,
              34.65898293255852
            ],
            [
              -118.76236997849344,
              34.65879806369918
            ],
            [
              -118.76227925002503,
              34.65894420787504
            ],
            [
              -118.76223787294931,
              34.659003304937066
            ],
            [
              -118.76218949399207,
              34.659058652631686
            ],
            [
              -118.7621346064513,
              34.65910968658795
            ],
            [
              -118.76207376999506,
              34.65915588642027
            ],
            [
              -118.7618678696728,
              34.659297087303955
            ],
            [
              -118.76181783971526,
              34.65932796036877
            ],
            [
              -118.76178751120723,
              34.65937652708204
            ],
            [
              -118.76162441261155,
              34.659609527977736
            ],
            [
              -118.76157619048911,
              34.65967056902508
            ],
            [
              -118.761520295687,
              34.65972696567776
            ],
            [
              -118.76145737789338,
              34.65977806239871
            ],
            [
              -118.76138816843364,
              34.65982326525433
            ],
            [
              -118.76118882895472,
              34.65993960334334
            ],
            [
              -118.76115529378282,
              34.65996894900314
            ],
            [
              -118.76118484209778,
              34.66008569135631
            ],
            [
              -118.76119713683984,
              34.660149217525294
            ],
            [
              -118.76120206901767,
              34.66021342166055
            ],
            [
              -118.76119959396115,
              34.660277722495486
            ],
            [
              -118.76118973406096,
              34.660341537886694
            ],
            [
              -118.76117257856635,
              34.6604042900844
            ],
            [
              -118.76114828277775,
              34.6604654109631
            ],
            [
              -118.76111706664136,
              34.66052434716512
            ],
            [
              -118.76107921275837,
              34.66058056511061
            ],
            [
              -118.76105536223227,
              34.66060919223478
            ],
            [
              -118.76105580947413,
              34.66063520618454
            ],
            [
              -118.76104941177921,
              34.660699789536565
            ],
            [
              -118.76103556119352,
              34.660763570233875
            ],
            [
              -118.76096696347774,
              34.66101067060898
            ],
            [
              -118.76094607568399,
              34.66107234517514
            ],
            [
              -118.76091821936826,
              34.661132110075144
            ],
            [
              -118.76088364444944,
              34.66118942908353
            ],
            [
              -118.76084266112912,
              34.66124378791886
            ],
            [
              -118.7607956371089,
              34.66129469885812
            ],
            [
              -118.76074299429149,
              34.66134170511286
            ],
            [
              -118.76068520499564,
              34.661384384927864
            ],
            [
              -118.76062278771838,
              34.6614223553654
            ],
            [
              -118.76055630248291,
              34.66145527574126
            ],
            [
              -118.76052188197527,
              34.661468843339144
            ],
            [
              -118.76039639397733,
              34.661707667642816
            ],
            [
              -118.76036139238828,
              34.66176633649223
            ],
            [
              -118.7603196935179,
              34.66182193620491
            ],
            [
              -118.76027168761587,
              34.66187394641876
            ],
            [
              -118.76021782396235,
              34.6619218803651
            ],
            [
              -118.76015860666341,
              34.66196528942452
            ],
            [
              -118.76009458993316,
              34.66200376732581
            ],
            [
              -118.76002637290685,
              34.66203695394847
            ],
            [
              -118.7599545940334,
              34.662064538693386
            ],
            [
              -118.75987992509992,
              34.66208626338993
            ],
            [
              -118.75953662272323,
              34.66217096411477
            ],
            [
              -118.75945588320279,
              34.6621872449032
            ],
            [
              -118.75937356144874,
              34.662196674791666
            ],
            [
              -118.75929050665371,
              34.662199156505196
            ],
            [
              -118.7592075755728,
              34.66219466444296
            ],
            [
              -118.75912562368497,
              34.66218324494237
            ],
            [
              -118.75904549636762,
              34.66216501580108
            ],
            [
              -118.75896802017567,
              34.66214016506177
            ],
            [
              -118.75889399431439,
              34.66210894907233
            ],
            [
              -118.75882418239496,
              34.66207168984128
            ],
            [
              -118.7581718800988,
              34.661683387376634
            ],
            [
              -118.75812432228948,
              34.661652817744006
            ],
            [
              -118.7580796158329,
              34.6616194394151
            ],
            [
              -118.75770191555799,
              34.66131583767301
            ],
            [
              -118.75764809979614,
              34.66126819790965
            ],
            [
              -118.75760008468215,
              34.66121649851139
            ],
            [
              -118.75755831626311,
              34.66116121976273
            ],
            [
              -118.75738281770172,
              34.660901918701164
            ],
            [
              -118.75705188829906,
              34.6604128692426
            ],
            [
              -118.75700137745437,
              34.66032347438141
            ],
            [
              -118.756597984111,
              34.659447971674425
            ],
            [
              -118.75657455255238,
              34.659389144822526
            ],
            [
              -118.75635995797987,
              34.65875374328459
            ],
            [
              -118.75634065698593,
              34.65868155853784
            ],
            [
              -118.75633100855589,
              34.65860806410922
            ],
            [
              -118.75628811502898,
              34.657944463628674
            ],
            [
              -118.75628782978698,
              34.65787706491659
            ],
            [
              -118.75629566660574,
              34.65780997760238
            ],
            [
              -118.75631154759265,
              34.6577438683201
            ],
            [
              -118.75633531492268,
              34.65767939398371
            ],
            [
              -118.75636673240724,
              34.6576171952596
            ],
            [
              -118.7564054878419,
              34.65755789020039
            ],
            [
              -118.75645119610918,
              34.65750206810382
            ],
            [
              -118.75650340300604,
              34.657450283657184
            ],
            [
              -118.75656158975721,
              34.65740305142576
            ],
            [
              -118.75657023353318,
              34.657396702638515
            ],
            [
              -118.7565846382717,
              34.6572979736228
            ],
            [
              -118.7565981566128,
              34.65723254176606
            ],
            [
              -118.75661937429969,
              34.65716852055711
            ],
            [
              -118.75664808681628,
              34.657106527039424
            ],
            [
              -118.75668401741223,
              34.65704715871196
            ],
            [
              -118.75672681977075,
              34.65699098777054
            ],
            [
              -118.75677608134696,
              34.65693855559327
            ],
            [
              -118.75683132734444,
              34.65689036752272
            ],
            [
              -118.75767679776669,
              34.6562219136032
            ],
            [
              -118.75819260802943,
              34.65569155240887
            ],
            [
              -118.75824923252536,
              34.65563915556064
            ],
            [
              -118.75831213043556,
              34.65559189637267
            ],
            [
              -118.758380622798,
              34.65555028498407
            ],
            [
              -118.75845397026488,
              34.655514770567926
            ],
            [
              -118.75853138108333,
              34.65548573648303
            ],
            [
              -118.75861201964179,
              34.65546349613598
            ],
            [
              -118.75866637083902,
              34.655451058132805
            ],
            [
              -118.7586967839104,
              34.65541539909878
            ],
            [
              -118.75875621552643,
              34.655353698946925
            ],
            [
              -118.75882393663503,
              34.65529813659953
            ],
            [
              -118.75886596657944,
              34.655267460778916
            ],
            [
              -118.75893029336521,
              34.655174143334655
            ],
            [
              -118.7589716701162,
              34.65509796308761
            ],
            [
              -118.75902190883262,
              34.65499881571223
            ],
            [
              -118.75912880080858,
              34.654743355130186
            ],
            [
              -118.75915909514435,
              34.654681133847724
            ],
            [
              -118.75926329651327,
              34.654494434435
            ],
            [
              -118.75930011482075,
              34.65443610774272
            ],
            [
              -118.75934361821209,
              34.65438101382509
            ],
            [
              -118.75939339485063,
              34.654329674226936
            ],
            [
              -118.7594489735168,
              34.65428257495192
            ],
            [
              -118.7595098280691,
              34.654240161862056
            ],
            [
              -118.759575382425,
              34.65420283645715
            ],
            [
              -118.75964501601429,
              34.65417095207425
            ],
            [
              -118.75965001725712,
              34.65416891824329
            ],
            [
              -118.75966044535615,
              34.65414452971201
            ],
            [
              -118.75969264216253,
              34.6540870305492
            ],
            [
              -118.75973121054791,
              34.654032274161025
            ],
            [
              -118.75977581185337,
              34.65398074133117
            ],
            [
              -118.75982605445076,
              34.6539328845382
            ],
            [
              -118.75988149718131,
              34.65388912398281
            ],
            [
              -118.75993872918703,
              34.65385175321154
            ],
            [
              -118.75999019652167,
              34.653722094286046
            ],
            [
              -118.7599664109951,
              34.65370364663997
            ],
            [
              -118.759912439399,
              34.65365244694882
            ],
            [
              -118.75986495441539,
              34.653597032099626
            ],
            [
              -118.75982443494206,
              34.65353796097979
            ],
            [
              -118.75965273670658,
              34.6532554599067
            ],
            [
              -118.75962208105264,
              34.65319864485674
            ],
            [
              -118.75959787409138,
              34.653139742022866
            ],
            [
              -118.75958032071766,
              34.65307925000914
            ],
            [
              -118.7595695695034,
              34.65301768087065
            ],
            [
              -118.75956571144067,
              34.65295555577915
            ],
            [
              -118.75956877917179,
              34.65289340061128
            ],
            [
              -118.7596460863559,
              34.65215910090514
            ],
            [
              -118.7596532094168,
              34.65211126322331
            ],
            [
              -118.75973901367628,
              34.651666463657136
            ],
            [
              -118.75975744730593,
              34.65159559080275
            ],
            [
              -118.75978495687232,
              34.651526756162056
            ],
            [
              -118.75982122612987,
              34.65146075099115
            ],
            [
              -118.759865838143,
              34.65139833401933
            ],
            [
              -118.759883058538,
              34.65137694854429
            ],
            [
              -118.75984965179973,
              34.651332655029364
            ],
            [
              -118.7598143676727,
              34.65127383499113
            ],
            [
              -118.75972856881013,
              34.65111143443416
            ],
            [
              -118.75969923563022,
              34.65104720056314
            ],
            [
              -118.75967793629414,
              34.650980839593224
            ],
            [
              -118.75966489039668,
              34.65091303576155
            ],
            [
              -118.75966023243153,
              34.65084448818076
            ],
            [
              -118.75966401040529,
              34.650775903630496
            ],
            [
              -118.75970691398959,
              34.65040880380549
            ],
            [
              -118.7597197445754,
              34.6503382146845
            ],
            [
              -118.75974150896248,
              34.65026913677474
            ],
            [
              -118.75977196455214,
              34.650202339989065
            ],
            [
              -118.75981077187953,
              34.65013856881407
            ],
            [
              -118.75985749839792,
              34.65007853401253
            ],
            [
              -118.76003835154006,
              34.64987111719201
            ],
            [
              -118.76008039523404,
              34.64970213288107
            ],
            [
              -118.76010027566593,
              34.649638218897515
            ],
            [
              -118.76012760098826,
              34.649576210942676
            ],
            [
              -118.76016211088051,
              34.64951669971106
            ],
            [
              -118.76034231266026,
              34.649241300710244
            ],
            [
              -118.7603825372474,
              34.64918625480753
            ],
            [
              -118.76042890766553,
              34.64913461575999
            ],
            [
              -118.76086583865013,
              34.64869352428699
            ],
            [
              -118.76085518943229,
              34.648679695275895
            ],
            [
              -118.76049964515703,
              34.64815694944517
            ],
            [
              -118.76043045524482,
              34.648162402373266
            ],
            [
              -118.76035084960898,
              34.64816225364357
            ],
            [
              -118.76001614689044,
              34.64814815361284
            ],
            [
              -118.75993417214417,
              34.64814126674773
            ],
            [
              -118.75985345135383,
              34.64812760073574
            ],
            [
              -118.75977480327106,
              34.648107294190815
            ],
            [
              -118.75969902562265,
              34.648080553081876
            ],
            [
              -118.75962688701867,
              34.64804764864347
            ],
            [
              -118.75955911915612,
              34.648008914624505
            ],
            [
              -118.75949640939696,
              34.647964743902925
            ],
            [
              -118.7594859917023,
              34.6479557616724
            ],
            [
              -118.75932271393434,
              34.647897139293896
            ],
            [
              -118.75929436033066,
              34.647914527770475
            ],
            [
              -118.75922688188658,
              34.647948114406184
            ],
            [
              -118.75915580769708,
              34.647976182443706
            ],
            [
              -118.75908179663081,
              34.64799847168624
            ],
            [
              -118.75900553478378,
              34.64801477550737
            ],
            [
              -118.7589277291188,
              34.648024942766625
            ],
            [
              -118.75884910091136,
              34.64802887921073
            ],
            [
              -118.7587703790628,
              34.64802654834744
            ],
            [
              -118.75869229334265,
              34.64801797178384
            ],
            [
              -118.75861556762317,
              34.64800322902606
            ],
            [
              -118.75849536673996,
              34.647975028834736
            ],
            [
              -118.7584909675482,
              34.64797375612084
            ],
            [
              -118.75848891914126,
              34.647974174809924
            ],
            [
              -118.75840760980907,
              34.64798378320153
            ],
            [
              -118.75832554445489,
              34.647986605731326
            ],
            [
              -118.75824355020936,
              34.64798261395061
            ],
            [
              -118.75816410952972,
              34.647972067937445
            ],
            [
              -118.75815174274273,
              34.647974569980505
            ],
            [
              -118.75806923744821,
              34.647984055813154
            ],
            [
              -118.75798599263042,
              34.64798655934375
            ],
            [
              -118.75790287124656,
              34.64798205461883
            ],
            [
              -118.75782073497449,
              34.64797058833598
            ],
            [
              -118.75781711787955,
              34.64796976361057
            ],
            [
              -118.75781075960725,
              34.64797087981912
            ],
            [
              -118.75773082366518,
              34.64797824057815
            ],
            [
              -118.75765039942623,
              34.64797907934739
            ],
            [
              -118.75757026416227,
              34.64797338801983
            ],
            [
              -118.75749119235226,
              34.64796122159958
            ],
            [
              -118.75741394819664,
              34.647942697670175
            ],
            [
              -118.75733927823114,
              34.64791799525816
            ],
            [
              -118.75726790411125,
              34.64788735310272
            ],
            [
              -118.75677010165892,
              34.64764725150988
            ],
            [
              -118.75670395609808,
              34.6476117074202
            ],
            [
              -118.75664226106404,
              34.64757106313476
            ],
            [
              -118.75658559032289,
              34.64752569665086
            ],
            [
              -118.75653447091157,
              34.64747602988232
            ],
            [
              -118.7564893782365,
              34.64742252473545
            ],
            [
              -118.75645073165228,
              34.64736567881311
            ],
            [
              -118.75641889056195,
              34.64730602078669
            ],
            [
              -118.75639415107493,
              34.6472441054793
            ],
            [
              -118.75637674325361,
              34.64718050870574
            ],
            [
              -118.75636682897428,
              34.64711582191717
            ],
            [
              -118.75636450042225,
              34.647050646700635
            ],
            [
              -118.75636977923527,
              34.64698558918413
            ],
            [
              -118.75638261630282,
              34.646921254399686
            ],
            [
              -118.75640289222359,
              34.64685824065651
            ],
            [
              -118.75643041841651,
              34.646797133976925
            ],
            [
              -118.75646493887517,
              34.64673850264638
            ],
            [
              -118.75650613254902,
              34.64668289192863
            ],
            [
              -118.75655361632987,
              34.64663081899506
            ],
            [
              -118.75660694861475,
              34.64658276811509
            ],
            [
              -118.75666563341328,
              34.64653918615298
            ],
            [
              -118.75672912496029,
              34.646500478411994
            ],
            [
              -118.75679683279145,
              34.64646700486558
            ],
            [
              -118.75710884135931,
              34.646329180416814
            ],
            [
              -118.75715724416465,
              34.64627830298811
            ],
            [
              -118.75721255286092,
              34.646225946063545
            ],
            [
              -118.75727407297373,
              34.64617855809469
            ],
            [
              -118.75734115444787,
              34.646136639800446
            ],
            [
              -118.75741308846817,
              34.64610063410432
            ],
            [
              -118.7574891149488,
              34.64607092145454
            ],
            [
              -118.7575684305646,
              34.64604781580431
            ],
            [
              -118.75765019723877,
              34.64603156129485
            ],
            [
              -118.757847932591,
              34.64600104092486
            ],
            [
              -118.75791143987,
              34.64591977679319
            ],
            [
              -118.7579538985931,
              34.64587044215879
            ],
            [
              -118.75800152684992,
              34.64582444401411
            ],
            [
              -118.75805394278447,
              34.64578215113755
            ],
            [
              -118.75811072615872,
              34.64574390260089
            ],
            [
              -118.7581714217218,
              34.645710005050894
            ],
            [
              -118.75850612037704,
              34.64554060625297
            ],
            [
              -118.75857495617603,
              34.64550941661312
            ],
            [
              -118.75864709215898,
              34.645483822912816
            ],
            [
              -118.75885309085317,
              34.64542022343136
            ],
            [
              -118.75892867034828,
              34.645400282906856
            ],
            [
              -118.75900623151179,
              34.64538648618186
            ],
            [
              -118.75908504496873,
              34.64537896299832
            ],
            [
              -118.7591643695688,
              34.64537778410259
            ],
            [
              -118.7592434593554,
              34.645382960580314
            ],
            [
              -118.75932157058007,
              34.645394443752096
            ],
            [
              -118.75939796869605,
              34.64541212563137
            ],
            [
              -118.7594719352654,
              34.64543583993967
            ],
            [
              -118.75954277471463,
              34.64546536367047
            ],
            [
              -118.75960982087538,
              34.64550041918591
            ],
            [
              -118.75967244324879,
              34.64554067682763
            ],
            [
              -118.75973005293427,
              34.64558575801673
            ],
            [
              -118.75978210816761,
              34.64563523881359
            ],
            [
              -118.7598281194155,
              34.64568865390432
            ],
            [
              -118.7599058994119,
              34.64578890635516
            ],
            [
              -118.75992392776365,
              34.64578153432597
            ],
            [
              -118.75990949084357,
              34.64535218437221
            ],
            [
              -118.759910928541,
              34.645289159840836
            ],
            [
              -118.75991946200867,
              34.64522651986147
            ],
            [
              -118.7599350170591,
              34.64516480889044
            ],
            [
              -118.76002081955616,
              34.6448894093667
            ],
            [
              -118.76004536410491,
              34.64482438751566
            ],
            [
              -118.7600776997826,
              34.64476173644649
            ],
            [
              -118.7601174984235,
              34.644702091953604
            ],
            [
              -118.76016435612874,
              34.64464605931881
            ],
            [
              -118.76021779736583,
              34.64459420716889
            ],
            [
              -118.76027727979464,
              34.644547061705445
            ],
            [
              -118.7603421997715,
              34.644505101365084
            ],
            [
              -118.76041189847511,
              34.6444687519645
            ],
            [
              -118.76080669668083,
              34.64428515330521
            ],
            [
              -118.7608698440728,
              34.644258692014844
            ],
            [
              -118.76093552324743,
              34.64423684198725
            ],
            [
              -118.7610032423152,
              34.64421976686238
            ],
            [
              -118.76142725357961,
              34.6441292266632
            ],
            [
              -118.76144989322194,
              34.64397300011679
            ],
            [
              -118.76146350400283,
              34.643906974367276
            ],
            [
              -118.76148495216678,
              34.643842385482614
            ],
            [
              -118.76151402723086,
              34.64377986725523
            ],
            [
              -118.76155044387339,
              34.643720033157365
            ],
            [
              -118.76159384473405,
              34.64366347032133
            ],
            [
              -118.7616438039213,
              34.643610733778445
            ],
            [
              -118.76169983119175,
              34.64356234101282
            ],
            [
              -118.76176137676106,
              34.643518766883766
            ],
            [
              -118.76182783669888,
              34.643480438966364
            ],
            [
              -118.7618985588551,
              34.64344773335611
            ],
            [
              -118.76197284925884,
              34.64342097097868
            ],
            [
              -118.76204997892796,
              34.64340041444097
            ],
            [
              -118.76212919102197,
              34.64338626545452
            ],
            [
              -118.76220970826795,
              34.6433786628563
            ],
            [
              -118.76229074058723,
              34.64337768124654
            ],
            [
              -118.76237149284748,
              34.64338333025672
            ],
            [
              -118.76245117266441,
              34.64339555445515
            ],
            [
              -118.76252899817646,
              34.643414233890844
            ],
            [
              -118.76262458461026,
              34.64344148621836
            ],
            [
              -118.76315271542315,
              34.64353674848964
            ],
            [
              -118.76372568639661,
              34.64359566548949
            ],
            [
              -118.76432201741059,
              34.64361563973377
            ],
            [
              -118.76494795800632,
              34.643599378101165
            ],
            [
              -118.76537595993801,
              34.643565729409396
            ],
            [
              -118.76574795034912,
              34.643401726515336
            ],
            [
              -118.76575829819136,
              34.643385401619334
            ],
            [
              -118.76580082211449,
              34.643331497681196
            ],
            [
              -118.76584935375189,
              34.643281178819144
            ],
            [
              -118.76590345351218,
              34.643234900801644
            ],
            [
              -118.76596263137263,
              34.643193082796024
            ],
            [
              -118.76602635131756,
              34.6431561035719
            ],
            [
              -118.76609403619345,
              34.64312429807076
            ],
            [
              -118.76616507293657,
              34.64309795437229
            ],
            [
              -118.76623881812543,
              34.64307731108532
            ],
            [
              -118.76631460380848,
              34.64306255518669
            ],
            [
              -118.76654310207185,
              34.64302745551696
            ],
            [
              -118.76662949745776,
              34.643014201684764
            ],
            [
              -118.76709426592994,
              34.642941126343516
            ],
            [
              -118.76709834192918,
              34.642937513441105
            ],
            [
              -118.76716098280288,
              34.642887597700124
            ],
            [
              -118.76722968414624,
              34.642843462921505
            ],
            [
              -118.76730366874436,
              34.64280560839342
            ],
            [
              -118.76738209961756,
              34.642774462356016
            ],
            [
              -118.76746408948974,
              34.642750377157085
            ],
            [
              -118.76771948771939,
              34.642687777693496
            ],
            [
              -118.76780106502514,
              34.6426714932612
            ],
            [
              -118.76788423168412,
              34.64266220161646
            ],
            [
              -118.76796811252446,
              34.642660000535614
            ],
            [
              -118.76805182485953,
              34.64266491318022
            ],
            [
              -118.768134487776,
              34.64267688785335
            ],
            [
              -118.76821523140296,
              34.64269579854363
            ],
            [
              -118.76829320606522,
              34.64272144625114
            ],
            [
              -118.76834489503449,
              34.64274376230284
            ],
            [
              -118.7690400257392,
              34.64267990945715
            ],
            [
              -118.76912086841386,
              34.64267581719403
            ],
            [
              -118.76920180450786,
              34.64267835159918
            ],
            [
              -118.76928204073383,
              34.64268748783131
            ],
            [
              -118.76936079066377,
              34.64270313634191
            ],
            [
              -118.76943728243648,
              34.64272514375291
            ],
            [
              -118.76951076632263,
              34.64275329435998
            ],
            [
              -118.76958052207239,
              34.64278731224655
            ],
            [
              -118.76964586597485,
              34.64282686398806
            ],
            [
              -118.76970615755893,
              34.64287156191983
            ],
            [
              -118.76976080587096,
              34.64292096793649
            ],
            [
              -118.76976225664212,
              34.6429225731701
            ],
            [
              -118.76987738416598,
              34.64292864313856
            ],
            [
              -118.76995435859251,
              34.64293573767048
            ],
            [
              -118.7700301763012,
              34.64294881636184
            ],
            [
              -118.77010415775932,
              34.64296776199155
            ],
            [
              -118.77017563989088,
              34.64299240475486
            ],
            [
              -118.77024398201917,
              34.643022523785
            ],
            [
              -118.7703085716088,
              34.64305784913283
            ],
            [
              -118.77035929034885,
              34.64309169778621
            ],
            [
              -118.77054976025096,
              34.64313156682996
            ],
            [
              -118.77062558186203,
              34.643150712830725
            ],
            [
              -118.77069880508336,
              34.64317583445241
            ],
            [
              -118.77076874225526,
              34.64320669577115
            ],
            [
              -118.77083473657619,
              34.64324300695996
            ],
            [
              -118.77089616827078,
              34.64328442701035
            ],
            [
              -118.77095246041002,
              34.64333056693471
            ],
            [
              -118.77100308432937,
              34.64338099341915
            ],
            [
              -118.7710475645937,
              34.64343523289277
            ],
            [
              -118.77108548346233,
              34.64349277597477
            ],
            [
              -118.77111648481251,
              34.64355308225812
            ],
            [
              -118.77114027748424,
              34.64361558538451
            ],
            [
              -118.77115663801519,
              34.643679698363
            ],
            [
              -118.77122806917123,
              34.64404696194486
            ],
            [
              -118.77129216501989,
              34.64403407129161
            ],
            [
              -118.77136934935282,
              34.64402486396279
            ],
            [
              -118.77144724377256,
              34.6440217720536
            ],
            [
              -118.77152514051707,
              34.644024823657155
            ],
            [
              -118.77160233180336,
              34.64403399104553
            ],
            [
              -118.77167811625796,
              34.64404919092174
            ],
            [
              -118.77169359641496,
              34.64405362228298
            ],
            [
              -118.77173438503696,
              34.644044627646174
            ],
            [
              -118.77181570821423,
              34.6440303086057
            ],
            [
              -118.77189836999216,
              34.64402288549014
            ],
            [
              -118.77198151652459,
              34.64402243497518
            ],
            [
              -118.77206428895872,
              34.64402896171372
            ],
            [
              -118.77214583230574,
              34.644042398287894
            ],
            [
              -118.7722253042719,
              34.6440626059054
            ],
            [
              -118.77230188395808,
              34.644089375833104
            ],
            [
              -118.77237478033891,
              34.64412243155297
            ],
            [
              -118.77244324043285,
              34.64416143161818
            ],
            [
              -118.77250655708006,
              34.64420597317982
            ],
            [
              -118.77283275673186,
              34.64446017170368
            ],
            [
              -118.77289546972212,
              34.64451480615401
            ],
            [
              -118.77295044215886,
              34.644574865453926
            ],
            [
              -118.77299699207336,
              34.644639604546924
            ],
            [
              -118.77311719321928,
              34.64483020380373
            ],
            [
              -118.77315127326021,
              34.64489153001977
            ],
            [
              -118.7731777863808,
              34.64495535844496
            ],
            [
              -118.7731964684379,
              34.64502105321562
            ],
            [
              -118.77320713330053,
              34.645087959873976
            ],
            [
              -118.77320967470472,
              34.64515541188779
            ],
            [
              -118.77320406731295,
              34.64522273729032
            ],
            [
              -118.77319036696731,
              34.64528926537455
            ],
            [
              -118.77316871013399,
              34.64535433337488
            ],
            [
              -118.77313931254454,
              34.64541729306982
            ],
            [
              -118.77310246704738,
              34.645477517239755
            ],
            [
              -118.77305854069095,
              34.64553440591567
            ],
            [
              -118.77300797106781,
              34.64558739235636
            ],
            [
              -118.77295126195536,
              34.645635948694704
            ],
            [
              -118.77288897829743,
              34.645679591196576
            ],
            [
              -118.77282174057646,
              34.6457178850803
            ],
            [
              -118.77259877802258,
              34.645831740601636
            ],
            [
              -118.77236289108785,
              34.6459732735609
            ],
            [
              -118.77225407399871,
              34.64614063555667
            ],
            [
              -118.77221569892926,
              34.64619368800811
            ],
            [
              -118.77217162185376,
              34.646243622589644
            ],
            [
              -118.7721222111165,
              34.64629002199526
            ],
            [
              -118.77206787963753,
              34.64633249846189
            ],
            [
              -118.77200908146204,
              34.646370697010006
            ],
            [
              -118.77178626985788,
              34.64650228862623
            ],
            [
              -118.77203218913505,
              34.64684703951473
            ],
            [
              -118.77206972692244,
              34.646906152779295
            ],
            [
              -118.77210002782512,
              34.646968037185744
            ],
            [
              -118.77212279642576,
              34.647032089427555
            ],
            [
              -118.77213781073706,
              34.647097685062754
            ],
            [
              -118.77214492436669,
              34.64716418460152
            ],
            [
              -118.77214406794499,
              34.64723093974034
            ],
            [
              -118.77213524980218,
              34.6472972996824
            ],
            [
              -118.77212396454571,
              34.64734145519159
            ],
            [
              -118.77216762710616,
              34.647342246527316
            ],
            [
              -118.77224964633895,
              34.647350624887345
            ],
            [
              -118.77233022435887,
              34.64736579864394
            ],
            [
              -118.7724085389858,
              34.647387612970746
            ],
            [
              -118.77248379113284,
              34.64741584528415
            ],
            [
              -118.77254783123439,
              34.64744665604692
            ],
            [
              -118.77270070568062,
              34.64739345984736
            ],
            [
              -118.77277283099785,
              34.647371596390535
            ],
            [
              -118.77284711977575,
              34.64735542014008
            ],
            [
              -118.77292291699536,
              34.647345073724516
            ],
            [
              -118.77299955433867,
              34.64734064836955
            ],
            [
              -118.77307635608075,
              34.64734218309384
            ],
            [
              -118.77315264504739,
              34.64734966436494
            ],
            [
              -118.77322774858536,
              34.647363026218656
            ],
            [
              -118.77330100449296,
              34.64738215084068
            ],
            [
              -118.77337176685829,
              34.64740686960521
            ],
            [
              -118.77343591197325,
              34.647432273105984
            ],
            [
              -118.7737391981359,
              34.64743227294997
            ],
            [
              -118.77382154256584,
              34.64743570609435
            ],
            [
              -118.77390305075497,
              34.64744597095113
            ],
            [
              -118.7739828949392,
              34.64746296327398
            ],
            [
              -118.77406026425245,
              34.64748651049518
            ],
            [
              -118.77448086158265,
              34.64763480948013
            ],
            [
              -118.77455308677986,
              34.64766381611154
            ],
            [
              -118.77462152322515,
              34.64769853440756
            ],
            [
              -118.77468551162733,
              34.647738629907025
            ],
            [
              -118.77474443554317,
              34.64778371634669
            ],
            [
              -118.77479772731586,
              34.64783335938218
            ],
            [
              -118.77484487354373,
              34.64788708077203
            ],
            [
              -118.77488542002608,
              34.647944362984695
            ],
            [
              -118.77491897613925,
              34.648004654183985
            ],
            [
              -118.77500399457362,
              34.64817954362672
            ],
            [
              -118.77503794092272,
              34.64814020066191
            ],
            [
              -118.7750930481549,
              34.64808842863773
            ],
            [
              -118.7751542492034,
              34.648041564081836
            ],
            [
              -118.77522090757601,
              34.648000094378645
            ],
            [
              -118.77541830383673,
              34.647889855222886
            ],
            [
              -118.7756711981801,
              34.64770629532241
            ],
            [
              -118.77573723440638,
              34.64766312890886
            ],
            [
              -118.77580828918809,
              34.647625799859256
            ],
            [
              -118.77588361000072,
              34.647594703512986
            ],
            [
              -118.77596239914249,
              34.647570169200485
            ],
            [
              -118.77604382218239,
              34.6475524567555
            ],
            [
              -118.77612701679676,
              34.64754175376356
            ],
            [
              -118.77621110190135,
              34.64753817357555
            ],
            [
              -118.77664889834486,
              34.64753817368444
            ],
            [
              -118.77673789052253,
              34.64754218527254
            ],
            [
              -118.77692588901024,
              34.64755918518297
            ],
            [
              -118.777017406942,
              34.64757183506725
            ],
            [
              -118.77710660308884,
              34.6475929674904
            ],
            [
              -118.77719233015823,
              34.64762231063449
            ],
            [
              -118.77727812965404,
              34.647656510402264
            ],
            [
              -118.7773514641792,
              34.64768965934165
            ],
            [
              -118.77742032326121,
              34.64772881899504
            ],
            [
              -118.7774839881422,
              34.64777358061323
            ],
            [
              -118.7775417942784,
              34.647823476973116
            ],
            [
              -118.77759313827664,
              34.64787798725426
            ],
            [
              -118.77763333845226,
              34.647925487029994
            ],
            [
              -118.77767756511633,
              34.6479838652496
            ],
            [
              -118.77771437567569,
              34.648045658958225
            ],
            [
              -118.77774338812904,
              34.648110226919854
            ],
            [
              -118.77776430139414,
              34.64817689910847
            ],
            [
              -118.77777689843276,
              34.648244983660796
            ],
            [
              -118.77778104850358,
              34.648313774055715
            ],
            [
              -118.77777670851988,
              34.64838255644574
            ],
            [
              -118.77776392349739,
              34.648450617064746
            ],
            [
              -118.77775275142157,
              34.648495029522586
            ],
            [
              -118.7777679809276,
              34.64850587843363
            ],
            [
              -118.77782205043582,
              34.64854808390152
            ],
            [
              -118.77787125865542,
              34.64859417279846
            ],
            [
              -118.7779151989226,
              34.64864376424648
            ],
            [
              -118.77795350810578,
              34.64869644842201
            ],
            [
              -118.77797337566578,
              34.648726817534204
            ],
            [
              -118.77802429327384,
              34.64874119187065
            ],
            [
              -118.77809519120265,
              34.64876765959683
            ],
            [
              -118.77816272667593,
              34.64879957255995
            ],
            [
              -118.77822628906782,
              34.64883664221853
            ],
            [
              -118.7786337878923,
              34.64909914058989
            ],
            [
              -118.77870004891058,
              34.64914676136739
            ],
            [
              -118.77875975244906,
              34.64919997655002
            ],
            [
              -118.77881221073811,
              34.64925817312326
            ],
            [
              -118.77885681946627,
              34.649320680688064
            ],
            [
              -118.77889306474194,
              34.64938677918324
            ],
            [
              -118.77915346888216,
              34.64993867744419
            ],
            [
              -118.77917576647937,
              34.649992528807594
            ],
            [
              -118.77919250438057,
              34.6500477391477
            ],
            [
              -118.77922191389175,
              34.65016558697714
            ],
            [
              -118.77927527054915,
              34.65018453368201
            ],
            [
              -118.77934735784503,
              34.65021759436339
            ],
            [
              -118.77941505303185,
              34.65025648245497
            ],
            [
              -118.77947766873962,
              34.650300803094126
            ],
            [
              -118.77983816837445,
              34.650583201457295
            ],
            [
              -118.77989737803756,
              34.650634728047116
            ],
            [
              -118.7799497169987,
              34.65069110525054
            ],
            [
              -118.77999460717236,
              34.65075171039432
            ],
            [
              -118.78003155273983,
              34.65081587410731
            ],
            [
              -118.78019679495125,
              34.651146610162364
            ],
            [
              -118.78041839693795,
              34.65127314131116
            ],
            [
              -118.78047817945837,
              34.651310740561975
            ],
            [
              -118.78053353660101,
              34.651352712808865
            ],
            [
              -118.78058400163046,
              34.65139870417395
            ],
            [
              -118.78062914905584,
              34.65144832689269
            ],
            [
              -118.78066859821816,
              34.6515011625831
            ],
            [
              -118.7807020165,
              34.65155676577306
            ],
            [
              -118.78072912213024,
              34.651614667656055
            ],
            [
              -118.78074269319045,
              34.65164815092572
            ],
            [
              -118.78093632247212,
              34.65163046698666
            ],
            [
              -118.78102024632831,
              34.651626393106866
            ],
            [
              -118.78110423303609,
              34.65162945729078
            ],
            [
              -118.78118739591204,
              34.65163962718782
            ],
            [
              -118.78126885696982,
              34.65165679542939
            ],
            [
              -118.78134775618888,
              34.65168078076226
            ],
            [
              -118.7814232605933,
              34.65171132996215
            ],
            [
              -118.78149457304544,
              34.65174812050685
            ],
            [
              -118.78185865614897,
              34.65195817583949
            ],
            [
              -118.78214101037335,
              34.65195817571245
            ],
            [
              -118.78216304138992,
              34.6519542648225
            ],
            [
              -118.78216831167552,
              34.65194810148169
            ],
            [
              -118.78222330231348,
              34.65189602061904
            ],
            [
              -118.78228443990558,
              34.651848851344205
            ],
            [
              -118.7823510855239,
              34.65180708659883
            ],
            [
              -118.7824225426823,
              34.65177116284384
            ],
            [
              -118.78249806461487,
              34.65174145549848
            ],
            [
              -118.78270406338243,
              34.65167085606073
            ],
            [
              -118.78277825270854,
              34.65164882758999
            ],
            [
              -118.78285466306293,
              34.651632801614156
            ],
            [
              -118.78293258509568,
              34.65162292690854
            ],
            [
              -118.78301129542436,
              34.65161929514351
            ],
            [
              -118.78309006334919,
              34.651621940033685
            ],
            [
              -118.78316815763581,
              34.65163083702493
            ],
            [
              -118.78324485330327,
              34.651645903522336
            ],
            [
              -118.7833194383537,
              34.6516669996569
            ],
            [
              -118.78335132927884,
              34.651678963944484
            ],
            [
              -118.7835649835979,
              34.65148712874266
            ],
            [
              -118.78361967006433,
              34.651442438059746
            ],
            [
              -118.78367919291505,
              34.651402188243786
            ],
            [
              -118.78374302618005,
              34.65136673495496
            ],
            [
              -118.78381060580337,
              34.65133639146924
            ],
            [
              -118.78388133462727,
              34.651311425910436
            ],
            [
              -118.78395458766857,
              34.65129205888106
            ],
            [
              -118.78402971764109,
              34.65127846151326
            ],
            [
              -118.7841060606748,
              34.651270753956666
            ],
            [
              -118.78418294218156,
              34.651269004316866
            ],
            [
              -118.78431334112115,
              34.65127110433258
            ],
            [
              -118.78439254912676,
              34.65127556359019
            ],
            [
              -118.78447086124876,
              34.6512863458261
            ],
            [
              -118.78454754013597,
              34.651303349519175
            ],
            [
              -118.78463873948638,
              34.65132754935386
            ],
            [
              -118.78471847245322,
              34.6513525645211
            ],
            [
              -118.78479462118801,
              34.65138430266126
            ],
            [
              -118.78485792086838,
              34.651414202462355
            ],
            [
              -118.78492558595809,
              34.651449913805436
            ],
            [
              -118.78504198553502,
              34.651518213370615
            ],
            [
              -118.78509524042508,
              34.65155227010113
            ],
            [
              -118.78514492596769,
              34.65158983045133
            ],
            [
              -118.7851879259461,
              34.651625130250615
            ],
            [
              -118.78524764435811,
              34.65167980974964
            ],
            [
              -118.78529981092099,
              34.65173953290975
            ],
            [
              -118.78534380652872,
              34.651803590962594
            ],
            [
              -118.78537910904078,
              34.6518712236936
            ],
            [
              -118.78540320945862,
              34.651925323530456
            ],
            [
              -118.78542761387298,
              34.65198990397295
            ],
            [
              -118.78544408595005,
              34.65205617658232
            ],
            [
              -118.78545246073797,
              34.65212347777883
            ],
            [
              -118.78545265436118,
              34.652191133681974
            ],
            [
              -118.78544961787746,
              34.652243711773416
            ],
            [
              -118.78546204583616,
              34.652484431578166
            ],
            [
              -118.78563764524283,
              34.65304341465212
            ],
            [
              -118.7856541038222,
              34.653109017312474
            ],
            [
              -118.78566262471446,
              34.65317564394827
            ],
            [
              -118.78566312423422,
              34.65324264035457
            ],
            [
              -118.78565559745734,
              34.65330934869402
            ],
            [
              -118.78564011827018,
              34.65337511395638
            ],
            [
              -118.78561683864474,
              34.65343929038982
            ],
            [
              -118.78551384064787,
              34.653679290973336
            ],
            [
              -118.78547765278103,
              34.653750436284994
            ],
            [
              -118.78543188945213,
              34.65381771036158
            ],
            [
              -118.78540100624144,
              34.653852984827175
            ],
            [
              -118.78542190124577,
              34.653916389690714
            ],
            [
              -118.78543551925382,
              34.65398451330179
            ],
            [
              -118.78544065845566,
              34.65405342939059
            ],
            [
              -118.78543726523456,
              34.654122419245205
            ],
            [
              -118.78542537495665,
              34.65419076338266
            ],
            [
              -118.78540511160305,
              34.654257749052285
            ],
            [
              -118.7853976890405,
              34.654274703665365
            ],
            [
              -118.78540471226292,
              34.65427811532453
            ],
            [
              -118.7854671927533,
              34.65431541953904
            ],
            [
              -118.78552514781786,
              34.65435741687793
            ],
            [
              -118.78557806308397,
              34.654403734603946
            ],
            [
              -118.78562546890622,
              34.65445396163469
            ],
            [
              -118.78566694453467,
              34.65450765219099
            ],
            [
              -118.78568849442368,
              34.65453868060819
            ],
            [
              -118.78571183481479,
              34.65454161752002
            ],
            [
              -118.78578891895312,
              34.65455776988508
            ],
            [
              -118.78586374148912,
              34.65458002959862
            ],
            [
              -118.78593559563217,
              34.65460818639037
            ],
            [
              -118.7860038026299,
              34.654641974284836
            ],
            [
              -118.78606771817961,
              34.6546810741137
            ],
            [
              -118.78612673851413,
              34.654725116530464
            ],
            [
              -118.78642713837009,
              34.65497221512641
            ],
            [
              -118.78648105816526,
              34.65502113616103
            ],
            [
              -118.78652893280479,
              34.655074178265416
            ],
            [
              -118.7865703037394,
              34.65513083340828
            ],
            [
              -118.78660477470912,
              34.65519055895218
            ],
            [
              -118.78663201553896,
              34.65525278285046
            ],
            [
              -118.78665176530158,
              34.655316909126284
            ],
            [
              -118.78666383481726,
              34.65538232358058
            ],
            [
              -118.78666810846627,
              34.65544839967478
            ],
            [
              -118.78666454529704,
              34.65551450453165
            ],
            [
              -118.78665317941912,
              34.65558000499699
            ],
            [
              -118.78663411967713,
              34.65564427370401
            ],
            [
              -118.78660754860896,
              34.65570669508232
            ],
            [
              -118.78644612388071,
              34.65603381836826
            ],
            [
              -118.78711660968038,
              34.65592471729471
            ],
            [
              -118.78718579065648,
              34.65591598065141
            ],
            [
              -118.7872556220532,
              34.655912161030024
            ],
            [
              -118.78732559301338,
              34.65591328637293
            ],
            [
              -118.78822145024856,
              34.65595941701472
            ],
            [
              -118.78867979675539,
              34.65592230109167
            ],
            [
              -118.78875661433415,
              34.65591908209395
            ],
            [
              -118.78883345829274,
              34.655921837780646
            ],
            [
              -118.78890964959147,
              34.65593054380031
            ],
            [
              -118.78898451495752,
              34.65594512322076
            ],
            [
              -118.78905739283415,
              34.65596544720882
            ],
            [
              -118.78912763922615,
              34.65599133616874
            ],
            [
              -118.78919463339027,
              34.656022561329074
            ],
            [
              -118.78925778332014,
              34.65605884676421
            ],
            [
              -118.7893165309775,
              34.65609987183238
            ],
            [
              -118.78970273050365,
              34.65639637009989
            ],
            [
              -118.78976058413109,
              34.65644553266425
            ],
            [
              -118.78981211389,
              34.65649928471207
            ],
            [
              -118.78985678971611,
              34.65655707333189
            ],
            [
              -118.78989415204397,
              34.65661830408957
            ],
            [
              -118.78992381653477,
              34.65668234714278
            ],
            [
              -118.78994547803006,
              34.65674854371944
            ],
            [
              -118.78995891369169,
              34.656816212893986
            ],
            [
              -118.78996398529439,
              34.656884658591494
            ],
            [
              -118.78996064064879,
              34.65695317674766
            ],
            [
              -118.78988579677568,
              34.65763055933888
            ],
            [
              -118.78990090820464,
              34.65764656897632
            ],
            [
              -118.78994415310235,
              34.657703137475536
            ],
            [
              -118.78998041985463,
              34.657762960897685
            ],
            [
              -118.79000935328014,
              34.65782545338202
            ],
            [
              -118.79003067001192,
              34.65789000292793
            ],
            [
              -118.79004416127306,
              34.65795597738827
            ],
            [
              -118.79004969492202,
              34.658022730659916
            ],
            [
              -118.79004962090367,
              34.658024728189126
            ],
            [
              -118.79010227744038,
              34.65806642630634
            ],
            [
              -118.7901570586893,
              34.65811983429469
            ],
            [
              -118.79020486261824,
              34.658177636849686
            ],
            [
              -118.79024517666706,
              34.65823921422194
            ],
            [
              -118.79041263997823,
              34.658530048612334
            ],
            [
              -118.79080428891308,
              34.658446730714104
            ],
            [
              -118.79088872509573,
              34.658432636837205
            ],
            [
              -118.7909744865012,
              34.658425955968966
            ],
            [
              -118.79106062265132,
              34.658426762151585
            ],
            [
              -118.79248203954148,
              34.65850201256041
            ],
            [
              -118.79325765329773,
              34.658470429906465
            ],
            [
              -118.79347929649897,
              34.6584410274245
            ],
            [
              -118.79355196349496,
              34.65843412366607
            ],
            [
              -118.79362508626765,
              34.658432609747294
            ],
            [
              -118.79369808049178,
              34.658436497765514
            ],
            [
              -118.7937703628692,
              34.65844575665106
            ],
            [
              -118.79418168470079,
              34.6585141241736
            ],
            [
              -118.79422302490099,
              34.65849799302898
            ],
            [
              -118.7942980144034,
              34.658475808495425
            ],
            [
              -118.794375258941,
              34.65845975369662
            ],
            [
              -118.7944540265802,
              34.6584499807597
            ],
            [
              -118.7945252346219,
              34.65844693845365
            ],
            [
              -118.79456335177753,
              34.65841640589919
            ],
            [
              -118.7946281550437,
              34.65837408140882
            ],
            [
              -118.79469779224881,
              34.65833737128932
            ],
            [
              -118.79477155373004,
              34.658306649644636
            ],
            [
              -118.79484868779777,
              34.65828222955111
            ],
            [
              -118.79492840839558,
              34.658264359867196
            ],
            [
              -118.79500990311041,
              34.658253222697546
            ],
            [
              -118.79509234145101,
              34.65824893153749
            ],
            [
              -118.79517488331079,
              34.65825153011643
            ],
            [
              -118.79525668752845,
              34.658260991952346
            ],
            [
              -118.79533692045936,
              34.65827722062157
            ],
            [
              -118.79550851921282,
              34.658319620333344
            ],
            [
              -118.79554839061112,
              34.658331211196
            ],
            [
              -118.79567356064251,
              34.65826667802015
            ],
            [
              -118.79574521479404,
              34.65823373715011
            ],
            [
              -118.79582049902466,
              34.65820688755939
            ],
            [
              -118.79589865731703,
              34.658186398874605
            ],
            [
              -118.79597890479421,
              34.65817247684503
            ],
            [
              -118.79674693069566,
              34.65807212572874
            ],
            [
              -118.7969841754182,
              34.65795864699946
            ],
            [
              -118.79705371299157,
              34.65792895992274
            ],
            [
              -118.79712636513236,
              34.65790489877375
            ],
            [
              -118.79720146706482,
              34.65788668371357
            ],
            [
              -118.79727833159907,
              34.65787448141095
            ],
            [
              -118.79735625541856,
              34.65786840351731
            ],
            [
              -118.79743452551497,
              34.65786850564526
            ],
            [
              -118.79751242571196,
              34.65787478685978
            ],
            [
              -118.7975892432176,
              34.65788718968681
            ],
            [
              -118.7976642751461,
              34.6579056006391
            ],
            [
              -118.79773683494881,
              34.6579298512546
            ],
            [
              -118.79774758722326,
              34.65793447724138
            ],
            [
              -118.79774360430834,
              34.65789529924709
            ],
            [
              -118.79774511652457,
              34.657826413090426
            ],
            [
              -118.79775510491194,
              34.65775801175223
            ],
            [
              -118.7977734657318,
              34.657690805501716
            ],
            [
              -118.79780000830841,
              34.65762549219679
            ],
            [
              -118.79783445700996,
              34.65756275003763
            ],
            [
              -118.7979889586763,
              34.657315650898376
            ],
            [
              -118.79802966669716,
              34.657257766162495
            ],
            [
              -118.79807710300567,
              34.65720349188831
            ],
            [
              -118.79813080249188,
              34.65715336021654
            ],
            [
              -118.79819023864043,
              34.657107862670074
            ],
            [
              -118.79825482869299,
              34.657067445335066
            ],
            [
              -118.79832393936199,
              34.65703250448733
            ],
            [
              -118.79839689303982,
              34.657003382707416
            ],
            [
              -118.79847297444216,
              34.656980365521754
            ],
            [
              -118.79855143762096,
              34.65696367860358
            ],
            [
              -118.7986315132775,
              34.65695348556033
            ],
            [
              -118.79904351000894,
              34.656918185944036
            ],
            [
              -118.7991178418251,
              34.6569146313863
            ],
            [
              -118.79919225692234,
              34.65691667493497
            ],
            [
              -118.79926613912527,
              34.65692429966847
            ],
            [
              -118.7993388766707,
              34.656937442451635
            ],
            [
              -118.79969077404914,
              34.657015041929824
            ],
            [
              -118.7997716145421,
              34.657036640964044
            ],
            [
              -118.79984930880069,
              34.657065050406075
            ],
            [
              -118.79992301915208,
              34.65709996395563
            ],
            [
              -118.79999195087369,
              34.65714100518726
            ],
            [
              -118.80005536076139,
              34.657187731608644
            ],
            [
              -118.80011256514217,
              34.65723963943109
            ],
            [
              -118.80013483318633,
              34.65726462456486
            ],
            [
              -118.80046525670684,
              34.657036266883466
            ],
            [
              -118.80053561614623,
              34.6569927271367
            ],
            [
              -118.80061122192329,
              34.656955675511306
            ],
            [
              -118.80164121682229,
              34.65651087884052
            ],
            [
              -118.80171609042429,
              34.656482414753555
            ],
            [
              -118.80179404944914,
              34.656460319118196
            ],
            [
              -118.80187430294025,
              34.656444816111176
            ],
            [
              -118.80195603666374,
              34.656436063021744
            ],
            [
              -118.80203842136882,
              34.656434148655975
            ],
            [
              -118.80212062120063,
              34.65643909243595
            ],
            [
              -118.80220180218001,
              34.65645084420267
            ],
            [
              -118.80228114066423,
              34.65646928472493
            ],
            [
              -118.8023578317029,
              34.65649422690902
            ],
            [
              -118.80243109720428,
              34.656525417696756
            ],
            [
              -118.80346099209142,
              34.65701961441789
            ],
            [
              -118.80352772019141,
              34.65705532389899
            ],
            [
              -118.80358993954525,
              34.65709621580062
            ],
            [
              -118.80364706279403,
              34.657141904101856
            ],
            [
              -118.8036985506837,
              34.657191957503045
            ],
            [
              -118.80374391715561,
              34.65724590349704
            ],
            [
              -118.80378273393511,
              34.657303232829626
            ],
            [
              -118.80381463457474,
              34.657363404306594
            ],
            [
              -118.80383931791403,
              34.65742584990253
            ],
            [
              -118.80385655092277,
              34.65748998012285
            ],
            [
              -118.8038661709016,
              34.657555189568555
            ],
            [
              -118.80386808701836,
              34.65762086265129
            ],
            [
              -118.80386228116637,
              34.657686379404375
            ],
            [
              -118.80384880813595,
              34.65775112133552
            ],
            [
              -118.80382779509792,
              34.657814477265475
            ],
            [
              -118.80358750030543,
              34.65842157862181
            ],
            [
              -118.80356111612963,
              34.65847920622918
            ],
            [
              -118.8035284926622,
              34.658534609878515
            ],
            [
              -118.80348990081185,
              34.65858732947086
            ],
            [
              -118.8034456610535,
              34.65863692719617
            ],
            [
              -118.80339614076703,
              34.65868299116909
            ],
            [
              -118.80270291732646,
              34.65927147968707
            ],
            [
              -118.80257149508287,
              34.65954412828075
            ],
            [
              -118.8024860222285,
              34.660044413971576
            ],
            [
              -118.80247292368593,
              34.660102569294835
            ],
            [
              -118.80245372347044,
              34.660159556018
            ],
            [
              -118.80242856853985,
              34.66021493792956
            ],
            [
              -118.80239765143406,
              34.660268291101346
            ],
            [
              -118.80223905304271,
              34.66051379198146
            ],
            [
              -118.80218971208649,
              34.660580557888416
            ],
            [
              -118.80213136782982,
              34.660642167542996
            ],
            [
              -118.80136966936601,
              34.661357071295726
            ],
            [
              -118.80129039547671,
              34.66142196010135
            ],
            [
              -118.8008477949622,
              34.66173786204058
            ],
            [
              -118.80078587265298,
              34.661777931078234
            ],
            [
              -118.80071958058592,
              34.661812902794935
            ],
            [
              -118.80064953122289,
              34.661842454089424
            ],
            [
              -118.8005763717413,
              34.66186631193889
            ],
            [
              -118.80056604890285,
              34.6618687623165
            ]
          ],
          [
            [
              -118.76660915409929,
              34.64867496835168
            ],
            [
              -118.76658116073621,
              34.64863884428818
            ],
            [
              -118.76654347241592,
              34.64857711612919
            ],
            [
              -118.76653457402425,
              34.648557871112445
            ],
            [
              -118.76637354763487,
              34.64860868649635
            ],
            [
              -118.76632173833359,
              34.64863721526345
            ],
            [
              -118.7662498623265,
              34.64866876412327
            ],
            [
              -118.76617454905858,
              34.64869425552436
            ],
            [
              -118.76610742771017,
              34.64871076083722
            ],
            [
              -118.76611361078959,
              34.64877119421607
            ],
            [
              -118.76611273152494,
              34.64883580155878
            ],
            [
              -118.7661043939658,
              34.64890004454997
            ],
            [
              -118.76608867423262,
              34.64896333652993
            ],
            [
              -118.76606571585978,
              34.649025099522184
            ],
            [
              -118.76603572848553,
              34.64908476951146
            ],
            [
              -118.7660278295232,
              34.64909703035274
            ],
            [
              -118.76602934911485,
              34.64910570733828
            ],
            [
              -118.76608196094561,
              34.64919229354181
            ],
            [
              -118.76611414686664,
              34.64925237896741
            ],
            [
              -118.76613912312044,
              34.649314762548514
            ],
            [
              -118.7661470901821,
              34.64934389031698
            ],
            [
              -118.76614967982545,
              34.64934150050731
            ],
            [
              -118.76619858070906,
              34.64930323432847
            ],
            [
              -118.76652368035893,
              34.649069035758565
            ],
            [
              -118.76654911635337,
              34.649052533330384
            ],
            [
              -118.7665477032215,
              34.64903642310476
            ],
            [
              -118.76654937386085,
              34.648972853240025
            ],
            [
              -118.76655826319359,
              34.648909694173916
            ],
            [
              -118.76657429258628,
              34.648847504484024
            ],
            [
              -118.76659732025963,
              34.64878683417356
            ],
            [
              -118.76660324377875,
              34.64877346452947
            ],
            [
              -118.76660316833615,
              34.64877125258081
            ],
            [
              -118.76660474680416,
              34.648706110962515
            ],
            [
              -118.76660915409929,
              34.64867496835168
            ]
          ]
        ]
      }
    }
  ]
}