{
  "type": "FeatureCollection",
  "features": [
    {
      "type": "Feature",
      "properties": {
        "reservoir_name": "STAMPEDE",
        "cdec_station_id": "STP",
        "source": "osm_tight_polygon_75m_buffer"
      },
      "geometry": {
        "type": "Polygon",
        "coordinates": [
          [
            [
              -120.18017457293561,
              39.462507989439146
            ],
            [
              -120.1802090284783,
              39.46248138251452
            ],
            [
              -120.18027648110208,
              39.46243445356803
            ],
            [
              -120.18034985873085,
              39.46239321081757
            ],
            [
              -120.180428367152,
              39.46235810065528
            ],
            [
              -120.18227375462072,
              39.461629206451974
            ],
            [
              -120.18237265130516,
              39.46159594560484
            ],
            [
              -120.18284464742965,
              39.4614634466641
            ],
            [
              -120.18292124915702,
              39.461444987478
            ],
            [
              -120.1829997165102,
              39.46143206811709
            ],
            [
              -120.18307938423176,
              39.461424798114116
            ],
            [
              -120.1831595768882,
              39.46142323910585
            ],
            [
              -120.18323961459572,
              39.46142740431045
            ],
            [
              -120.18331881878397,
              39.461437258415486
            ],
            [
              -120.18339651794847,
              39.46145271787716
            ],
            [
              -120.18395441341681,
              39.461585216496495
            ],
            [
              -120.18399124231495,
              39.46159466335889
            ],
            [
              -120.18459203771039,
              39.46176036169264
            ],
            [
              -120.18468836607023,
              39.461792101811774
            ],
            [
              -120.18546086134539,
              39.46209029907552
            ],
            [
              -120.18554589590103,
              39.46212788563441
            ],
            [
              -120.1856249541059,
              39.46217262929757
            ],
            [
              -120.1859359535201,
              39.46237032780644
            ],
            [
              -120.18635455598869,
              39.462636427869946
            ],
            [
              -120.18640938416291,
              39.46267439064435
            ],
            [
              -120.18645988810243,
              39.46271580134775
            ],
            [
              -120.18650570817931,
              39.46276036511021
            ],
            [
              -120.18664050895025,
              39.46290346432623
            ],
            [
              -120.18684908032932,
              39.46312493763026
            ],
            [
              -120.18689820074476,
              39.46318317596302
            ],
            [
              -120.18693932948136,
              39.463245022968145
            ],
            [
              -120.18697202989617,
              39.463309822081
            ],
            [
              -120.18699595481792,
              39.463376885395505
            ],
            [
              -120.18701085023348,
              39.4634455009668
            ],
            [
              -120.18701655798549,
              39.46351494036907
            ],
            [
              -120.18701301745251,
              39.46358446642851
            ],
            [
              -120.18697012190789,
              39.463948866906364
            ],
            [
              -120.18695691149891,
              39.46401953887168
            ],
            [
              -120.18693414720683,
              39.4640887344397
            ],
            [
              -120.186902083551,
              39.46415567987592
            ],
            [
              -120.18686107903781,
              39.46421962660438
            ],
            [
              -120.18647478266185,
              39.46474972924152
            ],
            [
              -120.18643267037291,
              39.46480182782092
            ],
            [
              -120.18638461977693,
              39.46485074186292
            ],
            [
              -120.18633102911986,
              39.464896065953795
            ],
            [
              -120.18627234256779,
              39.46493742443382
            ],
            [
              -120.18620904652589,
              39.46497447451084
            ],
            [
              -120.18531684230467,
              39.465448878122345
            ],
            [
              -120.18524458783169,
              39.46548340987571
            ],
            [
              -120.18516834081375,
              39.46551232760349
            ],
            [
              -120.18508882504379,
              39.465535356796465
            ],
            [
              -120.18409046346976,
              39.4657822528403
            ],
            [
              -120.18320780037054,
              39.46603865819538
            ],
            [
              -120.18262492196143,
              39.46623143107677
            ],
            [
              -120.18253001505602,
              39.466257898821176
            ],
            [
              -120.18243179752393,
              39.46627568724668
            ],
            [
              -120.18149016943826,
              39.46640219157724
            ],
            [
              -120.18079514291328,
              39.46655549404189
            ],
            [
              -120.18023453255428,
              39.466892122521315
            ],
            [
              -120.17987606947366,
              39.467232726873746
            ],
            [
              -120.17980112093248,
              39.46752197127151
            ],
            [
              -120.18027456942505,
              39.46835734270137
            ],
            [
              -120.18046901742346,
              39.46862753590588
            ],
            [
              -120.18050198801703,
              39.46867825149895
            ],
            [
              -120.18052934431684,
              39.4687309348724
            ],
            [
              -120.18078685033186,
              39.469294133278375
            ],
            [
              -120.18081453164982,
              39.469367688202254
            ],
            [
              -120.18083128469146,
              39.469443200018986
            ],
            [
              -120.1808368937589,
              39.46951969666454
            ],
            [
              -120.18083689748225,
              39.46981779679799
            ],
            [
              -120.18083256692285,
              39.469885049032406
            ],
            [
              -120.1808196166214,
              39.46995163268143
            ],
            [
              -120.18079817531121,
              39.47001688574169
            ],
            [
              -120.18076845614843,
              39.47008015943734
            ],
            [
              -120.18073075459381,
              39.47014082467061
            ],
            [
              -120.1806854454757,
              39.47019827827691
            ],
            [
              -120.18063297926409,
              39.4702519490219
            ],
            [
              -120.18057387759214,
              39.47030130328139
            ],
            [
              -120.18050872807022,
              39.47034585034712
            ],
            [
              -120.18043817844362,
              39.47038514730602
            ],
            [
              -120.18036293015238,
              39.47041880344414
            ],
            [
              -120.18028373135682,
              39.47044648413163
            ],
            [
              -120.18020136949856,
              39.470467914150106
            ],
            [
              -120.18011666347084,
              39.47048288042919
            ],
            [
              -120.18003045547586,
              39.47049123416515
            ],
            [
              -120.17994360265044,
              39.470492892300534
            ],
            [
              -120.17985696854306,
              39.47048783834992
            ],
            [
              -120.17977141452718,
              39.47047612256393
            ],
            [
              -120.17968779123606,
              39.47045786142944
            ],
            [
              -120.17960693010464,
              39.47043323651129
            ],
            [
              -120.17952963510224,
              39.47040249264685
            ],
            [
              -120.17945667473849,
              39.470365935511474
            ],
            [
              -120.179388774422,
              39.4703239285791
            ],
            [
              -120.17932660924765,
              39.47027688950798
            ],
            [
              -120.17889305887573,
              39.46991438840519
            ],
            [
              -120.17853923890688,
              39.46974626143405
            ],
            [
              -120.17827691969602,
              39.469688409751996
            ],
            [
              -120.17785709350895,
              39.46976941548047
            ],
            [
              -120.17729649657774,
              39.46992402735033
            ],
            [
              -120.17717449632607,
              39.46995011298772
            ],
            [
              -120.17687099603641,
              39.469996936001706
            ],
            [
              -120.17637796128459,
              39.47019995483765
            ],
            [
              -120.17576979527476,
              39.47051296682994
            ],
            [
              -120.17569459933146,
              39.47054758440408
            ],
            [
              -120.17561530439272,
              39.47057618472408
            ],
            [
              -120.17553270944848,
              39.470598479607375
            ],
            [
              -120.1750160017729,
              39.470715775185674
            ],
            [
              -120.17456557846327,
              39.471063423897945
            ],
            [
              -120.17402051869274,
              39.47159646479096
            ],
            [
              -120.17367864094878,
              39.47218294334802
            ],
            [
              -120.1736226484959,
              39.472263840096765
            ],
            [
              -120.17319345157003,
              39.47279394291806
            ],
            [
              -120.17314057458785,
              39.47285218597981
            ],
            [
              -120.17308007746747,
              39.472905789399896
            ],
            [
              -120.17301263301019,
              39.472954157029726
            ],
            [
              -120.1729389912865,
              39.4729967509494
            ],
            [
              -120.17285997129447,
              39.47303309745058
            ],
            [
              -120.17204456588411,
              39.47336440007928
            ],
            [
              -120.17198068166373,
              39.47338784720856
            ],
            [
              -120.1719145553697,
              39.47340720391789
            ],
            [
              -120.17050813959587,
              39.47376908624444
            ],
            [
              -120.1695616503141,
              39.47403206413622
            ],
            [
              -120.16879553724243,
              39.47446214686488
            ],
            [
              -120.1684603064358,
              39.474755457459295
            ],
            [
              -120.16846158327948,
              39.47476827188945
            ],
            [
              -120.16867010930189,
              39.47509021768073
            ],
            [
              -120.16891030834823,
              39.47539925372715
            ],
            [
              -120.16895004810658,
              39.47545643474999
            ],
            [
              -120.16898251628952,
              39.47551630991571
            ],
            [
              -120.16900741255853,
              39.47557832540042
            ],
            [
              -120.16902450661057,
              39.47564190758139
            ],
            [
              -120.16903364030927,
              39.47570646834293
            ],
            [
              -120.16903472914812,
              39.47577141051607
            ],
            [
              -120.16902776303326,
              39.475836133402254
            ],
            [
              -120.1690128063775,
              39.47590003832959
            ],
            [
              -120.16898999750525,
              39.47596253419062
            ],
            [
              -120.16895954737412,
              39.47602304290985
            ],
            [
              -120.1689217376239,
              39.476081004791205
            ],
            [
              -120.16887691797241,
              39.47613588369513
            ],
            [
              -120.16882550298098,
              39.47618717199813
            ],
            [
              -120.16876796822015,
              39.476234395288365
            ],
            [
              -120.16870484587106,
              39.476277116754254
            ],
            [
              -120.16863671980289,
              39.476314941225034
            ],
            [
              -120.16856422017197,
              39.47634751882648
            ],
            [
              -120.16848801759282,
              39.47637454821727
            ],
            [
              -120.1684088169347,
              39.47639577937672
            ],
            [
              -120.1678582683615,
              39.47652073980614
            ],
            [
              -120.16769975330973,
              39.47662564281375
            ],
            [
              -120.16763300504549,
              39.47666565188131
            ],
            [
              -120.16756157616402,
              39.476700469814176
            ],
            [
              -120.16748613652209,
              39.47672977008911
            ],
            [
              -120.1674073935922,
              39.47675327792742
            ],
            [
              -120.1673260858276,
              39.47677077287201
            ],
            [
              -120.16724297573651,
              39.47678209085491
            ],
            [
              -120.16715884273077,
              39.476787125736145
            ],
            [
              -120.16707447581578,
              39.47678583029903
            ],
            [
              -120.16699066619053,
              39.47677821669312
            ],
            [
              -120.16690819982706,
              39.47676435632011
            ],
            [
              -120.16682785009897,
              39.4767443791642
            ],
            [
              -120.166750370528,
              39.476718472573
            ],
            [
              -120.16667648771718,
              39.476686879500306
            ],
            [
              -120.16660689453612,
              39.476649896227556
            ],
            [
              -120.16654224362308,
              39.47660786958499
            ],
            [
              -120.16648314126445,
              39.47656119369895
            ],
            [
              -120.16643014170889,
              39.47651030629533
            ],
            [
              -120.16610383947682,
              39.47616394501237
            ],
            [
              -120.16583431812276,
              39.475914328245196
            ],
            [
              -120.16569688356344,
              39.47587185817386
            ],
            [
              -120.16484777246217,
              39.47576262752684
            ],
            [
              -120.16386415869445,
              39.47579306391229
            ],
            [
              -120.16377832187459,
              39.47579244016658
            ],
            [
              -120.16312247515694,
              39.47576259215506
            ],
            [
              -120.16268018904915,
              39.4758005516729
            ],
            [
              -120.16215041404993,
              39.47613732508932
            ],
            [
              -120.16209341486986,
              39.47617062791391
            ],
            [
              -120.16203308957155,
              39.47620020327119
            ],
            [
              -120.16132688513233,
              39.47651580521137
            ],
            [
              -120.16064136314122,
              39.47707432568465
            ],
            [
              -120.16059016724496,
              39.477112758450716
            ],
            [
              -120.16053508944167,
              39.47714781994771
            ],
            [
              -120.16047649825306,
              39.47717927557861
            ],
            [
              -120.16000439571518,
              39.47741117737193
            ],
            [
              -120.15993137944436,
              39.47744333030285
            ],
            [
              -120.1598547083142,
              39.47746988668627
            ],
            [
              -120.15977509448754,
              39.47749059985176
            ],
            [
              -120.15969327746272,
              39.47750527740396
            ],
            [
              -120.15936223123335,
              39.47755176843591
            ],
            [
              -120.15933739818827,
              39.47756241671725
            ],
            [
              -120.15929205423171,
              39.47763241986163
            ],
            [
              -120.15922968743261,
              39.47784911329835
            ],
            [
              -120.15920629536404,
              39.477914658941785
            ],
            [
              -120.15917451515797,
              39.477978048920896
            ],
            [
              -120.15913466909787,
              39.47803864035359
            ],
            [
              -120.15908716127166,
              39.47809581873832
            ],
            [
              -120.15903247347437,
              39.47814900418634
            ],
            [
              -120.15897116032222,
              39.478197657303234
            ],
            [
              -120.15890384362825,
              39.47824128465949
            ],
            [
              -120.15883120609607,
              39.478279443795095
            ],
            [
              -120.15875398439579,
              39.478311747707174
            ],
            [
              -120.15867296169289,
              39.4783378687752
            ],
            [
              -120.15858895970479,
              39.478357542083856
            ],
            [
              -120.15850283036673,
              39.47837056810995
            ],
            [
              -120.15841544719082,
              39.478376814746106
            ],
            [
              -120.15832769640635,
              39.478376218640655
            ],
            [
              -120.15824046797083,
              39.47836878584016
            ],
            [
              -120.1581546465436,
              39.47835459172803
            ],
            [
              -120.15807110251272,
              39.4783337802599
            ],
            [
              -120.15799068316721,
              39.47830656250351
            ],
            [
              -120.1577331815926,
              39.47820716159042
            ],
            [
              -120.15765204211152,
              39.47817151838723
            ],
            [
              -120.15757628327752,
              39.478129358627186
            ],
            [
              -120.1575067730104,
              39.47808116531413
            ],
            [
              -120.15717328041721,
              39.47782375094365
            ],
            [
              -120.15679051788034,
              39.477718248592126
            ],
            [
              -120.15632990944404,
              39.47762343641989
            ],
            [
              -120.15621281877364,
              39.47777837643196
            ],
            [
              -120.15617495130321,
              39.477824152534
            ],
            [
              -120.1561324542171,
              39.47786741918588
            ],
            [
              -120.15554428229748,
              39.47841868826053
            ],
            [
              -120.15504120379438,
              39.478936424407976
            ],
            [
              -120.15498438030676,
              39.478989100692154
            ],
            [
              -120.15492094846834,
              39.479037033316466
            ],
            [
              -120.15485156397402,
              39.47907972679277
            ],
            [
              -120.1547769440563,
              39.479116739790285
            ],
            [
              -120.15469786007107,
              39.479147689698
            ],
            [
              -120.15431165718026,
              39.47928019075954
            ],
            [
              -120.1542385371695,
              39.47930228194938
            ],
            [
              -120.1541677527391,
              39.479318153096465
            ],
            [
              -120.15409391655714,
              39.47977375386478
            ],
            [
              -120.1540794524032,
              39.479837847773524
            ],
            [
              -120.15405709553325,
              39.47990056540023
            ],
            [
              -120.15402705348556,
              39.479961324480676
            ],
            [
              -120.15398960514905,
              39.480019560932185
            ],
            [
              -120.15394509817452,
              39.48007473409069
            ],
            [
              -120.15389394574774,
              39.480126331730474
            ],
            [
              -120.15383662275376,
              39.48017387481979
            ],
            [
              -120.1537736613684,
              39.48021692196858
            ],
            [
              -120.1537056461176,
              39.480255073526386
            ],
            [
              -120.1536332084507,
              39.48028797529314
            ],
            [
              -120.1535570208778,
              39.480315321807645
            ],
            [
              -120.1534777907259,
              39.48033685918372
            ],
            [
              -120.15339625357166,
              39.48035238746753
            ],
            [
              -120.15331316641169,
              39.48036176249402
            ],
            [
              -120.15322930063407,
              39.48036489722543
            ],
            [
              -120.15305769897222,
              39.480364897165344
            ],
            [
              -120.15297270434802,
              39.48036167721488
            ],
            [
              -120.15288852027379,
              39.48035204825558
            ],
            [
              -120.15280594955358,
              39.48033610211294
            ],
            [
              -120.15272577960451,
              39.480313990854796
            ],
            [
              -120.15264877494708,
              39.480285925341164
            ],
            [
              -120.15257566991421,
              39.480252173213046
            ],
            [
              -120.15253723738503,
              39.480232397233394
            ],
            [
              -120.15246361316719,
              39.48023239716719
            ],
            [
              -120.15160535363378,
              39.48044438189817
            ],
            [
              -120.15051233626383,
              39.48092246136042
            ],
            [
              -120.15000269386152,
              39.48134381544748
            ],
            [
              -120.1499385658277,
              39.48139167950343
            ],
            [
              -120.1498684699255,
              39.48143422287978
            ],
            [
              -120.14979313790842,
              39.48147100144757
            ],
            [
              -120.14971335619576,
              39.4815016312588
            ],
            [
              -120.14962995766277,
              39.48152579255489
            ],
            [
              -120.14954381294523,
              39.48154323310497
            ],
            [
              -120.14945582134985,
              39.481553770839334
            ],
            [
              -120.14936690146524,
              39.481557295750214
            ],
            [
              -120.14921167880865,
              39.48155729582151
            ],
            [
              -120.14896340160755,
              39.48164440311733
            ],
            [
              -120.14866881682693,
              39.48178654862988
            ],
            [
              -120.14858828419507,
              39.48182097686121
            ],
            [
              -120.14850351748403,
              39.48184863578026
            ],
            [
              -120.1484154609798,
              39.481869217271274
            ],
            [
              -120.14832509561913,
              39.481882492059995
            ],
            [
              -120.14823342806095,
              39.481888312267884
            ],
            [
              -120.14814147947153,
              39.48188661305954
            ],
            [
              -120.14770306867484,
              39.48186052380169
            ],
            [
              -120.14732805830452,
              39.481918432754384
            ],
            [
              -120.14671579801559,
              39.482207245369175
            ],
            [
              -120.14597046275168,
              39.482622704597446
            ],
            [
              -120.14591174059605,
              39.48265272599973
            ],
            [
              -120.14585008473736,
              39.4826789789906
            ],
            [
              -120.1454209817665,
              39.48284458030977
            ],
            [
              -120.14534689761594,
              39.48286991396274
            ],
            [
              -120.14527009870129,
              39.48288980938258
            ],
            [
              -120.14519124816644,
              39.4829040947764
            ],
            [
              -120.14511102687199,
              39.482912646792904
            ],
            [
              -120.1448158106285,
              39.48293334519717
            ],
            [
              -120.14446286391058,
              39.4830800530506
            ],
            [
              -120.14396562089749,
              39.48335416662981
            ],
            [
              -120.14379246363934,
              39.483487831083
            ],
            [
              -120.14365456213197,
              39.483736165807265
            ],
            [
              -120.14362510052025,
              39.48396363900439
            ],
            [
              -120.14361259338554,
              39.48402840690821
            ],
            [
              -120.1435920488762,
              39.48409193145051
            ],
            [
              -120.14356366019048,
              39.48415361518749
            ],
            [
              -120.14352769430265,
              39.484212877986536
            ],
            [
              -120.14348448945267,
              39.484269162482526
            ],
            [
              -120.14343445196577,
              39.48432193931996
            ],
            [
              -120.14337805243122,
              39.48437071213184
            ],
            [
              -120.14331582127681,
              39.484415022208296
            ],
            [
              -120.14324834378033,
              39.48445445281088
            ],
            [
              -120.143176254565,
              39.4844886330924
            ],
            [
              -120.14310023163058,
              39.48451724158492
            ],
            [
              -120.14279982933557,
              39.48461664238165
            ],
            [
              -120.14271760229076,
              39.48464013745306
            ],
            [
              -120.14263274568194,
              39.48465711402688
            ],
            [
              -120.14254611771734,
              39.48466740040896
            ],
            [
              -120.14245859452143,
              39.484670892567394
            ],
            [
              -120.14237106127325,
              39.48466755518461
            ],
            [
              -120.1422844032533,
              39.484657422014706
            ],
            [
              -120.14219949688928,
              39.4846405955418
            ],
            [
              -120.14211720089155,
              39.484617245943596
            ],
            [
              -120.14203834756783,
              39.48458760937
            ],
            [
              -120.14196373440497,
              39.48455198555458
            ],
            [
              -120.14189411600299,
              39.48451073478292
            ],
            [
              -120.14183019644334,
              39.4844642742486
            ],
            [
              -120.1417726221678,
              39.48441307383349
            ],
            [
              -120.141721975441,
              39.48435765135533
            ],
            [
              -120.14167876846173,
              39.484298567330455
            ],
            [
              -120.14138245443503,
              39.48384116641955
            ],
            [
              -120.14100340845005,
              39.483285305998
            ],
            [
              -120.14070970781223,
              39.48302085939151
            ],
            [
              -120.14025788007855,
              39.48290462605381
            ],
            [
              -120.13978217484454,
              39.48286788436952
            ],
            [
              -120.13938553925404,
              39.483051567496084
            ],
            [
              -120.13930251537825,
              39.48308545499292
            ],
            [
              -120.13921527067363,
              39.4831122283206
            ],
            [
              -120.13912481675781,
              39.483131577037646
            ],
            [
              -120.13903220246279,
              39.48314327679239
            ],
            [
              -120.13893850167238,
              39.483147191924566
            ],
            [
              -120.13866605175834,
              39.483147191962146
            ],
            [
              -120.13833670000948,
              39.48321497567412
            ],
            [
              -120.13802152813817,
              39.48343619750341
            ],
            [
              -120.13797929690418,
              39.48346399781794
            ],
            [
              -120.13776469618736,
              39.483596398789
            ],
            [
              -120.13769095522048,
              39.48363722618957
            ],
            [
              -120.13761214102038,
              39.48367189810639
            ],
            [
              -120.1375291060253,
              39.48370003953319
            ],
            [
              -120.13744274832854,
              39.48372134609637
            ],
            [
              -120.13735400196398,
              39.48373558734727
            ],
            [
              -120.13679609667152,
              39.4838018877857
            ],
            [
              -120.13675979183786,
              39.48380559891349
            ],
            [
              -120.13615486111176,
              39.48385743916776
            ],
            [
              -120.13590465395262,
              39.48396144191359
            ],
            [
              -120.13590465601662,
              39.484128096827504
            ],
            [
              -120.1358999406022,
              39.48419825757533
            ],
            [
              -120.13588584365185,
              39.48426765897785
            ],
            [
              -120.13586251772266,
              39.48433554983788
            ],
            [
              -120.13583021526792,
              39.48440119530621
            ],
            [
              -120.13578928590543,
              39.484463884835726
            ],
            [
              -120.13574017263423,
              39.48452293987273
            ],
            [
              -120.13568340704022,
              39.484577721201916
            ],
            [
              -120.13538042237437,
              39.48484081606053
            ],
            [
              -120.13522921868748,
              39.48501586216221
            ],
            [
              -120.13513816044753,
              39.485250200586876
            ],
            [
              -120.13511120328879,
              39.48530944135121
            ],
            [
              -120.13507725891563,
              39.48536648483419
            ],
            [
              -120.13503662102823,
              39.48542083744567
            ],
            [
              -120.13498964124734,
              39.48547202887825
            ],
            [
              -120.1349367260721,
              39.485519616177044
            ],
            [
              -120.1348783333629,
              39.48556318757257
            ],
            [
              -120.13481496837979,
              39.48560236604417
            ],
            [
              -120.13474717941031,
              39.485636812582364
            ],
            [
              -120.13467555302535,
              39.485666229122565
            ],
            [
              -120.13402192615685,
              39.48590518775797
            ],
            [
              -120.13359917657125,
              39.486274882901405
            ],
            [
              -120.13334168453352,
              39.48678281126544
            ],
            [
              -120.13341213405164,
              39.48754418609569
            ],
            [
              -120.13358008569945,
              39.48871035606204
            ],
            [
              -120.13369654402945,
              39.489309711855164
            ],
            [
              -120.1338488867511,
              39.48969175458776
            ],
            [
              -120.13387163898878,
              39.48976195031982
            ],
            [
              -120.13388456488829,
              39.4898336296225
            ],
            [
              -120.13388751594024,
              39.489905969121274
            ],
            [
              -120.13388045821499,
              39.489978137855466
            ],
            [
              -120.1338634727538,
              39.4900493068234
            ],
            [
              -120.13365422193898,
              39.49072210633258
            ],
            [
              -120.13370974018639,
              39.49090789038364
            ],
            [
              -120.13376889788687,
              39.49100899215994
            ],
            [
              -120.13385657474673,
              39.4910848294006
            ],
            [
              -120.13390544580066,
              39.491131064267854
            ],
            [
              -120.13394884984451,
              39.491180465899006
            ],
            [
              -120.13398644693008,
              39.49123264738582
            ],
            [
              -120.13401794258662,
              39.49128720004763
            ],
            [
              -120.13404309012746,
              39.491343696631844
            ],
            [
              -120.134069990921,
              39.49141409646829
            ],
            [
              -120.13409160108718,
              39.49148419925745
            ],
            [
              -120.13410344524478,
              39.4915556873113
            ],
            [
              -120.13410538843962,
              39.49162774626658
            ],
            [
              -120.13409740850487,
              39.49169955525402
            ],
            [
              -120.1340904747379,
              39.491727092683746
            ],
            [
              -120.13411216988843,
              39.491749576179615
            ],
            [
              -120.13415575742513,
              39.491805210573155
            ],
            [
              -120.13419223038458,
              39.49186383766835
            ],
            [
              -120.13422124996912,
              39.49192491290775
            ],
            [
              -120.1342425466095,
              39.49198786899285
            ],
            [
              -120.13425592246959,
              39.49205212115324
            ],
            [
              -120.13426132293216,
              39.49208942113004
            ],
            [
              -120.13426672297395,
              39.492158847192734
            ],
            [
              -120.13426287776278,
              39.49222833537676
            ],
            [
              -120.13424982806188,
              39.49229714853895
            ],
            [
              -120.13422771227849,
              39.49236455669476
            ],
            [
              -120.13419676499659,
              39.49242984476221
            ],
            [
              -120.13415731448958,
              39.492492320147946
            ],
            [
              -120.13414761293502,
              39.49250436156292
            ],
            [
              -120.1343115801667,
              39.49290385259238
            ],
            [
              -120.13432921486474,
              39.49295323074114
            ],
            [
              -120.13434196714942,
              39.49300350265802
            ],
            [
              -120.13441177135155,
              39.493347102296404
            ],
            [
              -120.13441814544804,
              39.4933856808143
            ],
            [
              -120.1344693586386,
              39.49378713003448
            ],
            [
              -120.13452462446864,
              39.494062411673866
            ],
            [
              -120.13453398725827,
              39.4941339672458
            ],
            [
              -120.13453347452791,
              39.49420588848709
            ],
            [
              -120.13452277626989,
              39.49434668863014
            ],
            [
              -120.13451407958478,
              39.49441002781755
            ],
            [
              -120.13447118214386,
              39.49462532822698
            ],
            [
              -120.13445295665149,
              39.49469336658583
            ],
            [
              -120.13442580314843,
              39.49475959359528
            ],
            [
              -120.1343900091335,
              39.49482330799
            ],
            [
              -120.13426944813735,
              39.49501089370049
            ],
            [
              -120.13425876490814,
              39.4950394496521
            ],
            [
              -120.1342611901542,
              39.49512653632631
            ],
            [
              -120.13426087418677,
              39.49516439887925
            ],
            [
              -120.1342501771745,
              39.49540449906769
            ],
            [
              -120.13424261341687,
              39.49547295443073
            ],
            [
              -120.13422611088887,
              39.49554046002018
            ],
            [
              -120.13420084039343,
              39.49560631704181
            ],
            [
              -120.13416706349862,
              39.49566984376495
            ],
            [
              -120.13412512983076,
              39.495730382579715
            ],
            [
              -120.13407547345591,
              39.4957873068046
            ],
            [
              -120.13396287387604,
              39.495903207491146
            ],
            [
              -120.13394960060327,
              39.49591652141554
            ],
            [
              -120.13390945491264,
              39.49595576956906
            ],
            [
              -120.13394968128402,
              39.49603186631798
            ],
            [
              -120.13397747834813,
              39.49609255073671
            ],
            [
              -120.13399768872134,
              39.496155010521896
            ],
            [
              -120.13406199170232,
              39.49640341015988
            ],
            [
              -120.13407562294114,
              39.49647672564535
            ],
            [
              -120.13407880789018,
              39.496550756754424
            ],
            [
              -120.1340735102651,
              39.496741156880326
            ],
            [
              -120.13406828465912,
              39.49680184991363
            ],
            [
              -120.1340560309364,
              39.49686193240477
            ],
            [
              -120.13403684850452,
              39.496920916850804
            ],
            [
              -120.13401089299094,
              39.49697832465708
            ],
            [
              -120.13391615435661,
              39.49716103888455
            ],
            [
              -120.13400929876784,
              39.497382397803754
            ],
            [
              -120.13403471270142,
              39.49745702384664
            ],
            [
              -120.13412061661998,
              39.497784023361056
            ],
            [
              -120.13413302861144,
              39.497845766403614
            ],
            [
              -120.13413802088188,
              39.4979081339747
            ],
            [
              -120.13413555066447,
              39.49797059204585
            ],
            [
              -120.1341256390908,
              39.49803260581233
            ],
            [
              -120.13410837101056,
              39.49809364427231
            ],
            [
              -120.1340653723653,
              39.49821784463149
            ],
            [
              -120.1340357420507,
              39.49828789837066
            ],
            [
              -120.13399643184178,
              39.49835503239316
            ],
            [
              -120.13394791019235,
              39.49841844662789
            ],
            [
              -120.13383024672554,
              39.49855467781938
            ],
            [
              -120.13381605066103,
              39.498577119614595
            ],
            [
              -120.13381487260192,
              39.49858832345139
            ],
            [
              -120.13380489300911,
              39.49878917813866
            ],
            [
              -120.13379706723309,
              39.498857119586695
            ],
            [
              -120.13378043436387,
              39.49892410278545
            ],
            [
              -120.13375516408593,
              39.498989444288625
            ],
            [
              -120.1336639660535,
              39.49918814500139
            ],
            [
              -120.13363861993308,
              39.49923719846657
            ],
            [
              -120.13356919893815,
              39.49935766367093
            ],
            [
              -120.13358790618804,
              39.49944251730982
            ],
            [
              -120.1336561759973,
              39.49972224278216
            ],
            [
              -120.13366788775016,
              39.49978756119715
            ],
            [
              -120.13368939007232,
              39.49997386112179
            ],
            [
              -120.13369283097657,
              39.500038901497625
            ],
            [
              -120.13368817254174,
              39.500103896357516
            ],
            [
              -120.13367545803237,
              39.50016824175728
            ],
            [
              -120.13365480557245,
              39.500231339785984
            ],
            [
              -120.13360187771752,
              39.50036553117601
            ],
            [
              -120.13356828287021,
              39.50057620027008
            ],
            [
              -120.1335541440693,
              39.500637701634155
            ],
            [
              -120.13355657803628,
              39.50064333435767
            ],
            [
              -120.13357870704533,
              39.50070374247973
            ],
            [
              -120.13359349753128,
              39.50076548186066
            ],
            [
              -120.1336008215851,
              39.50082801865689
            ],
            [
              -120.13360061585726,
              39.500890812128375
            ],
            [
              -120.13359288210634,
              39.50095331931418
            ],
            [
              -120.13357148349304,
              39.50106921952271
            ],
            [
              -120.13355114750208,
              39.50114668552196
            ],
            [
              -120.13351926520868,
              39.50122177960158
            ],
            [
              -120.13339046757872,
              39.50147428058165
            ],
            [
              -120.13335001527766,
              39.501542288161176
            ],
            [
              -120.13330009229665,
              39.50160640790753
            ],
            [
              -120.13324131247278,
              39.501665851393675
            ],
            [
              -120.13298921286844,
              39.50189345283581
            ],
            [
              -120.13295361310948,
              39.50192368868935
            ],
            [
              -120.13265321304372,
              39.50216379029667
            ],
            [
              -120.13258618951531,
              39.50221201751963
            ],
            [
              -120.13251301107827,
              39.502254537837466
            ],
            [
              -120.13226620986126,
              39.50238283881945
            ],
            [
              -120.13218438511385,
              39.50242052621252
            ],
            [
              -120.13209774341784,
              39.50245107657652
            ],
            [
              -120.1320073181053,
              39.50247412555189
            ],
            [
              -120.13155131403978,
              39.50256932628947
            ],
            [
              -120.13149478339099,
              39.502579576845335
            ],
            [
              -120.13102312724479,
              39.50265235713251
            ],
            [
              -120.13068873303847,
              39.502711017898
            ],
            [
              -120.13053884442829,
              39.50280546847489
            ],
            [
              -120.13051510744579,
              39.50281990437562
            ],
            [
              -120.13013420598168,
              39.503043406038636
            ],
            [
              -120.13010975629719,
              39.503057241272884
            ],
            [
              -120.12979865489096,
              39.503226942558356
            ],
            [
              -120.12973285200827,
              39.5032595224435
            ],
            [
              -120.12966354919381,
              39.50328740918588
            ],
            [
              -120.12959130269783,
              39.50331037895524
            ],
            [
              -120.12951669239963,
              39.5033282473869
            ],
            [
              -120.12929139037836,
              39.50337374773745
            ],
            [
              -120.12921437689741,
              39.50338645359073
            ],
            [
              -120.12898907476904,
              39.50341545378883
            ],
            [
              -120.12891092083463,
              39.503422722416914
            ],
            [
              -120.12883223913488,
              39.503424499685515
            ],
            [
              -120.12875367128476,
              39.503420771102405
            ],
            [
              -120.12867585797049,
              39.503411567073236
            ],
            [
              -120.12854175677028,
              39.503390866833946
            ],
            [
              -120.12845725555832,
              39.50337438247515
            ],
            [
              -120.12837530110426,
              39.50335144470266
            ],
            [
              -120.12829671240455,
              39.50332228274244
            ],
            [
              -120.12822227481769,
              39.50328718802058
            ],
            [
              -120.12815273221544,
              39.50324651125062
            ],
            [
              -120.12808877954875,
              39.50320065892862
            ],
            [
              -120.12789557973535,
              39.50304755790441
            ],
            [
              -120.12787579620951,
              39.503031353493206
            ],
            [
              -120.12770949653289,
              39.50289055258938
            ],
            [
              -120.12764360622207,
              39.50282755393396
            ],
            [
              -120.12758793773477,
              39.50275889145794
            ],
            [
              -120.12749143886214,
              39.50262229086728
            ],
            [
              -120.12748430456227,
              39.50261198070734
            ],
            [
              -120.12739689879075,
              39.502482994925764
            ],
            [
              -120.12738959889028,
              39.502475717641424
            ],
            [
              -120.12714671004191,
              39.50249105399178
            ],
            [
              -120.12707532945414,
              39.502493285626635
            ],
            [
              -120.12700395270262,
              39.50249098157902
            ],
            [
              -120.12693305921186,
              39.502484157325284
            ],
            [
              -120.12654685567897,
              39.50243445672423
            ],
            [
              -120.12646979150492,
              39.502421742616164
            ],
            [
              -120.12639452416643,
              39.50240368945392
            ],
            [
              -120.1263216686565,
              39.50238044474699
            ],
            [
              -120.12606946701851,
              39.502289443892614
            ],
            [
              -120.12606132029977,
              39.50228646454871
            ],
            [
              -120.12579311859712,
              39.50218706362286
            ],
            [
              -120.12572599717328,
              39.50215933658669
            ],
            [
              -120.12566225172168,
              39.50212718170691
            ],
            [
              -120.1254821905691,
              39.50202742464663
            ],
            [
              -120.12532524092981,
              39.501954760919055
            ],
            [
              -120.12525004918054,
              39.501915706389084
            ],
            [
              -120.12518049153563,
              39.50187082095853
            ],
            [
              -120.12511731823378,
              39.50182058876354
            ],
            [
              -120.12506121064752,
              39.50176555160935
            ],
            [
              -120.1249968110532,
              39.501695151232006
            ],
            [
              -120.12495378125386,
              39.50164323757718
            ],
            [
              -120.12491704693035,
              39.50158849819345
            ],
            [
              -120.12488691468843,
              39.501531389990504
            ],
            [
              -120.1248636360245,
              39.501472389649365
            ],
            [
              -120.12485327170546,
              39.501433820703866
            ],
            [
              -120.12482989724508,
              39.50140248601728
            ],
            [
              -120.12479292550665,
              39.50134718365899
            ],
            [
              -120.12476268766784,
              39.501289477717606
            ],
            [
              -120.1247394409107,
              39.501229859032826
            ],
            [
              -120.12472338295035,
              39.501168834712594
            ],
            [
              -120.1247233618556,
              39.50116868515883
            ],
            [
              -120.12465068605218,
              39.50116868514045
            ],
            [
              -120.12461024117349,
              39.50117769893745
            ],
            [
              -120.12460147483296,
              39.501189462109366
            ],
            [
              -120.12455380691772,
              39.50124140800573
            ],
            [
              -120.12450002977181,
              39.50128964099708
            ],
            [
              -120.12444062243624,
              39.50133373141912
            ],
            [
              -120.12426892203116,
              39.50144963224613
            ],
            [
              -120.12425797922215,
              39.50145689641451
            ],
            [
              -120.12411857884058,
              39.50154789707095
            ],
            [
              -120.12403539920977,
              39.50159594104559
            ],
            [
              -120.12394544011124,
              39.501635988045116
            ],
            [
              -120.12367713825148,
              39.50173948886977
            ],
            [
              -120.12360579662324,
              39.50176398663941
            ],
            [
              -120.12353191271889,
              39.501783443274874
            ],
            [
              -120.12345607870495,
              39.50179770283483
            ],
            [
              -120.12337890237873,
              39.50180665103177
            ],
            [
              -120.12309634175733,
              39.50182945085494
            ],
            [
              -120.12308087529343,
              39.501832903868
            ],
            [
              -120.12299961964952,
              39.50187161614383
            ],
            [
              -120.12293588577673,
              39.501899200068536
            ],
            [
              -120.12286939589423,
              39.50192255555092
            ],
            [
              -120.12267089433335,
              39.50198465604867
            ],
            [
              -120.1225848469408,
              39.502007606554685
            ],
            [
              -120.12249617975696,
              39.50202348189013
            ],
            [
              -120.12240585925925,
              39.502032109013776
            ],
            [
              -120.12231486994746,
              39.502033393890414
            ],
            [
              -120.12215926844678,
              39.502029293796156
            ],
            [
              -120.12207530946428,
              39.5020239257926
            ],
            [
              -120.1219924115206,
              39.50201230396314
            ],
            [
              -120.12191134895264,
              39.50199453686636
            ],
            [
              -120.12183287895168,
              39.50197079046279
            ],
            [
              -120.12175773449013,
              39.501941286564445
            ],
            [
              -120.1216866174744,
              39.50190630076276
            ],
            [
              -120.12162019218827,
              39.50186615985413
            ],
            [
              -120.12152007756343,
              39.501799388103485
            ],
            [
              -120.12137246966543,
              39.50171124892656
            ],
            [
              -120.12131146602131,
              39.50167123797197
            ],
            [
              -120.1212554498571,
              39.50162706615379
            ],
            [
              -120.12120489218412,
              39.5015791048987
            ],
            [
              -120.12116021811231,
              39.501527757496596
            ],
            [
              -120.1211218032759,
              39.50147345570933
            ],
            [
              -120.12101450481306,
              39.50130375504633
            ],
            [
              -120.12100791844426,
              39.501291925074014
            ],
            [
              -120.12097421673325,
              39.501315248211384
            ],
            [
              -120.12090983318159,
              39.50135216621673
            ],
            [
              -120.12066313196537,
              39.50148046719848
            ],
            [
              -120.12060014790902,
              39.50151030568459
            ],
            [
              -120.120534130462,
              39.50153590812211
            ],
            [
              -120.12020767363823,
              39.50164938396837
            ],
            [
              -120.12018053196981,
              39.50166252180633
            ],
            [
              -120.12016857487114,
              39.50168287285288
            ],
            [
              -120.12012516983633,
              39.50174075156274
            ],
            [
              -120.1200745813236,
              39.50179501681017
            ],
            [
              -120.12001730640013,
              39.50184513538526
            ],
            [
              -120.1199539078373,
              39.50189061482237
            ],
            [
              -120.1198850085811,
              39.50193100823932
            ],
            [
              -120.11981128563119,
              39.50196591872876
            ],
            [
              -120.11973346338837,
              39.50199500325844
            ],
            [
              -120.11965230653635,
              39.50201797604219
            ],
            [
              -120.11941090445123,
              39.50207597649965
            ],
            [
              -120.119289430208,
              39.502097923579484
            ],
            [
              -120.11915532893755,
              39.50211442369006
            ],
            [
              -120.119066201497,
              39.5021217752994
            ],
            [
              -120.11897657074293,
              39.502121997520376
            ],
            [
              -120.11888738439623,
              39.50211508800428
            ],
            [
              -120.11879958547807,
              39.50210111981064
            ],
            [
              -120.11871410233807,
              39.50208024063448
            ],
            [
              -120.1185853013721,
              39.502043040263395
            ],
            [
              -120.11849397044993,
              39.50201194176995
            ],
            [
              -120.11840782463439,
              39.50197296232153
            ],
            [
              -120.11832799236582,
              39.501926612522915
            ],
            [
              -120.11818849214887,
              39.501835511843964
            ],
            [
              -120.11813108047765,
              39.50179447226962
            ],
            [
              -120.11807864219587,
              39.50174961551658
            ],
            [
              -120.11803159846119,
              39.501701301860614
            ],
            [
              -120.11799032710155,
              39.50164991934144
            ],
            [
              -120.11795515958086,
              39.501595880645915
            ],
            [
              -120.11786396108992,
              39.501438580080226
            ],
            [
              -120.11783768725024,
              39.50138786579612
            ],
            [
              -120.11771439012793,
              39.50111886503418
            ],
            [
              -120.11768902020536,
              39.501053085124504
            ],
            [
              -120.11767240266163,
              39.50098564956935
            ],
            [
              -120.11766470923068,
              39.50091725538611
            ],
            [
              -120.11765391213476,
              39.500685455411734
            ],
            [
              -120.11765334516646,
              39.500661096669944
            ],
            [
              -120.11765334813472,
              39.500423950336845
            ],
            [
              -120.11764803001682,
              39.50033337394915
            ],
            [
              -120.1176047348523,
              39.50021258890956
            ],
            [
              -120.11758695580785,
              39.50015245826739
            ],
            [
              -120.11757633390322,
              39.50009132158249
            ],
            [
              -120.11754943684436,
              39.499855421490054
            ],
            [
              -120.11754628765733,
              39.4998115697363
            ],
            [
              -120.11754493859921,
              39.49976624268584
            ],
            [
              -120.117514907541,
              39.49974509422676
            ],
            [
              -120.11744808344483,
              39.49969259571956
            ],
            [
              -120.11738904557966,
              39.49963476599327
            ],
            [
              -120.11733849775207,
              39.4995722944728
            ],
            [
              -120.11729704254873,
              39.49950592591873
            ],
            [
              -120.11724344353956,
              39.49940662558593
            ],
            [
              -120.11721456230208,
              39.49934482843855
            ],
            [
              -120.11719357209604,
              39.49928114885614
            ],
            [
              -120.11718942631683,
              39.49926027311181
            ],
            [
              -120.1171172328429,
              39.49923611123476
            ],
            [
              -120.11711265020593,
              39.49923456541141
            ],
            [
              -120.11679614805442,
              39.49912696438362
            ],
            [
              -120.11672191155995,
              39.49909839131086
            ],
            [
              -120.11665151431257,
              39.49906448402875
            ],
            [
              -120.11658559300591,
              39.499025549208454
            ],
            [
              -120.116413892733,
              39.49891374837405
            ],
            [
              -120.11636036953564,
              39.49887584449783
            ],
            [
              -120.11631109838333,
              39.49883462500864
            ],
            [
              -120.1162664202941,
              39.498790375203896
            ],
            [
              -120.1161591209459,
              39.49867447457708
            ],
            [
              -120.11611616565361,
              39.49862334804932
            ],
            [
              -120.11607934118805,
              39.498569426850594
            ],
            [
              -120.11604894805829,
              39.49851315103124
            ],
            [
              -120.11602523428557,
              39.49845497985648
            ],
            [
              -120.1160083933796,
              39.498395388058285
            ],
            [
              -120.11599856275983,
              39.49833486196095
            ],
            [
              -120.11598786405057,
              39.498231461928576
            ],
            [
              -120.11598535102728,
              39.49816057156371
            ],
            [
              -120.11599244798923,
              39.49808986793526
            ],
            [
              -120.1160090766363,
              39.49802013082192
            ],
            [
              -120.11603505354647,
              39.49795212934058
            ],
            [
              -120.11607009219986,
              39.49788661346409
            ],
            [
              -120.11612369291392,
              39.49779961385119
            ],
            [
              -120.11616211369699,
              39.49774407723563
            ],
            [
              -120.11620704868228,
              39.49769155685261
            ],
            [
              -120.1162581066232,
              39.49764250997859
            ],
            [
              -120.11631484296555,
              39.49759736364661
            ],
            [
              -120.11637676371828,
              39.49755651092843
            ],
            [
              -120.11652166319207,
              39.49746961157108
            ],
            [
              -120.11662853741406,
              39.49741475390979
            ],
            [
              -120.11667577574069,
              39.49739420935872
            ],
            [
              -120.11667254873095,
              39.49738534294966
            ],
            [
              -120.11665761886121,
              39.497321098280835
            ],
            [
              -120.11665076532555,
              39.49725603694472
            ],
            [
              -120.1166520521444,
              39.49719076691011
            ],
            [
              -120.11666146727036,
              39.49712589809434
            ],
            [
              -120.1166882687901,
              39.49699749834735
            ],
            [
              -120.1167040234897,
              39.496938730301046
            ],
            [
              -120.11672645148596,
              39.496881278253845
            ],
            [
              -120.11675537557262,
              39.496825596100116
            ],
            [
              -120.11679056722339,
              39.49677212375031
            ],
            [
              -120.1168602678704,
              39.49667692422637
            ],
            [
              -120.11691176503305,
              39.49661477315314
            ],
            [
              -120.1169164382427,
              39.49660975917319
            ],
            [
              -120.11693224331293,
              39.49655510515192
            ],
            [
              -120.11696984436914,
              39.49645580545979
            ],
            [
              -120.11700116090094,
              39.496387075323646
            ],
            [
              -120.11704185609437,
              39.49632136053266
            ],
            [
              -120.1170914558285,
              39.49625942665926
            ],
            [
              -120.11714938224965,
              39.49620199522668
            ],
            [
              -120.11725668239038,
              39.49610669583522
            ],
            [
              -120.1173110470148,
              39.496062599794854
            ],
            [
              -120.11737032427793,
              39.496022483164396
            ],
            [
              -120.11743403080295,
              39.49598667307055
            ],
            [
              -120.11750164709748,
              39.49595546152243
            ],
            [
              -120.11757262178982,
              39.495929103030655
            ],
            [
              -120.11764637612453,
              39.49590781253213
            ],
            [
              -120.11795782081009,
              39.49583012214742
            ],
            [
              -120.11798434230755,
              39.49582045037254
            ],
            [
              -120.11795998209331,
              39.49579097793605
            ],
            [
              -120.11784755029478,
              39.49563741028805
            ],
            [
              -120.11772464568669,
              39.49550984394654
            ],
            [
              -120.11768477004888,
              39.49546475814887
            ],
            [
              -120.11764973111525,
              39.49541732155895
            ],
            [
              -120.11756923215255,
              39.4952973210639
            ],
            [
              -120.11753161704205,
              39.495233304281655
            ],
            [
              -120.11750280082327,
              39.49516660329728
            ],
            [
              -120.1174830961157,
              39.49509794179242
            ],
            [
              -120.11747271668025,
              39.49502806471746
            ],
            [
              -120.11746201833742,
              39.49489556469837
            ],
            [
              -120.11746136787951,
              39.494820266759014
            ],
            [
              -120.11747154166987,
              39.49474538083993
            ],
            [
              -120.11749241317293,
              39.49467183807504
            ],
            [
              -120.11752271408034,
              39.49458773832601
            ],
            [
              -120.11754616030599,
              39.49452271221139
            ],
            [
              -120.1175559747114,
              39.49449792659832
            ],
            [
              -120.11749305426082,
              39.49446933179546
            ],
            [
              -120.11742009013469,
              39.4944277253487
            ],
            [
              -120.11732888996299,
              39.494369824911104
            ],
            [
              -120.11726582301222,
              39.494325630087104
            ],
            [
              -120.11720861500204,
              39.49427688385763
            ],
            [
              -120.117157810501,
              39.49422405025441
            ],
            [
              -120.11711389311718,
              39.49416763221699
            ],
            [
              -120.11707728089506,
              39.49410816680492
            ],
            [
              -120.11704832233642,
              39.494046220085096
            ],
            [
              -120.11702729308352,
              39.49398238174297
            ],
            [
              -120.11701439329597,
              39.493917259469114
            ],
            [
              -120.11699829478843,
              39.49379715940422
            ],
            [
              -120.11699412658193,
              39.49370466158136
            ],
            [
              -120.11699952812754,
              39.493580461678185
            ],
            [
              -120.11700645537411,
              39.49351526575346
            ],
            [
              -120.11702149198943,
              39.493450895058594
            ],
            [
              -120.11708579441344,
              39.49323569561471
            ],
            [
              -120.11710351697614,
              39.493185330147085
            ],
            [
              -120.11712620807755,
              39.493136175905306
            ],
            [
              -120.11721210961578,
              39.49297057655633
            ],
            [
              -120.11724227264519,
              39.492918829694936
            ],
            [
              -120.11724676954455,
              39.49291257604978
            ],
            [
              -120.11710300770955,
              39.49281621693367
            ],
            [
              -120.11686860697348,
              39.49268420747939
            ],
            [
              -120.11677327322056,
              39.49263180065942
            ],
            [
              -120.11674886402814,
              39.492630442382236
            ],
            [
              -120.11663117699285,
              39.4926363124288
            ],
            [
              -120.11655692204013,
              39.49264396851281
            ],
            [
              -120.11646526541394,
              39.49266323189142
            ],
            [
              -120.11639395741255,
              39.492675756362196
            ],
            [
              -120.11632154541749,
              39.49268360573645
            ],
            [
              -120.11624853908054,
              39.492686724769065
            ],
            [
              -120.11604203707782,
              39.492688824716005
            ],
            [
              -120.11593472973388,
              39.49268478496733
            ],
            [
              -120.11575087849961,
              39.492669019742635
            ],
            [
              -120.11573970521933,
              39.492669214136775
            ],
            [
              -120.11568841737054,
              39.4926748482693
            ],
            [
              -120.11557051787747,
              39.49269831467768
            ],
            [
              -120.1154594847521,
              39.49272077742778
            ],
            [
              -120.11537664293462,
              39.49273424526914
            ],
            [
              -120.11529250561318,
              39.49274142310481
            ],
            [
              -120.11520786642664,
              39.49274224322956
            ],
            [
              -120.11513276570288,
              39.49274014318285
            ],
            [
              -120.11503350347101,
              39.492732946605976
            ],
            [
              -120.11493595142615,
              39.492717013963976
            ],
            [
              -120.11484138604554,
              39.49269255373847
            ],
            [
              -120.11477438556119,
              39.492671853535555
            ],
            [
              -120.11470606137217,
              39.49264805912432
            ],
            [
              -120.11464062665961,
              39.49261980684036
            ],
            [
              -120.11457856480718,
              39.49258730539305
            ],
            [
              -120.11452033428023,
              39.49255079488129
            ],
            [
              -120.11444783420816,
              39.49250119452057
            ],
            [
              -120.11441781339077,
              39.49247966364986
            ],
            [
              -120.11431591341416,
              39.492403063121245
            ],
            [
              -120.11424477758416,
              39.49234269492028
            ],
            [
              -120.11415627793438,
              39.49225779441935
            ],
            [
              -120.11411033310911,
              39.49220947303899
            ],
            [
              -120.11407010732528,
              39.49215818167774
            ],
            [
              -120.11403591833609,
              39.49210432551562
            ],
            [
              -120.11399031912156,
              39.492023625232704
            ],
            [
              -120.11396475704045,
              39.49197291402117
            ],
            [
              -120.11394455037725,
              39.49192077215356
            ],
            [
              -120.11393646348857,
              39.49189637354041
            ],
            [
              -120.11391207402673,
              39.49185708083601
            ],
            [
              -120.11388516952225,
              39.49180905324134
            ],
            [
              -120.11382552031414,
              39.49169015166863
            ],
            [
              -120.11380217039866,
              39.49164365030923
            ],
            [
              -120.11377116545216,
              39.49156949625375
            ],
            [
              -120.1137362666498,
              39.49146599604568
            ],
            [
              -120.11372499073566,
              39.49142813140519
            ],
            [
              -120.11369819197755,
              39.491324631254614
            ],
            [
              -120.11368391424189,
              39.49124539387802
            ],
            [
              -120.11367940474979,
              39.49120150515733
            ],
            [
              -120.11365590574728,
              39.49119642332007
            ],
            [
              -120.11357935296273,
              39.49117686967544
            ],
            [
              -120.11350545916763,
              39.49115191967514
            ],
            [
              -120.11343485644534,
              39.491121786741786
            ],
            [
              -120.11327189355782,
              39.49104441645967
            ],
            [
              -120.11316722832547,
              39.49099809508579
            ],
            [
              -120.11313450535366,
              39.49099503569122
            ],
            [
              -120.11306137227088,
              39.49098320452267
            ],
            [
              -120.11298981567238,
              39.49096656374959
            ],
            [
              -120.11290256030195,
              39.49094306915736
            ],
            [
              -120.11289457840599,
              39.49094151008926
            ],
            [
              -120.11286211101589,
              39.49094516516598
            ],
            [
              -120.11276918673809,
              39.4909517154525
            ],
            [
              -120.11267589122926,
              39.49095053071423
            ],
            [
              -120.11252298976859,
              39.490942230580956
            ],
            [
              -120.11247976685033,
              39.4909390441927
            ],
            [
              -120.11233417458304,
              39.49092546801864
            ],
            [
              -120.11224074671634,
              39.490918433586884
            ],
            [
              -120.11213753584211,
              39.49091684915799
            ],
            [
              -120.112065065464,
              39.49091339268458
            ],
            [
              -120.11199321792179,
              39.49090527419948
            ],
            [
              -120.11198529444827,
              39.49090384870898
            ],
            [
              -120.11192990962358,
              39.49092122840551
            ],
            [
              -120.11185972868259,
              39.49093807775962
            ],
            [
              -120.11179785231508,
              39.490950744997306
            ],
            [
              -120.11175664842997,
              39.49096511557138
            ],
            [
              -120.11174658079094,
              39.491019961233015
            ],
            [
              -120.11172985896022,
              39.491160635964015
            ],
            [
              -120.11171842892233,
              39.49122387388896
            ],
            [
              -120.1116993408937,
              39.491285992568486
            ],
            [
              -120.11163764266297,
              39.49145159307568
            ],
            [
              -120.11160891559031,
              39.49151622340981
            ],
            [
              -120.11154497814802,
              39.491639429359296
            ],
            [
              -120.11148861155063,
              39.49176047891373
            ],
            [
              -120.11145544706936,
              39.4918220021094
            ],
            [
              -120.11141461379245,
              39.491880691380736
            ],
            [
              -120.11136650977423,
              39.49193597458209
            ],
            [
              -120.11131160395276,
              39.49198731277147
            ],
            [
              -120.1112504315788,
              39.492034205464826
            ],
            [
              -120.11118358899787,
              39.49207619551542
            ],
            [
              -120.11114338883021,
              39.49209899568647
            ],
            [
              -120.11107921670727,
              39.492132116749545
            ],
            [
              -120.11101151747124,
              39.49216071357664
            ],
            [
              -120.11094082102191,
              39.49218456233188
            ],
            [
              -120.11086768072076,
              39.49220347634391
            ],
            [
              -120.11079266905972,
              39.4922173075671
            ],
            [
              -120.11075226868243,
              39.49222330761001
            ],
            [
              -120.11075039544473,
              39.49222358416682
            ],
            [
              -120.11072109517083,
              39.492227884197476
            ],
            [
              -120.11063049474656,
              39.49223739866477
            ],
            [
              -120.11053910641391,
              39.49223950678589
            ],
            [
              -120.11044793592032,
              39.4922341853616
            ],
            [
              -120.11035798661538,
              39.49222149295631
            ],
            [
              -120.11027024840784,
              39.49220156925343
            ],
            [
              -120.11018568687054,
              39.492174633518
            ],
            [
              -120.11010523261342,
              39.49214098218336
            ],
            [
              -120.11002203222064,
              39.492101681845774
            ],
            [
              -120.10995874748284,
              39.4920687641316
            ],
            [
              -120.10989941689306,
              39.492031688031645
            ],
            [
              -120.10982971682232,
              39.49198408768518
            ],
            [
              -120.1097558624999,
              39.491927227146824
            ],
            [
              -120.10969128643606,
              39.491863948564884
            ],
            [
              -120.10962418687842,
              39.4917894481705
            ],
            [
              -120.10958243800523,
              39.491738364247304
            ],
            [
              -120.10954675402162,
              39.4916845916082
            ],
            [
              -120.10951742100664,
              39.49162856137139
            ],
            [
              -120.10949467411912,
              39.49157072275411
            ],
            [
              -120.10946817598294,
              39.491490649351086
            ],
            [
              -120.10944486503539,
              39.49143300812364
            ],
            [
              -120.10941564739261,
              39.491411590404866
            ],
            [
              -120.10936596048114,
              39.491368339179125
            ],
            [
              -120.10923726096817,
              39.49124613845296
            ],
            [
              -120.10923631105796,
              39.49124523491666
            ],
            [
              -120.10914511140848,
              39.49115833440156
            ],
            [
              -120.10910227973896,
              39.49111391329625
            ],
            [
              -120.10906429613577,
              39.49106691916994
            ],
            [
              -120.1090078967419,
              39.49099031882664
            ],
            [
              -120.108973251923,
              39.49093811622585
            ],
            [
              -120.10894458908369,
              39.490883779624575
            ],
            [
              -120.10892212479582,
              39.49082771960908
            ],
            [
              -120.10890602879161,
              39.490770359787334
            ],
            [
              -120.10888992967185,
              39.49069795970126
            ],
            [
              -120.10887995375388,
              39.49063620540928
            ],
            [
              -120.10887735791046,
              39.4905740017609
            ],
            [
              -120.10888216417116,
              39.49051187711963
            ],
            [
              -120.10889433169164,
              39.49045035917642
            ],
            [
              -120.10891074517498,
              39.49039933379605
            ],
            [
              -120.10888456392662,
              39.49039045817194
            ],
            [
              -120.10887301873497,
              39.49038646671904
            ],
            [
              -120.10880861830904,
              39.490363766504416
            ],
            [
              -120.10873668700319,
              39.4903352220705
            ],
            [
              -120.10866847749689,
              39.49030163761639
            ],
            [
              -120.10860457632255,
              39.49026330193777
            ],
            [
              -120.1085455329623,
              39.49022054468591
            ],
            [
              -120.10849185512281,
              39.49017373353263
            ],
            [
              -120.10844400436962,
              39.49012327100858
            ],
            [
              -120.10840239215823,
              39.49006959104168
            ],
            [
              -120.10836737629646,
              39.49001315522552
            ],
            [
              -120.10833787682873,
              39.489959355042465
            ],
            [
              -120.10830774878663,
              39.4898957050432
            ],
            [
              -120.10828600946508,
              39.48983003509293
            ],
            [
              -120.10827287796204,
              39.48976300711403
            ],
            [
              -120.10826848661144,
              39.48969529671516
            ],
            [
              -120.10826848736289,
              39.489635196742746
            ],
            [
              -120.10827227018656,
              39.48957235419388
            ],
            [
              -120.10828358424392,
              39.48951005712679
            ],
            [
              -120.10830233131783,
              39.489448846231475
            ],
            [
              -120.1083345322477,
              39.489361946496544
            ],
            [
              -120.10836136887461,
              39.48930073583801
            ],
            [
              -120.1083956364479,
              39.48924179404676
            ],
            [
              -120.10843702090142,
              39.48918566130013
            ],
            [
              -120.10848514294848,
              39.48913285203054
            ],
            [
              -120.10854144312316,
              39.48907695236812
            ],
            [
              -120.1086068335387,
              39.48901913921311
            ],
            [
              -120.1086802802247,
              39.488967459215004
            ],
            [
              -120.10876083136037,
              39.48892258210228
            ],
            [
              -120.1088574308425,
              39.48887498247009
            ],
            [
              -120.10892402583217,
              39.48884527817536
            ],
            [
              -120.10899373871179,
              39.48882023455118
            ],
            [
              -120.10916263739523,
              39.48876643498201
            ],
            [
              -120.1091805965878,
              39.48876092278808
            ],
            [
              -120.10917348268039,
              39.488650457899055
            ],
            [
              -120.10917296384216,
              39.488592509377796
            ],
            [
              -120.10917885890683,
              39.48853473976532
            ],
            [
              -120.10919112444515,
              39.488477574498084
            ],
            [
              -120.10921252534601,
              39.488398874687356
            ],
            [
              -120.10923451410468,
              39.488334115910085
            ],
            [
              -120.10926467209426,
              39.488271362974935
            ],
            [
              -120.10930270274646,
              39.48821123293893
            ],
            [
              -120.1093482320831,
              39.48815431706646
            ],
            [
              -120.1094008123939,
              39.48810117501542
            ],
            [
              -120.10947331251981,
              39.48803497543249
            ],
            [
              -120.1095331671184,
              39.48798557633603
            ],
            [
              -120.10955128339276,
              39.48797205333972
            ],
            [
              -120.1096217340515,
              39.4878947351498
            ],
            [
              -120.10969693965369,
              39.48779526324308
            ],
            [
              -120.10974964156746,
              39.487733573347
            ],
            [
              -120.10981073629074,
              39.48767672083166
            ],
            [
              -120.10991263632728,
              39.48759182138974
            ],
            [
              -120.10995233161346,
              39.48756082202718
            ],
            [
              -120.1100450738721,
              39.487492934665575
            ],
            [
              -120.110101218235,
              39.48743148323639
            ],
            [
              -120.11014274112785,
              39.4873823238033
            ],
            [
              -120.10999442082513,
              39.48738534765105
            ],
            [
              -120.10991596775402,
              39.48738420886878
            ],
            [
              -120.10983796489256,
              39.487377606753654
            ],
            [
              -120.10976104461639,
              39.48736559483025
            ],
            [
              -120.10962154341715,
              39.4873386945349
            ],
            [
              -120.10952658202318,
              39.48731585354108
            ],
            [
              -120.10943559651918,
              39.48728477952273
            ],
            [
              -120.10933629592743,
              39.48724547916403
            ],
            [
              -120.10926610472362,
              39.48721443886584
            ],
            [
              -120.10919992632803,
              39.4871784936392
            ],
            [
              -120.10913832987916,
              39.48713795261964
            ],
            [
              -120.10901502984251,
              39.487048851990856
            ],
            [
              -120.10895606075796,
              39.48700189234626
            ],
            [
              -120.10890324268482,
              39.48695072540626
            ],
            [
              -120.10880664325673,
              39.486847224843245
            ],
            [
              -120.1087642970997,
              39.486797349941305
            ],
            [
              -120.10872780141051,
              39.48674477184542
            ],
            [
              -120.10866340235833,
              39.48664127144741
            ],
            [
              -120.1086572539244,
              39.48663117742369
            ],
            [
              -120.1085955548998,
              39.48652767704158
            ],
            [
              -120.10859184941872,
              39.486521376419475
            ],
            [
              -120.10854625017195,
              39.486442776136826
            ],
            [
              -120.10851116444574,
              39.48637188868452
            ],
            [
              -120.10848656968544,
              39.48629839744486
            ],
            [
              -120.10847277675134,
              39.486223231396394
            ],
            [
              -120.10847160554394,
              39.48621257986947
            ],
            [
              -120.10843824194005,
              39.48613976118605
            ],
            [
              -120.1083575385248,
              39.48598692279197
            ],
            [
              -120.10832510880634,
              39.48591382366249
            ],
            [
              -120.10830154961813,
              39.48584883502095
            ],
            [
              -120.10828784220065,
              39.485890107351
            ],
            [
              -120.10823144366887,
              39.486030807806785
            ],
            [
              -120.10820274828234,
              39.48609185778128
            ],
            [
              -120.10814104931167,
              39.48620575824355
            ],
            [
              -120.1081098694716,
              39.486257148929845
            ],
            [
              -120.10800797060567,
              39.486408249645315
            ],
            [
              -120.10798288404277,
              39.486442922954524
            ],
            [
              -120.10785148510361,
              39.48661262383415
            ],
            [
              -120.10780853295992,
              39.48666286859067
            ],
            [
              -120.10770923338671,
              39.48676846920513
            ],
            [
              -120.1076629996373,
              39.48681347599345
            ],
            [
              -120.10761199021158,
              39.4868552704359
            ],
            [
              -120.10750739010312,
              39.486933970975585
            ],
            [
              -120.10743824697634,
              39.486980770807186
            ],
            [
              -120.10736313362047,
              39.48702167459963
            ],
            [
              -120.10728288364908,
              39.48705622839546
            ],
            [
              -120.10719504466363,
              39.487089484878666
            ],
            [
              -120.10719130090258,
              39.48709212029914
            ],
            [
              -120.10712101853078,
              39.48713664541113
            ],
            [
              -120.10706265511111,
              39.48716634917477
            ],
            [
              -120.10705265908254,
              39.487182932465494
            ],
            [
              -120.10700435959932,
              39.48725323280258
            ],
            [
              -120.10695304095849,
              39.487318685693296
            ],
            [
              -120.10689248766354,
              39.487379215006776
            ],
            [
              -120.10682347857241,
              39.48743404217208
            ],
            [
              -120.10675917845793,
              39.487479642491785
            ],
            [
              -120.10668557176753,
              39.48752638462054
            ],
            [
              -120.10661532974132,
              39.48756183298497
            ],
            [
              -120.10662304803064,
              39.487575205087175
            ],
            [
              -120.10665315969558,
              39.4876348031564
            ],
            [
              -120.10667585443034,
              39.487696342470336
            ],
            [
              -120.1066909283468,
              39.48775927021801
            ],
            [
              -120.10669824601378,
              39.487823021114565
            ],
            [
              -120.10670354725818,
              39.487922421120786
            ],
            [
              -120.10670327224517,
              39.4879829363952
            ],
            [
              -120.10669600648711,
              39.48804318959302
            ],
            [
              -120.10668180831728,
              39.48810269682106
            ],
            [
              -120.106660791744,
              39.488160980175856
            ],
            [
              -120.10656429407283,
              39.48838868094549
            ],
            [
              -120.10654184805043,
              39.48843568423985
            ],
            [
              -120.10651496477327,
              39.488481268139196
            ],
            [
              -120.10644516561428,
              39.488588868635425
            ],
            [
              -120.10637952291415,
              39.48867388063775
            ],
            [
              -120.10630442328633,
              39.48875668110988
            ],
            [
              -120.10624487988692,
              39.48881518185629
            ],
            [
              -120.10617738146591,
              39.48886824386938
            ],
            [
              -120.10610274968872,
              39.48891522120757
            ],
            [
              -120.10588023668605,
              39.48904014949234
            ],
            [
              -120.10578589455567,
              39.489097501253994
            ],
            [
              -120.1057035643981,
              39.48917272554922
            ],
            [
              -120.10564727339226,
              39.48925735666973
            ],
            [
              -120.10563172204272,
              39.48927787342012
            ],
            [
              -120.1057252903837,
              39.48936512065698
            ],
            [
              -120.10577585131642,
              39.48941718422354
            ],
            [
              -120.10581970116517,
              39.489472781121655
            ],
            [
              -120.1058564316726,
              39.48953139374651
            ],
            [
              -120.10596373359235,
              39.48972599308079
            ],
            [
              -120.10598602665279,
              39.48977076251709
            ],
            [
              -120.10609862937831,
              39.4900232618231
            ],
            [
              -120.10612651945303,
              39.490100324587495
            ],
            [
              -120.10614244652048,
              39.49017940285539
            ],
            [
              -120.10616394868475,
              39.4903533027752
            ],
            [
              -120.10616792037939,
              39.490416861483425
            ],
            [
              -120.1061641532018,
              39.490480427665794
            ],
            [
              -120.10615268058258,
              39.4905434368701
            ],
            [
              -120.1061336043755,
              39.490605329588554
            ],
            [
              -120.1061070939538,
              39.49066555622606
            ],
            [
              -120.10607338470679,
              39.49072358198068
            ],
            [
              -120.1060327759503,
              39.490778891592726
            ],
            [
              -120.10598562826928,
              39.49083099392029
            ],
            [
              -120.10593236031622,
              39.490879426300836
            ],
            [
              -120.10585726033499,
              39.49094152671043
            ],
            [
              -120.10579648976986,
              39.490987125441144
            ],
            [
              -120.1057302997506,
              39.491027944214956
            ],
            [
              -120.10565931391415,
              39.49106359843609
            ],
            [
              -120.10558420108701,
              39.49109375216906
            ],
            [
              -120.10550566898324,
              39.49111812130393
            ],
            [
              -120.10542445753593,
              39.49113647623351
            ],
            [
              -120.10534133192513,
              39.49114864401684
            ],
            [
              -120.1052570753676,
              39.49115451000877
            ],
            [
              -120.10512827411804,
              39.49115861000231
            ],
            [
              -120.10502427324008,
              39.49115710673748
            ],
            [
              -120.10482047129844,
              39.49114470654708
            ],
            [
              -120.10473356188473,
              39.491135994230774
            ],
            [
              -120.10464822106765,
              39.49112056338895
            ],
            [
              -120.10434407439845,
              39.49105291103627
            ],
            [
              -120.10426935085322,
              39.49103812349392
            ],
            [
              -120.1041510014051,
              39.49104151416081
            ],
            [
              -120.10382057396819,
              39.49107794459305
            ],
            [
              -120.1036978020348,
              39.4910846786398
            ],
            [
              -120.1032363995005,
              39.49108467847545
            ],
            [
              -120.10312602672168,
              39.491084678495845
            ],
            [
              -120.10292439096031,
              39.491173266445365
            ],
            [
              -120.10272826790253,
              39.49128283352347
            ],
            [
              -120.10260593156539,
              39.49138861709683
            ],
            [
              -120.10260593274857,
              39.491483696782055
            ],
            [
              -120.10260583376,
              39.49149388065154
            ],
            [
              -120.10260043722262,
              39.49177128081919
            ],
            [
              -120.10259488845321,
              39.4918378549776
            ],
            [
              -120.10258088850934,
              39.491903680030134
            ],
            [
              -120.10255857400895,
              39.49196811351512
            ],
            [
              -120.10247513756927,
              39.492168842410145
            ],
            [
              -120.10240423246776,
              39.49238090418859
            ],
            [
              -120.10238645216432,
              39.492458655765354
            ],
            [
              -120.10237447080736,
              39.49260349561296
            ],
            [
              -120.10236699765191,
              39.49281169923557
            ],
            [
              -120.10241669905098,
              39.493000655308236
            ],
            [
              -120.10243087073545,
              39.4930760667342
            ],
            [
              -120.10245777367574,
              39.493311966642366
            ],
            [
              -120.10246107760037,
              39.493380477139645
            ],
            [
              -120.10245539872523,
              39.49344889410664
            ],
            [
              -120.10244079555953,
              39.493516512330494
            ],
            [
              -120.10241741860145,
              39.49358263482941
            ],
            [
              -120.10238550878789,
              39.49364658003718
            ],
            [
              -120.10232419253525,
              39.49375304279061
            ],
            [
              -120.10232013677619,
              39.49377224403474
            ],
            [
              -120.10232576506723,
              39.493852068161544
            ],
            [
              -120.10232533040985,
              39.49393145743256
            ],
            [
              -120.1023145320471,
              39.494063957573225
            ],
            [
              -120.10230408791838,
              39.49413388580305
            ],
            [
              -120.10228430461127,
              39.494202591658954
            ],
            [
              -120.10225539708935,
              39.494269328496074
            ],
            [
              -120.10221767947405,
              39.49433337106544
            ],
            [
              -120.10214258031552,
              39.49444507159342
            ],
            [
              -120.10210264889639,
              39.49449837632711
            ],
            [
              -120.1020566109436,
              39.49454863823942
            ],
            [
              -120.10183131164112,
              39.49477223959036
            ],
            [
              -120.1017477084757,
              39.494843972254955
            ],
            [
              -120.10134705220338,
              39.49514180229627
            ],
            [
              -120.10132536337387,
              39.49518573706429
            ],
            [
              -120.10129254645346,
              39.49524386948032
            ],
            [
              -120.10125283211516,
              39.49529935888582
            ],
            [
              -120.10120657097141,
              39.49535171537885
            ],
            [
              -120.10115417143749,
              39.49540047671621
            ],
            [
              -120.10109609612606,
              39.495445212394664
            ],
            [
              -120.10103285776292,
              39.495485527452004
            ],
            [
              -120.10092120789518,
              39.49555013631693
            ],
            [
              -120.1009339489887,
              39.49574388248342
            ],
            [
              -120.10097896197908,
              39.49594903258082
            ],
            [
              -120.10098960169141,
              39.496020202043276
            ],
            [
              -120.10099044919652,
              39.49609184430001
            ],
            [
              -120.1009850503788,
              39.49618704438377
            ],
            [
              -120.10097803706037,
              39.496247849091056
            ],
            [
              -120.10096396465994,
              39.49630791461019
            ],
            [
              -120.10094294816967,
              39.49636675004151
            ],
            [
              -120.10090344689742,
              39.496460603697244
            ],
            [
              -120.10089544902826,
              39.49652730924937
            ],
            [
              -120.10094180046464,
              39.49661074955545
            ],
            [
              -120.10095001719723,
              39.49662605572658
            ],
            [
              -120.10107871972438,
              39.49687435492826
            ],
            [
              -120.10109646212398,
              39.496911736127295
            ],
            [
              -120.10115388815876,
              39.49704470702485
            ],
            [
              -120.10130663343315,
              39.49728935368291
            ],
            [
              -120.10133508375631,
              39.4973401318101
            ],
            [
              -120.10141558542882,
              39.49750163131118
            ],
            [
              -120.10144721261182,
              39.49757843984264
            ],
            [
              -120.10146679907987,
              39.497657621188495
            ],
            [
              -120.10150440183929,
              39.4978811210117
            ],
            [
              -120.10150904955415,
              39.49791564954058
            ],
            [
              -120.10151890436663,
              39.498013082490885
            ],
            [
              -120.10152937505183,
              39.49805709064979
            ],
            [
              -120.1015409407206,
              39.49812469878422
            ],
            [
              -120.10154364533058,
              39.49819286591851
            ],
            [
              -120.101537461269,
              39.498260896754005
            ],
            [
              -120.10152245158719,
              39.49832809738018
            ],
            [
              -120.1014987693584,
              39.498393782352764
            ],
            [
              -120.1014692700521,
              39.49846208258706
            ],
            [
              -120.10143796890091,
              39.49852418349784
            ],
            [
              -120.10139891621778,
              39.49858359052787
            ],
            [
              -120.10135249263335,
              39.498639724632504
            ],
            [
              -120.10128343343408,
              39.49871479391628
            ],
            [
              -120.10115531239222,
              39.49885802971897
            ],
            [
              -120.10109243156104,
              39.49892021622908
            ],
            [
              -120.10088340217452,
              39.49910372292903
            ],
            [
              -120.10071495672886,
              39.49927951297648
            ],
            [
              -120.10064978845027,
              39.49933983585675
            ],
            [
              -120.10044858848742,
              39.49950543695155
            ],
            [
              -120.10037131864605,
              39.49956173911895
            ],
            [
              -120.1002857930427,
              39.49961035259632
            ],
            [
              -120.10020660124512,
              39.49964985865011
            ],
            [
              -120.1001723486049,
              39.499687083295534
            ],
            [
              -120.10012464589286,
              39.49973433482935
            ],
            [
              -120.09999200968782,
              39.49985432639801
            ],
            [
              -120.09997175934659,
              39.499873570220586
            ],
            [
              -120.09998091754917,
              39.499882702120104
            ],
            [
              -120.09999961767151,
              39.49990340201026
            ],
            [
              -120.1000460194427,
              39.499960669613884
            ],
            [
              -120.10008479629747,
              39.50002124513541
            ],
            [
              -120.10011555944014,
              39.50008452124759
            ],
            [
              -120.10013800041743,
              39.500149863545396
            ],
            [
              -120.10015189421198,
              39.50021661690641
            ],
            [
              -120.10015710149918,
              39.500284112058885
            ],
            [
              -120.10015357004515,
              39.500351672291956
            ],
            [
              -120.10014133523131,
              39.50041862024028
            ],
            [
              -120.10012051970081,
              39.50048428467545
            ],
            [
              -120.10011251991959,
              39.500504984740715
            ],
            [
              -120.10008230132998,
              39.50057063602535
            ],
            [
              -120.10004350837212,
              39.5006335243866
            ],
            [
              -120.09999655432571,
              39.50069297980961
            ],
            [
              -120.09994193942273,
              39.500748368852626
            ],
            [
              -120.09988024551853,
              39.500799101396126
            ],
            [
              -120.09981212989315,
              39.50084463693029
            ],
            [
              -120.09973831824864,
              39.500884490313965
            ],
            [
              -120.09969541801173,
              39.50090519047452
            ],
            [
              -120.09960805367983,
              39.50094215730642
            ],
            [
              -120.09949535287035,
              39.500983557637035
            ],
            [
              -120.09947794498954,
              39.50098977167814
            ],
            [
              -120.09937064419006,
              39.50102697197584
            ],
            [
              -120.09928108083939,
              39.501053544551304
            ],
            [
              -120.09918829130197,
              39.50107233336006
            ],
            [
              -120.0990568900815,
              39.50109303351058
            ],
            [
              -120.09896363925903,
              39.50110369432275
            ],
            [
              -120.0988694477324,
              39.50110649185213
            ],
            [
              -120.09882734590396,
              39.501105977166915
            ],
            [
              -120.09880925331476,
              39.5011353075723
            ],
            [
              -120.0987679605441,
              39.50118888799327
            ],
            [
              -120.09872045944068,
              39.50123928651715
            ],
            [
              -120.09866715565795,
              39.50128607273381
            ],
            [
              -120.0986085044079,
              39.501328847082036
            ],
            [
              -120.09853070421002,
              39.5013805474528
            ],
            [
              -120.09847398779391,
              39.50141518337242
            ],
            [
              -120.09844191229698,
              39.501431630321555
            ],
            [
              -120.09832299501021,
              39.50153549392822
            ],
            [
              -120.09825386795183,
              39.50158942445467
            ],
            [
              -120.09808756762088,
              39.501705325272624
            ],
            [
              -120.09802844683684,
              39.501743023844995
            ],
            [
              -120.09789694632128,
              39.50181962441586
            ],
            [
              -120.09781313986025,
              39.50186280976776
            ],
            [
              -120.09772346581103,
              39.501898222602684
            ],
            [
              -120.09756526461899,
              39.501952023033425
            ],
            [
              -120.09747926648602,
              39.50197716831027
            ],
            [
              -120.09739032841811,
              39.501995157901376
            ],
            [
              -120.0972782018485,
              39.50201300526119
            ],
            [
              -120.09722572351048,
              39.50202718857474
            ],
            [
              -120.0971700085636,
              39.50204064368223
            ],
            [
              -120.09704390744375,
              39.50206754389087
            ],
            [
              -120.09696656961296,
              39.50208114286704
            ],
            [
              -120.09690551594565,
              39.50208743149635
            ],
            [
              -120.09689845198619,
              39.50208976419827
            ],
            [
              -120.09677625647042,
              39.502135138615536
            ],
            [
              -120.09676733677362,
              39.502138016391505
            ],
            [
              -120.096754324105,
              39.50215860557474
            ],
            [
              -120.09665627533143,
              39.50231615848162
            ],
            [
              -120.09661540454087,
              39.502374350004494
            ],
            [
              -120.09656737004191,
              39.502429158980036
            ],
            [
              -120.09648687034073,
              39.502511959470986
            ],
            [
              -120.09641463450588,
              39.502577171605004
            ],
            [
              -120.09632613447829,
              39.502647472076895
            ],
            [
              -120.09626894296906,
              39.50268899231529
            ],
            [
              -120.09620716818429,
              39.502726364761486
            ],
            [
              -120.09614130960564,
              39.50275928723613
            ],
            [
              -120.09607189973711,
              39.50278749354039
            ],
            [
              -120.09598069907668,
              39.502820593804856
            ],
            [
              -120.09594286029885,
              39.50283247441196
            ],
            [
              -120.0959309695967,
              39.50287419436348
            ],
            [
              -120.0959198509425,
              39.50290883064798
            ],
            [
              -120.09587695224035,
              39.503028831004386
            ],
            [
              -120.09584912327182,
              39.503093709665634
            ],
            [
              -120.09581296881109,
              39.50315607593552
            ],
            [
              -120.09576885942988,
              39.50321529054309
            ],
            [
              -120.09569105993936,
              39.503308491049474
            ],
            [
              -120.09563809764526,
              39.503365249388885
            ],
            [
              -120.09557783162116,
              39.50341745290974
            ],
            [
              -120.09551091011296,
              39.50346454007727
            ],
            [
              -120.09543805296177,
              39.50350600439064
            ],
            [
              -120.09536004386067,
              39.50354139983157
            ],
            [
              -120.09527772192466,
              39.5035703456623
            ],
            [
              -120.09517582111275,
              39.503601345910425
            ],
            [
              -120.09509919967766,
              39.503621528836625
            ],
            [
              -120.09502049218452,
              39.50363611975671
            ],
            [
              -120.09494037709965,
              39.503644992896064
            ],
            [
              -120.09485954502388,
              39.50364807176799
            ],
            [
              -120.0947786927389,
              39.503645329833
            ],
            [
              -120.09469019189892,
              39.50363912974256
            ],
            [
              -120.09460843778285,
              39.50363036300359
            ],
            [
              -120.09452812045099,
              39.50361564562742
            ],
            [
              -120.09444995996063,
              39.50359510955857
            ],
            [
              -120.09437465703084,
              39.50356893890687
            ],
            [
              -120.09430288676002,
              39.50353736829684
            ],
            [
              -120.09423529257307,
              39.50350068076403
            ],
            [
              -120.09413869233038,
              39.50344278031385
            ],
            [
              -120.09407128061748,
              39.503397939230744
            ],
            [
              -120.09401011173834,
              39.50334801478332
            ],
            [
              -120.09395582125413,
              39.503293525712444
            ],
            [
              -120.09390897325207,
              39.50323503818637
            ],
            [
              -120.09379097460852,
              39.503069437465264
            ],
            [
              -120.093747896018,
              39.502999855626236
            ],
            [
              -120.09371534666559,
              39.50292692055324
            ],
            [
              -120.0936976585621,
              39.502865214436646
            ],
            [
              -120.0936818819469,
              39.502844100367724
            ],
            [
              -120.09364536214882,
              39.50278117206497
            ],
            [
              -120.09361732183304,
              39.50271568534334
            ],
            [
              -120.0935980537055,
              39.50264832386012
            ],
            [
              -120.09358775889191,
              39.50257979084238
            ],
            [
              -120.09358654483898,
              39.50251080174538
            ],
            [
              -120.09358924553318,
              39.502455001791105
            ],
            [
              -120.09359776887325,
              39.50238279455499
            ],
            [
              -120.09360300563537,
              39.502362638391624
            ],
            [
              -120.09358994296495,
              39.50231863603141
            ],
            [
              -120.0935470451167,
              39.50214063579598
            ],
            [
              -120.0935360749414,
              39.502079982727885
            ],
            [
              -120.09351997659199,
              39.50194748266908
            ],
            [
              -120.09351614179276,
              39.50188514242579
            ],
            [
              -120.09351975273908,
              39.50182279415952
            ],
            [
              -120.093535854412,
              39.50168619434087
            ],
            [
              -120.09355089597956,
              39.50160865126084
            ],
            [
              -120.09357743952884,
              39.50153298182513
            ],
            [
              -120.09361504041097,
              39.50144608212373
            ],
            [
              -120.09364349974815,
              39.501389025920034
            ],
            [
              -120.0936785067171,
              39.50133419885332
            ],
            [
              -120.0937197740697,
              39.50128205078172
            ],
            [
              -120.09373192135536,
              39.50126815496195
            ],
            [
              -120.09375800862664,
              39.50118483147638
            ],
            [
              -120.09376472679797,
              39.501164728037594
            ],
            [
              -120.09384002744872,
              39.50095287849094
            ],
            [
              -120.0938690531094,
              39.500842685815684
            ],
            [
              -120.09389056898159,
              39.50077768056623
            ],
            [
              -120.0939203070678,
              39.50071465078043
            ],
            [
              -120.09395797364898,
              39.500654218949734
            ],
            [
              -120.09400763399324,
              39.500583721796396
            ],
            [
              -120.0940867104546,
              39.50046973147518
            ],
            [
              -120.09413158085358,
              39.50041212943905
            ],
            [
              -120.09418362709751,
              39.50035827232771
            ],
            [
              -120.09433652741785,
              39.50021547321784
            ],
            [
              -120.09437244974639,
              39.50018397293913
            ],
            [
              -120.0945307497773,
              39.500053573800955
            ],
            [
              -120.09459952588722,
              39.50000277662262
            ],
            [
              -120.09467503063829,
              39.49995808127373
            ],
            [
              -120.09483592986386,
              39.49987318192121
            ],
            [
              -120.09487686951603,
              39.49985285131762
            ],
            [
              -120.09509416826313,
              39.49975145210827
            ],
            [
              -120.09516586385588,
              39.499721441528365
            ],
            [
              -120.09547481417816,
              39.49960623333
            ],
            [
              -120.09573847407619,
              39.49949954803942
            ],
            [
              -120.0958171847468,
              39.499471464050536
            ],
            [
              -120.09595668364662,
              39.49942806439797
            ],
            [
              -120.09606709344116,
              39.49940017328791
            ],
            [
              -120.09612088599133,
              39.499389597135846
            ],
            [
              -120.09614204903816,
              39.49936909867197
            ],
            [
              -120.09618667654324,
              39.499331970497316
            ],
            [
              -120.09631807645071,
              39.49923057118602
            ],
            [
              -120.0963303423164,
              39.49922129017416
            ],
            [
              -120.09647254214323,
              39.499115790901826
            ],
            [
              -120.09651511740664,
              39.49908621595214
            ],
            [
              -120.09664659732782,
              39.49900074151381
            ],
            [
              -120.09670305089338,
              39.49895898160243
            ],
            [
              -120.09678425041916,
              39.498873661699044
            ],
            [
              -120.09679692472781,
              39.498860674950684
            ],
            [
              -120.09694293345565,
              39.49871475686773
            ],
            [
              -120.09703687389337,
              39.49860689734658
            ],
            [
              -120.0970804792219,
              39.49856111623538
            ],
            [
              -120.09712890420279,
              39.498518341479155
            ],
            [
              -120.09727377336385,
              39.498400760439154
            ],
            [
              -120.09733009700867,
              39.49835253254027
            ],
            [
              -120.09736975247762,
              39.49827858196657
            ],
            [
              -120.09742248235136,
              39.498158223458674
            ],
            [
              -120.09745977968981,
              39.49806815632617
            ],
            [
              -120.09747641426532,
              39.497979463133575
            ],
            [
              -120.09747660207071,
              39.49797808922461
            ],
            [
              -120.09747523844842,
              39.49797566433466
            ],
            [
              -120.09742163959399,
              39.49786596400273
            ],
            [
              -120.09740891384813,
              39.49783808993689
            ],
            [
              -120.09736809106779,
              39.4977420336396
            ],
            [
              -120.09734836706383,
              39.497705142356644
            ],
            [
              -120.09729963206664,
              39.497636818004544
            ],
            [
              -120.09726632305279,
              39.49758498828693
            ],
            [
              -120.09723886721747,
              39.497531138471366
            ],
            [
              -120.0971824685794,
              39.497404938123765
            ],
            [
              -120.09716788399078,
              39.4973691086465
            ],
            [
              -120.09713005338708,
              39.4972662821168
            ],
            [
              -120.09711310632021,
              39.49728080823361
            ],
            [
              -120.0970566495057,
              39.49732493702802
            ],
            [
              -120.09699519629537,
              39.497364858661555
            ],
            [
              -120.0969292669652,
              39.49740023514469
            ],
            [
              -120.09659676514391,
              39.4975616363951
            ],
            [
              -120.09658442903937,
              39.49756751448419
            ],
            [
              -120.09623032700335,
              39.49773311577487
            ],
            [
              -120.0962155948295,
              39.497739853528984
            ],
            [
              -120.09575970599101,
              39.49794370510985
            ],
            [
              -120.09558020295106,
              39.49803213963999
            ],
            [
              -120.09531428384739,
              39.4982130325688
            ],
            [
              -120.09528795113165,
              39.498230243472335
            ],
            [
              -120.0949714501297,
              39.498428944922566
            ],
            [
              -120.09491216473963,
              39.49846304568894
            ],
            [
              -120.0948493665874,
              39.49849313654826
            ],
            [
              -120.09456590877922,
              39.49861641689777
            ],
            [
              -120.09443193327836,
              39.49867890415634
            ],
            [
              -120.0943811333956,
              39.498717036282315
            ],
            [
              -120.09424360296238,
              39.49888729708415
            ],
            [
              -120.09414200465885,
              39.49907360379334
            ],
            [
              -120.09409893197781,
              39.49914165814189
            ],
            [
              -120.09404628628938,
              39.499205544125765
            ],
            [
              -120.09398473084542,
              39.499264456853986
            ],
            [
              -120.09385345927882,
              39.49937658914019
            ],
            [
              -120.09364570088283,
              39.49957890863223
            ],
            [
              -120.09360106661275,
              39.499619036957654
            ],
            [
              -120.09339186667894,
              39.49979283810202
            ],
            [
              -120.09331897122934,
              39.49984677726927
            ],
            [
              -120.09309897064753,
              39.499991678311375
            ],
            [
              -120.09302546303148,
              39.500035108206355
            ],
            [
              -120.09294643160813,
              39.50007226247858
            ],
            [
              -120.09286276537034,
              39.500102723191894
            ],
            [
              -120.0925999633099,
              39.50018552385482
            ],
            [
              -120.09252897293275,
              39.50020516444681
            ],
            [
              -120.09245605755603,
              39.500219979664706
            ],
            [
              -120.09220925527971,
              39.50026137997056
            ],
            [
              -120.09213236392802,
              39.50027151203757
            ],
            [
              -120.09205461129413,
              39.50027627847999
            ],
            [
              -120.09197661995971,
              39.50027564113258
            ],
            [
              -120.09189901441785,
              39.5002696050994
            ],
            [
              -120.09182241607196,
              39.50025821871286
            ],
            [
              -120.09168831490857,
              39.50023341843755
            ],
            [
              -120.09160180860036,
              39.50021370522403
            ],
            [
              -120.09151839408325,
              39.50018717368668
            ],
            [
              -120.09143896407424,
              39.500154107772936
            ],
            [
              -120.09136436864372,
              39.50011486136211
            ],
            [
              -120.09129540611738,
              39.500069854477665
            ],
            [
              -120.09123281453223,
              39.5000195687918
            ],
            [
              -120.09117726373799,
              39.49996454247012
            ],
            [
              -120.09112934822849,
              39.49990536441177
            ],
            [
              -120.0910757488329,
              39.49983086408463
            ],
            [
              -120.09103599797832,
              39.49976819743178
            ],
            [
              -120.09100481261822,
              39.49970268568069
            ],
            [
              -120.09098252616519,
              39.49963502929068
            ],
            [
              -120.09096937688133,
              39.49956595164963
            ],
            [
              -120.09095076580466,
              39.49941414184074
            ],
            [
              -120.09092463358701,
              39.49934754157204
            ],
            [
              -120.09084091495113,
              39.49914555713513
            ],
            [
              -120.09081956352294,
              39.49908428969225
            ],
            [
              -120.0908057302319,
              39.499021739964306
            ],
            [
              -120.09079953723315,
              39.498958460390554
            ],
            [
              -120.09080103920219,
              39.49889500985472
            ],
            [
              -120.0908102228528,
              39.498831948749014
            ],
            [
              -120.09082700705503,
              39.498769834024685
            ],
            [
              -120.09085124355255,
              39.49870921427317
            ],
            [
              -120.09096924603067,
              39.498456715192745
            ],
            [
              -120.09099980797528,
              39.49839962685268
            ],
            [
              -120.09103697894658,
              39.498344942395775
            ],
            [
              -120.09108044756609,
              39.49829311988814
            ],
            [
              -120.09121454818123,
              39.49814822072421
            ],
            [
              -120.09126100632605,
              39.49810234216751
            ],
            [
              -120.09128989196047,
              39.498076222841675
            ],
            [
              -120.09124285312997,
              39.498046165439845
            ],
            [
              -120.09116727850807,
              39.49799251335273
            ],
            [
              -120.09108962847915,
              39.49795478671596
            ],
            [
              -120.09101650949728,
              39.49791507867609
            ],
            [
              -120.09094901810863,
              39.4978697831543
            ],
            [
              -120.0908878626559,
              39.49781937554969
            ],
            [
              -120.09083368497909,
              39.497764384913864
            ],
            [
              -120.09078705367898,
              39.497705388398096
            ],
            [
              -120.09074845815014,
              39.4976430051954
            ],
            [
              -120.09069485914281,
              39.49754360486294
            ],
            [
              -120.09066541212582,
              39.49748029622205
            ],
            [
              -120.09064424450574,
              39.49741503124302
            ],
            [
              -120.0906315664751,
              39.497348458074306
            ],
            [
              -120.09062750391485,
              39.49728123785417
            ],
            [
              -120.09063209714517,
              39.497214038144755
            ],
            [
              -120.09064530052612,
              39.49714752630268
            ],
            [
              -120.09066698291186,
              39.49708236285148
            ],
            [
              -120.09069692895386,
              39.49701919492223
            ],
            [
              -120.09073484124059,
              39.496958649827036
            ],
            [
              -120.09079924188647,
              39.49686765027231
            ],
            [
              -120.09084172358098,
              39.49681376309404
            ],
            [
              -120.09089051619081,
              39.49676318573866
            ],
            [
              -120.09094519308155,
              39.4967163604332
            ],
            [
              -120.09100527617198,
              39.496673696597675
            ],
            [
              -120.09107024011445,
              39.49663556726541
            ],
            [
              -120.09113951688813,
              39.49660230582169
            ],
            [
              -120.09121250076558,
              39.49657420308892
            ],
            [
              -120.09128855360848,
              39.49655150478403
            ],
            [
              -120.09140115265467,
              39.496522505013935
            ],
            [
              -120.09148196652328,
              39.49650498962446
            ],
            [
              -120.09156457992151,
              39.49649357657259
            ],
            [
              -120.09164822706254,
              39.49648837165263
            ],
            [
              -120.09173213257775,
              39.49648942311251
            ],
            [
              -120.0918984309861,
              39.496497722973984
            ],
            [
              -120.0919714313013,
              39.49650376681994
            ],
            [
              -120.09204351616322,
              39.496514548932396
            ],
            [
              -120.0923636949863,
              39.4965733745706
            ],
            [
              -120.09241556817543,
              39.49658113809196
            ],
            [
              -120.09247109242398,
              39.49655562068589
            ],
            [
              -120.09273515353065,
              39.49638633849397
            ],
            [
              -120.09273984982892,
              39.496383349126624
            ],
            [
              -120.09283599858504,
              39.4963225806134
            ],
            [
              -120.09290146256716,
              39.496260805201366
            ],
            [
              -120.0929677847541,
              39.49620494212837
            ],
            [
              -120.09304177953996,
              39.496155198354124
            ],
            [
              -120.09313837918818,
              39.496097298782296
            ],
            [
              -120.09321632355127,
              39.4960556207069
            ],
            [
              -120.09329964431704,
              39.49602074068397
            ],
            [
              -120.09338735775408,
              39.49599307052474
            ],
            [
              -120.09352685658646,
              39.49595577082132
            ],
            [
              -120.09361190296411,
              39.49593671589557
            ],
            [
              -120.09369900553187,
              39.49592444345125
            ],
            [
              -120.09382230435233,
              39.49591204352621
            ],
            [
              -120.09391379547912,
              39.495906615959456
            ],
            [
              -120.09413649331806,
              39.49590251591926
            ],
            [
              -120.09415720096862,
              39.49590232532132
            ],
            [
              -120.09439859862943,
              39.495902325235065
            ],
            [
              -120.09446759860272,
              39.49590444451093
            ],
            [
              -120.09453616547933,
              39.495910789228994
            ],
            [
              -120.09468636410068,
              39.49592938900125
            ],
            [
              -120.09475889619601,
              39.49594157817438
            ],
            [
              -120.09492497122488,
              39.49582345650395
            ],
            [
              -120.09494896701788,
              39.495807008653685
            ],
            [
              -120.09509416663842,
              39.495711109342714
            ],
            [
              -120.09510798799937,
              39.49570198442137
            ],
            [
              -120.09512070706522,
              39.49568963724039
            ],
            [
              -120.09521113927593,
              39.49560180385881
            ],
            [
              -120.09526562979057,
              39.4955537385823
            ],
            [
              -120.0955287308917,
              39.49534271927704
            ],
            [
              -120.09559368761775,
              39.495290586616626
            ],
            [
              -120.09564408353921,
              39.495246662399886
            ],
            [
              -120.09569589664191,
              39.49520150685699
            ],
            [
              -120.0957265495341,
              39.49516829219531
            ],
            [
              -120.09580430233723,
              39.495045577506865
            ],
            [
              -120.09586947027823,
              39.494925309969986
            ],
            [
              -120.09590600607329,
              39.49486611767866
            ],
            [
              -120.09594978382309,
              39.49480995197897
            ],
            [
              -120.09600039021647,
              39.494757343117456
            ],
            [
              -120.09605734747788,
              39.49470878776041
            ],
            [
              -120.09612011787841,
              39.4946647443052
            ],
            [
              -120.09616571774035,
              39.494635744516025
            ],
            [
              -120.09623846789223,
              39.494594176698854
            ],
            [
              -120.09631638355556,
              39.49455867039727
            ],
            [
              -120.09639862664253,
              39.49452960752716
            ],
            [
              -120.09648431252191,
              39.49450730069686
            ],
            [
              -120.09657251953371,
              39.49449198984491
            ],
            [
              -120.09666229890209,
              39.49448383965935
            ],
            [
              -120.09677211043282,
              39.49447832235321
            ],
            [
              -120.09688688021328,
              39.49446975947661
            ],
            [
              -120.09715127953665,
              39.49443179162431
            ],
            [
              -120.09739557552432,
              39.49437602488639
            ],
            [
              -120.09742328039131,
              39.49436851597699
            ],
            [
              -120.0974257128877,
              39.49436631972649
            ],
            [
              -120.09803575359109,
              39.493643528019426
            ],
            [
              -120.09807257197815,
              39.49360320478512
            ],
            [
              -120.09816279899026,
              39.49351168161849
            ],
            [
              -120.09813274684744,
              39.49340230002937
            ],
            [
              -120.09812959141455,
              39.49339028003031
            ],
            [
              -120.09809302383383,
              39.49324420230119
            ],
            [
              -120.09807055563236,
              39.49315462464701
            ],
            [
              -120.09805951455448,
              39.493097778960994
            ],
            [
              -120.09803297726671,
              39.49290597355716
            ],
            [
              -120.09801231457557,
              39.49281298625955
            ],
            [
              -120.09795306120418,
              39.492642276056465
            ],
            [
              -120.0979513177564,
              39.492637173707834
            ],
            [
              -120.09791371905092,
              39.49252537348398
            ],
            [
              -120.09789453612713,
              39.49245177973972
            ],
            [
              -120.09788601606388,
              39.49237699090044
            ],
            [
              -120.09788341684163,
              39.49231489090968
            ],
            [
              -120.09788531094647,
              39.49224342603293
            ],
            [
              -120.09789694413891,
              39.49217251665832
            ],
            [
              -120.09791818604252,
              39.492102957309434
            ],
            [
              -120.09794879861923,
              39.49203552738071
            ],
            [
              -120.09798843883797,
              39.49197098240501
            ],
            [
              -120.09802323919527,
              39.49192128264643
            ],
            [
              -120.09806876648271,
              39.49186339784288
            ],
            [
              -120.09812067498328,
              39.491810241655806
            ],
            [
              -120.09811960571311,
              39.49178339452502
            ],
            [
              -120.09811417267845,
              39.491695077097084
            ],
            [
              -120.09810654297524,
              39.49167478738827
            ],
            [
              -120.09805942636778,
              39.491593958609755
            ],
            [
              -120.09802267522764,
              39.491519472881606
            ],
            [
              -120.09799751295365,
              39.49144214972774
            ],
            [
              -120.09797871387761,
              39.49136554962394
            ],
            [
              -120.097968247718,
              39.49131073210189
            ],
            [
              -120.0979636176646,
              39.49125543424628
            ],
            [
              -120.09796101872645,
              39.491170634266005
            ],
            [
              -120.09796231619221,
              39.4911144371671
            ],
            [
              -120.09796964082919,
              39.49105851833492
            ],
            [
              -120.09798294187873,
              39.4910032651695
            ],
            [
              -120.0980073725513,
              39.49092094958759
            ],
            [
              -120.09802719363267,
              39.49083364206429
            ],
            [
              -120.09803143535275,
              39.49080615964682
            ],
            [
              -120.0980431173199,
              39.490670686021346
            ],
            [
              -120.09805937884049,
              39.490578419858615
            ],
            [
              -120.09807726882309,
              39.49051166025943
            ],
            [
              -120.09811035946267,
              39.49038810080055
            ],
            [
              -120.09813283247131,
              39.49032147081576
            ],
            [
              -120.09822673485361,
              39.4900916715715
            ],
            [
              -120.09823585560494,
              39.490070566217355
            ],
            [
              -120.09833775782258,
              39.489847067015994
            ],
            [
              -120.0983779920543,
              39.48977313300367
            ],
            [
              -120.09842926002048,
              39.48970341861955
            ],
            [
              -120.09865726148016,
              39.48943222009884
            ],
            [
              -120.09870503496548,
              39.48938083571222
            ],
            [
              -120.09875881075253,
              39.48933314498331
            ],
            [
              -120.0989621469211,
              39.48916903041478
            ],
            [
              -120.09912852246842,
              39.4890048964366
            ],
            [
              -120.09918074050084,
              39.488957982477835
            ],
            [
              -120.09923828752906,
              39.48891497399149
            ],
            [
              -120.09930067919969,
              39.48887623295889
            ],
            [
              -120.09945087856657,
              39.488791433595594
            ],
            [
              -120.09952894576966,
              39.48875212608093
            ],
            [
              -120.09961197909104,
              39.4887194957274
            ],
            [
              -120.09969903092424,
              39.48869391492319
            ],
            [
              -120.09983322977445,
              39.488660715185425
            ],
            [
              -120.09988864414632,
              39.488648905026324
            ],
            [
              -120.09999870247621,
              39.48858685879657
            ],
            [
              -120.1003205885359,
              39.4883875083595
            ],
            [
              -120.1004552239916,
              39.488279622790344
            ],
            [
              -120.1006703528565,
              39.488056555303444
            ],
            [
              -120.10066897524781,
              39.488054739796574
            ],
            [
              -120.10063537899332,
              39.48799961785534
            ],
            [
              -120.10060833505915,
              39.487942372879225
            ],
            [
              -120.10058806382108,
              39.48788347138183
            ],
            [
              -120.1005747304601,
              39.48782339337514
            ],
            [
              -120.10056844361664,
              39.4877626284577
            ],
            [
              -120.10056574436786,
              39.48770262846522
            ],
            [
              -120.10056705118092,
              39.487635295178535
            ],
            [
              -120.10057700639149,
              39.48756839754949
            ],
            [
              -120.10059551097363,
              39.48750260085367
            ],
            [
              -120.10062238088214,
              39.48743855941635
            ],
            [
              -120.10065734888356,
              39.48737691010575
            ],
            [
              -120.10070006721465,
              39.487318265999725
            ],
            [
              -120.10075011104138,
              39.487263210289186
            ],
            [
              -120.10080698268432,
              39.48721229047879
            ],
            [
              -120.10086328268181,
              39.487166690782225
            ],
            [
              -120.10092563906629,
              39.4871209292647
            ],
            [
              -120.10099350560277,
              39.48708014586332
            ],
            [
              -120.10106622317107,
              39.48704473666224
            ],
            [
              -120.10114308554158,
              39.487015045551594
            ],
            [
              -120.10122334623387,
              39.48699136088791
            ],
            [
              -120.10130622576601,
              39.48697391269377
            ],
            [
              -120.10139091922417,
              39.486962870424016
            ],
            [
              -120.10146965683705,
              39.486955674335036
            ],
            [
              -120.10148887828454,
              39.48693185520544
            ],
            [
              -120.1015472551957,
              39.4868747025148
            ],
            [
              -120.10153180563242,
              39.48684515836399
            ],
            [
              -120.10150828161132,
              39.48678425387156
            ],
            [
              -120.10149225339573,
              39.48672190511417
            ],
            [
              -120.1014761544107,
              39.48663910503273
            ],
            [
              -120.10146696658467,
              39.48656221403372
            ],
            [
              -120.10146916755698,
              39.4864850129791
            ],
            [
              -120.10148272850903,
              39.48640851138944
            ],
            [
              -120.1015068296102,
              39.48631331160643
            ],
            [
              -120.10152848192072,
              39.48624619419458
            ],
            [
              -120.10155888286434,
              39.486181145652495
            ],
            [
              -120.10159771332887,
              39.486118848730584
            ],
            [
              -120.10164456572895,
              39.48605995729655
            ],
            [
              -120.10170356604215,
              39.48599365767048
            ],
            [
              -120.10175720405256,
              39.48593946705141
            ],
            [
              -120.10181763141969,
              39.48588975162444
            ],
            [
              -120.10188423007573,
              39.48584501988239
            ],
            [
              -120.10195631883644,
              39.48580572934395
            ],
            [
              -120.1020331603684,
              39.48577228187427
            ],
            [
              -120.10209755992136,
              39.48574748207166
            ],
            [
              -120.10211187349043,
              39.48574259405619
            ],
            [
              -120.10212804189435,
              39.4857118941324
            ],
            [
              -120.10216920558707,
              39.48565183545501
            ],
            [
              -120.10221795584377,
              39.48559528938044
            ],
            [
              -120.10227955608632,
              39.48553108975822
            ],
            [
              -120.10233597038106,
              39.48547814484722
            ],
            [
              -120.1023990311256,
              39.48542991253083
            ],
            [
              -120.10246808640208,
              39.48538689142264
            ],
            [
              -120.10254242232686,
              39.485349526263406
            ],
            [
              -120.10262127043003,
              39.48531820332374
            ],
            [
              -120.10262326222025,
              39.48531750876156
            ],
            [
              -120.10268798347475,
              39.485261933704344
            ],
            [
              -120.10270884613021,
              39.48523847180987
            ],
            [
              -120.10275617751665,
              39.485160418955395
            ],
            [
              -120.10278655533934,
              39.48511711899691
            ],
            [
              -120.10277043955105,
              39.48508791663575
            ],
            [
              -120.10274205531037,
              39.4850290458136
            ],
            [
              -120.102720856878,
              39.48496838520532
            ],
            [
              -120.1027070278405,
              39.484906460210034
            ],
            [
              -120.10268442282916,
              39.4847668348409
            ],
            [
              -120.10264461627887,
              39.48464689083212
            ],
            [
              -120.10262604693078,
              39.48457492634748
            ],
            [
              -120.10261766542826,
              39.48450182534838
            ],
            [
              -120.10261226695678,
              39.48437972536434
            ],
            [
              -120.10261269851765,
              39.48432520419006
            ],
            [
              -120.10261880485822,
              39.48427088770517
            ],
            [
              -120.10265059644279,
              39.484078377083804
            ],
            [
              -120.10265389135499,
              39.48396391299864
            ],
            [
              -120.1026359906079,
              39.48378898285875
            ],
            [
              -120.10263586344212,
              39.48378772525863
            ],
            [
              -120.10261256832554,
              39.48355455240402
            ],
            [
              -120.10258896782774,
              39.483379469811126
            ],
            [
              -120.10255571783782,
              39.48320650905123
            ],
            [
              -120.102537605148,
              39.483141381409496
            ],
            [
              -120.10251870855453,
              39.483105665237694
            ],
            [
              -120.10248705380677,
              39.48303488067958
            ],
            [
              -120.10246571200038,
              39.48296181461671
            ],
            [
              -120.10245494576385,
              39.48288736630051
            ],
            [
              -120.1024495466956,
              39.482812866294566
            ],
            [
              -120.10244883057592,
              39.482748830511554
            ],
            [
              -120.10245594539731,
              39.48268503010274
            ],
            [
              -120.1024708271541,
              39.482622038832226
            ],
            [
              -120.10249334199275,
              39.482560423185944
            ],
            [
              -120.10252824281129,
              39.48247972346294
            ],
            [
              -120.10256610732563,
              39.48240662697693
            ],
            [
              -120.10265616835524,
              39.48225841346409
            ],
            [
              -120.10267225716883,
              39.48222686113368
            ],
            [
              -120.10267024308875,
              39.48221526888562
            ],
            [
              -120.10263836515425,
              39.482105277362855
            ],
            [
              -120.10262217041226,
              39.482029426252026
            ],
            [
              -120.10261720671546,
              39.48195264025201
            ],
            [
              -120.10262353836826,
              39.48187591469471
            ],
            [
              -120.10263423919343,
              39.48180761480432
            ],
            [
              -120.1026496937332,
              39.481738879266494
            ],
            [
              -120.10267421809229,
              39.481671746353705
            ],
            [
              -120.1027305193873,
              39.48154334679906
            ],
            [
              -120.10275937445284,
              39.48148620551595
            ],
            [
              -120.10279480372252,
              39.48143132986685
            ],
            [
              -120.10283651465284,
              39.481379172943456
            ],
            [
              -120.10288416283689,
              39.481330165388904
            ],
            [
              -120.10299516638214,
              39.4812261836527
            ],
            [
              -120.10300570257694,
              39.48121287369723
            ],
            [
              -120.10302623488708,
              39.48114015810144
            ],
            [
              -120.10304983161627,
              39.48107325327099
            ],
            [
              -120.10308215981121,
              39.481008577024504
            ],
            [
              -120.10312287840382,
              39.4809468116611
            ],
            [
              -120.10318457895202,
              39.480864012079884
            ],
            [
              -120.10322931519974,
              39.480810066180034
            ],
            [
              -120.10328045274099,
              39.48075965184278
            ],
            [
              -120.10339845290854,
              39.48065405251445
            ],
            [
              -120.10345799703755,
              39.48060580689974
            ],
            [
              -120.10352339745742,
              39.48056235322609
            ],
            [
              -120.10360919284544,
              39.480510825490576
            ],
            [
              -120.10364626812793,
              39.48047463760564
            ],
            [
              -120.1037095508181,
              39.48039001717483
            ],
            [
              -120.10372242301479,
              39.48036697813926
            ],
            [
              -120.10374994923387,
              39.48026822596622
            ],
            [
              -120.10377000863384,
              39.4802092897788
            ],
            [
              -120.10379684387686,
              39.4801519953401
            ],
            [
              -120.10387994528935,
              39.47999679596467
            ],
            [
              -120.10393111048538,
              39.479916678152456
            ],
            [
              -120.10407061171013,
              39.47973037909763
            ],
            [
              -120.10408097923255,
              39.47971689696466
            ],
            [
              -120.1041117363845,
              39.47967793651342
            ],
            [
              -120.10412566661796,
              39.47959689366433
            ],
            [
              -120.10415014124538,
              39.47930579813016
            ],
            [
              -120.10416862022898,
              39.47902090293937
            ],
            [
              -120.10417984384937,
              39.478941640935126
            ],
            [
              -120.10420934543178,
              39.47880714121029
            ],
            [
              -120.10422769319429,
              39.47874272158857
            ],
            [
              -120.10427597988867,
              39.47860543357948
            ],
            [
              -120.10428020263427,
              39.47857381083887
            ],
            [
              -120.10427369855483,
              39.47848739899354
            ],
            [
              -120.10424951981997,
              39.478377011503916
            ],
            [
              -120.10424287447984,
              39.478340731220925
            ],
            [
              -120.10422147627604,
              39.47819573112838
            ],
            [
              -120.10421587851647,
              39.47812589221006
            ],
            [
              -120.10421333672764,
              39.477932815461415
            ],
            [
              -120.10421085305542,
              39.47789027731656
            ],
            [
              -120.10419952794251,
              39.47786129043048
            ],
            [
              -120.10417753276691,
              39.477791974257315
            ],
            [
              -120.10414857617236,
              39.477674178788895
            ],
            [
              -120.10407840294954,
              39.47768652445432
            ],
            [
              -120.10398668421237,
              39.47769871174144
            ],
            [
              -120.1038938114216,
              39.477703249347215
            ],
            [
              -120.10380084384141,
              39.477700085518904
            ],
            [
              -120.10370884181688,
              39.47768925634279
            ],
            [
              -120.10356674055362,
              39.477666456081394
            ],
            [
              -120.10348438069082,
              39.47764995502983
            ],
            [
              -120.10340448958691,
              39.477627308834236
            ],
            [
              -120.10332782869293,
              39.477598733339605
            ],
            [
              -120.10325512866957,
              39.47756450090355
            ],
            [
              -120.10318708242302,
              39.47752493780019
            ],
            [
              -120.10312268231115,
              39.47748353748937
            ],
            [
              -120.10305376907957,
              39.47743414489703
            ],
            [
              -120.10299211168041,
              39.47737929402916
            ],
            [
              -120.1029384256303,
              39.477319621431455
            ],
            [
              -120.10289333393341,
              39.477255819604075
            ],
            [
              -120.10285735985214,
              39.47718862896465
            ],
            [
              -120.1028224606724,
              39.477112028749346
            ],
            [
              -120.10279950920496,
              39.47705327068516
            ],
            [
              -120.10278353836532,
              39.47699314006233
            ],
            [
              -120.10277468013545,
              39.4769321338655
            ],
            [
              -120.10277300771035,
              39.47687075631468
            ],
            [
              -120.10277853489379,
              39.47680951469779
            ],
            [
              -120.10279121598462,
              39.47674891517797
            ],
            [
              -120.10358174951865,
              39.47382052218395
            ],
            [
              -120.10360557917609,
              39.47375096995152
            ],
            [
              -120.10370028150818,
              39.47352407070943
            ],
            [
              -120.10372308791976,
              39.47347578812467
            ],
            [
              -120.10375056819747,
              39.47342899032698
            ],
            [
              -120.10389536994623,
              39.47320539135668
            ],
            [
              -120.10393290434918,
              39.473153306266255
            ],
            [
              -120.1039762236535,
              39.473103991883264
            ],
            [
              -120.1040249897488,
              39.473057833097386
            ],
            [
              -120.10420198991017,
              39.4729046340869
            ],
            [
              -120.10422833738846,
              39.472882820443004
            ],
            [
              -120.10443223731585,
              39.47272132152742
            ],
            [
              -120.10449221988026,
              39.47267807972481
            ],
            [
              -120.10455717721861,
              39.472639395010326
            ],
            [
              -120.1046265351252,
              39.47260560934291
            ],
            [
              -120.10469968049753,
              39.472577021375315
            ],
            [
              -120.10477596675591,
              39.472553883814506
            ],
            [
              -120.10479695999419,
              39.47254922345383
            ],
            [
              -120.10482661570863,
              39.47251935124995
            ],
            [
              -120.10488694099539,
              39.472469833985414
            ],
            [
              -120.1049533946057,
              39.47242527762276
            ],
            [
              -120.1050100944045,
              39.4723909778756
            ],
            [
              -120.10507720284467,
              39.47235043110029
            ],
            [
              -120.10514510659937,
              39.47231329863752
            ],
            [
              -120.10521726598178,
              39.47228134896976
            ],
            [
              -120.10529302453716,
              39.47225487275084
            ],
            [
              -120.10537169307078,
              39.47223411084121
            ],
            [
              -120.10545255591711,
              39.47221925211695
            ],
            [
              -120.10553487745008,
              39.472210431751556
            ],
            [
              -120.10561790877455,
              39.47220772998644
            ],
            [
              -120.10570089453871,
              39.47221117140086
            ],
            [
              -120.10578307980491,
              39.4722207246884
            ],
            [
              -120.10586371691699,
              39.47223630294171
            ],
            [
              -120.1059420723013,
              39.47225776444296
            ],
            [
              -120.1060174331396,
              39.47228491395301
            ],
            [
              -120.10611933254938,
              39.47232631357839
            ],
            [
              -120.10612943656044,
              39.47233091181374
            ],
            [
              -120.10625709686221,
              39.47225902556995
            ],
            [
              -120.10656696502781,
              39.472058380914746
            ],
            [
              -120.10661914956823,
              39.472027112019
            ],
            [
              -120.10667423668997,
              39.47199899241456
            ],
            [
              -120.1074682321486,
              39.47162629531562
            ],
            [
              -120.10750859241297,
              39.47160847217792
            ],
            [
              -120.10785788563007,
              39.47146364256866
            ],
            [
              -120.10787787069029,
              39.47137876854589
            ],
            [
              -120.107898983469,
              39.47130981715098
            ],
            [
              -120.10792930332623,
              39.47124296028843
            ],
            [
              -120.10796849632361,
              39.47117893425379
            ],
            [
              -120.10804359710083,
              39.471071234775145
            ],
            [
              -120.10808840119415,
              39.47101396764062
            ],
            [
              -120.10814030394448,
              39.47096042185638
            ],
            [
              -120.10819879482017,
              39.47091112410015
            ],
            [
              -120.10826329849237,
              39.470866559265126
            ],
            [
              -120.10833318049399,
              39.47082716569068
            ],
            [
              -120.1084077534603,
              39.470793330851244
            ],
            [
              -120.11194822979874,
              39.46936464217699
            ],
            [
              -120.11202743097544,
              39.46933648756245
            ],
            [
              -120.11210986436261,
              39.46931460518717
            ],
            [
              -120.1121947054932,
              39.469299213910524
            ],
            [
              -120.11228110582081,
              39.46929046767051
            ],
            [
              -120.11236820120567,
              39.469288453944266
            ],
            [
              -120.11260948968145,
              39.46929223245358
            ],
            [
              -120.11284009600354,
              39.46928479920829
            ],
            [
              -120.11291310415922,
              39.46928481870176
            ],
            [
              -120.11298585389599,
              39.469289575611555
            ],
            [
              -120.11305783439593,
              39.46929903653717
            ],
            [
              -120.11320465575803,
              39.46932327862049
            ],
            [
              -120.11330643919511,
              39.46933943163816
            ],
            [
              -120.1135212769885,
              39.46933266711911
            ],
            [
              -120.1136668072705,
              39.46930804798513
            ],
            [
              -120.11374478101882,
              39.46929770623863
            ],
            [
              -120.11382364360034,
              39.46929288865633
            ],
            [
              -120.11390274489489,
              39.46929363495366
            ],
            [
              -120.11398143281441,
              39.46929993897907
            ],
            [
              -120.11405905867818,
              39.46931174876464
            ],
            [
              -120.11432195640971,
              39.46936144821681
            ],
            [
              -120.11441599198184,
              39.46938364911517
            ],
            [
              -120.11450620245924,
              39.46941391874758
            ],
            [
              -120.11459143950367,
              39.46945187179848
            ],
            [
              -120.11474693885684,
              39.46953047114123
            ],
            [
              -120.11481783224174,
              39.469570381971515
            ],
            [
              -120.11488319515246,
              39.469615609832616
            ],
            [
              -120.11494236651747,
              39.46966569730486
            ],
            [
              -120.11499474788077,
              39.46972013781889
            ],
            [
              -120.11503980945466,
              39.46977838077855
            ],
            [
              -120.11507709547827,
              39.4698398371293
            ],
            [
              -120.11510622882764,
              39.469903885315475
            ],
            [
              -120.11516776441067,
              39.470064507537536
            ],
            [
              -120.11546554623929,
              39.470686563556676
            ],
            [
              -120.1158649920153,
              39.47110698748561
            ],
            [
              -120.11591306999063,
              39.471163280917516
            ],
            [
              -120.11595365572377,
              39.47122301355421
            ],
            [
              -120.1159863435777,
              39.4712855884234
            ],
            [
              -120.11601080684463,
              39.47135038014551
            ],
            [
              -120.1162231322706,
              39.47203867897831
            ],
            [
              -120.11626141850243,
              39.472020945203056
            ],
            [
              -120.11634443210933,
              39.47198705540378
            ],
            [
              -120.1164316662358,
              39.471960280299605
            ],
            [
              -120.11652210932581,
              39.471940930371204
            ],
            [
              -120.11661471261554,
              39.47192922999804
            ],
            [
              -120.11670840229367,
              39.47192531485667
            ],
            [
              -120.11722339730753,
              39.471925314673975
            ],
            [
              -120.11730035507674,
              39.471927953703286
            ],
            [
              -120.11737671133292,
              39.47193585055962
            ],
            [
              -120.11745186923842,
              39.47194894351795
            ],
            [
              -120.11767028532871,
              39.47199494062892
            ],
            [
              -120.11793588879841,
              39.47192660536559
            ],
            [
              -120.11800554709875,
              39.471911143758255
            ],
            [
              -120.11807662210956,
              39.47190022141694
            ],
            [
              -120.11814862229531,
              39.47189391387807
            ],
            [
              -120.11862029293204,
              39.47186792812586
            ],
            [
              -120.11901825345825,
              39.47174973102039
            ],
            [
              -120.11931169946146,
              39.47163651254477
            ],
            [
              -120.11934523900646,
              39.47160198341167
            ],
            [
              -120.11940875530931,
              39.471422149789625
            ],
            [
              -120.11943713609921,
              39.47115982260659
            ],
            [
              -120.11937772707911,
              39.470816138473836
            ],
            [
              -120.11911537744426,
              39.47029526903526
            ],
            [
              -120.11908823656263,
              39.47023244607412
            ],
            [
              -120.11906916904678,
              39.470167864162555
            ],
            [
              -120.11905835840444,
              39.47010214492076
            ],
            [
              -120.1190559086674,
              39.47003592091427
            ],
            [
              -120.11906184339121,
              39.469969829565365
            ],
            [
              -120.11907610542923,
              39.46990450701764
            ],
            [
              -120.11909855748368,
              39.46984058201308
            ],
            [
              -120.11912898342804,
              39.46977866984046
            ],
            [
              -120.11916709038795,
              39.46971936641315
            ],
            [
              -120.119212511561,
              39.46966324253366
            ],
            [
              -120.11926480974769,
              39.46961083839976
            ],
            [
              -120.11932348156006,
              39.469562658405216
            ],
            [
              -120.11938796226697,
              39.46951916628537
            ],
            [
              -120.11945763122995,
              39.46948078065386
            ],
            [
              -120.11953181787675,
              39.46944787097358
            ],
            [
              -120.11960980815535,
              39.469420754001014
            ],
            [
              -120.1196908514065,
              39.469399690737575
            ],
            [
              -120.11977416758839,
              39.4693848839176
            ],
            [
              -120.11985895478385,
              39.46937647605725
            ],
            [
              -120.11994439691826,
              39.46937454808283
            ],
            [
              -120.12002967161354,
              39.4693791185519
            ],
            [
              -120.1201139581029,
              39.4693901434747
            ],
            [
              -120.12019644512995,
              39.469407516737384
            ],
            [
              -120.12027633875641,
              39.46943107112333
            ],
            [
              -120.1203528700032,
              39.46946057992242
            ],
            [
              -120.12053051545648,
              39.46953772294812
            ],
            [
              -120.12056536640212,
              39.46951802574656
            ],
            [
              -120.12064070399005,
              39.469483827830786
            ],
            [
              -120.12072007913119,
              39.46945564545936
            ],
            [
              -120.12080269479621,
              39.469433761619314
            ],
            [
              -120.1208877214194,
              39.46941839605231
            ],
            [
              -120.12097430522785,
              39.4694097030485
            ],
            [
              -120.1210615768137,
              39.4694077698972
            ],
            [
              -120.12114865986331,
              39.4694126160106
            ],
            [
              -120.12123467995575,
              39.46942419272864
            ],
            [
              -120.12131877334241,
              39.46944238380769
            ],
            [
              -120.12140009561928,
              39.46946700658756
            ],
            [
              -120.12147783020522,
              39.4694978138255
            ],
            [
              -120.12155119654106,
              39.469534496178554
            ],
            [
              -120.12161945792693,
              39.469576685309555
            ],
            [
              -120.12168192891953,
              39.46962395758533
            ],
            [
              -120.12173798221481,
              39.46967583833034
            ],
            [
              -120.12178705494709,
              39.46973180659265
            ],
            [
              -120.12182865434133,
              39.46979130037477
            ],
            [
              -120.1218623626617,
              39.46985372227662
            ],
            [
              -120.12188784140693,
              39.469918445493924
            ],
            [
              -120.12193697762933,
              39.47007011319768
            ],
            [
              -120.1220417922667,
              39.47007011308087
            ],
            [
              -120.12226415679875,
              39.47000473398859
            ],
            [
              -120.12228120587312,
              39.46989942691545
            ],
            [
              -120.12229608066659,
              39.46983388590202
            ],
            [
              -120.12231920642094,
              39.46976979787987
            ],
            [
              -120.12235035853206,
              39.46970778522983
            ],
            [
              -120.12238923445138,
              39.46964845017653
            ],
            [
              -120.1224354566248,
              39.46959236894021
            ],
            [
              -120.12248857615977,
              39.469540086141166
            ],
            [
              -120.12254807718513,
              39.46949210951095
            ],
            [
              -120.12261338186094,
              39.46944890496201
            ],
            [
              -120.12268385599035,
              39.4694108920633
            ],
            [
              -120.12275881517814,
              39.469378439966114
            ],
            [
              -120.12283753147703,
              39.46935186381932
            ],
            [
              -120.12291924045637,
              39.469331421709114
            ],
            [
              -120.12300314862533,
              39.46931731215299
            ],
            [
              -120.12326064619525,
              39.46928421237834
            ],
            [
              -120.12333168258151,
              39.469277391054014
            ],
            [
              -120.12340320167048,
              39.46927511221462
            ],
            [
              -120.12355869422721,
              39.46927511231404
            ],
            [
              -120.12360499148116,
              39.46925467616167
            ],
            [
              -120.12382021945392,
              39.469125439705564
            ],
            [
              -120.1238501257633,
              39.46908851021084
            ],
            [
              -120.12385394744956,
              39.4690649048313
            ],
            [
              -120.12381825999441,
              39.46903735484006
            ],
            [
              -120.12376056862581,
              39.46898820416604
            ],
            [
              -120.12370938893507,
              39.468934896896016
            ],
            [
              -120.12366521644435,
              39.46887794916827
            ],
            [
              -120.12362847882669,
              39.46881791236778
            ],
            [
              -120.1235995317657,
              39.468755367787274
            ],
            [
              -120.1235786555123,
              39.46869092099879
            ],
            [
              -120.12356605217215,
              39.46862519599032
            ],
            [
              -120.12356184374953,
              39.468558829123964
            ],
            [
              -120.12356607096709,
              39.4684924629747
            ],
            [
              -120.12357869287244,
              39.46842674010866
            ],
            [
              -120.12359958723562,
              39.468362296861876
            ],
            [
              -120.12362855173335,
              39.468299757179366
            ],
            [
              -120.12366530590877,
              39.468239726574026
            ],
            [
              -120.12370949388769,
              39.46818278626437
            ],
            [
              -120.12376068782459,
              39.46812948754725
            ],
            [
              -120.12381574813226,
              39.46808259802718
            ],
            [
              -120.12382471662268,
              39.46802026270212
            ],
            [
              -120.12383845591742,
              39.467954456578035
            ],
            [
              -120.12386049928557,
              39.46789002104667
            ],
            [
              -120.12389063189435,
              39.467827584025756
            ],
            [
              -120.12392856008455,
              39.46776775395616
            ],
            [
              -120.12397391423272,
              39.46771111387294
            ],
            [
              -120.12402625235376,
              39.46765821572396
            ],
            [
              -120.12408506440848,
              39.46760957499151
            ],
            [
              -120.12414977727398,
              39.467565665669355
            ],
            [
              -120.12421976032896,
              39.467526915643944
            ],
            [
              -120.12429433159869,
              39.467493702525054
            ],
            [
              -120.12437276440069,
              39.467466349966365
            ],
            [
              -120.12445429442566,
              39.467445124511706
            ],
            [
              -120.124538127185,
              39.46743023299785
            ],
            [
              -120.12462344575223,
              39.46742182053906
            ],
            [
              -120.12470941872326,
              39.46741996911314
            ],
            [
              -120.12479520831727,
              39.46742469676257
            ],
            [
              -120.12487997854002,
              39.4674359574187
            ],
            [
              -120.12493598569924,
              39.46744790110168
            ],
            [
              -120.12519266051332,
              39.46715729544885
            ],
            [
              -120.12519266161922,
              39.46706809679959
            ],
            [
              -120.12519643222389,
              39.46700534493342
            ],
            [
              -120.12520770984273,
              39.46694313617378
            ],
            [
              -120.12522639686034,
              39.46688200887049
            ],
            [
              -120.12525233154217,
              39.46682249201321
            ],
            [
              -120.12528528943471,
              39.46676510065368
            ],
            [
              -120.1254998920252,
              39.466433802178564
            ],
            [
              -120.12553550155926,
              39.46638415341383
            ],
            [
              -120.12557636854415,
              39.46633700001306
            ],
            [
              -120.12562220379593,
              39.46629267563298
            ],
            [
              -120.12648050491039,
              39.46553068049525
            ],
            [
              -120.12653939738146,
              39.46548327152332
            ],
            [
              -120.12660396401786,
              39.46544053119315
            ],
            [
              -120.12667359155371,
              39.46540286545478
            ],
            [
              -120.12674761865775,
              39.465370632058985
            ],
            [
              -120.12682534221445,
              39.46534413715974
            ],
            [
              -120.12690602400195,
              39.46532363240643
            ],
            [
              -120.12698889770321,
              39.46530931255389
            ],
            [
              -120.12707317618398,
              39.465301313612734
            ],
            [
              -120.12715805896836,
              39.46529971155768
            ],
            [
              -120.12724273984104,
              39.46530452160584
            ],
            [
              -120.12732641450411,
              39.4653156980723
            ],
            [
              -120.12740828821555,
              39.465333134803885
            ],
            [
              -120.12748758333721,
              39.46535666618731
            ],
            [
              -120.12756354672014,
              39.465386068722005
            ],
            [
              -120.12763545685762,
              39.46542106314277
            ],
            [
              -120.12770263073769,
              39.46546131707198
            ],
            [
              -120.12776443033029,
              39.465506448176235
            ],
            [
              -120.1278202686472,
              39.465556027797625
            ],
            [
              -120.12786961531742,
              39.465609585024886
            ],
            [
              -120.1279120016249,
              39.46566661116574
            ],
            [
              -120.1279470249609,
              39.465726564578496
            ],
            [
              -120.1279743526485,
              39.46578887581629
            ],
            [
              -120.1279937251031,
              39.465852953035636
            ],
            [
              -120.12800495829873,
              39.46591818761777
            ],
            [
              -120.12800794551684,
              39.465983959949284
            ],
            [
              -120.1280026583607,
              39.46604964530734
            ],
            [
              -120.12791686559189,
              39.466645946207294
            ],
            [
              -120.12790656304122,
              39.46669860321293
            ],
            [
              -120.12761047444985,
              39.46789222084987
            ],
            [
              -120.12799508876076,
              39.468174259450045
            ],
            [
              -120.12873331586206,
              39.46839131159847
            ],
            [
              -120.1287806850989,
              39.468406488686014
            ],
            [
              -120.1294298169292,
              39.46863201736161
            ],
            [
              -120.13057488213828,
              39.4685491355289
            ],
            [
              -120.13066296249923,
              39.46854623176144
            ],
            [
              -120.13075097055692,
              39.4685502418549
            ],
            [
              -120.13083800524144,
              39.468561124752924
            ],
            [
              -120.1309231754476,
              39.46857876903191
            ],
            [
              -120.13100560915784,
              39.468602994041646
            ],
            [
              -120.13108446236974,
              39.468633551754785
            ],
            [
              -120.13115892773682,
              39.468670129306
            ],
            [
              -120.13122824283403,
              39.46871235219502
            ],
            [
              -120.13129169796395,
              39.46875978812065
            ],
            [
              -120.13174420765174,
              39.46913411576204
            ],
            [
              -120.13305521247082,
              39.46948214111707
            ],
            [
              -120.1331212490439,
              39.469502030885536
            ],
            [
              -120.13318498234892,
              39.46952601333269
            ],
            [
              -120.13387167847493,
              39.469811710769434
            ],
            [
              -120.13389551556106,
              39.46982250856998
            ],
            [
              -120.13396519935351,
              39.46982250853854
            ],
            [
              -120.134076499263,
              39.46982250849929
            ],
            [
              -120.13417772595058,
              39.46982708148621
            ],
            [
              -120.13427758166883,
              39.469840738681
            ],
            [
              -120.13439018069147,
              39.46986143845159
            ],
            [
              -120.1344824305578,
              39.46988262906459
            ],
            [
              -120.13457110335061,
              39.46991157408402
            ],
            [
              -120.1347080898468,
              39.46996336733226
            ],
            [
              -120.13504136566593,
              39.46999845238635
            ],
            [
              -120.13511765459594,
              39.47000918185512
            ],
            [
              -120.13519241078676,
              39.47002512538603
            ],
            [
              -120.13587665389633,
              39.47019677778655
            ],
            [
              -120.13621616261887,
              39.470182186642205
            ],
            [
              -120.13634505262264,
              39.47010479264299
            ],
            [
              -120.13664996064412,
              39.469869429441026
            ],
            [
              -120.1367199924247,
              39.46982090935378
            ],
            [
              -120.13679635644363,
              39.46977851452089
            ],
            [
              -120.13687816512208,
              39.469742737692734
            ],
            [
              -120.13696446760312,
              39.469713994699006
            ],
            [
              -120.13705426080293,
              39.46969261961579
            ],
            [
              -120.13755524134154,
              39.46959592540724
            ],
            [
              -120.13794875218338,
              39.46950914108003
            ],
            [
              -120.13812682767353,
              39.46938541813842
            ],
            [
              -120.13828068906383,
              39.46918182608412
            ],
            [
              -120.1383388879336,
              39.46893466276481
            ],
            [
              -120.13834423996934,
              39.46891379932696
            ],
            [
              -120.1384410849034,
              39.468565083156406
            ],
            [
              -120.1383849991035,
              39.46824055845418
            ],
            [
              -120.13833527832163,
              39.468115760478206
            ],
            [
              -120.13815423461762,
              39.46803423745724
            ],
            [
              -120.1374735069784,
              39.467797810625264
            ],
            [
              -120.13710678262483,
              39.46777416900068
            ],
            [
              -120.13702539358827,
              39.467765914639486
            ],
            [
              -120.13694536800406,
              39.46775176022615
            ],
            [
              -120.1368674161968,
              39.467731831399234
            ],
            [
              -120.13630951207446,
              39.46756622976131
            ],
            [
              -120.13624603123131,
              39.46754511365086
            ],
            [
              -120.1361849083732,
              39.4675201657224
            ],
            [
              -120.13485450156006,
              39.46692376050732
            ],
            [
              -120.13478164492052,
              39.46688722995935
            ],
            [
              -120.13471383789499,
              39.466845263285265
            ],
            [
              -120.13465175308914,
              39.46679827677656
            ],
            [
              -120.13459600634309,
              39.4667467365182
            ],
            [
              -120.13454715062262,
              39.46669115376514
            ],
            [
              -120.13450567053432,
              39.466632079870436
            ],
            [
              -120.13447197751906,
              39.46657010081604
            ],
            [
              -120.1344464057713,
              39.46650583139983
            ],
            [
              -120.13442920892483,
              39.466439909137016
            ],
            [
              -120.13442055753775,
              39.466372987936204
            ],
            [
              -120.13442053740157,
              39.46630573161295
            ],
            [
              -120.13442914869107,
              39.466238807305125
            ],
            [
              -120.13444630596379,
              39.46617287885528
            ],
            [
              -120.13447183900831,
              39.46610860022603
            ],
            [
              -120.13450549453364,
              39.4660466090132
            ],
            [
              -120.13454693868236,
              39.465987520121644
            ],
            [
              -120.13459576034307,
              39.46593191966602
            ],
            [
              -120.13465147522886,
              39.46588035915729
            ],
            [
              -120.13471353068121,
              39.465833350032426
            ],
            [
              -120.13478131115238,
              39.4657913585817
            ],
            [
              -120.13485414431102,
              39.46575480132371
            ],
            [
              -120.1349313077111,
              39.46572404087423
            ],
            [
              -120.13501203595754,
              39.46569938234958
            ],
            [
              -120.13509552829795,
              39.465681070340345
            ],
            [
              -120.13565342319933,
              39.4655816710866
            ],
            [
              -120.13573379045039,
              39.465570396598814
            ],
            [
              -120.13581516663908,
              39.46556500486047
            ],
            [
              -120.13589683664131,
              39.465565543254314
            ],
            [
              -120.13659112306814,
              39.46559538183422
            ],
            [
              -120.1370524784294,
              39.46555083206326
            ],
            [
              -120.13760600173786,
              39.46533722516492
            ],
            [
              -120.13803499956985,
              39.465171564789834
            ],
            [
              -120.13811219346245,
              39.46514528827593
            ],
            [
              -120.13819230260854,
              39.465124918208666
            ],
            [
              -120.1382745768198,
              39.46511064534545
            ],
            [
              -120.13835824563455,
              39.46510260334603
            ],
            [
              -120.13844252553221,
              39.465100867520924
            ],
            [
              -120.13852662726997,
              39.46510545412616
            ],
            [
              -120.13860976327305,
              39.465116320211074
            ],
            [
              -120.1386911550094,
              39.46513336402045
            ],
            [
              -120.1387700402796,
              39.4651564259473
            ],
            [
              -120.1388456803541,
              39.46518529002734
            ],
            [
              -120.1389173668907,
              39.46521968596123
            ],
            [
              -120.13898442856741,
              39.46525929164561
            ],
            [
              -120.1390462373691,
              39.46530373618926
            ],
            [
              -120.13910221446838,
              39.46535260338601
            ],
            [
              -120.1391518356463,
              39.465405435612205
            ],
            [
              -120.1391946362017,
              39.46546173811187
            ],
            [
              -120.13923021530324,
              39.46552098362975
            ],
            [
              -120.1392582397437,
              39.46558261734874
            ],
            [
              -120.13927844706096,
              39.46564606208524
            ],
            [
              -120.13929064799649,
              39.46571072369438
            ],
            [
              -120.13929472826864,
              39.46577599663386
            ],
            [
              -120.13929472846611,
              39.465791584248805
            ],
            [
              -120.13932494144697,
              39.46580491449173
            ],
            [
              -120.13940296735035,
              39.465848846583626
            ],
            [
              -120.13983381005477,
              39.46612089396843
            ],
            [
              -120.14060406645571,
              39.466496525641794
            ],
            [
              -120.14064510600045,
              39.4665178210323
            ],
            [
              -120.14083850894357,
              39.466624451911926
            ],
            [
              -120.14109167930684,
              39.46638018030059
            ],
            [
              -120.14115046268206,
              39.4663290124328
            ],
            [
              -120.14121563248493,
              39.46628272463004
            ],
            [
              -120.14128651788454,
              39.46624179335227
            ],
            [
              -120.14136238922094,
              39.466206639921865
            ],
            [
              -120.14144246551557,
              39.4661776261871
            ],
            [
              -120.14152592250977,
              39.46615505079775
            ],
            [
              -120.14217025689064,
              39.46600871568322
            ],
            [
              -120.14337928672309,
              39.465510924081855
            ],
            [
              -120.14346054300933,
              39.46548151855163
            ],
            [
              -120.14354526854265,
              39.46545874298221
            ],
            [
              -120.14363256569686,
              39.465442838670064
            ],
            [
              -120.14372150960266,
              39.465433974114106
            ],
            [
              -120.14427940421115,
              39.46540087423583
            ],
            [
              -120.14436318023048,
              39.4653990372734
            ],
            [
              -120.1444467963503,
              39.46540344814444
            ],
            [
              -120.14452947881676,
              39.46541406603318
            ],
            [
              -120.1446104625149,
              39.46543079268617
            ],
            [
              -120.14468899804805,
              39.46545347332152
            ],
            [
              -120.1447643586719,
              39.46548189806097
            ],
            [
              -120.14483584701924,
              39.465515803871874
            ],
            [
              -120.14490280155279,
              39.46555487700102
            ],
            [
              -120.14496460268668,
              39.46559875587779
            ],
            [
              -120.14502067851986,
              39.46564703445979
            ],
            [
              -120.1450705101284,
              39.46569926598992
            ],
            [
              -120.14511363636761,
              39.46575496713043
            ],
            [
              -120.1451496581398,
              39.46581362243535
            ],
            [
              -120.14534317405808,
              39.46617222823718
            ],
            [
              -120.14581612891918,
              39.46681121257697
            ],
            [
              -120.14616996021536,
              39.46722085077998
            ],
            [
              -120.14644409899806,
              39.467414913831824
            ],
            [
              -120.14698469841366,
              39.46751920414688
            ],
            [
              -120.14783291329911,
              39.46751920373256
            ],
            [
              -120.14874622072148,
              39.46739660841481
            ],
            [
              -120.14875781358279,
              39.467395114576526
            ],
            [
              -120.14972229873906,
              39.467276003642326
            ],
            [
              -120.15049212465807,
              39.46701760126708
            ],
            [
              -120.15112197051016,
              39.46660813370027
            ],
            [
              -120.15168298609034,
              39.46598560663979
            ],
            [
              -120.15200344598928,
              39.46534835610635
            ],
            [
              -120.15228068703975,
              39.46467533054453
            ],
            [
              -120.15236613880037,
              39.46440095628023
            ],
            [
              -120.15239793403438,
              39.46423588584965
            ],
            [
              -120.1524164193915,
              39.464165667771006
            ],
            [
              -120.15244440074653,
              39.46409736353039
            ],
            [
              -120.15247660138284,
              39.46403116377807
            ],
            [
              -120.15251223912755,
              39.46396789915613
            ],
            [
              -120.15255602315267,
              39.463907785218915
            ],
            [
              -120.1526074959036,
              39.46385145014606
            ],
            [
              -120.15266611948371,
              39.46379948262741
            ],
            [
              -120.15273128127593,
              39.46375242571179
            ],
            [
              -120.1528023003445,
              39.463710771132405
            ],
            [
              -120.15293283361821,
              39.46364204935025
            ],
            [
              -120.15297349739384,
              39.463603331874594
            ],
            [
              -120.15310753219181,
              39.46342972554311
            ],
            [
              -120.15314946154766,
              39.463380442105255
            ],
            [
              -120.15319678358982,
              39.46333418550034
            ],
            [
              -120.15324913666065,
              39.46329130923393
            ],
            [
              -120.1534088434788,
              39.46317146785282
            ],
            [
              -120.15361096193863,
              39.46298357381584
            ],
            [
              -120.15371835951996,
              39.46285759728428
            ],
            [
              -120.15376517336253,
              39.462807785462275
            ],
            [
              -120.15381765061629,
              39.462761489158495
            ],
            [
              -120.15387535422956,
              39.4627190939384
            ],
            [
              -120.15393780362712,
              39.462680952877825
            ],
            [
              -120.15410940287977,
              39.462585653595916
            ],
            [
              -120.1541699798927,
              39.46255488214676
            ],
            [
              -120.1542336449086,
              39.46252811723269
            ],
            [
              -120.1542999579322,
              39.46250554382786
            ],
            [
              -120.15444225572875,
              39.46246248012939
            ],
            [
              -120.15450572813849,
              39.46242162255555
            ],
            [
              -120.15497006085074,
              39.462082097680195
            ],
            [
              -120.15503174255551,
              39.46202916879058
            ],
            [
              -120.15508094336256,
              39.46193044826803
            ],
            [
              -120.15512333995973,
              39.46185829544837
            ],
            [
              -120.1552306411264,
              39.4617008961979
            ],
            [
              -120.15528352490776,
              39.461633238465346
            ],
            [
              -120.15534625289384,
              39.46157083876317
            ],
            [
              -120.15542135298536,
              39.46150453918721
            ],
            [
              -120.15548459281185,
              39.46145424506452
            ],
            [
              -120.15555422928693,
              39.461409314185794
            ],
            [
              -120.15562950921439,
              39.46137023252232
            ],
            [
              -120.15570961836272,
              39.461337422779906
            ],
            [
              -120.15579369027168,
              39.46131123982722
            ],
            [
              -120.15588081562322,
              39.461291966857765
            ],
            [
              -120.1561597130752,
              39.461242267231476
            ],
            [
              -120.15625668070976,
              39.461229405354196
            ],
            [
              -120.15627314206932,
              39.46122868376266
            ],
            [
              -120.15642224101562,
              39.46113001275184
            ],
            [
              -120.15648961919348,
              39.46108966357141
            ],
            [
              -120.15656175672004,
              39.46105460542415
            ],
            [
              -120.15663796456602,
              39.46102517316941
            ],
            [
              -120.15671751482724,
              39.46100164793042
            ],
            [
              -120.1567996476768,
              39.46098425440925
            ],
            [
              -120.15696858788098,
              39.460955271618744
            ],
            [
              -120.15707033668016,
              39.460912198238894
            ],
            [
              -120.15740051061832,
              39.460639500333635
            ],
            [
              -120.15780946237356,
              39.46020824108836
            ],
            [
              -120.15788049262822,
              39.46014252438163
            ],
            [
              -120.15843814625325,
              39.45968854223841
            ],
            [
              -120.15873289895674,
              39.45938984280056
            ],
            [
              -120.1591119626186,
              39.45893898181753
            ],
            [
              -120.15916002281652,
              39.45888731955601
            ],
            [
              -120.15921414813464,
              39.4588393970768
            ],
            [
              -120.15927385706115,
              39.458795640700075
            ],
            [
              -120.15933861841528,
              39.458756439683505
            ],
            [
              -120.15940785607268,
              39.458722142759775
            ],
            [
              -120.15968675437944,
              39.45859794373431
            ],
            [
              -120.15975843114487,
              39.45856935832671
            ],
            [
              -120.15983320942229,
              39.45854603089217
            ],
            [
              -120.1599104490072,
              39.45852816114538
            ],
            [
              -120.15998948862472,
              39.458515902075874
            ],
            [
              -120.16006965159032,
              39.4585093586382
            ],
            [
              -120.16043174390086,
              39.458492881726286
            ],
            [
              -120.16132977667903,
              39.458447666227045
            ],
            [
              -120.16153723788685,
              39.45840438631094
            ],
            [
              -120.16196386580437,
              39.45821796650112
            ],
            [
              -120.16211837090019,
              39.458129563921716
            ],
            [
              -120.16231616677679,
              39.457937478793916
            ],
            [
              -120.16243794338051,
              39.457737689116165
            ],
            [
              -120.16249631894384,
              39.45763254268273
            ],
            [
              -120.16253148887931,
              39.45757647426862
            ],
            [
              -120.16257317924082,
              39.45752315914687
            ],
            [
              -120.16262103467511,
              39.457473051738155
            ],
            [
              -120.16267464728486,
              39.45742657912198
            ],
            [
              -120.16273356010535,
              39.457384137396836
            ],
            [
              -120.16288980592371,
              39.45728157660105
            ],
            [
              -120.16301875552706,
              39.45716129147645
            ],
            [
              -120.16312400739105,
              39.45697294762742
            ],
            [
              -120.16312357562586,
              39.456924430328066
            ],
            [
              -120.16313252446861,
              39.456853918843144
            ],
            [
              -120.16315095412752,
              39.456784522285545
            ],
            [
              -120.163178661704,
              39.456717004562606
            ],
            [
              -120.16321534217195,
              39.456652108897565
            ],
            [
              -120.16327974294914,
              39.45655270935463
            ],
            [
              -120.16332180560512,
              39.456495029755416
            ],
            [
              -120.16337095731006,
              39.456440823238644
            ],
            [
              -120.1634267248807,
              39.45639061163362
            ],
            [
              -120.16348857144833,
              39.456344878310965
            ],
            [
              -120.1635559016274,
              39.45630406352963
            ],
            [
              -120.1636280672469,
              39.45626856019887
            ],
            [
              -120.16370437359011,
              39.45623871009618
            ],
            [
              -120.1637840860821,
              39.456214800577285
            ],
            [
              -120.1639128849926,
              39.4561817008401
            ],
            [
              -120.16399063228783,
              39.456164777567366
            ],
            [
              -120.16407006703575,
              39.45615350813064
            ],
            [
              -120.16415050662896,
              39.456147989372354
            ],
            [
              -120.16423125982571,
              39.45614826871756
            ],
            [
              -120.16464965581203,
              39.45616476841432
            ],
            [
              -120.16469173862902,
              39.456167221365156
            ],
            [
              -120.16526773047983,
              39.45621169359579
            ],
            [
              -120.16545040806601,
              39.4562036664656
            ],
            [
              -120.16578315210216,
              39.45611187731264
            ],
            [
              -120.16587868341041,
              39.45609020363507
            ],
            [
              -120.16597678046698,
              39.45607711968344
            ],
            [
              -120.16635227686531,
              39.456044019869836
            ],
            [
              -120.16642834869839,
              39.456039918066445
            ],
            [
              -120.16650459180497,
              39.45604098924446
            ],
            [
              -120.16671751107631,
              39.456051219832474
            ],
            [
              -120.16674408048297,
              39.45604626635562
            ],
            [
              -120.16688977255428,
              39.45596840731849
            ],
            [
              -120.16694143292774,
              39.455942830129125
            ],
            [
              -120.16721551706762,
              39.455817429337536
            ],
            [
              -120.16741499360072,
              39.45571731948498
            ],
            [
              -120.1674490790957,
              39.45570223165377
            ],
            [
              -120.16745612326372,
              39.455691948406475
            ],
            [
              -120.16760632442093,
              39.45550134940361
            ],
            [
              -120.16765269765081,
              39.45544833113385
            ],
            [
              -120.1677053422243,
              39.455398957566494
            ],
            [
              -120.16776378445553,
              39.45535367294443
            ],
            [
              -120.16798391126922,
              39.45519856825292
            ],
            [
              -120.16809883257118,
              39.45510300707187
            ],
            [
              -120.16810670358676,
              39.455096547754444
            ],
            [
              -120.16825447749194,
              39.45497686460166
            ],
            [
              -120.16833919289721,
              39.454863526358096
            ],
            [
              -120.16844966001551,
              39.45466937801148
            ],
            [
              -120.16849170082453,
              39.45455131130786
            ],
            [
              -120.16851352159927,
              39.45449856716631
            ],
            [
              -120.16854084479279,
              39.45444738678516
            ],
            [
              -120.16857348657226,
              39.454398114488804
            ],
            [
              -120.16864231610913,
              39.45430393429332
            ],
            [
              -120.16866762494628,
              39.454237453354864
            ],
            [
              -120.16869634755899,
              39.45417387524252
            ],
            [
              -120.16873309800216,
              39.45411283188853
            ],
            [
              -120.16877751056025,
              39.45405493072204
            ],
            [
              -120.16882914327687,
              39.45400074790353
            ],
            [
              -120.16888748235321,
              39.45395082259206
            ],
            [
              -120.16895194726096,
              39.45390565158035
            ],
            [
              -120.16902189651924,
              39.453865684351726
            ],
            [
              -120.16909663407759,
              39.45383131860763
            ],
            [
              -120.16918783347609,
              39.45379401890317
            ],
            [
              -120.16926530775848,
              39.453766009121054
            ],
            [
              -120.16934595033527,
              39.4537440211799
            ],
            [
              -120.16942898459355,
              39.45372826683054
            ],
            [
              -120.16951361088964,
              39.453718897792534
            ],
            [
              -120.16959901424914,
              39.453716004293085
            ],
            [
              -120.16968437221477,
              39.45371961419828
            ],
            [
              -120.16976886276622,
              39.45372969274456
            ],
            [
              -120.16985167223558,
              39.4537461428736
            ],
            [
              -120.16993200314269,
              39.453768806166764
            ],
            [
              -120.17000908187451,
              39.4537974643707
            ],
            [
              -120.17006740913537,
              39.453824900157514
            ],
            [
              -120.17010136638196,
              39.45381997998605
            ],
            [
              -120.1701869297387,
              39.45381425201686
            ],
            [
              -120.17027280481986,
              39.45381508360734
            ],
            [
              -120.17030353487876,
              39.45381774180458
            ],
            [
              -120.17034887001769,
              39.45377832365426
            ],
            [
              -120.17041662366746,
              39.45373060339214
            ],
            [
              -120.17049046284878,
              39.45368865867172
            ],
            [
              -120.17056957214811,
              39.45365295268813
            ],
            [
              -120.17065307795836,
              39.453623879741805
            ],
            [
              -120.17076397707191,
              39.453590580008466
            ],
            [
              -120.17084739966911,
              39.4535692140056
            ],
            [
              -120.17093317409977,
              39.45355447113789
            ],
            [
              -120.17102042784427,
              39.453546501374376
            ],
            [
              -120.17110827333599,
              39.45354538578638
            ],
            [
              -120.17119581698928,
              39.45355113572287
            ],
            [
              -120.17128216828827,
              39.45356369269498
            ],
            [
              -120.17136644884482,
              39.45358292897091
            ],
            [
              -120.17144780133286,
              39.453608648875054
            ],
            [
              -120.17152539820879,
              39.45364059077833
            ],
            [
              -120.1716177977579,
              39.45368339040885
            ],
            [
              -120.17168906969111,
              39.45372020571885
            ],
            [
              -120.17175533387446,
              39.45376226883579
            ],
            [
              -120.17181594977559,
              39.45380917316997
            ],
            [
              -120.17187033145603,
              39.45386046533461
            ],
            [
              -120.17191558331245,
              39.453907701463834
            ],
            [
              -120.17197763375965,
              39.453904236908414
            ],
            [
              -120.17218583990461,
              39.45390240842217
            ],
            [
              -120.17230028564497,
              39.45384345165955
            ],
            [
              -120.17237137505792,
              39.45381049536859
            ],
            [
              -120.1724461807492,
              39.45378292251378
            ],
            [
              -120.17252402636151,
              39.45376098239507
            ],
            [
              -120.17260420805435,
              39.453744873384
            ],
            [
              -120.17268600086709,
              39.45373474113029
            ],
            [
              -120.17276866527338,
              39.453730677245055
            ],
            [
              -120.17285145386684,
              39.45373271847252
            ],
            [
              -120.17300555240091,
              39.453742218328735
            ],
            [
              -120.17308495864293,
              39.45374997276002
            ],
            [
              -120.17316311171949,
              39.453763344309436
            ],
            [
              -120.17323935192285,
              39.45378222010549
            ],
            [
              -120.17331303569065,
              39.45380644081408
            ],
            [
              -120.1733835410382,
              39.453835801983246
            ],
            [
              -120.17345027280835,
              39.453870055768824
            ],
            [
              -120.17351266769506,
              39.453908913026474
            ],
            [
              -120.17362046758522,
              39.45398261249106
            ],
            [
              -120.17368193245119,
              39.454028999631
            ],
            [
              -120.17373721423196,
              39.454079848417116
            ],
            [
              -120.17374337086555,
              39.45408679801473
            ],
            [
              -120.17402155160741,
              39.45414122163644
            ],
            [
              -120.17405944457809,
              39.454149344350576
            ],
            [
              -120.1743860419107,
              39.45422554355309
            ],
            [
              -120.17443020449582,
              39.45423685233254
            ],
            [
              -120.17486460118658,
              39.454358151116296
            ],
            [
              -120.17488995686087,
              39.45436557873307
            ],
            [
              -120.17511485522868,
              39.454434578057516
            ],
            [
              -120.17518237455162,
              39.4544579080766
            ],
            [
              -120.17524709929546,
              39.45448559193317
            ],
            [
              -120.17530194087401,
              39.45451146021952
            ],
            [
              -120.17531893395659,
              39.4544964105631
            ],
            [
              -120.17539898365071,
              39.45443419589113
            ],
            [
              -120.17550789642515,
              39.454359909349705
            ],
            [
              -120.17553187987447,
              39.454325191153174
            ],
            [
              -120.17557301540111,
              39.45427172231654
            ],
            [
              -120.17562032773716,
              39.454221417449894
            ],
            [
              -120.17567341477206,
              39.45417470408463
            ],
            [
              -120.17573182531984,
              39.454131979227995
            ],
            [
              -120.17589586389555,
              39.4540226208172
            ],
            [
              -120.17595256199931,
              39.45396397842677
            ],
            [
              -120.17602921050113,
              39.453894943497986
            ],
            [
              -120.17640441033615,
              39.45359984548377
            ],
            [
              -120.17643382439275,
              39.45357777318773
            ],
            [
              -120.1768231237485,
              39.45329907513318
            ],
            [
              -120.17689621738745,
              39.453252197931796
            ],
            [
              -120.1771298164391,
              39.45311829893287
            ],
            [
              -120.17719622367942,
              39.45308377230422
            ],
            [
              -120.17726643485386,
              39.45305411174268
            ],
            [
              -120.1774185337846,
              39.45299671220048
            ],
            [
              -120.1774968462051,
              39.452970748638435
            ],
            [
              -120.17757805495583,
              39.4529508382973
            ],
            [
              -120.17766138365641,
              39.45293717152634
            ],
            [
              -120.17777118261913,
              39.45292347161912
            ],
            [
              -120.1778584067716,
              39.45291605864339
            ],
            [
              -120.17794615037579,
              39.452915486155455
            ],
            [
              -120.1780335231177,
              39.45292175996513
            ],
            [
              -120.17811963844579,
              39.45293481641442
            ],
            [
              -120.17820362256592,
              39.452954523023315
            ],
            [
              -120.17826224144385,
              39.45297345227599
            ],
            [
              -120.17829858039484,
              39.45296882133202
            ],
            [
              -120.17837586832285,
              39.45296438367914
            ],
            [
              -120.17847226738881,
              39.45296218366675
            ],
            [
              -120.17855688755772,
              39.45296344134019
            ],
            [
              -120.1786409508888,
              39.45297105942709
            ],
            [
              -120.1787236638225,
              39.4529849660134
            ],
            [
              -120.17880424554572,
              39.4530050298214
            ],
            [
              -120.17888193536221,
              39.453031061448854
            ],
            [
              -120.17893813501415,
              39.45305246125169
            ],
            [
              -120.17900600759315,
              39.453081274516606
            ],
            [
              -120.17907031402446,
              39.45311464373001
            ],
            [
              -120.1791305468385,
              39.453152305564586
            ],
            [
              -120.17918623070972,
              39.45319396281793
            ],
            [
              -120.17925643692416,
              39.45325136692826
            ],
            [
              -120.17942187174104,
              39.453336513464905
            ],
            [
              -120.17978808484644,
              39.453477928062505
            ],
            [
              -120.17987574737434,
              39.45351685258317
            ],
            [
              -120.17995700735173,
              39.45356338352101
            ],
            [
              -120.1801360049437,
              39.45367889631803
            ],
            [
              -120.1801757305619,
              39.45369301064933
            ],
            [
              -120.18024899391492,
              39.45372606700341
            ],
            [
              -120.18031776595356,
              39.4537644872831
            ],
            [
              -120.18038139543293,
              39.45380790766822
            ],
            [
              -120.18040199543749,
              39.45382340756143
            ],
            [
              -120.18051962608493,
              39.453911980540504
            ],
            [
              -120.18058131473931,
              39.45396353437434
            ],
            [
              -120.1806357537327,
              39.45401978176942
            ],
            [
              -120.18068235277349,
              39.45408011284505
            ],
            [
              -120.18081685443946,
              39.45427681201905
            ],
            [
              -120.18085638067612,
              39.45434303257466
            ],
            [
              -120.18088646018226,
              39.4544121725822
            ],
            [
              -120.18099626367307,
              39.45471827191894
            ],
            [
              -120.18101279569986,
              39.45477312770453
            ],
            [
              -120.18102337263456,
              39.45482886079493
            ],
            [
              -120.18102792086248,
              39.454885083368225
            ],
            [
              -120.18103492410678,
              39.45514468343244
            ],
            [
              -120.18103223489713,
              39.45521366760108
            ],
            [
              -120.18102047733899,
              39.455282078734214
            ],
            [
              -120.18098107925336,
              39.45544657909164
            ],
            [
              -120.18095755991004,
              39.455520979987114
            ],
            [
              -120.18086606233783,
              39.45575268072633
            ],
            [
              -120.18083277895585,
              39.45582283268101
            ],
            [
              -120.18078969849583,
              39.455889703402384
            ],
            [
              -120.18073734872242,
              39.45595247363818
            ],
            [
              -120.18053204961039,
              39.45617107490716
            ],
            [
              -120.18048509609434,
              39.45621677645607
            ],
            [
              -120.1803470962832,
              39.456339777238966
            ],
            [
              -120.1802871447317,
              39.45638813711214
            ],
            [
              -120.18022130057255,
              39.45643164821304
            ],
            [
              -120.18015021332803,
              39.45646988131892
            ],
            [
              -120.17999470333326,
              39.45654493635859
            ],
            [
              -120.17991855213702,
              39.4565849582458
            ],
            [
              -120.1797556169737,
              39.456716615755326
            ],
            [
              -120.17971952529524,
              39.45674413208613
            ],
            [
              -120.17951432496783,
              39.45689173311474
            ],
            [
              -120.1794889096238,
              39.456909310230344
            ],
            [
              -120.17936150930201,
              39.456994010837015
            ],
            [
              -120.17929090558661,
              39.45703628561145
            ],
            [
              -120.17921509460588,
              39.45707274093728
            ],
            [
              -120.17913487144693,
              39.4571029944774
            ],
            [
              -120.17905107747448,
              39.45712672893776
            ],
            [
              -120.17896459150629,
              39.45714369539524
            ],
            [
              -120.17891661280362,
              39.45715110453392
            ],
            [
              -120.17887928697914,
              39.4572056261306
            ],
            [
              -120.17882031827965,
              39.457271492083684
            ],
            [
              -120.17863731882795,
              39.457451993175866
            ],
            [
              -120.17859503008857,
              39.457490628206784
            ],
            [
              -120.1785491235202,
              39.457526696529456
            ],
            [
              -120.17829502315641,
              39.45771189781381
            ],
            [
              -120.17823768453036,
              39.45775019087208
            ],
            [
              -120.17817627472554,
              39.45778448145459
            ],
            [
              -120.1779018733268,
              39.45792408252664
            ],
            [
              -120.17788298596999,
              39.457933424246725
            ],
            [
              -120.17760858445139,
              39.45806532527013
            ],
            [
              -120.1775700278418,
              39.45808281407267
            ],
            [
              -120.1772468257951,
              39.458220915162165
            ],
            [
              -120.17718245247292,
              39.45824579259301
            ],
            [
              -120.17701510833344,
              39.45830390627058
            ],
            [
              -120.17692629338684,
              39.45834255898478
            ],
            [
              -120.17672112960548,
              39.45844386790465
            ],
            [
              -120.17668019963465,
              39.458462877879384
            ],
            [
              -120.17633459749018,
              39.45861357906538
            ],
            [
              -120.17628922123927,
              39.45863202530052
            ],
            [
              -120.17600261922603,
              39.45874032616432
            ],
            [
              -120.17593554435724,
              39.45876302108568
            ],
            [
              -120.17586624877642,
              39.45878127160628
            ],
            [
              -120.17558364630708,
              39.45884557211086
            ],
            [
              -120.17551667804669,
              39.45885859882135
            ],
            [
              -120.17518737500359,
              39.45891199921463
            ],
            [
              -120.17514048044207,
              39.45891857137805
            ],
            [
              -120.17495950266657,
              39.45893999026591
            ],
            [
              -120.17488782929749,
              39.45895447608237
            ],
            [
              -120.1748145404651,
              39.458977575056785
            ],
            [
              -120.1747354582998,
              39.459014452117465
            ],
            [
              -120.17464172633804,
              39.45908594477871
            ],
            [
              -120.1744763605749,
              39.45921665038495
            ],
            [
              -120.17440309617876,
              39.459268324378066
            ],
            [
              -120.17432273811578,
              39.45931321731355
            ],
            [
              -120.17419263742299,
              39.45937751781002
            ],
            [
              -120.17411841484169,
              39.459410347978896
            ],
            [
              -120.17389081329047,
              39.45949984869072
            ],
            [
              -120.17384456331803,
              39.459516731897295
            ],
            [
              -120.17348676061746,
              39.45963753286524
            ],
            [
              -120.1734357993642,
              39.45965327774863
            ],
            [
              -120.17318989734576,
              39.459722378300796
            ],
            [
              -120.1730779990207,
              39.459747403747194
            ],
            [
              -120.17290109739314,
              39.45977720396871
            ],
            [
              -120.17282330521651,
              39.459787473333186
            ],
            [
              -120.17274463339115,
              39.45979224381429
            ],
            [
              -120.1724336303772,
              39.45980014378182
            ],
            [
              -120.17230615360205,
              39.45979613604222
            ],
            [
              -120.17197776556485,
              39.45976703456926
            ],
            [
              -120.17178360359715,
              39.459752996751845
            ],
            [
              -120.17168661672302,
              39.459752017667455
            ],
            [
              -120.17158384748977,
              39.459755858133484
            ],
            [
              -120.17153659061101,
              39.45976467088475
            ],
            [
              -120.17144536861272,
              39.45979231392917
            ],
            [
              -120.17130429672791,
              39.459862658708296
            ],
            [
              -120.17041960462142,
              39.4604301684386
            ],
            [
              -120.17039313379459,
              39.4604464880223
            ],
            [
              -120.1701044327132,
              39.460617489290094
            ],
            [
              -120.17000042116356,
              39.46067042759252
            ],
            [
              -120.1697829198043,
              39.460764628334445
            ],
            [
              -120.16972192976098,
              39.46078865783363
            ],
            [
              -120.16954119045644,
              39.460853074974
            ],
            [
              -120.16945663418677,
              39.460884050565745
            ],
            [
              -120.16940263478708,
              39.460913839487645
            ],
            [
              -120.16935086300576,
              39.46094694739786
            ],
            [
              -120.16905576322344,
              39.46122778389022
            ],
            [
              -120.16899201273239,
              39.46128212741664
            ],
            [
              -120.16878061255886,
              39.461443728516976
            ],
            [
              -120.16872755744008,
              39.46148107613311
            ],
            [
              -120.16854318951198,
              39.461600511207024
            ],
            [
              -120.16842733889823,
              39.461677745377806
            ],
            [
              -120.1684231343696,
              39.461691397752666
            ],
            [
              -120.16838043578572,
              39.46182009811197
            ],
            [
              -120.16835425243804,
              39.46188519631106
            ],
            [
              -120.16831973330896,
              39.461947915858936
            ],
            [
              -120.16827723033545,
              39.462007617264725
            ],
            [
              -120.1682271768613,
              39.46206369180917
            ],
            [
              -120.168133677175,
              39.46215789237294
            ],
            [
              -120.16808896841486,
              39.462199387205075
            ],
            [
              -120.16800771427722,
              39.462268940707624
            ],
            [
              -120.16797968525886,
              39.46229864583272
            ],
            [
              -120.16791346966222,
              39.46240703008851
            ],
            [
              -120.16787758178496,
              39.462459644862236
            ],
            [
              -120.16783585683163,
              39.462509605978525
            ],
            [
              -120.16778861888642,
              39.46255652536783
            ],
            [
              -120.16770731902058,
              39.462630325833594
            ],
            [
              -120.1676552227552,
              39.46267361997978
            ],
            [
              -120.16759843469295,
              39.46271321084808
            ],
            [
              -120.16753739130861,
              39.46274879413728
            ],
            [
              -120.16747256178617,
              39.46278009634865
            ],
            [
              -120.16735056103039,
              39.46283339676802
            ],
            [
              -120.1672643704436,
              39.46286633632945
            ],
            [
              -120.1671740238961,
              39.46289171730282
            ],
            [
              -120.16708062065267,
              39.46290923087288
            ],
            [
              -120.16689361890268,
              39.46293593106239
            ],
            [
              -120.1668907547406,
              39.46293633617178
            ],
            [
              -120.16648005745321,
              39.4629938752608
            ],
            [
              -120.16583184395452,
              39.463089545506485
            ],
            [
              -120.16563439818778,
              39.463133385366085
            ],
            [
              -120.16556250119972,
              39.463158613654805
            ],
            [
              -120.16540846110603,
              39.46324101663861
            ],
            [
              -120.16525057531092,
              39.463332421204875
            ],
            [
              -120.16482416433342,
              39.463708488570084
            ],
            [
              -120.16477762023601,
              39.464088610117635
            ],
            [
              -120.16477294689018,
              39.464119295405744
            ],
            [
              -120.16475664795894,
              39.46420869556461
            ],
            [
              -120.1647419558013,
              39.46426921540058
            ],
            [
              -120.16472021205941,
              39.46432844616135
            ],
            [
              -120.16466941325385,
              39.46444614656359
            ],
            [
              -120.16464057409091,
              39.46450399137435
            ],
            [
              -120.16460501062343,
              39.4645595416606
            ],
            [
              -120.16451961145776,
              39.46467884224746
            ],
            [
              -120.16449008496488,
              39.4647170614593
            ],
            [
              -120.16434788590635,
              39.46488806238435
            ],
            [
              -120.16430548676098,
              39.464934611758565
            ],
            [
              -120.16425817562313,
              39.464978224808235
            ],
            [
              -120.16420628934007,
              39.4650185910083
            ],
            [
              -120.1640964891564,
              39.46509709155672
            ],
            [
              -120.16402928116875,
              39.4651405088356
            ],
            [
              -120.16395679407199,
              39.465178482436635
            ],
            [
              -120.16387975886491,
              39.465210629410485
            ],
            [
              -120.16370085758497,
              39.46527652993685
            ],
            [
              -120.16360608832008,
              39.465306289825364
            ],
            [
              -120.16276253692234,
              39.46552747859573
            ],
            [
              -120.16244063135419,
              39.465624448350596
            ],
            [
              -120.16233308344128,
              39.46566673421093
            ],
            [
              -120.16231398155858,
              39.46567893614608
            ],
            [
              -120.16206106280617,
              39.46594549616599
            ],
            [
              -120.16203996333834,
              39.46596683046464
            ],
            [
              -120.16189766372612,
              39.46610493130766
            ],
            [
              -120.16183798566071,
              39.466157082825795
            ],
            [
              -120.16177168921534,
              39.466204187856675
            ],
            [
              -120.16161718876003,
              39.46630308857379
            ],
            [
              -120.16154615780509,
              39.46634403674141
            ],
            [
              -120.16147013258342,
              39.46637918672433
            ],
            [
              -120.16124453109963,
              39.46647178745798
            ],
            [
              -120.16120950846727,
              39.46648539041674
            ],
            [
              -120.16090076877974,
              39.46659864822997
            ],
            [
              -120.1607771996512,
              39.46665025953686
            ],
            [
              -120.16071681486314,
              39.46668503425473
            ],
            [
              -120.16055444013821,
              39.46679855413241
            ],
            [
              -120.16051787072703,
              39.46682273637621
            ],
            [
              -120.16036729530902,
              39.46691686985368
            ],
            [
              -120.16021852613586,
              39.46701563944148
            ],
            [
              -120.16012593813997,
              39.4671035176388
            ],
            [
              -120.15954778330855,
              39.46782279423092
            ],
            [
              -120.15950333576498,
              39.46787291146697
            ],
            [
              -120.15945325113414,
              39.4679197260668
            ],
            [
              -120.15939793561768,
              39.46796285834028
            ],
            [
              -120.15884003466087,
              39.46836036112099
            ],
            [
              -120.15880688185408,
              39.46838281122333
            ],
            [
              -120.15808715766882,
              39.46884585948836
            ],
            [
              -120.15762061235485,
              39.46925742921948
            ],
            [
              -120.15757308472949,
              39.469341300712294
            ],
            [
              -120.1576725882952,
              39.46934130053494
            ],
            [
              -120.15818192359605,
              39.46920249859738
            ],
            [
              -120.15899597329282,
              39.468831253924535
            ],
            [
              -120.1598886470798,
              39.46826734240823
            ],
            [
              -120.15995715291017,
              39.46822822076218
            ],
            [
              -120.16085834839724,
              39.46776442431633
            ],
            [
              -120.16093556145901,
              39.46772898573166
            ],
            [
              -120.16101706780816,
              39.46769989072447
            ],
            [
              -120.1611020028588,
              39.467677447922036
            ],
            [
              -120.16118946565773,
              39.467661895387884
            ],
            [
              -120.16127852844056,
              39.46765339809685
            ],
            [
              -120.16170717259958,
              39.46762978288523
            ],
            [
              -120.16232518145026,
              39.46739121909053
            ],
            [
              -120.16240077896207,
              39.46736542675518
            ],
            [
              -120.16247918787322,
              39.46734529893529
            ],
            [
              -120.16255970350335,
              39.46733101652486
            ],
            [
              -120.16264160224,
              39.46732270788378
            ],
            [
              -120.16315659726763,
              39.467289608021765
            ],
            [
              -120.163244345075,
              39.46728740828854
            ],
            [
              -120.16333193301905,
              39.46729206431891
            ],
            [
              -120.16341847176587,
              39.46730352883827
            ],
            [
              -120.16350308263355,
              39.467321685441206
            ],
            [
              -120.16401807856961,
              39.46745418408494
            ],
            [
              -120.16409617970258,
              39.467477562974544
            ],
            [
              -120.16417102515598,
              39.467506644243706
            ],
            [
              -120.16424192380916,
              39.46754115935933
            ],
            [
              -120.16444646049437,
              39.467651697705975
            ],
            [
              -120.16451609814175,
              39.467651697599585
            ],
            [
              -120.16494519772704,
              39.46765169744989
            ],
            [
              -120.16502710269916,
              39.46765468780069
            ],
            [
              -120.16510828228944,
              39.46766363272883
            ],
            [
              -120.16518801751454,
              39.46767845301252
            ],
            [
              -120.16526560218203,
              39.4676990173936
            ],
            [
              -120.1653403491447,
              39.467725143740005
            ],
            [
              -120.16541159638587,
              39.46775660065859
            ],
            [
              -120.16588369430357,
              39.46798849869924
            ],
            [
              -120.1659513833977,
              39.4680253510732
            ],
            [
              -120.16601425845914,
              39.46806701275193
            ],
            [
              -120.1667867583079,
              39.46863020880001
            ],
            [
              -120.16680467218559,
              39.4686436484237
            ],
            [
              -120.1675950925501,
              39.46925385955164
            ],
            [
              -120.16834612627291,
              39.46974667097353
            ],
            [
              -120.1689773500107,
              39.46999028448121
            ],
            [
              -120.16932522825715,
              39.47008621301961
            ],
            [
              -120.16936984546251,
              39.47003886756507
            ],
            [
              -120.17020907273299,
              39.4689698757992
            ],
            [
              -120.1702512912264,
              39.468921022325276
            ],
            [
              -120.17029883262337,
              39.46887520049549
            ],
            [
              -120.17110887849748,
              39.46816052949742
            ],
            [
              -120.17182679515348,
              39.46686746702547
            ],
            [
              -120.1718610297941,
              39.46681273458269
            ],
            [
              -120.17190147934133,
              39.46676061176071
            ],
            [
              -120.17194781562714,
              39.4667115214164
            ],
            [
              -120.17229111653168,
              39.4663802234445
            ],
            [
              -120.17235387860894,
              39.46632593775248
            ],
            [
              -120.17242382384472,
              39.4662772116195
            ],
            [
              -120.17250013728761,
              39.46623461275875
            ],
            [
              -120.17258192979453,
              39.466198637493264
            ],
            [
              -120.1730349254608,
              39.46602373427901
            ],
            [
              -120.17337242529581,
              39.46557371554263
            ],
            [
              -120.17439908296464,
              39.46415375882157
            ],
            [
              -120.17444132328235,
              39.46410115041301
            ],
            [
              -120.1744896068713,
              39.46405176458893
            ],
            [
              -120.17454352720002,
              39.464006017149465
            ],
            [
              -120.1746026302816,
              39.463964293260915
            ],
            [
              -120.1753750280507,
              39.46346729685883
            ],
            [
              -120.175433248404,
              39.463432930882874
            ],
            [
              -120.17549498410156,
              39.46340247342316
            ],
            [
              -120.17555979957262,
              39.46337613936808
            ],
            [
              -120.17800598198973,
              39.46248164651757
            ],
            [
              -120.17808101049545,
              39.462457457700275
            ],
            [
              -120.17815862005145,
              39.46243879265617
            ],
            [
              -120.17914571120679,
              39.46223999418935
            ],
            [
              -120.17922745363175,
              39.462226736677806
            ],
            [
              -120.17931045809361,
              39.46221960687612
            ],
            [
              -120.17939396189098,
              39.46221867029854
            ],
            [
              -120.17947719773454,
              39.462223935551776
            ],
            [
              -120.17955940079662,
              39.462235354255874
            ],
            [
              -120.17963981573851,
              39.46225282148875
            ],
            [
              -120.17971770365035,
              39.46227617675008
            ],
            [
              -120.17979234884038,
              39.462305205436046
            ],
            [
              -120.17986306541064,
              39.462339640811024
            ],
            [
              -120.18017457293561,
              39.462507989439146
            ]
          ],
          [
            [
              -120.1213554631584,
              39.47946115315161
            ],
            [
              -120.12131632913298,
              39.47947669839829
            ],
            [
              -120.12123308666699,
              39.47950589783769
            ],
            [
              -120.12142179657107,
              39.47957210635436
            ],
            [
              -120.1213554631584,
              39.47946115315161
            ]
          ]
        ]
      }
    }
  ]
}