{
  "type": "FeatureCollection",
  "features": [
    {
      "type": "Feature",
      "properties": {
        "reservoir_name": "WHISKEYTOWN DAM (USBR)",
        "cdec_station_id": "WHI",
        "source": "osm_tight_polygon_75m_buffer"
      },
      "geometry": {
        "type": "Polygon",
        "coordinates": [
          [
            [
              -122.62837705876093,
              40.648694812263614
            ],
            [
              -122.62838258496812,
              40.64871443274665
            ],
            [
              -122.62839242406015,
              40.64878085039241
            ],
            [
              -122.628393599166,
              40.64884768349269
            ],
            [
              -122.62838609875992,
              40.64891427800226
            ],
            [
              -122.6283699962173,
              40.64897998220892
            ],
            [
              -122.62834544909755,
              40.649044153111284
            ],
            [
              -122.62831269760316,
              40.649106162711604
            ],
            [
              -122.62827206222985,
              40.649165404161636
            ],
            [
              -122.62822394063087,
              40.64922129770174
            ],
            [
              -122.628168803726,
              40.64927329633483
            ],
            [
              -122.62810719109345,
              40.64932089117978
            ],
            [
              -122.62803970568953,
              40.64936361645186
            ],
            [
              -122.62796700794814,
              40.64940105402132
            ],
            [
              -122.62788980931722,
              40.64943283750581
            ],
            [
              -122.62780886529615,
              40.649458655856144
            ],
            [
              -122.62772496804152,
              40.64947825640064
            ],
            [
              -122.62768799816988,
              40.64948392501049
            ],
            [
              -122.62764619688149,
              40.64954664214549
            ],
            [
              -122.62759877699801,
              40.64960924857987
            ],
            [
              -122.62754284780378,
              40.6496676386526
            ],
            [
              -122.62747904931832,
              40.649721144161404
            ],
            [
              -122.62740811162071,
              40.649769152800346
            ],
            [
              -122.62733084649497,
              40.6498111151673
            ],
            [
              -122.62689043519568,
              40.65002419311557
            ],
            [
              -122.62644239710566,
              40.65025889443123
            ],
            [
              -122.62640812364623,
              40.650275974141124
            ],
            [
              -122.62612982216692,
              40.65040777525047
            ],
            [
              -122.6260898805141,
              40.65042456170571
            ],
            [
              -122.62609281995061,
              40.65042628439914
            ],
            [
              -122.62649271910769,
              40.650684082433564
            ],
            [
              -122.62655460269295,
              40.65072799958342
            ],
            [
              -122.62661071338029,
              40.6507762060129
            ],
            [
              -122.626660541046,
              40.65082826347006
            ],
            [
              -122.62670363268309,
              40.65088369869162
            ],
            [
              -122.62673959651994,
              40.65094200770522
            ],
            [
              -122.62676810558258,
              40.65100266041102
            ],
            [
              -122.62693801047493,
              40.65142685919852
            ],
            [
              -122.62695883845265,
              40.651489426274516
            ],
            [
              -122.62701544109811,
              40.65170152586497
            ],
            [
              -122.62702731476006,
              40.651758296147044
            ],
            [
              -122.62703280929952,
              40.65181562967704
            ],
            [
              -122.62703188492503,
              40.651873111416386
            ],
            [
              -122.62699649139972,
              40.65236451171329
            ],
            [
              -122.6269933214206,
              40.6523954839559
            ],
            [
              -122.62694732593313,
              40.65274188432329
            ],
            [
              -122.62693808394444,
              40.65279237351838
            ],
            [
              -122.62692387008069,
              40.65284218830503
            ],
            [
              -122.62666547921776,
              40.653607390245654
            ],
            [
              -122.62664065430221,
              40.65366868237725
            ],
            [
              -122.62660830977387,
              40.65372790543955
            ],
            [
              -122.6261482166155,
              40.65446900862843
            ],
            [
              -122.62610801033406,
              40.654526437571505
            ],
            [
              -122.62606073538998,
              40.65458065391142
            ],
            [
              -122.62600683042064,
              40.65463115458672
            ],
            [
              -122.62594679558528,
              40.65467747101171
            ],
            [
              -122.62576279536049,
              40.65480637195669
            ],
            [
              -122.62569578252806,
              40.65484888146583
            ],
            [
              -122.62562361288663,
              40.65488617435118
            ],
            [
              -122.62554698391256,
              40.65491789019544
            ],
            [
              -122.62546663618275,
              40.65494372248025
            ],
            [
              -122.6253833462171,
              40.65496342154863
            ],
            [
              -122.62529791897322,
              40.65497679701824
            ],
            [
              -122.62521118006632,
              40.65498371962123
            ],
            [
              -122.62512396778936,
              40.65498412245386
            ],
            [
              -122.62503712501068,
              40.65497800162302
            ],
            [
              -122.6249514910271,
              40.65496541628396
            ],
            [
              -122.62486789345199,
              40.654946488068404
            ],
            [
              -122.62478714021597,
              40.65492139990906
            ],
            [
              -122.62471001175803,
              40.65489039427138
            ],
            [
              -122.62463725348255,
              40.65485377081015
            ],
            [
              -122.62456956855485,
              40.654811883473165
            ],
            [
              -122.62450761110527,
              40.65476513708029
            ],
            [
              -122.62445197990742,
              40.65471398341078
            ],
            [
              -122.62440321259122,
              40.654658916836816
            ],
            [
              -122.62436178044746,
              40.65460046954538
            ],
            [
              -122.6243280838735,
              40.65453920639474
            ],
            [
              -122.62430244850408,
              40.65447571945516
            ],
            [
              -122.62428512206529,
              40.65441062228676
            ],
            [
              -122.624276271981,
              40.654344544009696
            ],
            [
              -122.62427598375591,
              40.654278123223996
            ],
            [
              -122.6242842601501,
              40.65421200183794
            ],
            [
              -122.62432676300534,
              40.653989102169994
            ],
            [
              -122.62434014204204,
              40.653934707663616
            ],
            [
              -122.62435932118416,
              40.65388132950748
            ],
            [
              -122.62438417175004,
              40.653829325802015
            ],
            [
              -122.62478055848123,
              40.6530949008277
            ],
            [
              -122.62488577498085,
              40.65281465325673
            ],
            [
              -122.62506937507828,
              40.65202588416162
            ],
            [
              -122.62506843899435,
              40.65198323161873
            ],
            [
              -122.62501893201458,
              40.65200922583879
            ],
            [
              -122.62494180667696,
              40.652041639741824
            ],
            [
              -122.62479430565187,
              40.652096540229074
            ],
            [
              -122.6247131254053,
              40.65212302908508
            ],
            [
              -122.62462888923369,
              40.65214323892545
            ],
            [
              -122.62454243203062,
              40.65215696944312
            ],
            [
              -122.62445461070493,
              40.65216408454993
            ],
            [
              -122.623931605451,
              40.65218648474964
            ],
            [
              -122.62385101909398,
              40.65218714358768
            ],
            [
              -122.62377068677735,
              40.65218222964426
            ],
            [
              -122.62343268345369,
              40.652149729308015
            ],
            [
              -122.62334431200172,
              40.652137745793006
            ],
            [
              -122.62325798295537,
              40.65211902211368
            ],
            [
              -122.62303808110711,
              40.65206202156747
            ],
            [
              -122.62295480958105,
              40.652036794959294
            ],
            [
              -122.62287530476787,
              40.65200529833097
            ],
            [
              -122.62280037803883,
              40.65196785311772
            ],
            [
              -122.6226796775896,
              40.65190065257481
            ],
            [
              -122.62258796795244,
              40.651841962915825
            ],
            [
              -122.62250476791489,
              40.651780962477496
            ],
            [
              -122.62244829566237,
              40.651735538462624
            ],
            [
              -122.62239758154689,
              40.651686331172165
            ],
            [
              -122.62235306029784,
              40.65163376243147
            ],
            [
              -122.62227536107743,
              40.65153196192486
            ],
            [
              -122.62223787603226,
              40.65147723974696
            ],
            [
              -122.62220710413274,
              40.651420140543955
            ],
            [
              -122.62218330216126,
              40.65136114082413
            ],
            [
              -122.62213230396988,
              40.651210540457164
            ],
            [
              -122.62211484383249,
              40.651146182008056
            ],
            [
              -122.62210567564077,
              40.651080836059066
            ],
            [
              -122.62210488610835,
              40.65101512083188
            ],
            [
              -122.62211248268015,
              40.65094965804003
            ],
            [
              -122.62215808592217,
              40.6506973583975
            ],
            [
              -122.6221694971018,
              40.65064790585398
            ],
            [
              -122.6222365000356,
              40.650409806364515
            ],
            [
              -122.62226739346748,
              40.65032649051256
            ],
            [
              -122.622337195106,
              40.650175891019664
            ],
            [
              -122.62236216178202,
              40.65012793982369
            ],
            [
              -122.62239185877722,
              40.6500815791126
            ],
            [
              -122.6224562595316,
              40.649990079546946
            ],
            [
              -122.62249538600936,
              40.64993983437767
            ],
            [
              -122.6225400646462,
              40.649892351196534
            ],
            [
              -122.62258996143592,
              40.649847984963756
            ],
            [
              -122.62278676161566,
              40.64968758605641
            ],
            [
              -122.62283807014147,
              40.64964903381708
            ],
            [
              -122.62289331834985,
              40.64961378126044
            ],
            [
              -122.62310604895525,
              40.64948888406392
            ],
            [
              -122.62284642556564,
              40.649491587574545
            ],
            [
              -122.62276979010969,
              40.649489861764906
            ],
            [
              -122.62269363654389,
              40.649483102302405
            ],
            [
              -122.6226185337358,
              40.6494713596804
            ],
            [
              -122.62254504270308,
              40.64945472161635
            ],
            [
              -122.62181993664,
              40.64926421979398
            ],
            [
              -122.62174969457641,
              40.6492431780797
            ],
            [
              -122.62168205535717,
              40.64921766442048
            ],
            [
              -122.62161750869126,
              40.649187863536795
            ],
            [
              -122.62120121269224,
              40.648976707966234
            ],
            [
              -122.62118946439874,
              40.649031204442295
            ],
            [
              -122.62116705982024,
              40.649095158393855
            ],
            [
              -122.6211365465989,
              40.64915713567597
            ],
            [
              -122.62109821756746,
              40.649216541453505
            ],
            [
              -122.62105244057473,
              40.64927280557017
            ],
            [
              -122.62099965495574,
              40.64932538802088
            ],
            [
              -122.62094036731558,
              40.64937378413478
            ],
            [
              -122.6205741671371,
              40.649644786071725
            ],
            [
              -122.62052493861007,
              40.64967858731816
            ],
            [
              -122.620472533957,
              40.64970949469549
            ],
            [
              -122.6202812148179,
              40.64981386229513
            ],
            [
              -122.62025779125592,
              40.649868992512694
            ],
            [
              -122.62022193092463,
              40.64993122096035
            ],
            [
              -122.62017804447835,
              40.64999039088627
            ],
            [
              -122.6201265758956,
              40.65004590366863
            ],
            [
              -122.6200680458671,
              40.65009719768351
            ],
            [
              -122.62000304652848,
              40.650143753987145
            ],
            [
              -122.61993223546982,
              40.650185101566414
            ],
            [
              -122.61985632908284,
              40.65022082210442
            ],
            [
              -122.61977609531299,
              40.65025055421289
            ],
            [
              -122.61969234588986,
              40.65027399708872
            ],
            [
              -122.61960592811423,
              40.65029091355743
            ],
            [
              -122.61951771628519,
              40.65030113247288
            ],
            [
              -122.61942860285426,
              40.65030455044895
            ],
            [
              -122.61914231036924,
              40.65030455078917
            ],
            [
              -122.61889053798562,
              40.650441895420784
            ],
            [
              -122.6188171517803,
              40.65047790416296
            ],
            [
              -122.61873947399621,
              40.65050824479758
            ],
            [
              -122.6186582568774,
              40.650532623499195
            ],
            [
              -122.61857428694643,
              40.65055080417884
            ],
            [
              -122.61795168114061,
              40.65066070522011
            ],
            [
              -122.61786062265122,
              40.65067300952576
            ],
            [
              -122.6177683770833,
              40.650678026587734
            ],
            [
              -122.61767594700183,
              40.65067570187859
            ],
            [
              -122.61758433697742,
              40.65066606066441
            ],
            [
              -122.61749454266695,
              40.65064920773019
            ],
            [
              -122.61740753999167,
              40.65062532624091
            ],
            [
              -122.61732427452951,
              40.65059467575061
            ],
            [
              -122.61701092027963,
              40.65046356260698
            ],
            [
              -122.61696074384739,
              40.65048024850801
            ],
            [
              -122.61687919662792,
              40.650500483369235
            ],
            [
              -122.61679546491807,
              40.65051462577286
            ],
            [
              -122.61671033140337,
              40.65052254352211
            ],
            [
              -122.61662459187399,
              40.650524162605514
            ],
            [
              -122.6165390477853,
              40.65051946788871
            ],
            [
              -122.61645449876566,
              40.65050850325592
            ],
            [
              -122.61637173514103,
              40.65049137119975
            ],
            [
              -122.6162915305468,
              40.650468231862995
            ],
            [
              -122.61621463469564,
              40.65043930154158
            ],
            [
              -122.6158337323964,
              40.65027810012633
            ],
            [
              -122.6157617232886,
              40.65024409970887
            ],
            [
              -122.6156943013259,
              40.65020502219026
            ],
            [
              -122.6156320815093,
              40.65016122402771
            ],
            [
              -122.6155756313836,
              40.650113104738516
            ],
            [
              -122.6155254658605,
              40.650061103255354
            ],
            [
              -122.61548204252178,
              40.65000569392233
            ],
            [
              -122.61544575744577,
              40.64994738216785
            ],
            [
              -122.61541694159494,
              40.64988669989405
            ],
            [
              -122.6153958577974,
              40.649824200624735
            ],
            [
              -122.61538269835026,
              40.64976045445623
            ],
            [
              -122.61537758326627,
              40.64969604285699
            ],
            [
              -122.61538055918,
              40.64963155336358
            ],
            [
              -122.61538516851726,
              40.64960484067007
            ],
            [
              -122.6153284908223,
              40.64955394379894
            ],
            [
              -122.61510297663169,
              40.64939347571876
            ],
            [
              -122.61505528814762,
              40.64940606743855
            ],
            [
              -122.61496878746405,
              40.64942173227586
            ],
            [
              -122.61488066242322,
              40.64943072317633
            ],
            [
              -122.614791798354,
              40.64943294981495
            ],
            [
              -122.6147030880103,
              40.649428389822404
            ],
            [
              -122.61461542260156,
              40.64941708900978
            ],
            [
              -122.61452968283852,
              40.64939916090835
            ],
            [
              -122.61444673008462,
              40.649374785628794
            ],
            [
              -122.6143673977018,
              40.649344208051716
            ],
            [
              -122.61429248267775,
              40.649307735367216
            ],
            [
              -122.61422273761889,
              40.6492657339886
            ],
            [
              -122.61415886318906,
              40.64921862587096
            ],
            [
              -122.61410150107052,
              40.64916688427184
            ],
            [
              -122.61405122751762,
              40.64911102899659
            ],
            [
              -122.61400854756783,
              40.64905162117582
            ],
            [
              -122.61397388996868,
              40.64898925762808
            ],
            [
              -122.61394760287102,
              40.648924564863826
            ],
            [
              -122.61392995033238,
              40.648858192791224
            ],
            [
              -122.61392110966503,
              40.64879080818695
            ],
            [
              -122.6139157126701,
              40.64870776658099
            ],
            [
              -122.61388038498926,
              40.64867996596122
            ],
            [
              -122.6136260791973,
              40.64863343192715
            ],
            [
              -122.61345775027401,
              40.6486314776623
            ],
            [
              -122.61306974199812,
              40.64899820209082
            ],
            [
              -122.61300396552744,
              40.6492480431016
            ],
            [
              -122.6129828106575,
              40.64931201517349
            ],
            [
              -122.6129535655388,
              40.64937411094324
            ],
            [
              -122.61291650895876,
              40.64943373841864
            ],
            [
              -122.61287199417835,
              40.64949032913756
            ],
            [
              -122.61282044556486,
              40.649543343587574
            ],
            [
              -122.61276235454665,
              40.64959227634971
            ],
            [
              -122.61269827492853,
              40.64963666091721
            ],
            [
              -122.61262881761205,
              40.64967607414322
            ],
            [
              -122.61255464477149,
              40.64971014027529
            ],
            [
              -122.61247646354076,
              40.64973853453781
            ],
            [
              -122.61239501927155,
              40.64976098622862
            ],
            [
              -122.61231108842694,
              40.64977728130006
            ],
            [
              -122.61222547117836,
              40.649787264399656
            ],
            [
              -122.61213898377629,
              40.64979084035148
            ],
            [
              -122.6120524507678,
              40.64978797506352
            ],
            [
              -122.61196669713468,
              40.64977869585271
            ],
            [
              -122.61188254042776,
              40.64976309118457
            ],
            [
              -122.61180078297177,
              40.64974130982966
            ],
            [
              -122.61172220421575,
              40.649713559445075
            ],
            [
              -122.61164755330131,
              40.6496801045946
            ],
            [
              -122.61148712490744,
              40.649599930033595
            ],
            [
              -122.61110677531451,
              40.64961627709615
            ],
            [
              -122.61108475115243,
              40.649617014663086
            ],
            [
              -122.61018084204578,
              40.64963871483749
            ],
            [
              -122.61009529787086,
              40.64963762416545
            ],
            [
              -122.61001028952067,
              40.64963026188161
            ],
            [
              -122.60992660775565,
              40.649616696471135
            ],
            [
              -122.60984503099499,
              40.64959705412157
            ],
            [
              -122.60976631807519,
              40.64957151754888
            ],
            [
              -122.60969120119047,
              40.64954032429769
            ],
            [
              -122.60962037908169,
              40.649503764531374
            ],
            [
              -122.60955451053601,
              40.649462178332776
            ],
            [
              -122.6094942082588,
              40.64941595254043
            ],
            [
              -122.60944003317402,
              40.649365517149946
            ],
            [
              -122.60939248920671,
              40.64931134131387
            ],
            [
              -122.60935201859563,
              40.6492539289774
            ],
            [
              -122.60932802531337,
              40.6492155590121
            ],
            [
              -122.608458389102,
              40.64884212825354
            ],
            [
              -122.60833462298493,
              40.648833545935794
            ],
            [
              -122.60801531738839,
              40.64892795665809
            ],
            [
              -122.60793098481244,
              40.64894925615791
            ],
            [
              -122.60784427781739,
              40.64896402339423
            ],
            [
              -122.60775606624605,
              40.64897211022237
            ],
            [
              -122.6076672350365,
              40.64897343551542
            ],
            [
              -122.6075786753435,
              40.64896798597821
            ],
            [
              -122.60749127559774,
              40.64895581628055
            ],
            [
              -122.60740591259218,
              40.64893704850891
            ],
            [
              -122.60732344268546,
              40.64891187094141
            ],
            [
              -122.60724469321013,
              40.64888053615889
            ],
            [
              -122.60717045417243,
              40.64884335851083
            ],
            [
              -122.60710147032655,
              40.64880071096153
            ],
            [
              -122.60703843370302,
              40.64875302134828
            ],
            [
              -122.60698197666629,
              40.64870076808903
            ],
            [
              -122.60696631076067,
              40.64868288417054
            ],
            [
              -122.60652771396927,
              40.64866199248173
            ],
            [
              -122.60651995505404,
              40.648666494690715
            ],
            [
              -122.60644795855255,
              40.648700529912766
            ],
            [
              -122.60637202680735,
              40.64872917755003
            ],
            [
              -122.60629285269336,
              40.648752176192204
            ],
            [
              -122.60621115867455,
              40.648769315975876
            ],
            [
              -122.60612769021117,
              40.64878044049986
            ],
            [
              -122.60604320895668,
              40.64878544825244
            ],
            [
              -122.6059584858072,
              40.64878429353774
            ],
            [
              -122.60587429386626,
              40.64877698689264
            ],
            [
              -122.60579140138967,
              40.648763594990804
            ],
            [
              -122.60453434494599,
              40.64851216793531
            ],
            [
              -122.60443519428252,
              40.648532007783984
            ],
            [
              -122.60408272438269,
              40.64943144613161
            ],
            [
              -122.60405277625162,
              40.64949580395973
            ],
            [
              -122.60401445264255,
              40.64955753091516
            ],
            [
              -122.60396814493444,
              40.6496159965767
            ],
            [
              -122.60391432605198,
              40.64967060382945
            ],
            [
              -122.60385354563604,
              40.64972079496334
            ],
            [
              -122.60378642443074,
              40.64976605736952
            ],
            [
              -122.603620123944,
              40.64986725815549
            ],
            [
              -122.60359822795608,
              40.64988016157949
            ],
            [
              -122.60293499832025,
              40.65025854971848
            ],
            [
              -122.60298972887776,
              40.65043536746939
            ],
            [
              -122.6030052145356,
              40.65049883725091
            ],
            [
              -122.603012676397,
              40.650563142960145
            ],
            [
              -122.60301204631779,
              40.65062769753579
            ],
            [
              -122.6030033300268,
              40.650691911642895
            ],
            [
              -122.60298660707444,
              40.650755199053066
            ],
            [
              -122.6029620301072,
              40.65081698199636
            ],
            [
              -122.60292982347504,
              40.650876696436015
            ],
            [
              -122.60289028118375,
              40.65093379721788
            ],
            [
              -122.60284376421164,
              40.650987763047475
            ],
            [
              -122.6027906972146,
              40.65103810124925
            ],
            [
              -122.60273156464946,
              40.651084352264704
            ],
            [
              -122.60266690635156,
              40.65112609384811
            ],
            [
              -122.60259731260652,
              40.65116294492155
            ],
            [
              -122.6025234187611,
              40.65119456905425
            ],
            [
              -122.60244589942278,
              40.65122067753425
            ],
            [
              -122.60236647796589,
              40.65124077499248
            ],
            [
              -122.60235822828184,
              40.651349414692895
            ],
            [
              -122.60234912537574,
              40.65141445533037
            ],
            [
              -122.60233180761043,
              40.651478520786995
            ],
            [
              -122.6023064372663,
              40.651541010635825
            ],
            [
              -122.6022732520949,
              40.651601339215
            ],
            [
              -122.60223256309176,
              40.65165894111681
            ],
            [
              -122.60218475158209,
              40.65171327648695
            ],
            [
              -122.60213026564762,
              40.651763836084314
            ],
            [
              -122.60206961592746,
              40.65181014605396
            ],
            [
              -122.60163251532947,
              40.65211304828496
            ],
            [
              -122.60156739997238,
              40.65215403045777
            ],
            [
              -122.60149746184585,
              40.65219010988376
            ],
            [
              -122.60142333507659,
              40.65222095942847
            ],
            [
              -122.60134569177286,
              40.65224629937667
            ],
            [
              -122.60126523593034,
              40.65226589996882
            ],
            [
              -122.6012574927806,
              40.65226718365156
            ],
            [
              -122.60126051480685,
              40.65228472027836
            ],
            [
              -122.60126343579455,
              40.65234971157484
            ],
            [
              -122.60124647321297,
              40.653277388480575
            ],
            [
              -122.60137094620306,
              40.653386296475105
            ],
            [
              -122.60142544779255,
              40.65343906291498
            ],
            [
              -122.60147280455904,
              40.65349568829075
            ],
            [
              -122.60151254891352,
              40.65355561351978
            ],
            [
              -122.6015442884238,
              40.65361824693729
            ],
            [
              -122.60156770968983,
              40.65368297013783
            ],
            [
              -122.6015825814388,
              40.653749144080834
            ],
            [
              -122.6015887568095,
              40.65381611540007
            ],
            [
              -122.60158617480327,
              40.653883222854446
            ],
            [
              -122.60157486088748,
              40.6539498038568
            ],
            [
              -122.6015549267449,
              40.654015201015966
            ],
            [
              -122.60152656917215,
              40.65407876862762
            ],
            [
              -122.60149006813742,
              40.654139879049936
            ],
            [
              -122.60144578401716,
              40.654197928900665
            ],
            [
              -122.60139415403843,
              40.65425234501511
            ],
            [
              -122.60133568796252,
              40.65430259010553
            ],
            [
              -122.60127096305216,
              40.65434816806646
            ],
            [
              -122.60123803247765,
              40.654367109064125
            ],
            [
              -122.60124860190317,
              40.654395769898834
            ],
            [
              -122.60126392116055,
              40.65446212644401
            ],
            [
              -122.60127048680806,
              40.65452931504472
            ],
            [
              -122.60126823353266,
              40.65459666759965
            ],
            [
              -122.60125718371384,
              40.65466351437515
            ],
            [
              -122.60123744720188,
              40.65472919066493
            ],
            [
              -122.60120922022678,
              40.654793043399806
            ],
            [
              -122.60117278344788,
              40.65485443764175
            ],
            [
              -122.60112849916388,
              40.654912762897816
            ],
            [
              -122.60107680771091,
              40.65496743919097
            ],
            [
              -122.60101822308458,
              40.65501792282753
            ],
            [
              -122.60096262423232,
              40.655057152427844
            ],
            [
              -122.60081039050304,
              40.65560426950999
            ],
            [
              -122.60079076259518,
              40.65566208157075
            ],
            [
              -122.60076450893875,
              40.65571834801836
            ],
            [
              -122.60073183458401,
              40.65577262935706
            ],
            [
              -122.60069299473493,
              40.65582450159575
            ],
            [
              -122.60064829275619,
              40.655873559559836
            ],
            [
              -122.60035189403868,
              40.656169961356696
            ],
            [
              -122.60029669643289,
              40.656219948751456
            ],
            [
              -122.60023541908576,
              40.65626564366518
            ],
            [
              -122.60016863461524,
              40.6563066190844
            ],
            [
              -122.60009696710625,
              40.656342492097956
            ],
            [
              -122.60002108627855,
              40.6563729274757
            ],
            [
              -122.59994170122809,
              40.656397640801266
            ],
            [
              -122.59985955380026,
              40.65641640113021
            ],
            [
              -122.59977541165688,
              40.65642903314832
            ],
            [
              -122.59969006110192,
              40.656435418810034
            ],
            [
              -122.59960429973282,
              40.65643549844177
            ],
            [
              -122.59951892898647,
              40.65642927129945
            ],
            [
              -122.59943474664898,
              40.656416795575595
            ],
            [
              -122.59935253939985,
              40.65639818785538
            ],
            [
              -122.59927307545982,
              40.65637362202709
            ],
            [
              -122.59919709741129,
              40.656343327656984
            ],
            [
              -122.59912531525862,
              40.65630758784384
            ],
            [
              -122.59905839979272,
              40.65626673657323
            ],
            [
              -122.59899697632238,
              40.65622115559616
            ],
            [
              -122.59894161883095,
              40.65617127086143
            ],
            [
              -122.59889284461231,
              40.65611754853495
            ],
            [
              -122.59885110943739,
              40.656060490643256
            ],
            [
              -122.59881680329522,
              40.65600063038184
            ],
            [
              -122.59879024674932,
              40.65593852713237
            ],
            [
              -122.59877168794252,
              40.65587476123522
            ],
            [
              -122.59870659161538,
              40.655585560765296
            ],
            [
              -122.5986963933757,
              40.65552265977769
            ],
            [
              -122.59869397900471,
              40.655459307772595
            ],
            [
              -122.59869936972495,
              40.65539606219881
            ],
            [
              -122.59871251808043,
              40.65533347956713
            ],
            [
              -122.59884285649437,
              40.6548574504133
            ],
            [
              -122.5987543973664,
              40.65450051694381
            ],
            [
              -122.59875190822609,
              40.65449917666375
            ],
            [
              -122.59868605042526,
              40.65445574606102
            ],
            [
              -122.59862610328477,
              40.654407605467334
            ],
            [
              -122.59857264485962,
              40.654355219100836
            ],
            [
              -122.59852619063065,
              40.654299092120404
            ],
            [
              -122.59848718853422,
              40.65423976575408
            ],
            [
              -122.59845601464329,
              40.654177812079894
            ],
            [
              -122.59843296954155,
              40.65411382850913
            ],
            [
              -122.59841827542574,
              40.6540484320254
            ],
            [
              -122.59841207396394,
              40.65398225323491
            ],
            [
              -122.59841442493034,
              40.653915930285756
            ],
            [
              -122.59842530562982,
              40.653850102714195
            ],
            [
              -122.59844461111784,
              40.65378540527786
            ],
            [
              -122.59847215521327,
              40.65372246183497
            ],
            [
              -122.59850767229462,
              40.65366187932883
            ],
            [
              -122.5985122630948,
              40.653655746850646
            ],
            [
              -122.59845479742671,
              40.65363032660298
            ],
            [
              -122.59838427546883,
              40.653591640652735
            ],
            [
              -122.59831906234425,
              40.6535478847952
            ],
            [
              -122.59825978395014,
              40.65349947899412
            ],
            [
              -122.59820700921917,
              40.653446887841966
            ],
            [
              -122.5981612446592,
              40.65339061610045
            ],
            [
              -122.59812292949213,
              40.65333120385572
            ],
            [
              -122.59809243143886,
              40.65326922133445
            ],
            [
              -122.59807004319067,
              40.65320526343066
            ],
            [
              -122.59805597960074,
              40.653139943995946
            ],
            [
              -122.59805037562296,
              40.653073889947756
            ],
            [
              -122.59805328501751,
              40.65300773525227
            ],
            [
              -122.59806467983589,
              40.65294211483981
            ],
            [
              -122.59808445069018,
              40.65287765851102
            ],
            [
              -122.59811240780373,
              40.65281498489231
            ],
            [
              -122.59814828283348,
              40.652754695498665
            ],
            [
              -122.59819173144624,
              40.65269736896071
            ],
            [
              -122.59819378148896,
              40.65269518894971
            ],
            [
              -122.59816330787606,
              40.652675635567434
            ],
            [
              -122.59804730776904,
              40.652593534967274
            ],
            [
              -122.59798733062816,
              40.652546767673066
            ],
            [
              -122.59793356880967,
              40.652495804587424
            ],
            [
              -122.59788652563064,
              40.65244112283966
            ],
            [
              -122.59784664150334,
              40.65238323437298
            ],
            [
              -122.59781428981218,
              40.652322681151276
            ],
            [
              -122.59778977341888,
              40.652260030084946
            ],
            [
              -122.59777332182753,
              40.65219586772316
            ],
            [
              -122.59776508903676,
              40.6521307947624
            ],
            [
              -122.5977651520988,
              40.652065420422566
            ],
            [
              -122.59777351039907,
              40.652000356743315
            ],
            [
              -122.59779008566271,
              40.65193621285414
            ],
            [
              -122.5978147226885,
              40.65187358927169
            ],
            [
              -122.59784719080245,
              40.651813072277825
            ],
            [
              -122.59788718601835,
              40.65175522843107
            ],
            [
              -122.59793433388415,
              40.651700599262526
            ],
            [
              -122.5979345272899,
              40.65170041647201
            ],
            [
              -122.5978965907096,
              40.651667070956485
            ],
            [
              -122.59784731270925,
              40.651614286547314
            ],
            [
              -122.59780489706543,
              40.65155815102934
            ],
            [
              -122.5977697335244,
              40.651499180240684
            ],
            [
              -122.5976880368039,
              40.65134264583788
            ],
            [
              -122.59759257018776,
              40.651245213967556
            ],
            [
              -122.59756044066287,
              40.65124342946416
            ],
            [
              -122.59747659345257,
              40.65123255205709
            ],
            [
              -122.59739449941368,
              40.65121560873232
            ],
            [
              -122.59731491323708,
              40.65119275525031
            ],
            [
              -122.59723856655684,
              40.65116420170354
            ],
            [
              -122.59716616122371,
              40.65113021058491
            ],
            [
              -122.5970983628529,
              40.65109109437454
            ],
            [
              -122.5970357947046,
              40.65104721266682
            ],
            [
              -122.59697903195442,
              40.650998968864485
            ],
            [
              -122.59692859640589,
              40.65094680646996
            ],
            [
              -122.59688495169361,
              40.6508912050079
            ],
            [
              -122.59684849902162,
              40.65083267561686
            ],
            [
              -122.5968195734754,
              40.65077175635011
            ],
            [
              -122.59679844094235,
              40.65070900722933
            ],
            [
              -122.59678923460422,
              40.65066418312788
            ],
            [
              -122.596782873277,
              40.65068145262799
            ],
            [
              -122.59674152459162,
              40.65079499195277
            ],
            [
              -122.59671418298987,
              40.65085790842521
            ],
            [
              -122.59667887984844,
              40.65091848205172
            ],
            [
              -122.59663595481221,
              40.65097613002883
            ],
            [
              -122.59658582086256,
              40.65103029770052
            ],
            [
              -122.59652896034429,
              40.65108046389503
            ],
            [
              -122.59646592032537,
              40.6511261459395
            ],
            [
              -122.59639730733345,
              40.651166904304326
            ],
            [
              -122.59632378152014,
              40.65120234683235
            ],
            [
              -122.59624605030947,
              40.65123213251226
            ],
            [
              -122.59616486159102,
              40.6512559747599
            ],
            [
              -122.59608099652364,
              40.65127364417582
            ],
            [
              -122.59599526201907,
              40.65128497075268
            ],
            [
              -122.59590848297752,
              40.65128984551117
            ],
            [
              -122.59582149435012,
              40.65128822154854
            ],
            [
              -122.59573513310478,
              40.65128011449001
            ],
            [
              -122.59565023017235,
              40.65126560233831
            ],
            [
              -122.59556760245118,
              40.651244824723236
            ],
            [
              -122.59548804494658,
              40.65121798155796
            ],
            [
              -122.59541232312111,
              40.65118533111542
            ],
            [
              -122.59534116552908,
              40.651147187543145
            ],
            [
              -122.59527525680662,
              40.65110391784044
            ],
            [
              -122.59521523108411,
              40.65105593832699
            ],
            [
              -122.59516166588496,
              40.65100371063701
            ],
            [
              -122.59511507656916,
              40.65094773727737
            ],
            [
              -122.59507591137505,
              40.65088855679243
            ],
            [
              -122.59504454710711,
              40.650826738582275
            ],
            [
              -122.59499667995848,
              40.65071660898778
            ],
            [
              -122.59495300477236,
              40.65072488156735
            ],
            [
              -122.59486832954863,
              40.65073444467955
            ],
            [
              -122.59478283835061,
              40.65073774728359
            ],
            [
              -122.59469732724178,
              40.65073475862688
            ],
            [
              -122.59461259247114,
              40.650725506538876
            ],
            [
              -122.5945443026452,
              40.6507128375979
            ],
            [
              -122.59451317350795,
              40.65072129501012
            ],
            [
              -122.59442826142359,
              40.65073739339772
            ],
            [
              -122.59434168003602,
              40.65074704191739
            ],
            [
              -122.59425427178756,
              40.65075014668851
            ],
            [
              -122.5941668871666,
              40.65074667750162
            ],
            [
              -122.59408037643158,
              40.65073666811224
            ],
            [
              -122.59399558133718,
              40.650720215912465
            ],
            [
              -122.59391332694335,
              40.650697480983304
            ],
            [
              -122.59383441358659,
              40.65066868453684
            ],
            [
              -122.59375960909232,
              40.650634106763725
            ],
            [
              -122.59368964130334,
              40.650594084106615
            ],
            [
              -122.59362519099771,
              40.650549005986385
            ],
            [
              -122.59356688526464,
              40.65049931101278
            ],
            [
              -122.59351529140287,
              40.65044548271643
            ],
            [
              -122.59347091140131,
              40.65038804484386
            ],
            [
              -122.59343417705489,
              40.6503275562612
            ],
            [
              -122.59340544576396,
              40.65026460551623
            ],
            [
              -122.59338499705733,
              40.65019980511158
            ],
            [
              -122.59337302987349,
              40.6501337855451
            ],
            [
              -122.59336966062575,
              40.65006718917501
            ],
            [
              -122.59337341520094,
              40.64980304371996
            ],
            [
              -122.5932155208573,
              40.649660264629965
            ],
            [
              -122.59316163316349,
              40.64960624860452
            ],
            [
              -122.59311512908587,
              40.649548388952866
            ],
            [
              -122.59307647745139,
              40.64948726900672
            ],
            [
              -122.59304606791665,
              40.64942350496594
            ],
            [
              -122.59302420704005,
              40.649357739685826
            ],
            [
              -122.59301111519221,
              40.64929063619589
            ],
            [
              -122.5930069243351,
              40.64922287101514
            ],
            [
              -122.59301167669261,
              40.649155127331525
            ],
            [
              -122.59302532432613,
              40.64908808811421
            ],
            [
              -122.59304772961883,
              40.6490224292282
            ],
            [
              -122.59307866666407,
              40.64895881262053
            ],
            [
              -122.5931396248718,
              40.648850496072576
            ],
            [
              -122.59313962497353,
              40.648842823537116
            ],
            [
              -122.5930814373237,
              40.64882437733554
            ],
            [
              -122.59300324308275,
              40.64879610477535
            ],
            [
              -122.59292903885354,
              40.64876216228033
            ],
            [
              -122.59285953115749,
              40.64872287303048
            ],
            [
              -122.59279538179503,
              40.648678611113795
            ],
            [
              -122.59273720154441,
              40.64862979796405
            ],
            [
              -122.5926855443462,
              40.64857689834804
            ],
            [
              -122.59264090202922,
              40.648520415940055
            ],
            [
              -122.59246410412803,
              40.64826981476756
            ],
            [
              -122.59245570782942,
              40.648257616868676
            ],
            [
              -122.59221422178754,
              40.64789792311464
            ],
            [
              -122.59200305662992,
              40.64792842111807
            ],
            [
              -122.59191817475488,
              40.647937470230154
            ],
            [
              -122.59183254250337,
              40.647940237564335
            ],
            [
              -122.59174695933655,
              40.647936697284976
            ],
            [
              -122.59166222425726,
              40.647926882444146
            ],
            [
              -122.59157912834982,
              40.647910884673095
            ],
            [
              -122.59149844739397,
              40.64788885332662
            ],
            [
              -122.59142093462154,
              40.64786099408865
            ],
            [
              -122.59134731368377,
              40.647827567051806
            ],
            [
              -122.59127827189513,
              40.647788884288964
            ],
            [
              -122.59121445381615,
              40.6477453069395
            ],
            [
              -122.59115645523582,
              40.64769724183759
            ],
            [
              -122.59110481760936,
              40.647645137713674
            ],
            [
              -122.59109476847367,
              40.64763265180427
            ],
            [
              -122.59103008674317,
              40.64760256764683
            ],
            [
              -122.59096726867631,
              40.64756662424204
            ],
            [
              -122.59097483362183,
              40.64758387153437
            ],
            [
              -122.59099438148995,
              40.647649669843624
            ],
            [
              -122.591005217231,
              40.6477166249471
            ],
            [
              -122.5910200192664,
              40.647871424844844
            ],
            [
              -122.59102204279421,
              40.64793864522806
            ],
            [
              -122.59101528448143,
              40.64800568594318
            ],
            [
              -122.59099981123282,
              40.64807188305272
            ],
            [
              -122.59097577626264,
              40.64813658097194
            ],
            [
              -122.59094341757817,
              40.648199138961445
            ],
            [
              -122.59090305562361,
              40.648258937473074
            ],
            [
              -122.59085509010731,
              40.64831538428582
            ],
            [
              -122.59079999604376,
              40.64836792037114
            ],
            [
              -122.5907383190498,
              40.64841602542966
            ],
            [
              -122.59067066994145,
              40.64845922304438
            ],
            [
              -122.59059771868448,
              40.64849708539915
            ],
            [
              -122.59052018775942,
              40.64852923751604
            ],
            [
              -122.59039610395472,
              40.64857475190846
            ],
            [
              -122.59041829158696,
              40.6485909203111
            ],
            [
              -122.5904752234876,
              40.64864148492628
            ],
            [
              -122.59052534168579,
              40.648696073693124
            ],
            [
              -122.5905681590322,
              40.648754156027145
            ],
            [
              -122.59060325933615,
              40.648815167386196
            ],
            [
              -122.5906842610614,
              40.64897726681968
            ],
            [
              -122.5907114916122,
              40.64904114350077
            ],
            [
              -122.59073026177764,
              40.64910676365812
            ],
            [
              -122.5907403860781,
              40.64917347894633
            ],
            [
              -122.59074176445654,
              40.6492406301979
            ],
            [
              -122.59073438326787,
              40.64930755393586
            ],
            [
              -122.59071228487987,
              40.64943285410997
            ],
            [
              -122.59069634141947,
              40.649498489092764
            ],
            [
              -122.59067197274831,
              40.64956260556812
            ],
            [
              -122.59063941668056,
              40.649624577760264
            ],
            [
              -122.59059899094166,
              40.64968380081987
            ],
            [
              -122.59055109006825,
              40.64973969672769
            ],
            [
              -122.59049618155785,
              40.64979171993624
            ],
            [
              -122.59043480130683,
              40.649839362694614
            ],
            [
              -122.59029840114549,
              40.64993526339638
            ],
            [
              -122.59016200178975,
              40.650031133828314
            ],
            [
              -122.59009742687526,
              40.650072372757734
            ],
            [
              -122.59002800551737,
              40.65010875860055
            ],
            [
              -122.58995436420814,
              40.65013996298958
            ],
            [
              -122.58987716752598,
              40.65016570431769
            ],
            [
              -122.58979711213765,
              40.650185750279476
            ],
            [
              -122.58971492051081,
              40.65019991996779
            ],
            [
              -122.5896313343936,
              40.650208085506556
            ],
            [
              -122.58954710811993,
              40.65021017320488
            ],
            [
              -122.58946300180146,
              40.650206164222205
            ],
            [
              -122.58937977446709,
              40.650196094738206
            ],
            [
              -122.58929817721256,
              40.650180055626386
            ],
            [
              -122.58921894642134,
              40.650158191633814
            ],
            [
              -122.58914279711863,
              40.650130700074804
            ],
            [
              -122.58870151474055,
              40.64995136149946
            ],
            [
              -122.58864223832622,
              40.64993160685003
            ],
            [
              -122.58863989274475,
              40.64993439734012
            ],
            [
              -122.5885897390203,
              40.649983461745684
            ],
            [
              -122.58853387530881,
              40.65002880649651
            ],
            [
              -122.58847277476785,
              40.65007004752024
            ],
            [
              -122.58840695491415,
              40.65010683550271
            ],
            [
              -122.5882950543824,
              40.650163535970776
            ],
            [
              -122.58828160368014,
              40.65017021850638
            ],
            [
              -122.58822257670901,
              40.65019896735915
            ],
            [
              -122.58833923222245,
              40.650332903593444
            ],
            [
              -122.58835754839608,
              40.65035483753596
            ],
            [
              -122.5884459491915,
              40.65046533696657
            ],
            [
              -122.58848667289656,
              40.65052220899065
            ],
            [
              -122.58852005843187,
              40.650581790027665
            ],
            [
              -122.58854579887844,
              40.65064353237464
            ],
            [
              -122.58856365759334,
              40.65070686845907
            ],
            [
              -122.58857347038563,
              40.65077121605623
            ],
            [
              -122.58857514702648,
              40.650835983641294
            ],
            [
              -122.58856867207949,
              40.65090057582693
            ],
            [
              -122.58855410504356,
              40.65096439883653
            ],
            [
              -122.5885315798066,
              40.651026865962535
            ],
            [
              -122.58850130341568,
              40.651087402960194
            ],
            [
              -122.58848156721318,
              40.65111775308864
            ],
            [
              -122.58850420942429,
              40.65113713438464
            ],
            [
              -122.58855482644918,
              40.651189976671674
            ],
            [
              -122.58859849742332,
              40.65124629916865
            ],
            [
              -122.58863481303109,
              40.651305574004056
            ],
            [
              -122.58866343289088,
              40.65136724563481
            ],
            [
              -122.5886840887457,
              40.651430736052696
            ],
            [
              -122.58869658697817,
              40.65149545020151
            ],
            [
              -122.58870081042605,
              40.65156078155411
            ],
            [
              -122.5886967194812,
              40.65162611779686
            ],
            [
              -122.58868435246161,
              40.65169084656854
            ],
            [
              -122.58866382525326,
              40.6517543611997
            ],
            [
              -122.58863533022489,
              40.65181606639873
            ],
            [
              -122.58859913442565,
              40.65187538383135
            ],
            [
              -122.58855557708311,
              40.65193175754121
            ],
            [
              -122.58850506642439,
              40.6519846591609
            ],
            [
              -122.58844807585041,
              40.65203359286425
            ],
            [
              -122.58838513949937,
              40.65207810001383
            ],
            [
              -122.58831684724058,
              40.65211776345982
            ],
            [
              -122.58824383914595,
              40.65215221145004
            ],
            [
              -122.58816679949062,
              40.65218112111453
            ],
            [
              -122.58808645033932,
              40.65220422149192
            ],
            [
              -122.5880035447782,
              40.652221296069335
            ],
            [
              -122.58791885985596,
              40.65223218481172
            ],
            [
              -122.5878331893002,
              40.6522367856621
            ],
            [
              -122.58739098484173,
              40.6522441857142
            ],
            [
              -122.58730237073235,
              40.65224229416321
            ],
            [
              -122.5872144469548,
              40.652233676176785
            ],
            [
              -122.58712809152308,
              40.65221841781494
            ],
            [
              -122.58704416678806,
              40.652196671449026
            ],
            [
              -122.58696351082544,
              40.65216865423984
            ],
            [
              -122.58688692906591,
              40.65213464596897
            ],
            [
              -122.58681518625171,
              40.652094986244606
            ],
            [
              -122.58674899879948,
              40.65205007110996
            ],
            [
              -122.58669926884072,
              40.65201276643303
            ],
            [
              -122.58662649275875,
              40.652046134336864
            ],
            [
              -122.58654744240268,
              40.65207471498531
            ],
            [
              -122.58646507950515,
              40.65209722498956
            ],
            [
              -122.58638020546377,
              40.65211344532489
            ],
            [
              -122.58629364611203,
              40.65212321816556
            ],
            [
              -122.58620624368308,
              40.652126448420766
            ],
            [
              -122.58611884861405,
              40.6521231046598
            ],
            [
              -122.58603231127034,
              40.65211321941802
            ],
            [
              -122.58594747367091,
              40.6520968888802
            ],
            [
              -122.58586516129442,
              40.652074271944535
            ],
            [
              -122.58578617504668,
              40.65204558867643
            ],
            [
              -122.58571128346719,
              40.652011118167025
            ],
            [
              -122.58564121525073,
              40.65197119581747
            ],
            [
              -122.58557665215689,
              40.65192621007507
            ],
            [
              -122.58551822237627,
              40.65187659865351
            ],
            [
              -122.58546649441828,
              40.65182284427351
            ],
            [
              -122.58542891669366,
              40.65177441978682
            ],
            [
              -122.58541844187134,
              40.65177328532129
            ],
            [
              -122.5853863657728,
              40.65179757397658
            ],
            [
              -122.58532010284682,
              40.6518388827137
            ],
            [
              -122.58530731704123,
              40.65184539393474
            ],
            [
              -122.58527666973943,
              40.65189911950214
            ],
            [
              -122.58523161441167,
              40.65195999068783
            ],
            [
              -122.58517854519059,
              40.65201699208396
            ],
            [
              -122.58511802970668,
              40.6520695139804
            ],
            [
              -122.58494852975656,
              40.652202114902906
            ],
            [
              -122.58488823076601,
              40.652245090246346
            ],
            [
              -122.58482294591306,
              40.65228360878921
            ],
            [
              -122.58475324095399,
              40.65231733672657
            ],
            [
              -122.58467971995299,
              40.65234598176879
            ],
            [
              -122.58460302004703,
              40.65236929567488
            ],
            [
              -122.58446301886639,
              40.65240619601679
            ],
            [
              -122.58437706502971,
              40.652425211775174
            ],
            [
              -122.58428903275006,
              40.65243753405556
            ],
            [
              -122.58419981821433,
              40.6524430374146
            ],
            [
              -122.58411032964605,
              40.65244166582708
            ],
            [
              -122.58402834504564,
              40.65243406952141
            ],
            [
              -122.58398739818468,
              40.65245629208346
            ],
            [
              -122.58391244728243,
              40.65248910021835
            ],
            [
              -122.5838336594271,
              40.652516196436196
            ],
            [
              -122.58375178280802,
              40.652537323423225
            ],
            [
              -122.58366759494889,
              40.65255228055109
            ],
            [
              -122.58345669292076,
              40.652581580828524
            ],
            [
              -122.58337055073898,
              40.65259025383383
            ],
            [
              -122.58328370770842,
              40.652592466804684
            ],
            [
              -122.58319699700206,
              40.652588198509974
            ],
            [
              -122.58311125052336,
              40.652577489899855
            ],
            [
              -122.58302729092398,
              40.6525604437129
            ],
            [
              -122.58294592371078,
              40.65253722349031
            ],
            [
              -122.58286792951708,
              40.6525080520068
            ],
            [
              -122.58279405661281,
              40.65247320913304
            ],
            [
              -122.58272501372518,
              40.65243302915044
            ],
            [
              -122.58266146323895,
              40.65238789754376
            ],
            [
              -122.58260401484154,
              40.652338247302566
            ],
            [
              -122.58255321967356,
              40.6522845547669
            ],
            [
              -122.58244822047877,
              40.65216125410189
            ],
            [
              -122.58240300035833,
              40.65210171825631
            ],
            [
              -122.58236596185927,
              40.652038989423815
            ],
            [
              -122.58233748878921,
              40.65197371766517
            ],
            [
              -122.58231787618914,
              40.65190657939162
            ],
            [
              -122.58230732727696,
              40.65183827035503
            ],
            [
              -122.58230595134262,
              40.65176949843776
            ],
            [
              -122.58231024952177,
              40.65173179393381
            ],
            [
              -122.58228651014309,
              40.6517143706363
            ],
            [
              -122.58221507671215,
              40.6517055323629
            ],
            [
              -122.58212657588392,
              40.651690832215614
            ],
            [
              -122.58204251546387,
              40.651673538421306
            ],
            [
              -122.58196108604726,
              40.6516500513935
            ],
            [
              -122.58188307215312,
              40.65162059741523
            ],
            [
              -122.58180922539131,
              40.651585460257095
            ],
            [
              -122.58174025722079,
              40.65154497844308
            ],
            [
              -122.581676832095,
              40.65149954198875
            ],
            [
              -122.58161956106015,
              40.65144958864357
            ],
            [
              -122.58156899586828,
              40.6513955996731
            ],
            [
              -122.58152562366179,
              40.651338095222144
            ],
            [
              -122.58148986228055,
              40.65127762930322
            ],
            [
              -122.58146205623684,
              40.6512147844589
            ],
            [
              -122.58144247339708,
              40.65115016614913
            ],
            [
              -122.58143130240171,
              40.651084396918094
            ],
            [
              -122.58142865084889,
              40.65101811039627
            ],
            [
              -122.58143454425878,
              40.650951945195956
            ],
            [
              -122.58144892582854,
              40.65088653875878
            ],
            [
              -122.5814716569807,
              40.650822521214515
            ],
            [
              -122.581502518699,
              40.6507605093105
            ],
            [
              -122.58154121363933,
              40.65070110047005
            ],
            [
              -122.58158736899516,
              40.65064486703699
            ],
            [
              -122.58164054008964,
              40.65059235076195
            ],
            [
              -122.58170021466013,
              40.650544057583424
            ],
            [
              -122.58176581779375,
              40.65050045275387
            ],
            [
              -122.58176781350309,
              40.65049936914474
            ],
            [
              -122.58176309456546,
              40.65049508421761
            ],
            [
              -122.58171316645178,
              40.65043925140674
            ],
            [
              -122.58169687604925,
              40.65041642587913
            ],
            [
              -122.5816755725663,
              40.65040818837488
            ],
            [
              -122.58159996020004,
              40.65037118285517
            ],
            [
              -122.5815296522777,
              40.650328539961485
            ],
            [
              -122.58146537051337,
              40.6502806974317
            ],
            [
              -122.58140777475727,
              40.65022814637794
            ],
            [
              -122.5813574562224,
              40.650171426244974
            ],
            [
              -122.58131493141603,
              40.65011111927235
            ],
            [
              -122.58128063683812,
              40.65004784451741
            ],
            [
              -122.58125492450132,
              40.649982251500305
            ],
            [
              -122.58123805831839,
              40.64991501353637
            ],
            [
              -122.58122325936351,
              40.64983391343023
            ],
            [
              -122.58121534416561,
              40.649764262575424
            ],
            [
              -122.58121692099655,
              40.6496943616217
            ],
            [
              -122.58122797294428,
              40.649624958971685
            ],
            [
              -122.581248381651,
              40.64955679769071
            ],
            [
              -122.58127792858181,
              40.64949060755098
            ],
            [
              -122.58131629736548,
              40.64942709721853
            ],
            [
              -122.58136307718277,
              40.64936694666604
            ],
            [
              -122.58136369823933,
              40.64936630906694
            ],
            [
              -122.581358718656,
              40.64936272685904
            ],
            [
              -122.58130114639756,
              40.649312212086755
            ],
            [
              -122.58125041455531,
              40.649257608820264
            ],
            [
              -122.58120702038886,
              40.649199452284314
            ],
            [
              -122.58117138922982,
              40.64913831253159
            ],
            [
              -122.5811438703137,
              40.64907478885481
            ],
            [
              -122.58112473335713,
              40.649009503912225
            ],
            [
              -122.58111416591503,
              40.64894309762413
            ],
            [
              -122.58111227154315,
              40.6488762209003
            ],
            [
              -122.581119068784,
              40.64880952925983
            ],
            [
              -122.58113026021168,
              40.64874276957143
            ],
            [
              -122.58106545420306,
              40.648649170050966
            ],
            [
              -122.5810265561254,
              40.64858508038285
            ],
            [
              -122.58099665172087,
              40.6485182487939
            ],
            [
              -122.58097606753857,
              40.648449405130414
            ],
            [
              -122.58096502834204,
              40.64837930120969
            ],
            [
              -122.58096365465599,
              40.64830870260941
            ],
            [
              -122.58097196145138,
              40.648238380307134
            ],
            [
              -122.5809898579833,
              40.64816910226068
            ],
            [
              -122.58106337599283,
              40.64794660606653
            ],
            [
              -122.58096679576825,
              40.6479659138566
            ],
            [
              -122.58088329690408,
              40.64797937318092
            ],
            [
              -122.58079848628319,
              40.64798665813193
            ],
            [
              -122.58071314903879,
              40.64798770126939
            ],
            [
              -122.58062807517973,
              40.64798249293661
            ],
            [
              -122.58054405227635,
              40.64797108134977
            ],
            [
              -122.58046185816886,
              40.647953572151586
            ],
            [
              -122.58038225376595,
              40.64793012743315
            ],
            [
              -122.58030597599996,
              40.64790096423337
            ],
            [
              -122.58023373100461,
              40.64786635252944
            ],
            [
              -122.58016618757736,
              40.64782661273743
            ],
            [
              -122.58010397098799,
              40.647782112745745
            ],
            [
              -122.58004765719006,
              40.64773326450924
            ],
            [
              -122.57999776748919,
              40.647680520235355
            ],
            [
              -122.57995476371728,
              40.647624368197505
            ],
            [
              -122.57991904395755,
              40.64756532821484
            ],
            [
              -122.57989093885988,
              40.6475039468398
            ],
            [
              -122.57987070858039,
              40.64744079229832
            ],
            [
              -122.57985854037388,
              40.647376449229505
            ],
            [
              -122.57985454686118,
              40.647311513273245
            ],
            [
              -122.57985876498738,
              40.64724658555626
            ],
            [
              -122.57988859151976,
              40.6470144813733
            ],
            [
              -122.57986334482204,
              40.64700432204251
            ],
            [
              -122.57978962834645,
              40.64696706724617
            ],
            [
              -122.5797211505107,
              40.6469244048603
            ],
            [
              -122.57925784992334,
              40.646605102497126
            ],
            [
              -122.57919733378867,
              40.646559168866624
            ],
            [
              -122.57914289984254,
              40.64650901393323
            ],
            [
              -122.5790950530183,
              40.646455102950945
            ],
            [
              -122.57905423714179,
              40.646397936014964
            ],
            [
              -122.57902083081444,
              40.64633804342249
            ],
            [
              -122.57899514390212,
              40.64627598075319
            ],
            [
              -122.57897741466101,
              40.6462123237154
            ],
            [
              -122.57897200985137,
              40.646175946600096
            ],
            [
              -122.57892939207125,
              40.646222333269186
            ],
            [
              -122.57887548767897,
              40.64627064038281
            ],
            [
              -122.57881587605395,
              40.64631488638832
            ],
            [
              -122.57875108206099,
              40.64635468170347
            ],
            [
              -122.57868167619827,
              40.646389675933285
            ],
            [
              -122.57860826957418,
              40.64641956095554
            ],
            [
              -122.57847106859953,
              40.646469261398124
            ],
            [
              -122.57838928910336,
              40.64649515648997
            ],
            [
              -122.5783045270489,
              40.64651471097988
            ],
            [
              -122.57821762741108,
              40.646527729932984
            ],
            [
              -122.57812945647586,
              40.64653408356583
            ],
            [
              -122.57804089320366,
              40.64653370854033
            ],
            [
              -122.57795282046632,
              40.64652660859518
            ],
            [
              -122.57786611624515,
              40.646512854508586
            ],
            [
              -122.57778164487773,
              40.64649258339263
            ],
            [
              -122.57770024844076,
              40.64646599732631
            ],
            [
              -122.57762273835495,
              40.64643336134085
            ],
            [
              -122.57754988729556,
              40.64639500077746
            ],
            [
              -122.5774824214895,
              40.646351298043825
            ],
            [
              -122.57742101347552,
              40.64630268880166
            ],
            [
              -122.57729931374546,
              40.64619618810599
            ],
            [
              -122.57724507035705,
              40.64614368804515
            ],
            [
              -122.57719789925962,
              40.646087364222524
            ],
            [
              -122.57715826164522,
              40.64602776733839
            ],
            [
              -122.57712654504496,
              40.64596548009357
            ],
            [
              -122.57710305954048,
              40.64590111149191
            ],
            [
              -122.57708803473295,
              40.6458352908856
            ],
            [
              -122.57708161749919,
              40.645768661821684
            ],
            [
              -122.57708387055644,
              40.64570187574981
            ],
            [
              -122.57709477185024,
              40.64563558565287
            ],
            [
              -122.57711421477104,
              40.64557043966253
            ],
            [
              -122.57731612119967,
              40.645021141170815
            ],
            [
              -122.57734434175278,
              40.64495694483608
            ],
            [
              -122.57738085476056,
              40.64489522190437
            ],
            [
              -122.57742529361805,
              40.6448365920607
            ],
            [
              -122.57747721214983,
              40.64478164393459
            ],
            [
              -122.57753608909012,
              40.64473092919069
            ],
            [
              -122.57773670603257,
              40.64457465362263
            ],
            [
              -122.57811542153458,
              40.64396544858128
            ],
            [
              -122.57815850412294,
              40.643904442548205
            ],
            [
              -122.57820956082176,
              40.643847117318636
            ],
            [
              -122.57826805492095,
              40.643794075475824
            ],
            [
              -122.57832314142904,
              40.643753423969244
            ],
            [
              -122.57830155671638,
              40.64371744866472
            ],
            [
              -122.57826952117242,
              40.64365634826623
            ],
            [
              -122.57824543931845,
              40.64359316415467
            ],
            [
              -122.57822953948673,
              40.643528495470136
            ],
            [
              -122.57822197242227,
              40.643462955428404
            ],
            [
              -122.57822280985447,
              40.64339716550601
            ],
            [
              -122.57823204381783,
              40.64333174954713
            ],
            [
              -122.5782495867284,
              40.64326732784816
            ],
            [
              -122.57827527221524,
              40.64320451127575
            ],
            [
              -122.5783079795947,
              40.64314547853957
            ],
            [
              -122.57826059224374,
              40.643115555012265
            ],
            [
              -122.57820004267141,
              40.643069089110014
            ],
            [
              -122.57814568145746,
              40.64301837735729
            ],
            [
              -122.57809801902276,
              40.64296389592223
            ],
            [
              -122.57807736301845,
              40.64293445906118
            ],
            [
              -122.5780745763532,
              40.642936634843025
            ],
            [
              -122.5780125651202,
              40.64297689619745
            ],
            [
              -122.57794596522517,
              40.643012653095944
            ],
            [
              -122.57793174331051,
              40.64301956655638
            ],
            [
              -122.57790199424987,
              40.643040315429644
            ],
            [
              -122.57784623389361,
              40.64307611039778
            ],
            [
              -122.5777868019285,
              40.64310829548637
            ],
            [
              -122.5777241000387,
              40.643136653162756
            ],
            [
              -122.5776432795573,
              40.64316986123625
            ],
            [
              -122.57756942295819,
              40.64320264852584
            ],
            [
              -122.57755449672135,
              40.64320912806166
            ],
            [
              -122.57748969632352,
              40.643236628299135
            ],
            [
              -122.57745354096082,
              40.643251150832434
            ],
            [
              -122.5774226809371,
              40.64326286228574
            ],
            [
              -122.5774030713592,
              40.643272357998114
            ],
            [
              -122.57737262440061,
              40.643288970982994
            ],
            [
              -122.57729795933838,
              40.643325548512415
            ],
            [
              -122.57721886824659,
              40.64335625780694
            ],
            [
              -122.5771361433625,
              40.64338079125675
            ],
            [
              -122.57711444317695,
              40.643386291307834
            ],
            [
              -122.57705159264019,
              40.643400280948086
            ],
            [
              -122.57699389211017,
              40.643411381052715
            ],
            [
              -122.57694960460192,
              40.64341898802429
            ],
            [
              -122.57687760391606,
              40.643429888127415
            ],
            [
              -122.57679162808641,
              40.64343959674555
            ],
            [
              -122.5767048175824,
              40.643442849203936
            ],
            [
              -122.5766180059502,
              40.6434396142729
            ],
            [
              -122.57654022613333,
              40.643430847221566
            ],
            [
              -122.57648295697442,
              40.64342875856127
            ],
            [
              -122.57639898938521,
              40.64341951493236
            ],
            [
              -122.57631656529728,
              40.643404202885826
            ],
            [
              -122.57623643879089,
              40.64338296250858
            ],
            [
              -122.57615934292438,
              40.643355988124505
            ],
            [
              -122.57608598302706,
              40.643323526516454
            ],
            [
              -122.57601703024592,
              40.64328587466824
            ],
            [
              -122.57595311540514,
              40.64324337704745
            ],
            [
              -122.57589482323489,
              40.64319642245378
            ],
            [
              -122.57584268702159,
              40.64314544046171
            ],
            [
              -122.57579718372935,
              40.64309089749025
            ],
            [
              -122.5757587296365,
              40.64303329253555
            ],
            [
              -122.5757276765277,
              40.64297315260558
            ],
            [
              -122.5757203767106,
              40.64295675255399
            ],
            [
              -122.57569423807287,
              40.64288537195094
            ],
            [
              -122.57567851924541,
              40.64281224018282
            ],
            [
              -122.57567340928897,
              40.64273823701326
            ],
            [
              -122.57567350972579,
              40.64270523701622
            ],
            [
              -122.57567875391649,
              40.642633424494605
            ],
            [
              -122.57569398985898,
              40.642562443486796
            ],
            [
              -122.5757190448719,
              40.64249309833259
            ],
            [
              -122.5757334452373,
              40.642460198438116
            ],
            [
              -122.57575103085729,
              40.64242357864821
            ],
            [
              -122.57576543113984,
              40.64239607875117
            ],
            [
              -122.57577838260836,
              40.64237263756359
            ],
            [
              -122.57580718308628,
              40.6423231377659
            ],
            [
              -122.57584128610759,
              40.64227076618024
            ],
            [
              -122.57588120467827,
              40.642220836209475
            ],
            [
              -122.57590836583479,
              40.64219267117985
            ],
            [
              -122.57595526692883,
              40.642136969363555
            ],
            [
              -122.5760132818306,
              40.642081759570544
            ],
            [
              -122.57606918306735,
              40.642038691419096
            ],
            [
              -122.57606757377701,
              40.64203297954142
            ],
            [
              -122.57605787344168,
              40.641971745550556
            ],
            [
              -122.57605752097004,
              40.64196241594519
            ],
            [
              -122.57562160748526,
              40.641664179635534
            ],
            [
              -122.57541377970564,
              40.64208500179842
            ],
            [
              -122.57538103006407,
              40.64214294930317
            ],
            [
              -122.57534132752549,
              40.64219831730499
            ],
            [
              -122.5752950182453,
              40.64225062304248
            ],
            [
              -122.57524250598678,
              40.64229941045352
            ],
            [
              -122.57518424860098,
              40.64234425415186
            ],
            [
              -122.57512075403486,
              40.642384763136455
            ],
            [
              -122.57505257590243,
              40.642420584200806
            ],
            [
              -122.57498030865773,
              40.642451405012885
            ],
            [
              -122.57486400786422,
              40.64249570540384
            ],
            [
              -122.57478360687013,
              40.642522627877916
            ],
            [
              -122.57470010464009,
              40.64254336158679
            ],
            [
              -122.57461431987127,
              40.642557703246425
            ],
            [
              -122.57452709364193,
              40.642565512243785
            ],
            [
              -122.57443928116447,
              40.642566712015416
            ],
            [
              -122.5743517433996,
              40.64256129079827
            ],
            [
              -122.57426533861437,
              40.64254930174496
            ],
            [
              -122.57418091396643,
              40.64253086240262
            ],
            [
              -122.57409929719738,
              40.642506153560355
            ],
            [
              -122.57402128851655,
              40.642475417476405
            ],
            [
              -122.5739476527548,
              40.64243895550285
            ],
            [
              -122.57387911186538,
              40.642397125130685
            ],
            [
              -122.57381633784524,
              40.64235033648456
            ],
            [
              -122.57375994614651,
              40.642299048301474
            ],
            [
              -122.57371048964235,
              40.6422437634328
            ],
            [
              -122.57366845320664,
              40.64218502391382
            ],
            [
              -122.57363424896062,
              40.64212340564916
            ],
            [
              -122.5736082122328,
              40.64205951276613
            ],
            [
              -122.57344761795589,
              40.641583311613914
            ],
            [
              -122.57344436654971,
              40.641571920214695
            ],
            [
              -122.5732434377099,
              40.641839382851984
            ],
            [
              -122.57319751161945,
              40.641894213283805
            ],
            [
              -122.57314487718286,
              40.64194542589488
            ],
            [
              -122.57308602213892,
              40.64199254610758
            ],
            [
              -122.5730214918752,
              40.642035137266866
            ],
            [
              -122.57295188437402,
              40.642072804686876
            ],
            [
              -122.57287784467108,
              40.64210519930876
            ],
            [
              -122.57280005887787,
              40.64213202093547
            ],
            [
              -122.5727192478233,
              40.642153021013975
            ],
            [
              -122.57263616037326,
              40.642168004938696
            ],
            [
              -122.57255156649073,
              40.64217683385507
            ],
            [
              -122.57246625009982,
              40.6421794259464
            ],
            [
              -122.57238100182069,
              40.64217575719211
            ],
            [
              -122.57229661164217,
              40.64216586159036
            ],
            [
              -122.57221386160042,
              40.64214983084295
            ],
            [
              -122.57213351853122,
              40.64212781350547
            ],
            [
              -122.5720563269632,
              40.64210001361045
            ],
            [
              -122.57198300221795,
              40.64206668877659
            ],
            [
              -122.5719142237807,
              40.642028147821065
            ],
            [
              -122.57185062900344,
              40.641984747897695
            ],
            [
              -122.57179280719865,
              40.64193689118691
            ],
            [
              -122.57174129417803,
              40.6418850211686
            ],
            [
              -122.57169656728765,
              40.6418296185122
            ],
            [
              -122.57166840300177,
              40.641785771655925
            ],
            [
              -122.57160832641502,
              40.64193608556875
            ],
            [
              -122.57157852612833,
              40.641999212166205
            ],
            [
              -122.57154065462812,
              40.64205977652981
            ],
            [
              -122.57149508524061,
              40.64211718159967
            ],
            [
              -122.57144226718344,
              40.64217086145961
            ],
            [
              -122.57138272113734,
              40.642220286916405
            ],
            [
              -122.57131703411373,
              40.64226497071701
            ],
            [
              -122.57124585366782,
              40.642304472352365
            ],
            [
              -122.57116988151478,
              40.64233840240036
            ],
            [
              -122.57108986661186,
              40.64236642636522
            ],
            [
              -122.57100659777464,
              40.64238826797528
            ],
            [
              -122.5709208958999,
              40.64240371190688
            ],
            [
              -122.57083360587248,
              40.64241260590722
            ],
            [
              -122.5707455882352,
              40.642414862295546
            ],
            [
              -122.5706577107046,
              40.642410458827506
            ],
            [
              -122.5705708396159,
              40.64239943891454
            ],
            [
              -122.57048583138139,
              40.642381911195855
            ],
            [
              -122.5704035240469,
              40.64235804846729
            ],
            [
              -122.57032472902931,
              40.642328085977645
            ],
            [
              -122.57025022311679,
              40.64229231910942
            ],
            [
              -122.57023480341877,
              40.64228317176667
            ],
            [
              -122.57019493658969,
              40.642290029756346
            ],
            [
              -122.57010904682518,
              40.6422982159742
            ],
            [
              -122.5700225185241,
              40.64229998601639
            ],
            [
              -122.56993617576065,
              40.64229532302562
            ],
            [
              -122.56985084084182,
              40.64228427141116
            ],
            [
              -122.56976732647527,
              40.64226693642589
            ],
            [
              -122.56968642802863,
              40.64224348316383
            ],
            [
              -122.569608915954,
              40.64221413498767
            ],
            [
              -122.56953552844993,
              40.64217917140129
            ],
            [
              -122.56946696443055,
              40.64213892538772
            ],
            [
              -122.56940387686925,
              40.6420937802376
            ],
            [
              -122.56934686657968,
              40.642044165898625
            ],
            [
              -122.56929647649399,
              40.64199055488055
            ],
            [
              -122.56899770368865,
              40.641637472428016
            ],
            [
              -122.56841365779638,
              40.641044120141196
            ],
            [
              -122.56836373851617,
              40.64098769327489
            ],
            [
              -122.5683215230421,
              40.640927727841614
            ],
            [
              -122.56828743952016,
              40.640864832036165
            ],
            [
              -122.5682618336156,
              40.64079964377268
            ],
            [
              -122.5682449650078,
              40.64073282421443
            ],
            [
              -122.56823700475753,
              40.64066505106789
            ],
            [
              -122.56823803357305,
              40.640597011709076
            ],
            [
              -122.56824804099251,
              40.64052939621199
            ],
            [
              -122.56826692549136,
              40.64046289034964
            ],
            [
              -122.56829449551284,
              40.640398168638846
            ],
            [
              -122.5683304714121,
              40.64033588749929
            ],
            [
              -122.56837169670374,
              40.640280433680644
            ],
            [
              -122.56834671995733,
              40.640272110452266
            ],
            [
              -122.5682698369788,
              40.64024303665817
            ],
            [
              -122.56819700333293,
              40.64020843786787
            ],
            [
              -122.56812890114186,
              40.64016863811896
            ],
            [
              -122.56806616821171,
              40.640124010158296
            ],
            [
              -122.56800939205911,
              40.64007497195096
            ],
            [
              -122.5679591044086,
              40.640021982765305
            ],
            [
              -122.56791577621334,
              40.63996553887157
            ],
            [
              -122.56787981324442,
              40.639906168893724
            ],
            [
              -122.56785155229134,
              40.639844428858545
            ],
            [
              -122.56783125800847,
              40.6397808969878
            ],
            [
              -122.56781912043698,
              40.639716168283044
            ],
            [
              -122.56781525322604,
              40.63965084895285
            ],
            [
              -122.56781969256927,
              40.63958555073545
            ],
            [
              -122.56783239686668,
              40.63952088516965
            ],
            [
              -122.56790912838697,
              40.63922796500643
            ],
            [
              -122.56788684919772,
              40.639097505412316
            ],
            [
              -122.56742694940489,
              40.63855598742963
            ],
            [
              -122.56707239997708,
              40.63821921756008
            ],
            [
              -122.56702091991419,
              40.638165025911796
            ],
            [
              -122.56697672665413,
              40.63810722194063
            ],
            [
              -122.56694025337065,
              40.63804637225511
            ],
            [
              -122.56691185756124,
              40.63798307331702
            ],
            [
              -122.5668918175438,
              40.63791794559453
            ],
            [
              -122.56686397224304,
              40.637801852734306
            ],
            [
              -122.56655806216258,
              40.63741944943806
            ],
            [
              -122.56653939736488,
              40.63741944939685
            ],
            [
              -122.56645221009454,
              40.63741617666292
            ],
            [
              -122.56636586745739,
              40.63740639056427
            ],
            [
              -122.56628120587729,
              40.63739018590155
            ],
            [
              -122.5661990454918,
              40.63736771965368
            ],
            [
              -122.56612018220653,
              40.63733920945701
            ],
            [
              -122.5660453799847,
              40.637304931496764
            ],
            [
              -122.56597536344583,
              40.63726521783148
            ],
            [
              -122.56591081084595,
              40.637220453175864
            ],
            [
              -122.56585234750712,
              40.63717107117394
            ],
            [
              -122.56580053975989,
              40.637117550197736
            ],
            [
              -122.56575588945722,
              40.63706040871307
            ],
            [
              -122.56571882911348,
              40.63700020025685
            ],
            [
              -122.56568971771514,
              40.636937508074524
            ],
            [
              -122.5656688372439,
              40.63687293947009
            ],
            [
              -122.56565638994583,
              40.63680711992273
            ],
            [
              -122.5656524963732,
              40.63674068702778
            ],
            [
              -122.56565719421764,
              40.63667428432019
            ],
            [
              -122.56567043794588,
              40.63660855504063
            ],
            [
              -122.56569209924193,
              40.63654413590438
            ],
            [
              -122.56572196825103,
              40.63648165093373
            ],
            [
              -122.56602557999497,
              40.63593223235459
            ],
            [
              -122.5660186921398,
              40.63589930298684
            ],
            [
              -122.56597644085454,
              40.63586166668705
            ],
            [
              -122.56549892624945,
              40.63591838436271
            ],
            [
              -122.56541214410092,
              40.63592538164983
            ],
            [
              -122.56532487936772,
              40.63592584783752
            ],
            [
              -122.56523797693816,
              40.635919778412365
            ],
            [
              -122.56515227819236,
              40.63590723213797
            ],
            [
              -122.56506861285543,
              40.63588833048615
            ],
            [
              -122.5649877909635,
              40.63586325646059
            ],
            [
              -122.56491059502045,
              40.6358322528249
            ],
            [
              -122.56483777242121,
              40.63579561975208
            ],
            [
              -122.56477002821543,
              40.635753711918014
            ],
            [
              -122.56470801828091,
              40.63570693506723
            ],
            [
              -122.56465234297355,
              40.63565574208441
            ],
            [
              -122.56460354131482,
              40.63560062860927
            ],
            [
              -122.56456208577359,
              40.635542128237624
            ],
            [
              -122.56452837769191,
              40.63548080735498
            ],
            [
              -122.56450274340028,
              40.635417259652776
            ],
            [
              -122.56448543105866,
              40.635352100380125
            ],
            [
              -122.5644766082548,
              40.63528596038709
            ],
            [
              -122.56445885762079,
              40.63502643107163
            ],
            [
              -122.56426367736599,
              40.634767840552755
            ],
            [
              -122.56423574050352,
              40.63477844660351
            ],
            [
              -122.56415588831,
              40.63480175226928
            ],
            [
              -122.5640734610534,
              40.6348190909752
            ],
            [
              -122.5639892250299,
              40.63483030152946
            ],
            [
              -122.5639039633526,
              40.63483527971148
            ],
            [
              -122.56381846867055,
              40.63483397924092
            ],
            [
              -122.5637335357991,
              40.634826412207964
            ],
            [
              -122.56364995433026,
              40.63481264896082
            ],
            [
              -122.56356850129119,
              40.63479281745177
            ],
            [
              -122.56348993392015,
              40.63476710204752
            ],
            [
              -122.56341498262603,
              40.63473574181495
            ],
            [
              -122.56334434419762,
              40.63469902829856
            ],
            [
              -122.56327867532553,
              40.63465730280975
            ],
            [
              -122.56321858649702,
              40.634610953253635
            ],
            [
              -122.5631646363205,
              40.63456041052253
            ],
            [
              -122.56311732633253,
              40.63450614448992
            ],
            [
              -122.56307709633558,
              40.63444865964198
            ],
            [
              -122.56304432030967,
              40.63438849038744
            ],
            [
              -122.56301930293637,
              40.63432619608913
            ],
            [
              -122.56297436015257,
              40.634191363272016
            ],
            [
              -122.56288104927722,
              40.63416679941942
            ],
            [
              -122.5628008762232,
              40.63414230328678
            ],
            [
              -122.56272421159076,
              40.63411198143021
            ],
            [
              -122.56265178267128,
              40.63407612150499
            ],
            [
              -122.56258427656991,
              40.634035063704026
            ],
            [
              -122.56256912511881,
              40.634023844682446
            ],
            [
              -122.56219751436815,
              40.63454149867088
            ],
            [
              -122.56215168312367,
              40.63459845724685
            ],
            [
              -122.56209869200332,
              40.63465168913341
            ],
            [
              -122.56203905911049,
              40.63470067385691
            ],
            [
              -122.56197336749229,
              40.63474493246918
            ],
            [
              -122.56190225943887,
              40.634784032230726
            ],
            [
              -122.56182643020348,
              40.63481759084218
            ],
            [
              -122.56174662120453,
              40.634845280182425
            ],
            [
              -122.56166361277579,
              40.63486682951718
            ],
            [
              -122.56157821653632,
              40.634882028146244
            ],
            [
              -122.56149735696248,
              40.634890118206414
            ],
            [
              -122.56146628770344,
              40.635009258848896
            ],
            [
              -122.56143953279191,
              40.63508720401208
            ],
            [
              -122.56138213429062,
              40.63522120443409
            ],
            [
              -122.56134615183211,
              40.6352915952461
            ],
            [
              -122.56130007983221,
              40.63535848613082
            ],
            [
              -122.56124449417099,
              40.6354210409391
            ],
            [
              -122.561167894501,
              40.635497641403376
            ],
            [
              -122.56111097888626,
              40.63554903599702
            ],
            [
              -122.56104763930699,
              40.63559586623848
            ],
            [
              -122.56097850310938,
              40.63563766828898
            ],
            [
              -122.5609042550572,
              40.63567402811158
            ],
            [
              -122.56082563054939,
              40.63570458557243
            ],
            [
              -122.5607434083359,
              40.635729038008016
            ],
            [
              -122.56066886621817,
              40.63574491463849
            ],
            [
              -122.56066948226285,
              40.63576657285266
            ],
            [
              -122.56066303659334,
              40.635831782435986
            ],
            [
              -122.56064834598145,
              40.635896211878624
            ],
            [
              -122.56055264995969,
              40.636221612608196
            ],
            [
              -122.560529100616,
              40.63628639342601
            ],
            [
              -122.56049721816564,
              40.63634907103299
            ],
            [
              -122.56045731815782,
              40.63640902504726
            ],
            [
              -122.56034251932935,
              40.63656212581011
            ],
            [
              -122.56029863907641,
              40.636614834055315
            ],
            [
              -122.56024856130205,
              40.63666423268984
            ],
            [
              -122.56019271334338,
              40.63670990015917
            ],
            [
              -122.5601315717817,
              40.6367514467487
            ],
            [
              -122.56006565837544,
              40.63678851790976
            ],
            [
              -122.55999553560787,
              40.63682079728533
            ],
            [
              -122.55981995744789,
              40.63689340699286
            ],
            [
              -122.56016562117014,
              40.63728641479018
            ],
            [
              -122.56021107469964,
              40.637344113491416
            ],
            [
              -122.5602487688347,
              40.6374049703291
            ],
            [
              -122.56027832966443,
              40.63746838166237
            ],
            [
              -122.5602994639498,
              40.63753371851052
            ],
            [
              -122.56031196203313,
              40.63760033279173
            ],
            [
              -122.56031569991859,
              40.63766756375123
            ],
            [
              -122.56031064050325,
              40.637734744515406
            ],
            [
              -122.560296833946,
              40.63780120870656
            ],
            [
              -122.5602744171712,
              40.6378662970529
            ],
            [
              -122.56024361251146,
              40.637929363927995
            ],
            [
              -122.56020472550307,
              40.637989783755124
            ],
            [
              -122.56015814185635,
              40.63804695721272
            ],
            [
              -122.56010432363016,
              40.63810031717941
            ],
            [
              -122.56004380464917,
              40.63814933435977
            ],
            [
              -122.55997718520916,
              40.6381935225349
            ],
            [
              -122.5599051261225,
              40.638232443385554
            ],
            [
              -122.55982834216333,
              40.638265710840486
            ],
            [
              -122.55974759497731,
              40.638292994906166
            ],
            [
              -122.55966368552612,
              40.638314024940456
            ],
            [
              -122.55957744614201,
              40.63832859233738
            ],
            [
              -122.5594897322708,
              40.6383365525966
            ],
            [
              -122.55940141398564,
              40.63833782675687
            ],
            [
              -122.55931336735568,
              40.63833240217934
            ],
            [
              -122.55909709553353,
              40.63831077570151
            ],
            [
              -122.5590868328993,
              40.63832782500187
            ],
            [
              -122.55904331004439,
              40.638384741389785
            ],
            [
              -122.55863130693929,
              40.6388677446422
            ],
            [
              -122.55864271016549,
              40.63887518053767
            ],
            [
              -122.55870410101981,
              40.6389241306686
            ],
            [
              -122.55875875329846,
              40.63897751505173
            ],
            [
              -122.55880611829801,
              40.639034797729565
            ],
            [
              -122.5588457204727,
              40.639095403605815
            ],
            [
              -122.5588771622092,
              40.63915872421905
            ],
            [
              -122.55890012781923,
              40.63922412385104
            ],
            [
              -122.55891438670982,
              40.63929094590898
            ],
            [
              -122.55891979569935,
              40.63935851951744
            ],
            [
              -122.5589163004561,
              40.63942616625355
            ],
            [
              -122.5589039360448,
              40.639493206958264
            ],
            [
              -122.55888282657551,
              40.639558968554944
            ],
            [
              -122.55885318395893,
              40.63962279080707
            ],
            [
              -122.5588153057795,
              40.639684032946995
            ],
            [
              -122.55876957230873,
              40.63974208010944
            ],
            [
              -122.55871644268797,
              40.63979634950485
            ],
            [
              -122.55865645031926,
              40.6398462962709
            ],
            [
              -122.55859019751037,
              40.63989141894312
            ],
            [
              -122.55839427576564,
              40.64001196174836
            ],
            [
              -122.55841331144296,
              40.640031551729905
            ],
            [
              -122.5584582548151,
              40.64008888275263
            ],
            [
              -122.55849554966574,
              40.64014931324007
            ],
            [
              -122.55852483169411,
              40.64021225293394
            ],
            [
              -122.55854581486254,
              40.64027708706541
            ],
            [
              -122.55855829419124,
              40.64034318235979
            ],
            [
              -122.55856214776134,
              40.64040989322195
            ],
            [
              -122.55855733790672,
              40.640476568042224
            ],
            [
              -122.55854391158284,
              40.640542555561076
            ],
            [
              -122.55852199990926,
              40.640607211230424
            ],
            [
              -122.55849181688971,
              40.640669903509526
            ],
            [
              -122.55845365732274,
              40.64073002003386
            ],
            [
              -122.55840789392296,
              40.640786973596704
            ],
            [
              -122.55835497368103,
              40.640840207885155
            ],
            [
              -122.55829541349814,
              40.64088920291431
            ],
            [
              -122.55822979513738,
              40.64093348010668
            ],
            [
              -122.55787741517688,
              40.64114854704797
            ],
            [
              -122.55776476407058,
              40.64174587953914
            ],
            [
              -122.55774778348413,
              40.641812174723505
            ],
            [
              -122.55772219799155,
              40.641876847129
            ],
            [
              -122.55768826327721,
              40.641939250400846
            ],
            [
              -122.55764631847279,
              40.641998760860965
            ],
            [
              -122.55759678276857,
              40.64205478374131
            ],
            [
              -122.55754015122454,
              40.64210675912853
            ],
            [
              -122.55747698982302,
              40.64215416756017
            ],
            [
              -122.55740792981243,
              40.6421965352168
            ],
            [
              -122.55733366139836,
              40.64223343865766
            ],
            [
              -122.55725492684525,
              40.64226450905318
            ],
            [
              -122.5571725130577,
              40.64228943587139
            ],
            [
              -122.55708724371532,
              40.64230796998188
            ],
            [
              -122.55699997103989,
              40.642319926145795
            ],
            [
              -122.55691156727725,
              40.64232518486747
            ],
            [
              -122.55682291597893,
              40.64232369358871
            ],
            [
              -122.55673490317054,
              40.64231546721429
            ],
            [
              -122.5566484084957,
              40.642300587962794
            ],
            [
              -122.55656429642374,
              40.642279204544906
            ],
            [
              -122.55648340760894,
              40.642251530677
            ],
            [
              -122.55640655048806,
              40.64221784294489
            ],
            [
              -122.55633449319993,
              40.642178478039355
            ],
            [
              -122.55626795590806,
              40.64213382939076
            ],
            [
              -122.55595394756455,
              40.64190087671419
            ],
            [
              -122.55544212095207,
              40.64182544757255
            ],
            [
              -122.55535706505188,
              40.64180955802017
            ],
            [
              -122.55527448086201,
              40.64178735653124
            ],
            [
              -122.55519517349148,
              40.641759059547766
            ],
            [
              -122.55511991610102,
              40.64172494293631
            ],
            [
              -122.555049442365,
              40.641685339298284
            ],
            [
              -122.55498443931874,
              40.64164063472731
            ],
            [
              -122.55492554066039,
              40.64159126504482
            ],
            [
              -122.55487332057311,
              40.641537711551045
            ],
            [
              -122.55482828812771,
              40.64148049633258
            ],
            [
              -122.55479088232003,
              40.64142017717235
            ],
            [
              -122.55476146779192,
              40.641357342111576
            ],
            [
              -122.554740331277,
              40.641292603716984
            ],
            [
              -122.55472767880617,
              40.64122659310866
            ],
            [
              -122.55472681462379,
              40.64121235653108
            ],
            [
              -122.55468398616864,
              40.64125224505062
            ],
            [
              -122.5546216036821,
              40.64129979383254
            ],
            [
              -122.5545533270256,
              40.641342385118165
            ],
            [
              -122.5544798320909,
              40.64137959727692
            ],
            [
              -122.55440184643166,
              40.64141106192795
            ],
            [
              -122.55432014206082,
              40.641436467587305
            ],
            [
              -122.55423552780769,
              40.64145556275168
            ],
            [
              -122.55414884131045,
              40.64146815838837
            ],
            [
              -122.5540626688372,
              40.64147401241011
            ],
            [
              -122.55401878918978,
              40.64149684190808
            ],
            [
              -122.55412657478769,
              40.6415816528346
            ],
            [
              -122.55418473449666,
              40.641632224891666
            ],
            [
              -122.55423600814404,
              40.64168694959482
            ],
            [
              -122.5542798880096,
              40.64174528506953
            ],
            [
              -122.55431593958163,
              40.6418066536866
            ],
            [
              -122.55434380585984,
              40.64187044778147
            ],
            [
              -122.5543632108913,
              40.64193603567101
            ],
            [
              -122.55437396250355,
              40.64200276790829
            ],
            [
              -122.55437595420862,
              40.642069983713135
            ],
            [
              -122.55436916625834,
              40.642137017515196
            ],
            [
              -122.554353665841,
              40.642203205544305
            ],
            [
              -122.55432960641703,
              40.64226789240323
            ],
            [
              -122.55429722620046,
              40.64233043755759
            ],
            [
              -122.554256845801,
              40.64239022167861
            ],
            [
              -122.55421626349282,
              40.642437951330706
            ],
            [
              -122.55463450801619,
              40.64274965182051
            ],
            [
              -122.55469285703042,
              40.642797557803725
            ],
            [
              -122.55474485750324,
              40.64284953348901
            ],
            [
              -122.5547900229768,
              40.64290509266574
            ],
            [
              -122.55482793092868,
              40.64296371560001
            ],
            [
              -122.55485822672465,
              40.64302485389625
            ],
            [
              -122.55486406711681,
              40.643041301164864
            ],
            [
              -122.55517134305707,
              40.64285693560076
            ],
            [
              -122.55524337430796,
              40.64281798203548
            ],
            [
              -122.55532013494886,
              40.64278467931555
            ],
            [
              -122.5554008636246,
              40.6427573577535
            ],
            [
              -122.5554847596263,
              40.64273628833756
            ],
            [
              -122.55557099083262,
              40.64272168004393
            ],
            [
              -122.55565870196274,
              40.6427136777644
            ],
            [
              -122.55574702305843,
              40.64271236086928
            ],
            [
              -122.55583507811208,
              40.64271774242029
            ],
            [
              -122.55592199375462,
              40.64272976904092
            ],
            [
              -122.55600690791704,
              40.64274832144587
            ],
            [
              -122.55608897838013,
              40.642773215624075
            ],
            [
              -122.5561673911274,
              40.64280420466358
            ],
            [
              -122.55624136841826,
              40.64284098120034
            ],
            [
              -122.55631017650167,
              40.64288318046665
            ],
            [
              -122.55637313289364,
              40.6429303839087
            ],
            [
              -122.55642961314635,
              40.642982123337774
            ],
            [
              -122.55722891698548,
              40.64379331850398
            ],
            [
              -122.55727729691662,
              40.643847743160194
            ],
            [
              -122.55731850553195,
              40.64390549100308
            ],
            [
              -122.55735215283934,
              40.64396601554236
            ],
            [
              -122.55737792039947,
              40.64402874400926
            ],
            [
              -122.55739556434018,
              40.64409308277676
            ],
            [
              -122.55745516799772,
              40.64437938234894
            ],
            [
              -122.55746440495223,
              40.64444327065997
            ],
            [
              -122.55746563012013,
              40.644507538451364
            ],
            [
              -122.55745883239094,
              40.64457160411488
            ],
            [
              -122.55744407325986,
              40.64463488786987
            ],
            [
              -122.55742148627195,
              40.644696817010235
            ],
            [
              -122.55739127581452,
              40.644756831087264
            ],
            [
              -122.55735371526805,
              40.64481438698188
            ],
            [
              -122.5573202081073,
              40.644855416489754
            ],
            [
              -122.55734376979737,
              40.64486174237978
            ],
            [
              -122.55742189309758,
              40.6448894728611
            ],
            [
              -122.55749611438785,
              40.644922847696
            ],
            [
              -122.55756573291814,
              40.64496155178347
            ],
            [
              -122.55763009139113,
              40.64500521970698
            ],
            [
              -122.55768858216774,
              40.645053439184174
            ],
            [
              -122.55774065300406,
              40.64510575495913
            ],
            [
              -122.55778581226555,
              40.645161673100354
            ],
            [
              -122.55782363356901,
              40.645220665663835
            ],
            [
              -122.55785375980868,
              40.645282175677345
            ],
            [
              -122.55787590652844,
              40.6453456223989
            ],
            [
              -122.55788986460828,
              40.64541040679955
            ],
            [
              -122.55789550223943,
              40.64547591721899
            ],
            [
              -122.55789276616979,
              40.64554153514044
            ],
            [
              -122.55788168220754,
              40.64560664103032
            ],
            [
              -122.55786235497845,
              40.645670620187715
            ],
            [
              -122.55783496693897,
              40.645732868548016
            ],
            [
              -122.5577997766543,
              40.64579279838652
            ],
            [
              -122.55775711635799,
              40.64584984386755
            ],
            [
              -122.55774201861425,
              40.64586612417404
            ],
            [
              -122.55777336865034,
              40.64589095952598
            ],
            [
              -122.5578281680583,
              40.645944112763004
            ],
            [
              -122.55787572191016,
              40.64600117002857
            ],
            [
              -122.55791555439319,
              40.646061560443755
            ],
            [
              -122.5579472669463,
              40.64612467977875
            ],
            [
              -122.55797054224874,
              40.64618989649804
            ],
            [
              -122.55798514739571,
              40.64625655807905
            ],
            [
              -122.55799093622969,
              40.6463239975408
            ],
            [
              -122.55798785080384,
              40.646391540117165
            ],
            [
              -122.5579759219628,
              40.646458510008394
            ],
            [
              -122.55795526903515,
              40.646524237142685
            ],
            [
              -122.55787174481011,
              40.646741421602975
            ],
            [
              -122.55787174562897,
              40.646803248837266
            ],
            [
              -122.55831177870492,
              40.647513288768344
            ],
            [
              -122.55834456683797,
              40.64757357775925
            ],
            [
              -122.55836956606403,
              40.6476359948084
            ],
            [
              -122.55838654315784,
              40.647699957663484
            ],
            [
              -122.55839533972639,
              40.6477648696506
            ],
            [
              -122.5583958736873,
              40.64783012524023
            ],
            [
              -122.55838814003548,
              40.64789511569577
            ],
            [
              -122.55837221089052,
              40.647959234752186
            ],
            [
              -122.55834823482515,
              40.648021884271635
            ],
            [
              -122.55831643547975,
              40.648082479823294
            ],
            [
              -122.5582771094771,
              40.6481404561354
            ],
            [
              -122.55823062365592,
              40.648195272368646
            ],
            [
              -122.55817741164927,
              40.64824641716162
            ],
            [
              -122.55811796983984,
              40.64829341340145
            ],
            [
              -122.5580528527297,
              40.64833582267478
            ],
            [
              -122.55798266776745,
              40.6483732493579
            ],
            [
              -122.55790806968173,
              40.64840534430763
            ],
            [
              -122.55782975437312,
              40.64843180811866
            ],
            [
              -122.55774845242203,
              40.64845239391672
            ],
            [
              -122.55770275505326,
              40.648460335145856
            ],
            [
              -122.55771031738864,
              40.64849639412946
            ],
            [
              -122.5577683500722,
              40.64886376923847
            ],
            [
              -122.55783858879536,
              40.64899986516682
            ],
            [
              -122.55790484766206,
              40.64902202544321
            ],
            [
              -122.55797920918631,
              40.64905369431952
            ],
            [
              -122.55804923911569,
              40.64909065044708
            ],
            [
              -122.55811429149772,
              40.649132552948494
            ],
            [
              -122.55817376628869,
              40.64917901532116
            ],
            [
              -122.55822711488842,
              40.64922960900199
            ],
            [
              -122.5582738452007,
              40.6492838673202
            ],
            [
              -122.55831352617243,
              40.64934128980163
            ],
            [
              -122.55834579177017,
              40.64940134678479
            ],
            [
              -122.55837034435696,
              40.649463484306295
            ],
            [
              -122.55838695743824,
              40.649527129210334
            ],
            [
              -122.55839547775196,
              40.64959169443545
            ],
            [
              -122.5583958266829,
              40.64965658442936
            ],
            [
              -122.55838800098887,
              40.64972120064248
            ],
            [
              -122.5583720728313,
              40.649784947048815
            ],
            [
              -122.5583481891106,
              40.64984723564394
            ],
            [
              -122.55831657011193,
              40.649907491868845
            ],
            [
              -122.55827750747397,
              40.64996515990991
            ],
            [
              -122.5582313614995,
              40.65001970782599
            ],
            [
              -122.55817855783232,
              40.65007063245535
            ],
            [
              -122.55811958353166,
              40.65011746405714
            ],
            [
              -122.55779330386862,
              40.65035281715686
            ],
            [
              -122.558058335041,
              40.65100059218791
            ],
            [
              -122.55808053869846,
              40.65106631701358
            ],
            [
              -122.55809397344758,
              40.651133406773134
            ],
            [
              -122.55809850371587,
              40.65120118458396
            ],
            [
              -122.55809408376933,
              40.65126896661944
            ],
            [
              -122.55797479558134,
              40.65217566758246
            ],
            [
              -122.55796069144306,
              40.652245656293836
            ],
            [
              -122.55793704735197,
              40.65231413642824
            ],
            [
              -122.55790412296864,
              40.65238035585039
            ],
            [
              -122.55786227988452,
              40.65244358725289
            ],
            [
              -122.55781197765143,
              40.65250313614467
            ],
            [
              -122.5577597148083,
              40.65255270851408
            ],
            [
              -122.55777814840464,
              40.65260271281574
            ],
            [
              -122.55779349620855,
              40.65266944812712
            ],
            [
              -122.55779999139071,
              40.65273701858245
            ],
            [
              -122.55779756861335,
              40.652804744741466
            ],
            [
              -122.55778625221139,
              40.65287194559619
            ],
            [
              -122.55776615594866,
              40.65293794541873
            ],
            [
              -122.55769292944524,
              40.653133336736154
            ],
            [
              -122.55769293498506,
              40.65355179660994
            ],
            [
              -122.55768865537688,
              40.65361808872958
            ],
            [
              -122.55767585608285,
              40.65368374118595
            ],
            [
              -122.55765466059351,
              40.65374812042213
            ],
            [
              -122.55762527342557,
              40.65381060516621
            ],
            [
              -122.55758797814927,
              40.65387059242675
            ],
            [
              -122.5575431346525,
              40.65392750331209
            ],
            [
              -122.55749117566866,
              40.65398078861691
            ],
            [
              -122.55743260260095,
              40.65402993412248
            ],
            [
              -122.55736798068422,
              40.65407446555934
            ],
            [
              -122.55729793353031,
              40.65411395318427
            ],
            [
              -122.55722313711027,
              40.65414801592793
            ],
            [
              -122.55714431323058,
              40.654176325072456
            ],
            [
              -122.55706222256732,
              40.6541986074239
            ],
            [
              -122.55697765732499,
              40.654214647949026
            ],
            [
              -122.55689143359068,
              40.654224291850475
            ],
            [
              -122.55680438345804,
              40.65422744606084
            ],
            [
              -122.55671734699654,
              40.654224080140835
            ],
            [
              -122.55663116414354,
              40.654214226573075
            ],
            [
              -122.55654666659807,
              40.654197980448615
            ],
            [
              -122.55646466979373,
              40.65417549854913
            ],
            [
              -122.55638596502891,
              40.6541469978338
            ],
            [
              -122.55612346338661,
              40.65403959688178
            ],
            [
              -122.55604630800451,
              40.65400406797801
            ],
            [
              -122.55597428623396,
              40.653962758167914
            ],
            [
              -122.55590814200308,
              40.65391609415506
            ],
            [
              -122.55584855852456,
              40.65386455794752
            ],
            [
              -122.55579615123871,
              40.65380868187873
            ],
            [
              -122.55575146145665,
              40.65374904310843
            ],
            [
              -122.5557149507695,
              40.65368625766082
            ],
            [
              -122.55568699628097,
              40.65362097406116
            ],
            [
              -122.55545882335645,
              40.652979117984025
            ],
            [
              -122.55543547828927,
              40.653013704679516
            ],
            [
              -122.5553926539249,
              40.65307025289477
            ],
            [
              -122.55534286400648,
              40.65312338956444
            ],
            [
              -122.55528657332138,
              40.65317261864245
            ],
            [
              -122.55522430734707,
              40.65321748056022
            ],
            [
              -122.55515664734571,
              40.65325755651708
            ],
            [
              -122.55508422493793,
              40.65329247239021
            ],
            [
              -122.5550077162064,
              40.65332190222744
            ],
            [
              -122.55492783538416,
              40.65334557129029
            ],
            [
              -122.55484532818652,
              40.65336325861912
            ],
            [
              -122.55476096484912,
              40.65337479909584
            ],
            [
              -122.55467553293697,
              40.65338008498564
            ],
            [
              -122.55458982999139,
              40.65337906694274
            ],
            [
              -122.55450465608419,
              40.6533717544711
            ],
            [
              -122.55442080634792,
              40.653358215835695
            ],
            [
              -122.55433906355228,
              40.65333857742518
            ],
            [
              -122.55426019079614,
              40.653313022571886
            ],
            [
              -122.55418492438315,
              40.653281789840165
            ],
            [
              -122.55411396694754,
              40.653245170799195
            ],
            [
              -122.55404798089468,
              40.65320350730073
            ],
            [
              -122.55398758221686,
              40.653157188287715
            ],
            [
              -122.55393333474301,
              40.65310664616298
            ],
            [
              -122.55388574487507,
              40.65305235275241
            ],
            [
              -122.55384525686101,
              40.65299481490013
            ],
            [
              -122.553812248648,
              40.65293456973666
            ],
            [
              -122.55378702835478,
              40.652872179664485
            ],
            [
              -122.55376983139585,
              40.6528082271077
            ],
            [
              -122.55376081828479,
              40.652743309074886
            ],
            [
              -122.55376007313646,
              40.652678031585744
            ],
            [
              -122.55376760288286,
              40.65261300401382
            ],
            [
              -122.55387501054783,
              40.65201650486219
            ],
            [
              -122.55389067735143,
              40.65195255034619
            ],
            [
              -122.55391434771049,
              40.65189003993241
            ],
            [
              -122.55394580213853,
              40.65182955319891
            ],
            [
              -122.55398474897963,
              40.6517716509592
            ],
            [
              -122.55403082711341,
              40.651716870062835
            ],
            [
              -122.55436482898722,
              40.651358972140066
            ],
            [
              -122.55442266477831,
              40.65130341875921
            ],
            [
              -122.55448782537144,
              40.651252787105015
            ],
            [
              -122.55455959327871,
              40.65120763467434
            ],
            [
              -122.55463717826508,
              40.65116845863214
            ],
            [
              -122.55471972604941,
              40.65113569033775
            ],
            [
              -122.5547452049404,
              40.65112804101762
            ],
            [
              -122.5547097832065,
              40.65107553364914
            ],
            [
              -122.55467827182181,
              40.65101517384069
            ],
            [
              -122.55465451637765,
              40.650952788280954
            ],
            [
              -122.55463873641986,
              40.65088895358975
            ],
            [
              -122.55463107777675,
              40.650824259779306
            ],
            [
              -122.5546316112119,
              40.65075930480085
            ],
            [
              -122.5546403317712,
              40.65069468901782
            ],
            [
              -122.55465715882934,
              40.6506310096568
            ],
            [
              -122.55468193683589,
              40.65056885528765
            ],
            [
              -122.55470947184396,
              40.650517974789466
            ],
            [
              -122.5546742934154,
              40.650494586564086
            ],
            [
              -122.55461301350527,
              40.65044468445327
            ],
            [
              -122.5545586644303,
              40.65039032352074
            ],
            [
              -122.55451180201095,
              40.650332059725784
            ],
            [
              -122.5544729054965,
              40.650270488941494
            ],
            [
              -122.55444237266428,
              40.650206240860385
            ],
            [
              -122.55442051575221,
              40.65013997255415
            ],
            [
              -122.55440755826653,
              40.650072361753644
            ],
            [
              -122.55440363269692,
              40.6500040999174
            ],
            [
              -122.55440877916263,
              40.649935885160076
            ],
            [
              -122.55442294500334,
              40.64986841511268
            ],
            [
              -122.55444598531876,
              40.649802379788085
            ],
            [
              -122.5546536875171,
              40.64930907605269
            ],
            [
              -122.55361325376565,
              40.64848460143238
            ],
            [
              -122.55355669874614,
              40.64843519626334
            ],
            [
              -122.55350669530142,
              40.64838184953118
            ],
            [
              -122.55348668458633,
              40.648355411685834
            ],
            [
              -122.55332455352814,
              40.648301367467646
            ],
            [
              -122.5532443860078,
              40.648270882024555
            ],
            [
              -122.55316866534002,
              40.64823439208686
            ],
            [
              -122.55309816413613,
              40.648192269981315
            ],
            [
              -122.55303360174653,
              40.64814494550198
            ],
            [
              -122.55297563692069,
              40.64809290152443
            ],
            [
              -122.55292486108569,
              40.648036669078536
            ],
            [
              -122.55266397096271,
              40.64771396332544
            ],
            [
              -122.55262718856557,
              40.64770727384992
            ],
            [
              -122.55254569771289,
              40.64768927571573
            ],
            [
              -122.55246683731139,
              40.64766542967319
            ],
            [
              -122.55239132887652,
              40.64763595389735
            ],
            [
              -122.5523219596441,
              40.647602139955325
            ],
            [
              -122.55223725346139,
              40.647613334717136
            ],
            [
              -122.55214896842811,
              40.64761818302744
            ],
            [
              -122.55206048854915,
              40.647616305558024
            ],
            [
              -122.55197269483568,
              40.64760772100331
            ],
            [
              -122.551886461466,
              40.647592514841485
            ],
            [
              -122.55180264708035,
              40.64757083848319
            ],
            [
              -122.55172208623054,
              40.647542907763786
            ],
            [
              -122.55171819911479,
              40.647541185002105
            ],
            [
              -122.55155427674612,
              40.647688958169006
            ],
            [
              -122.55149569731465,
              40.64773685324117
            ],
            [
              -122.5514313078044,
              40.647780205875364
            ],
            [
              -122.5513617125831,
              40.64781860915157
            ],
            [
              -122.55128756488423,
              40.64785170260526
            ],
            [
              -122.55120956067543,
              40.64787917561095
            ],
            [
              -122.5511284321257,
              40.647900770298165
            ],
            [
              -122.55104494073255,
              40.64791628397201
            ],
            [
              -122.55095987017384,
              40.64792557101593
            ],
            [
              -122.5508740189513,
              40.64792854425864
            ],
            [
              -122.55078819289491,
              40.64792517579233
            ],
            [
              -122.5507031975984,
              40.64791549723478
            ],
            [
              -122.55061983085682,
              40.647899599432385
            ],
            [
              -122.55053887517784,
              40.64787763160752
            ],
            [
              -122.55046109043595,
              40.64784979995762
            ],
            [
              -122.55038720673973,
              40.64781636571968
            ],
            [
              -122.55031791757834,
              40.64777764271796
            ],
            [
              -122.55025387331196,
              40.647733994418125
            ],
            [
              -122.5501956750672,
              40.64768583051531
            ],
            [
              -122.55014386909478,
              40.64763360308852
            ],
            [
              -122.55009894164246,
              40.647577802356864
            ],
            [
              -122.55006131439139,
              40.64751895207816
            ],
            [
              -122.55003134049853,
              40.647457604632415
            ],
            [
              -122.55000930128251,
              40.6473943358371
            ],
            [
              -122.54999540358378,
              40.64732973954205
            ],
            [
              -122.54998977782405,
              40.647264422055564
            ],
            [
              -122.54999247678302,
              40.64719899645334
            ],
            [
              -122.5500034751038,
              40.64713407682403
            ],
            [
              -122.5500226695319,
              40.647070272505516
            ],
            [
              -122.55004987988526,
              40.647008182365646
            ],
            [
              -122.5500848507462,
              40.64694838918131
            ],
            [
              -122.55053694505371,
              40.64626634120707
            ],
            [
              -122.55051844042494,
              40.64626817109638
            ],
            [
              -122.55043191039606,
              40.6462702458209
            ],
            [
              -122.55034552696328,
              40.64626588569492
            ],
            [
              -122.55026011298058,
              40.646255132251405
            ],
            [
              -122.55017648206639,
              40.6462380879234
            ],
            [
              -122.5500954308529,
              40.64621491506826
            ],
            [
              -122.55001773139699,
              40.64618583442097
            ],
            [
              -122.5499441238254,
              40.64615112299132
            ],
            [
              -122.54987530928429,
              40.646111111425
            ],
            [
              -122.54970048868785,
              40.64599876754246
            ],
            [
              -122.54964934873972,
              40.646013065558975
            ],
            [
              -122.54956388928919,
              40.64602984333002
            ],
            [
              -122.54947666398687,
              40.646040069729395
            ],
            [
              -122.54938853626447,
              40.64604364352743
            ],
            [
              -122.54892793161926,
              40.64604484351469
            ],
            [
              -122.54884116717106,
              40.646041830458685
            ],
            [
              -122.54875520553365,
              40.646032368515876
            ],
            [
              -122.5486708708855,
              40.6460165484052
            ],
            [
              -122.54858897180446,
              40.64599452180591
            ],
            [
              -122.54851029351477,
              40.645966499903395
            ],
            [
              -122.54843559035795,
              40.64593275136405
            ],
            [
              -122.54836557855998,
              40.645893599759276
            ],
            [
              -122.54830092936412,
              40.64584942046287
            ],
            [
              -122.5482664271949,
              40.64582073074959
            ],
            [
              -122.5482171778408,
              40.645833870927
            ],
            [
              -122.54813149537999,
              40.64584966935298
            ],
            [
              -122.54804417724444,
              40.64585891149896
            ],
            [
              -122.5479560859226,
              40.6458615060754
            ],
            [
              -122.54786809154075,
              40.64585742745437
            ],
            [
              -122.54778106326741,
              40.64584671592278
            ],
            [
              -122.54769586072757,
              40.64582947728436
            ],
            [
              -122.54761332551072,
              40.64580588181448
            ],
            [
              -122.5475342728576,
              40.64577616257814
            ],
            [
              -122.54745948360686,
              40.645740613127565
            ],
            [
              -122.54738969648209,
              40.64569958460258
            ],
            [
              -122.54732560079466,
              40.6456534822618
            ],
            [
              -122.54726782963512,
              40.64560276147946
            ],
            [
              -122.5472169536198,
              40.64554792324719
            ],
            [
              -122.54717347525492,
              40.64548950922528
            ],
            [
              -122.54713782397361,
              40.64542809639206
            ],
            [
              -122.54711035189474,
              40.645364291344684
            ],
            [
              -122.5470913303457,
              40.64529872430735
            ],
            [
              -122.54708094718318,
              40.64523204290621
            ],
            [
              -122.54707930493879,
              40.64516490577235
            ],
            [
              -122.54708641980717,
              40.645097976036276
            ],
            [
              -122.54710222148711,
              40.64503191477812
            ],
            [
              -122.54712655387704,
              40.64496737449785
            ],
            [
              -122.5471591766176,
              40.64490499267068
            ],
            [
              -122.54719976746698,
              40.64484538545068
            ],
            [
              -122.54724792548417,
              40.64478914158515
            ],
            [
              -122.54740747023976,
              40.64462163302673
            ],
            [
              -122.54740960577519,
              40.644600251826226
            ],
            [
              -122.54742511736657,
              40.64453377667477
            ],
            [
              -122.54744926151422,
              40.6444688126468
            ],
            [
              -122.54748179709509,
              40.6444060084596
            ],
            [
              -122.54752239919361,
              40.64434599126096
            ],
            [
              -122.547570662347,
              40.644289360366884
            ],
            [
              -122.54762610459471,
              40.64423668127715
            ],
            [
              -122.54768817229184,
              40.64418848002877
            ],
            [
              -122.54791417202054,
              40.644029681190844
            ],
            [
              -122.54798799724848,
              40.643983169423755
            ],
            [
              -122.54808262862588,
              40.64392983348692
            ],
            [
              -122.54808063154252,
              40.64390346344707
            ],
            [
              -122.54808398302285,
              40.64383819307989
            ],
            [
              -122.54809559332935,
              40.643773474259206
            ],
            [
              -122.54811535392145,
              40.64370991188589
            ],
            [
              -122.54813233219136,
              40.64367206107702
            ],
            [
              -122.54812562202133,
              40.64367296295279
            ],
            [
              -122.54812006138494,
              40.64368224968624
            ],
            [
              -122.5480767891923,
              40.643739124067714
            ],
            [
              -122.548026465906,
              40.643792526165754
            ],
            [
              -122.54796956786892,
              40.643841950477544
            ],
            [
              -122.54790663366391,
              40.64388692915289
            ],
            [
              -122.54783825901576,
              40.64392703642303
            ],
            [
              -122.5477650911522,
              40.64396189263136
            ],
            [
              -122.54768782267706,
              40.64399116782744
            ],
            [
              -122.54760718501387,
              40.64401458489057
            ],
            [
              -122.54752394148167,
              40.644031922153296
            ],
            [
              -122.54743888006905,
              40.64404301549981
            ],
            [
              -122.54735280597423,
              40.64404775991967
            ],
            [
              -122.5472665339824,
              40.644046110501904
            ],
            [
              -122.54718088075218,
              40.64403808286018
            ],
            [
              -122.54709665708445,
              40.644023752984985
            ],
            [
              -122.54708672490324,
              40.64402127027639
            ],
            [
              -122.54701843154758,
              40.644044837211304
            ],
            [
              -122.54693756655367,
              40.64406917855135
            ],
            [
              -122.54685396127233,
              40.64408737210413
            ],
            [
              -122.54676841910121,
              40.644099243040074
            ],
            [
              -122.54668176205199,
              40.64410467728627
            ],
            [
              -122.5465948228506,
              40.64410362262279
            ],
            [
              -122.5465084369346,
              40.64409608918451
            ],
            [
              -122.54642343442414,
              40.64408214936366
            ],
            [
              -122.54634063214452,
              40.64406193711421
            ],
            [
              -122.54626082577612,
              40.6440356466644
            ],
            [
              -122.54618478220789,
              40.644003530650274
            ],
            [
              -122.54611323216753,
              40.64396589768773
            ],
            [
              -122.54604686319928,
              40.643923109406686
            ],
            [
              -122.5459863130569,
              40.64387557697576
            ],
            [
              -122.54593216357522,
              40.64382375715097
            ],
            [
              -122.54588493507926,
              40.64376814788632
            ],
            [
              -122.54584508138448,
              40.64370928354846
            ],
            [
              -122.54581298543657,
              40.643647729781655
            ],
            [
              -122.54578895563202,
              40.643584078072045
            ],
            [
              -122.54577322285557,
              40.643518940063785
            ],
            [
              -122.54576593826239,
              40.64345294168136
            ],
            [
              -122.54576717182638,
              40.643386717115014
            ],
            [
              -122.54576942896308,
              40.64337146512763
            ],
            [
              -122.54570958362412,
              40.64336338992961
            ],
            [
              -122.54562507166786,
              40.643348709826775
            ],
            [
              -122.54554284442754,
              40.64332781629327
            ],
            [
              -122.5454636871994,
              40.6433009088697
            ],
            [
              -122.54538835595754,
              40.64326824453104
            ],
            [
              -122.54531757013363,
              40.643230135232415
            ],
            [
              -122.54525200574585,
              40.6431869449294
            ],
            [
              -122.54519228894253,
              40.64313908610199
            ],
            [
              -122.54513899002224,
              40.643087015814984
            ],
            [
              -122.54509261798752,
              40.643031231352715
            ],
            [
              -122.54505361568398,
              40.64297226546943
            ],
            [
              -122.5450223555716,
              40.642910681301316
            ],
            [
              -122.54499913616836,
              40.64284706698806
            ],
            [
              -122.54498417919977,
              40.64278203005594
            ],
            [
              -122.54497762748262,
              40.64271619161572
            ],
            [
              -122.54497954356155,
              40.64265018043076
            ],
            [
              -122.54498990911303,
              40.642584626912395
            ],
            [
              -122.54500862512101,
              40.64252015709935
            ],
            [
              -122.5450355128237,
              40.64245738667918
            ],
            [
              -122.54507031542144,
              40.64239691510856
            ],
            [
              -122.54511270053001,
              40.6423393198886
            ],
            [
              -122.54516226335552,
              40.64228515104994
            ],
            [
              -122.54521853056073,
              40.64223492590032
            ],
            [
              -122.54528096478582,
              40.64218912408442
            ],
            [
              -122.54534896978026,
              40.642148183003734
            ],
            [
              -122.54542189609715,
              40.64211249363957
            ],
            [
              -122.54549904729508,
              40.642082396819625
            ],
            [
              -122.54557968658892,
              40.64205817996328
            ],
            [
              -122.54566304388567,
              40.64204007433703
            ],
            [
              -122.54668582807426,
              40.64185856071592
            ],
            [
              -122.54668346529647,
              40.641857720956054
            ],
            [
              -122.54660945694049,
              40.64182442427268
            ],
            [
              -122.54654002704135,
              40.64178582725008
            ],
            [
              -122.54647582759749,
              40.641742292347764
            ],
            [
              -122.54641746148539,
              40.64169422839537
            ],
            [
              -122.54636547679813,
              40.64164208675333
            ],
            [
              -122.54632036169846,
              40.64158635707376
            ],
            [
              -122.54628253983498,
              40.64152756270212
            ],
            [
              -122.54625236636413,
              40.64146625576232
            ],
            [
              -122.54623012461565,
              40.641403011971654
            ],
            [
              -122.54621602343268,
              40.64133842523427
            ],
            [
              -122.54621019521129,
              40.641273102063714
            ],
            [
              -122.54621269465807,
              40.64120765588751
            ],
            [
              -122.54621896258092,
              40.64116997127059
            ],
            [
              -122.54589432774024,
              40.641118223265366
            ],
            [
              -122.54580947401901,
              40.6411013223435
            ],
            [
              -122.54572722643739,
              40.64107812026879
            ],
            [
              -122.54564838922336,
              40.64104884391519
            ],
            [
              -122.54557373325488,
              40.64101377955163
            ],
            [
              -122.5455039885219,
              40.640973270042664
            ],
            [
              -122.545439836988,
              40.64092771149555
            ],
            [
              -122.54538190592189,
              40.64087754938682
            ],
            [
              -122.54533076176423,
              40.64082327420611
            ],
            [
              -122.54528690458893,
              40.64076541665977
            ],
            [
              -122.54526619401953,
              40.640730533140236
            ],
            [
              -122.54407775753118,
              40.64054840688896
            ],
            [
              -122.54407612960217,
              40.64054908686181
            ],
            [
              -122.54398895625333,
              40.64057677367988
            ],
            [
              -122.54389841228883,
              40.640597242470065
            ],
            [
              -122.54380552439314,
              40.64061026113492
            ],
            [
              -122.5437113458311,
              40.64061568205466
            ],
            [
              -122.54297053836486,
              40.64062818213901
            ],
            [
              -122.54288319737623,
              40.64062637657838
            ],
            [
              -122.54279651338588,
              40.6406180336813
            ],
            [
              -122.54271132758888,
              40.64060323440868
            ],
            [
              -122.54262846664027,
              40.64058212237507
            ],
            [
              -122.54254873463242,
              40.640554902454845
            ],
            [
              -122.54247290529139,
              40.64052183879391
            ],
            [
              -122.54240171446824,
              40.640483252246156
            ],
            [
              -122.54233585299782,
              40.64043951725968
            ],
            [
              -122.54227595999475,
              40.640391058242706
            ],
            [
              -122.54222261665139,
              40.64033834544499
            ],
            [
              -122.54217634059798,
              40.64028189039399
            ],
            [
              -122.54213758088017,
              40.640222240930974
            ],
            [
              -122.54210671360163,
              40.64015997589421
            ],
            [
              -122.54208403827523,
              40.64009569950198
            ],
            [
              -122.5420697749173,
              40.640030035488856
            ],
            [
              -122.54206406191332,
              40.63996362105302
            ],
            [
              -122.5420669546763,
              40.639897100672805
            ],
            [
              -122.54207842510974,
              40.639831119852715
            ],
            [
              -122.54209836188144,
              40.63976631885959
            ],
            [
              -122.54212657150468,
              40.63970332650958
            ],
            [
              -122.54216278021681,
              40.63964275406646
            ],
            [
              -122.54220663663645,
              40.63958518931014
            ],
            [
              -122.542257715174,
              40.63953119083325
            ],
            [
              -122.54231552016199,
              40.63948128262096
            ],
            [
              -122.54237949066511,
              40.639435948966664
            ],
            [
              -122.54244900592383,
              40.63939562977275
            ],
            [
              -122.54327070224423,
              40.63896603328307
            ],
            [
              -122.5433518712481,
              40.638928305323766
            ],
            [
              -122.54343787564163,
              40.638897413403015
            ],
            [
              -122.54352772698071,
              40.638873712558244
            ],
            [
              -122.5442012727588,
              40.63872632549671
            ],
            [
              -122.54419473664316,
              40.638681806831336
            ],
            [
              -122.54419344684834,
              40.638616797002385
            ],
            [
              -122.54420036569931,
              40.638551993732186
            ],
            [
              -122.54421542910332,
              40.63848799710466
            ],
            [
              -122.54423849754926,
              40.63842539973248
            ],
            [
              -122.54426935740055,
              40.6383647812695
            ],
            [
              -122.54430772287404,
              40.638306703043305
            ],
            [
              -122.54435323868714,
              40.638251702857445
            ],
            [
              -122.54440548334823,
              40.638200290011625
            ],
            [
              -122.54446397306018,
              40.638152940585826
            ],
            [
              -122.5445281662004,
              40.63811009303204
            ],
            [
              -122.54459746833659,
              40.638072144114524
            ],
            [
              -122.54467123773102,
              40.63803944523601
            ],
            [
              -122.54474879128277,
              40.63801229918402
            ],
            [
              -122.54482941085296,
              40.637990957327325
            ],
            [
              -122.54491234991416,
              40.63797561728845
            ],
            [
              -122.54499684046269,
              40.63796642111382
            ],
            [
              -122.54508210012953,
              40.637963453958676
            ],
            [
              -122.54516733942442,
              40.63796674329851
            ],
            [
              -122.54570239111283,
              40.63800712176473
            ],
            [
              -122.54571758302727,
              40.637986587061
            ],
            [
              -122.54576694835676,
              40.63793282228495
            ],
            [
              -122.54582292643622,
              40.63788295852561
            ],
            [
              -122.54588498938323,
              40.63783746599402
            ],
            [
              -122.54595255193914,
              40.63779677368007
            ],
            [
              -122.54602497698822,
              40.637761265307375
            ],
            [
              -122.54610158156541,
              40.63773127571505
            ],
            [
              -122.5461816432963,
              40.637707087700505
            ],
            [
              -122.54626440720881,
              40.63768892935292
            ],
            [
              -122.54634909285187,
              40.637676971902486
            ],
            [
              -122.54643490165441,
              40.637671328105995
            ],
            [
              -122.54652102445507,
              40.63767205118353
            ],
            [
              -122.54660664913177,
              40.63767913431674
            ],
            [
              -122.54669096825918,
              40.63769251071309
            ],
            [
              -122.54670650066407,
              40.63769620280773
            ],
            [
              -122.5467027857825,
              40.63768330500098
            ],
            [
              -122.5466885292505,
              40.63761921806339
            ],
            [
              -122.54668242276131,
              40.63755438407917
            ],
            [
              -122.54668452280923,
              40.63748940311245
            ],
            [
              -122.54669480993378,
              40.63742487658599
            ],
            [
              -122.54671318890071,
              40.63736140171484
            ],
            [
              -122.54673948958423,
              40.63729956597902
            ],
            [
              -122.5467734685424,
              40.63723994168622
            ],
            [
              -122.54681481127106,
              40.63718308067509
            ],
            [
              -122.5468631351152,
              40.637129509208094
            ],
            [
              -122.54691799281102,
              40.63707972310096
            ],
            [
              -122.54697887662596,
              40.63703418313402
            ],
            [
              -122.5470452230579,
              40.636993310787915
            ],
            [
              -122.54711641805076,
              40.63695748434287
            ],
            [
              -122.54719180267755,
              40.63692703537795
            ],
            [
              -122.54722859181908,
              40.63691547313239
            ],
            [
              -122.5472408794831,
              40.636871747204296
            ],
            [
              -122.54726732395224,
              40.63680863663558
            ],
            [
              -122.5473017544197,
              40.636747802319036
            ],
            [
              -122.54734383985534,
              40.636689829106146
            ],
            [
              -122.54739317563835,
              40.63663527434078
            ],
            [
              -122.54744928744789,
              40.63658466250117
            ],
            [
              -122.54751163582338,
              40.63653848015797
            ],
            [
              -122.54757962135119,
              40.63649717129674
            ],
            [
              -122.54765259042712,
              40.636461133049856
            ],
            [
              -122.5477298415401,
              40.63643071187888
            ],
            [
              -122.54781063201604,
              40.63640620024397
            ],
            [
              -122.54789418515719,
              40.63638783379249
            ],
            [
              -122.54797969770867,
              40.636375789093776
            ],
            [
              -122.54803206335028,
              40.63637240049754
            ],
            [
              -122.54803397184443,
              40.63636964567574
            ],
            [
              -122.54806634040929,
              40.636332278344824
            ],
            [
              -122.54804050348335,
              40.636246779582734
            ],
            [
              -122.54802539588685,
              40.636182879934886
            ],
            [
              -122.54801840930426,
              40.63611817062335
            ],
            [
              -122.54801960823077,
              40.63605324921681
            ],
            [
              -122.54802898157101,
              40.63598871524091
            ],
            [
              -122.54804644274245,
              40.635925164641804
            ],
            [
              -122.54807183047575,
              40.63586318428288
            ],
            [
              -122.54810491030487,
              40.63580334652544
            ],
            [
              -122.54814537673295,
              40.63574620394335
            ],
            [
              -122.54815689457752,
              40.63573312375383
            ],
            [
              -122.5481528026828,
              40.63569420283311
            ],
            [
              -122.54815455549254,
              40.635626851606716
            ],
            [
              -122.54816510332275,
              40.635559968109796
            ],
            [
              -122.54818434129423,
              40.63549421721319
            ],
            [
              -122.54821207814288,
              40.63543025252694
            ],
            [
              -122.54824803812201,
              40.6353687099031
            ],
            [
              -122.5482918637442,
              40.63531020111511
            ],
            [
              -122.54834311933584,
              40.635255307776596
            ],
            [
              -122.54840129536844,
              40.63520457556007
            ],
            [
              -122.54846581352423,
              40.63515850877282
            ],
            [
              -122.54853603244509,
              40.63511756534415
            ],
            [
              -122.54861125410807,
              40.635082152273604
            ],
            [
              -122.54869073076411,
              40.63505262158546
            ],
            [
              -122.54877367237066,
              40.63502926682967
            ],
            [
              -122.54913102837145,
              40.63494380663463
            ],
            [
              -122.54904599505353,
              40.63474080840584
            ],
            [
              -122.54902399564342,
              40.63467800434807
            ],
            [
              -122.54901002008404,
              40.634613880415024
            ],
            [
              -122.54900419770635,
              40.6345490301209
            ],
            [
              -122.54900658237686,
              40.6344840537012
            ],
            [
              -122.54901715200012,
              40.63441955255707
            ],
            [
              -122.54903580872387,
              40.63435612368896
            ],
            [
              -122.5490623798458,
              40.6342943541711
            ],
            [
              -122.54909661941272,
              40.63423481571774
            ],
            [
              -122.54913821049765,
              40.634178059391864
            ],
            [
              -122.54918676813398,
              40.63412461050488
            ],
            [
              -122.54924184287894,
              40.63407496375487
            ],
            [
              -122.54930292497374,
              40.63402957864806
            ],
            [
              -122.54936944906211,
              40.6339888752461
            ],
            [
              -122.54944079942275,
              40.63395323027846
            ],
            [
              -122.54951631566833,
              40.63392297365585
            ],
            [
              -122.54959529885721,
              40.633898385416984
            ],
            [
              -122.54967701796242,
              40.63387969313687
            ],
            [
              -122.54976071663691,
              40.633867069820674
            ],
            [
              -122.54976619781091,
              40.63386665423166
            ],
            [
              -122.54976706747627,
              40.633860213241086
            ],
            [
              -122.549783917822,
              40.633796480532354
            ],
            [
              -122.54980873050165,
              40.633734276654685
            ],
            [
              -122.54984127576016,
              40.633674177535546
            ],
            [
              -122.54988125225111,
              40.63361673961356
            ],
            [
              -122.54992828982743,
              40.63356249468685
            ],
            [
              -122.54998195296892,
              40.633511944989465
            ],
            [
              -122.55004174481509,
              40.63346555854154
            ],
            [
              -122.55009046406505,
              40.633434408880035
            ],
            [
              -122.5500558515132,
              40.633381438907534
            ],
            [
              -122.55002517498934,
              40.633320267755714
            ],
            [
              -122.55000241551394,
              40.6332571215015
            ],
            [
              -122.54998778685446,
              40.63319259330611
            ],
            [
              -122.54998142640044,
              40.63312728931034
            ],
            [
              -122.54998339387396,
              40.633061822940576
            ],
            [
              -122.54999367076955,
              40.63299680914674
            ],
            [
              -122.55001216052881,
              40.63293285862571
            ],
            [
              -122.55003868944848,
              40.63287057208504
            ],
            [
              -122.55007300831276,
              40.63281053460035
            ],
            [
              -122.55011479473512,
              40.63275331011972
            ],
            [
              -122.55016365618715,
              40.63269943616655
            ],
            [
              -122.55021913368626,
              40.632649418790656
            ],
            [
              -122.55028070610742,
              40.632603727815216
            ],
            [
              -122.55034779507828,
              40.63256279242374
            ],
            [
              -122.55041977041219,
              40.63252699712897
            ],
            [
              -122.55049595602752,
              40.63249667816135
            ],
            [
              -122.55049649617794,
              40.63249648798673
            ],
            [
              -122.55048802029624,
              40.63245464626275
            ],
            [
              -122.55048317732634,
              40.6323896114607
            ],
            [
              -122.55048657728767,
              40.63232452360197
            ],
            [
              -122.55049818855412,
              40.63225998767099
            ],
            [
              -122.55051790317707,
              40.63219660352037
            ],
            [
              -122.5505455378897,
              40.632134960295446
            ],
            [
              -122.55058083581132,
              40.63207563095835
            ],
            [
              -122.55062346883544,
              40.632019166962586
            ],
            [
              -122.5506730406805,
              40.631966093127645
            ],
            [
              -122.55072909057323,
              40.631916902761084
            ],
            [
              -122.55079109753228,
              40.63187205307359
            ],
            [
              -122.55085848521038,
              40.63183196092965
            ],
            [
              -122.55093062725165,
              40.63179699897311
            ],
            [
              -122.55100685311311,
              40.63176749216379
            ],
            [
              -122.5510864542971,
              40.63174371475745
            ],
            [
              -122.5511686909361,
              40.63172588775668
            ],
            [
              -122.55125279866898,
              40.63171417685713
            ],
            [
              -122.55133799574506,
              40.63170869090733
            ],
            [
              -122.55142349028947,
              40.631709480897314
            ],
            [
              -122.55143384143487,
              40.63170995741072
            ],
            [
              -122.55143674711577,
              40.63170115919986
            ],
            [
              -122.55146833989286,
              40.6316352897958
            ],
            [
              -122.55150872435516,
              40.631572270099895
            ],
            [
              -122.55155746540422,
              40.63151277904328
            ],
            [
              -122.55161403791739,
              40.63145745754019
            ],
            [
              -122.55167783240594,
              40.631406901583645
            ],
            [
              -122.5518661322204,
              40.6312724025603
            ],
            [
              -122.55193349598122,
              40.63122887914678
            ],
            [
              -122.55200620819295,
              40.63119067667384
            ],
            [
              -122.55208354760391,
              40.63115817407774
            ],
            [
              -122.55216474706796,
              40.631131693756316
            ],
            [
              -122.55217789790801,
              40.63112854155465
            ],
            [
              -122.55221565465051,
              40.63107529311245
            ],
            [
              -122.55226333781702,
              40.63102123835795
            ],
            [
              -122.55231763057813,
              40.63097093241634
            ],
            [
              -122.55237802846115,
              40.63092484270288
            ],
            [
              -122.55244397027147,
              40.63088339745713
            ],
            [
              -122.55251484330688,
              40.63084698176412
            ],
            [
              -122.55258998905057,
              40.63081593397671
            ],
            [
              -122.55266870928932,
              40.63079054257193
            ],
            [
              -122.55269260918192,
              40.630784828902044
            ],
            [
              -122.5525871003649,
              40.630282522739584
            ],
            [
              -122.55258328909855,
              40.63027680468302
            ],
            [
              -122.55226982095266,
              40.630128871578826
            ],
            [
              -122.55200520865269,
              40.63015738955449
            ],
            [
              -122.55191884998663,
              40.63016343380623
            ],
            [
              -122.55183212935815,
              40.63016302276974
            ],
            [
              -122.55174587608553,
              40.63015616037594
            ],
            [
              -122.55166091501732,
              40.63014291225069
            ],
            [
              -122.55157805864341,
              40.63012340508721
            ],
            [
              -122.55149809932458,
              40.630097825434305
            ],
            [
              -122.55142180171435,
              40.63006641791228
            ],
            [
              -122.55134989544626,
              40.63002948287341
            ],
            [
              -122.55112643560015,
              40.62990216465494
            ],
            [
              -122.55102803066292,
              40.62992794105257
            ],
            [
              -122.55094451904434,
              40.629946382146315
            ],
            [
              -122.55085903847227,
              40.62995850385829
            ],
            [
              -122.55077241068292,
              40.629964189660875
            ],
            [
              -122.55068546844181,
              40.62996338489579
            ],
            [
              -122.5505990475376,
              40.629956097299484
            ],
            [
              -122.55051397874671,
              40.629942396928804
            ],
            [
              -122.55043107984639,
              40.6299224154874
            ],
            [
              -122.5503511477525,
              40.62989634505964
            ],
            [
              -122.55027495085822,
              40.6298644362638
            ],
            [
              -122.55020322164688,
              40.62982699584269
            ],
            [
              -122.55013664965017,
              40.629784383714686
            ],
            [
              -122.55007587481946,
              40.6297370095135
            ],
            [
              -122.55002148137386,
              40.62968532865009
            ],
            [
              -122.55001158672596,
              40.62967376684705
            ],
            [
              -122.54985956339962,
              40.62970118232606
            ],
            [
              -122.5497739581875,
              40.62971327396613
            ],
            [
              -122.54968720926131,
              40.629718911888936
            ],
            [
              -122.54960015277103,
              40.62971804175218
            ],
            [
              -122.5495136278313,
              40.62971067194298
            ],
            [
              -122.54942846843286,
              40.62969687349714
            ],
            [
              -122.54934549540313,
              40.629676779414226
            ],
            [
              -122.54926550849383,
              40.629650583375586
            ],
            [
              -122.54918927867189,
              40.62961853787741
            ],
            [
              -122.54911754068779,
              40.62958095179667
            ],
            [
              -122.54905098599319,
              40.629538187413736
            ],
            [
              -122.54899025607617,
              40.629490656920325
            ],
            [
              -122.54893593627797,
              40.62943881844609
            ],
            [
              -122.5489195344556,
              40.62941955735742
            ],
            [
              -122.54891075472838,
              40.629419246599475
            ],
            [
              -122.54882136058112,
              40.62940906506962
            ],
            [
              -122.5487337911102,
              40.62939200356562
            ],
            [
              -122.54864895605147,
              40.62936823933525
            ],
            [
              -122.54856773673121,
              40.62933801925913
            ],
            [
              -122.5484909769096,
              40.6293016572855
            ],
            [
              -122.5482714759876,
              40.62918545632987
            ],
            [
              -122.54820347181943,
              40.62914560551862
            ],
            [
              -122.54814084024096,
              40.6291009346253
            ],
            [
              -122.5480841674374,
              40.6290518617445
            ],
            [
              -122.5480339838197,
              40.62899884616998
            ],
            [
              -122.54799075906054,
              40.62894238409569
            ],
            [
              -122.54795489769862,
              40.62888300397144
            ],
            [
              -122.5479267353531,
              40.6288212615568
            ],
            [
              -122.547906535583,
              40.628757734719166
            ],
            [
              -122.54789448742116,
              40.62869301802541
            ],
            [
              -122.5478928411202,
              40.62866460628004
            ],
            [
              -122.54783594148994,
              40.628638862977944
            ],
            [
              -122.54776564812852,
              40.628599459134584
            ],
            [
              -122.54770077860655,
              40.62855498205431
            ],
            [
              -122.54764196114267,
              40.628505862476224
            ],
            [
              -122.54758976534058,
              40.62845257609878
            ],
            [
              -122.54747506211794,
              40.6283225900732
            ],
            [
              -122.54746996255267,
              40.62832557953206
            ],
            [
              -122.54739727771174,
              40.62836022892051
            ],
            [
              -122.54732054066322,
              40.628389368351684
            ],
            [
              -122.5472404687512,
              40.62841272542623
            ],
            [
              -122.5471578104971,
              40.62843008179884
            ],
            [
              -122.54707333860186,
              40.62844127521954
            ],
            [
              -122.54698784272216,
              40.628446201050494
            ],
            [
              -122.54690212208789,
              40.62844481324437
            ],
            [
              -122.54681697803007,
              40.62843712477474
            ],
            [
              -122.54673320648934,
              40.62842320751481
            ],
            [
              -122.54665159057463,
              40.62840319156549
            ],
            [
              -122.54657289324193,
              40.62837726403903
            ],
            [
              -122.54649785016159,
              40.628345667309794
            ],
            [
              -122.54642716284064,
              40.62830869674825
            ],
            [
              -122.54636149206486,
              40.628266697959624
            ],
            [
              -122.54630145172135,
              40.6282200635529
            ],
            [
              -122.54624760305994,
              40.62816922947042
            ],
            [
              -122.5460951080044,
              40.62801010527525
            ],
            [
              -122.54604284063144,
              40.6279965034011
            ],
            [
              -122.54596122705937,
              40.627967951636116
            ],
            [
              -122.54588382224004,
              40.627933257188346
            ],
            [
              -122.54581142002323,
              40.627892775881
            ],
            [
              -122.54574476294859,
              40.627846922886015
            ],
            [
              -122.54568453463014,
              40.627796168465956
            ],
            [
              -122.54563135274527,
              40.62774103315053
            ],
            [
              -122.5455857627001,
              40.62768208239796
            ],
            [
              -122.54554823203641,
              40.62761992079539
            ],
            [
              -122.54551914563724,
              40.627555185858064
            ],
            [
              -122.54538384985246,
              40.62719558489347
            ],
            [
              -122.54536383819455,
              40.62713033906887
            ],
            [
              -122.54536265599873,
              40.62712346854815
            ],
            [
              -122.54533489905836,
              40.62710485194122
            ],
            [
              -122.54527534565396,
              40.627056191321095
            ],
            [
              -122.54522236259903,
              40.62700330386953
            ],
            [
              -122.54517646366156,
              40.62694670244364
            ],
            [
              -122.54514151253098,
              40.62689226092302
            ],
            [
              -122.54513114293124,
              40.626892724401756
            ],
            [
              -122.54504261876936,
              40.62688993328897
            ],
            [
              -122.54495490201909,
              40.62688042563797
            ],
            [
              -122.54486886832714,
              40.62686429636061
            ],
            [
              -122.54478537653726,
              40.626841706470096
            ],
            [
              -122.54470526011607,
              40.62681288147354
            ],
            [
              -122.54462931883218,
              40.62677810912059
            ],
            [
              -122.54455831077199,
              40.62673773653071
            ],
            [
              -122.54449294477178,
              40.62669216672773
            ],
            [
              -122.54443387334135,
              40.62664185461632
            ],
            [
              -122.54438168615056,
              40.62658730244063
            ],
            [
              -122.5443815887736,
              40.626587175783165
            ],
            [
              -122.54437019971391,
              40.62658958985018
            ],
            [
              -122.544306418224,
              40.62662522875631
            ],
            [
              -122.544232227108,
              40.62665876455629
            ],
            [
              -122.5441541102801,
              40.62668664920207
            ],
            [
              -122.54407280699434,
              40.62670861880755
            ],
            [
              -122.54398908666226,
              40.626724465463376
            ],
            [
              -122.54390374157119,
              40.62673403920468
            ],
            [
              -122.54381757938556,
              40.626737249430306
            ],
            [
              -122.54373141550325,
              40.62673406576037
            ],
            [
              -122.54364606533798,
              40.6267245183237
            ],
            [
              -122.54351676411261,
              40.62670511812747
            ],
            [
              -122.54343123283117,
              40.6266888831184
            ],
            [
              -122.54334823955024,
              40.626666258623494
            ],
            [
              -122.54326860428904,
              40.62663746818608
            ],
            [
              -122.5431931138849,
              40.62660279627229
            ],
            [
              -122.5431225142182,
              40.62656258546005
            ],
            [
              -122.54305750284266,
              40.626517233054045
            ],
            [
              -122.54299872209269,
              40.62646718715982
            ],
            [
              -122.5429467527371,
              40.62641294225599
            ],
            [
              -122.54291581723344,
              40.62637281612334
            ],
            [
              -122.54290836769302,
              40.62637612932509
            ],
            [
              -122.54283192902294,
              40.62640307620781
            ],
            [
              -122.54275247975383,
              40.62642437621181
            ],
            [
              -122.54267073660263,
              40.626439837187924
            ],
            [
              -122.5425874369814,
              40.62644931966125
            ],
            [
              -122.5425033323445,
              40.62645273808955
            ],
            [
              -122.54241918140897,
              40.626450061634905
            ],
            [
              -122.54213457857873,
              40.62643066142712
            ],
            [
              -122.5420450016806,
              40.626421025309334
            ],
            [
              -122.54195717948582,
              40.626404485710864
            ],
            [
              -122.54187202600977,
              40.626381214769125
            ],
            [
              -122.54179042749058,
              40.62635145467828
            ],
            [
              -122.54171323316476,
              40.626315515168436
            ],
            [
              -122.54164124642827,
              40.62627377028183
            ],
            [
              -122.54157521647484,
              40.62622665447962
            ],
            [
              -122.54151583049857,
              40.62617465812003
            ],
            [
              -122.54146370654202,
              40.62611832235436
            ],
            [
              -122.54141938706427,
              40.62605823349496
            ],
            [
              -122.54138333329578,
              40.625995016912626
            ],
            [
              -122.54137199944054,
              40.62596785887031
            ],
            [
              -122.54134039958839,
              40.625958244301174
            ],
            [
              -122.54126326793295,
              40.62592780355521
            ],
            [
              -122.54119041532786,
              40.62589175896687
            ],
            [
              -122.54112254083991,
              40.625850456410504
            ],
            [
              -122.54106029576373,
              40.62580429221374
            ],
            [
              -122.54100427737201,
              40.625753709354356
            ],
            [
              -122.54095502318457,
              40.62569919320911
            ],
            [
              -122.54091300581048,
              40.625641266896146
            ],
            [
              -122.54087862841371,
              40.62558048625497
            ],
            [
              -122.54085222084501,
              40.62551743451262
            ],
            [
              -122.5408340364775,
              40.625452716687086
            ],
            [
              -122.54082424977622,
              40.62538695378162
            ],
            [
              -122.54082312345813,
              40.62532940352257
            ],
            [
              -122.54078503752356,
              40.6252951627898
            ],
            [
              -122.5407348220803,
              40.625239615624224
            ],
            [
              -122.54069212566499,
              40.62518053048127
            ],
            [
              -122.54065737376341,
              40.62511849619482
            ],
            [
              -122.5406309126845,
              40.62505413098777
            ],
            [
              -122.54061300610984,
              40.62498807631082
            ],
            [
              -122.54060614560551,
              40.62495434644965
            ],
            [
              -122.54059390324232,
              40.6249525488848
            ],
            [
              -122.54051128732642,
              40.62493393087751
            ],
            [
              -122.54043143261146,
              40.624909292125444
            ],
            [
              -122.54035509288931,
              40.62487886520825
            ],
            [
              -122.54028298876914,
              40.6248429373431
            ],
            [
              -122.5402158008747,
              40.6248018476732
            ],
            [
              -122.54015416341934,
              40.624755984066226
            ],
            [
              -122.54009865821936,
              40.62470577945287
            ],
            [
              -122.54004980920195,
              40.62465170773971
            ],
            [
              -122.54000807745983,
              40.62459427933571
            ],
            [
              -122.53999107618853,
              40.6245643497525
            ],
            [
              -122.53983379723121,
              40.62456434948111
            ],
            [
              -122.53974982949137,
              40.62456131332484
            ],
            [
              -122.53966661639139,
              40.62455223254602
            ],
            [
              -122.53958490576277,
              40.62453718875326
            ],
            [
              -122.53950543193321,
              40.62451631714437
            ],
            [
              -122.53942890912664,
              40.624489805291255
            ],
            [
              -122.5393560250441,
              40.624457891454114
            ],
            [
              -122.53928743468306,
              40.624420862439884
            ],
            [
              -122.53922375445075,
              40.62437905102474
            ],
            [
              -122.53916555662441,
              40.62433283296311
            ],
            [
              -122.53915656619658,
              40.62432418413581
            ],
            [
              -122.53910795038784,
              40.62431479542386
            ],
            [
              -122.53902520219089,
              40.62429195749392
            ],
            [
              -122.53894583279866,
              40.62426298206622
            ],
            [
              -122.53887062405803,
              40.624228154571824
            ],
            [
              -122.53882613483076,
              40.624202630337905
            ],
            [
              -122.53879524905243,
              40.62421825607478
            ],
            [
              -122.53871921649576,
              40.624249080767
            ],
            [
              -122.5386396178916,
              40.624274139948064
            ],
            [
              -122.53855720413658,
              40.62429319722025
            ],
            [
              -122.5384727526865,
              40.624306072805176
            ],
            [
              -122.53838706022161,
              40.62431264523995
            ],
            [
              -122.53830093513044,
              40.62431285252295
            ],
            [
              -122.538215189883,
              40.62430669269888
            ],
            [
              -122.53813063336575,
              40.62429422387719
            ],
            [
              -122.53804806325005,
              40.624275563683845
            ],
            [
              -122.53796825846668,
              40.62425088815157
            ],
            [
              -122.53789197185715,
              40.62422043005907
            ],
            [
              -122.53781992307132,
              40.624184476734946
            ],
            [
              -122.53778663003698,
              40.62416408899249
            ],
            [
              -122.53770497923512,
              40.624154478068284
            ],
            [
              -122.53762088075474,
              40.624138032540586
            ],
            [
              -122.53753929624348,
              40.62411539919501
            ],
            [
              -122.53746100787113,
              40.62408679502363
            ],
            [
              -122.5373867662039,
              40.624052494262045
            ],
            [
              -122.53731728300811,
              40.62401282576013
            ],
            [
              -122.53725322442604,
              40.6239681698289
            ],
            [
              -122.5372496885307,
              40.623965170514175
            ],
            [
              -122.53724293575293,
              40.623997977246994
            ],
            [
              -122.537221770765,
              40.6240607379816
            ],
            [
              -122.5371928123811,
              40.62412166519703
            ],
            [
              -122.53715632694681,
              40.624180198469595
            ],
            [
              -122.53711265004603,
              40.62423579939439
            ],
            [
              -122.53709183002056,
              40.624257316853765
            ],
            [
              -122.53711926831255,
              40.62429730901786
            ],
            [
              -122.5372309699786,
              40.6244761082615
            ],
            [
              -122.53726427598528,
              40.62453689046426
            ],
            [
              -122.53728965618049,
              40.624599854837484
            ],
            [
              -122.53730686933686,
              40.624664402989175
            ],
            [
              -122.53731575184217,
              40.624729921473914
            ],
            [
              -122.5373162192551,
              40.62479578762274
            ],
            [
              -122.53730826710881,
              40.62486137546078
            ],
            [
              -122.53729197095414,
              40.62492606165639
            ],
            [
              -122.5372674856426,
              40.62498923144509
            ],
            [
              -122.53723504385559,
              40.6250502844724
            ],
            [
              -122.53719495389386,
              40.625108640499576
            ],
            [
              -122.53714759674804,
              40.62516374491832
            ],
            [
              -122.53709342247849,
              40.625215074021874
            ],
            [
              -122.5370329459383,
              40.62526213998262
            ],
            [
              -122.5369667418805,
              40.62530449548852
            ],
            [
              -122.53689543949581,
              40.62534173799468
            ],
            [
              -122.53681971643269,
              40.62537351354931
            ],
            [
              -122.53674029235694,
              40.62539952015795
            ],
            [
              -122.53665792211156,
              40.62541951065389
            ],
            [
              -122.53657338854228,
              40.62543329504732
            ],
            [
              -122.53648749505699,
              40.625440742331264
            ],
            [
              -122.5364010579892,
              40.6254417817267
            ],
            [
              -122.53631489883922,
              40.62543640335532
            ],
            [
              -122.53569419434243,
              40.62537432668271
            ],
            [
              -122.5356542346616,
              40.625419634747814
            ],
            [
              -122.5352006367891,
              40.6258830375193
            ],
            [
              -122.5351465934909,
              40.62593305319719
            ],
            [
              -122.53508651147357,
              40.62597889519152
            ],
            [
              -122.53502094313473,
              40.62602014201953
            ],
            [
              -122.53495049131809,
              40.62605641444686
            ],
            [
              -122.53487580377055,
              40.62608737897458
            ],
            [
              -122.53480896614691,
              40.626112001581
            ],
            [
              -122.53443862974892,
              40.62637480715645
            ],
            [
              -122.53442570275676,
              40.62639897680375
            ],
            [
              -122.53438826387715,
              40.62646006317611
            ],
            [
              -122.53434302119955,
              40.626518002618454
            ],
            [
              -122.53429042517845,
              40.626572218237385
            ],
            [
              -122.53423099948813,
              40.626622170215626
            ],
            [
              -122.53416533580878,
              40.62666736118728
            ],
            [
              -122.53409408793571,
              40.62670734119034
            ],
            [
              -122.5340179652693,
              40.62674171214712
            ],
            [
              -122.53393772575164,
              40.626770131828266
            ],
            [
              -122.5338541683193,
              40.62679231726056
            ],
            [
              -122.53376812494791,
              40.62680804754455
            ],
            [
              -122.53368045236763,
              40.62681716605447
            ],
            [
              -122.53359202353208,
              40.62681958199766
            ],
            [
              -122.53350371892543,
              40.626815271318776
            ],
            [
              -122.53341641779484,
              40.62680427693929
            ],
            [
              -122.53333098939491,
              40.62678670833008
            ],
            [
              -122.53324828433185,
              40.62676274042137
            ],
            [
              -122.53316912609331,
              40.62673261186074
            ],
            [
              -122.53309430284848,
              40.62669662263672
            ],
            [
              -122.53302455959978,
              40.62665513109165
            ],
            [
              -122.53289535936325,
              40.626570030449
            ],
            [
              -122.53282545435688,
              40.62651862584283
            ],
            [
              -122.53281324018253,
              40.62650743089547
            ],
            [
              -122.5327566684345,
              40.6265175923458
            ],
            [
              -122.53266814952902,
              40.62652646444158
            ],
            [
              -122.53257890836902,
              40.62652850977485
            ],
            [
              -122.53248984959092,
              40.62652370761224
            ],
            [
              -122.53240187598213,
              40.62651210663335
            ],
            [
              -122.53231587932872,
              40.62649382443722
            ],
            [
              -122.53198277651568,
              40.626409023620454
            ],
            [
              -122.53190246633534,
              40.626385214508375
            ],
            [
              -122.53182556857604,
              40.626355578449356
            ],
            [
              -122.53175280945136,
              40.62632039532494
            ],
            [
              -122.53168487608697,
              40.626279997402385
            ],
            [
              -122.53162241003083,
              40.62623476619648
            ],
            [
              -122.53156600119469,
              40.62618512886637
            ],
            [
              -122.53151618228296,
              40.62613155418118
            ],
            [
              -122.53147342376215,
              40.626074548092774
            ],
            [
              -122.53143812941829,
              40.626014648957394
            ],
            [
              -122.53141063254415,
              40.625952422451256
            ],
            [
              -122.53139119279228,
              40.62588845622825
            ],
            [
              -122.53137999372385,
              40.62582335437009
            ],
            [
              -122.53137714107568,
              40.62575773168137
            ],
            [
              -122.53138266176293,
              40.625692207883525
            ],
            [
              -122.5313965036256,
              40.62562740176225
            ],
            [
              -122.53141853592214,
              40.62556392532404
            ],
            [
              -122.53144855056492,
              40.625502378016606
            ],
            [
              -122.53148626408627,
              40.625443341068085
            ],
            [
              -122.53153132031609,
              40.625387371998315
            ],
            [
              -122.5315832937459,
              40.62533499935407
            ],
            [
              -122.53164169354777,
              40.62528671771794
            ],
            [
              -122.53190819346146,
              40.62508681913652
            ],
            [
              -122.53197671612618,
              40.62504048123479
            ],
            [
              -122.53205114803839,
              40.624999777651546
            ],
            [
              -122.53213069466341,
              40.62496514287813
            ],
            [
              -122.53221450687356,
              40.62493694662371
            ],
            [
              -122.53271818256736,
              40.62479068968075
            ],
            [
              -122.53294084692027,
              40.624696233103435
            ],
            [
              -122.53294084432665,
              40.624695836352686
            ],
            [
              -122.53294923366074,
              40.62462868275582
            ],
            [
              -122.53296636964957,
              40.6245625012537
            ],
            [
              -122.53299208145496,
              40.62449795154778
            ],
            [
              -122.53302611275649,
              40.62443567707192
            ],
            [
              -122.53306812430733,
              40.62437629857864
            ],
            [
              -122.53311769731665,
              40.62432040795173
            ],
            [
              -122.53315162271315,
              40.624289354389646
            ],
            [
              -122.53265729649343,
              40.62395147839153
            ],
            [
              -122.53261302798093,
              40.62400623370108
            ],
            [
              -122.53255955685238,
              40.62405965105186
            ],
            [
              -122.53249938773098,
              40.62410875824388
            ],
            [
              -122.53243311549362,
              40.62415306975563
            ],
            [
              -122.53236139536247,
              40.62419214747946
            ],
            [
              -122.5322849364269,
              40.62422560505345
            ],
            [
              -122.53220449463248,
              40.624253111681675
            ],
            [
              -122.53212086530661,
              40.62427439540506
            ],
            [
              -122.53203487529451,
              40.62428924579045
            ],
            [
              -122.53194737478377,
              40.624297516011296
            ],
            [
              -122.53185922889759,
              40.62429912429952
            ],
            [
              -122.53177130914057,
              40.62429405475403
            ],
            [
              -122.53168448478137,
              40.6242823574979
            ],
            [
              -122.53159961425732,
              40.62426414818277
            ],
            [
              -122.53151753668634,
              40.624239606845286
            ],
            [
              -122.53143906356995,
              40.624208976126944
            ],
            [
              -122.53136497076919,
              40.6241725588748
            ],
            [
              -122.53129599083343,
              40.62413071514704
            ],
            [
              -122.53123280575743,
              40.62408385865277
            ],
            [
              -122.53118287775743,
              40.62403864462057
            ],
            [
              -122.53117102773837,
              40.62404160574249
            ],
            [
              -122.5310896895556,
              40.624058711520874
            ],
            [
              -122.53100658572868,
              40.6240698491138
            ],
            [
              -122.53092246876851,
              40.624074917669724
            ],
            [
              -122.53091508608262,
              40.624074826108604
            ],
            [
              -122.53090426489666,
              40.62408684768794
            ],
            [
              -122.53084916679265,
              40.624136902655266
            ],
            [
              -122.53078798155818,
              40.624182669069846
            ],
            [
              -122.53072128123173,
              40.62422371903956
            ],
            [
              -122.53064968941862,
              40.62425966876788
            ],
            [
              -122.53057387546043,
              40.62429018214243
            ],
            [
              -122.5304945481769,
              40.62431497387768
            ],
            [
              -122.53041244923824,
              40.624333812182485
            ],
            [
              -122.53032834623072,
              40.62434652092734
            ],
            [
              -122.53024302547928,
              40.62435298129128
            ],
            [
              -122.53015728469519,
              40.624353132872905
            ],
            [
              -122.5300719255172,
              40.62434697425511
            ],
            [
              -122.52998774601588,
              40.62433456301841
            ],
            [
              -122.52990553323129,
              40.62431601520242
            ],
            [
              -122.52982605581391,
              40.62429150422092
            ],
            [
              -122.52975005683763,
              40.62426125924038
            ],
            [
              -122.52967824685176,
              40.624225563037136
            ],
            [
              -122.5296112972376,
              40.62418474935335
            ],
            [
              -122.52954983393094,
              40.624139199776465
            ],
            [
              -122.52949443156994,
              40.624089340171366
            ],
            [
              -122.52944560812267,
              40.62403563669837
            ],
            [
              -122.52940382004455,
              40.62397859145478
            ],
            [
              -122.5294016246383,
              40.623974767379266
            ],
            [
              -122.5293606978204,
              40.62395214677706
            ],
            [
              -122.52930010907208,
              40.6239117912495
            ],
            [
              -122.52927782506724,
              40.62389398623824
            ],
            [
              -122.52902838533146,
              40.62383718027771
            ],
            [
              -122.52898024064514,
              40.62385873571275
            ],
            [
              -122.52890224535544,
              40.62388629766552
            ],
            [
              -122.52882111351751,
              40.623907974823844
            ],
            [
              -122.52873760783713,
              40.62392356340413
            ],
            [
              -122.52865251333819,
              40.62393291686051
            ],
            [
              -122.52856662998205,
              40.62393594726259
            ],
            [
              -122.52848076514671,
              40.62393262612207
            ],
            [
              -122.52844764487466,
              40.623928871059725
            ],
            [
              -122.52836050211383,
              40.62395066190451
            ],
            [
              -122.52827736976052,
              40.62396808831592
            ],
            [
              -122.52819240916466,
              40.62397928056542
            ],
            [
              -122.52810642359849,
              40.623984132834345
            ],
            [
              -122.5280202260258,
              40.62398259924632
            ],
            [
              -122.52793463141505,
              40.62397469430102
            ],
            [
              -122.52785044903324,
              40.62396049273707
            ],
            [
              -122.52776847479409,
              40.623940128825375
            ],
            [
              -122.52768948373225,
              40.623913795099476
            ],
            [
              -122.5276142226751,
              40.623881740535076
            ],
            [
              -122.52754340318138,
              40.62384426819591
            ],
            [
              -122.52747769481327,
              40.623801732368094
            ],
            [
              -122.52741771880596,
              40.62375453521028
            ],
            [
              -122.5273640421939,
              40.62370312295123
            ],
            [
              -122.52731717245007,
              40.62364798167048
            ],
            [
              -122.52727755268823,
              40.623589632702576
            ],
            [
              -122.52726562353789,
              40.623566887510016
            ],
            [
              -122.52723397618799,
              40.62355343430944
            ],
            [
              -122.52716377688111,
              40.62352023422606
            ],
            [
              -122.52709793788623,
              40.62348219978631
            ],
            [
              -122.52703703081036,
              40.623439661205616
            ],
            [
              -122.52698158443863,
              40.62339298780379
            ],
            [
              -122.52693208014333,
              40.623342584798316
            ],
            [
              -122.52683508079971,
              40.62323358419266
            ],
            [
              -122.52679037405457,
              40.623177697288455
            ],
            [
              -122.52675297391676,
              40.62311877662375
            ],
            [
              -122.526723231328,
              40.62305737510781
            ],
            [
              -122.52670142536954,
              40.62299406892857
            ],
            [
              -122.5266877606438,
              40.62292945214555
            ],
            [
              -122.52668236535527,
              40.62286413111512
            ],
            [
              -122.52668529010843,
              40.62279871880051
            ],
            [
              -122.52669650743366,
              40.62273382901975
            ],
            [
              -122.52671591204593,
              40.62267007068576
            ],
            [
              -122.52674332183379,
              40.6226080420925
            ],
            [
              -122.52677847956889,
              40.62254832530081
            ],
            [
              -122.5268210553206,
              40.62249148067673
            ],
            [
              -122.52687064955265,
              40.622438041633195
            ],
            [
              -122.5269267968727,
              40.62238850962513
            ],
            [
              -122.52698897039984,
              40.622343349443966
            ],
            [
              -122.52705658670891,
              40.62230298485655
            ],
            [
              -122.52712901130512,
              40.62226779462897
            ],
            [
              -122.52720556457797,
              40.62223810897248
            ],
            [
              -122.52728552817808,
              40.62221420644529
            ],
            [
              -122.52736815175761,
              40.622196311338826
            ],
            [
              -122.52745266001074,
              40.62218459157321
            ],
            [
              -122.52791808376439,
              40.62213765588258
            ],
            [
              -122.52800522825206,
              40.62208203901491
            ],
            [
              -122.52807807165385,
              40.62204021191587
            ],
            [
              -122.52815616868229,
              40.622004307885526
            ],
            [
              -122.52823869300785,
              40.6219747068142
            ],
            [
              -122.52832477146079,
              40.621951721901944
            ],
            [
              -122.52841349326945,
              40.621935596345025
            ],
            [
              -122.52850391969595,
              40.62192650076284
            ],
            [
              -122.52859509396802,
              40.62192453139293
            ],
            [
              -122.52866102223572,
              40.621928284314514
            ],
            [
              -122.52867026424096,
              40.62191438657115
            ],
            [
              -122.52871630651404,
              40.621859153379184
            ],
            [
              -122.52876914459884,
              40.62180757278878
            ],
            [
              -122.52882828292358,
              40.62176012856312
            ],
            [
              -122.52889316683151,
              40.62171726567032
            ],
            [
              -122.52896318778288,
              40.62167938611058
            ],
            [
              -122.52903768906256,
              40.62164684514597
            ],
            [
              -122.52911597193871,
              40.621619947969
            ],
            [
              -122.52919730221592,
              40.62159894684031
            ],
            [
              -122.52928091712046,
              40.62158403872311
            ],
            [
              -122.52936603245372,
              40.621575363436065
            ],
            [
              -122.52945184994617,
              40.621573002342
            ],
            [
              -122.52953756474355,
              40.621576977585
            ],
            [
              -122.52962237295469,
              40.62158725188272
            ],
            [
              -122.52968879594872,
              40.62160042119144
            ],
            [
              -122.5297379456978,
              40.62158825829071
            ],
            [
              -122.52973836702832,
              40.62158791514158
            ],
            [
              -122.52977207153116,
              40.6215653357467
            ],
            [
              -122.52975634081271,
              40.621563527875566
            ],
            [
              -122.52967053115005,
              40.6215468596585
            ],
            [
              -122.52958733135542,
              40.62152375280065
            ],
            [
              -122.52950757125423,
              40.621494437768185
            ],
            [
              -122.52943204636175,
              40.62145920694671
            ],
            [
              -122.52936150994836,
              40.621418411724925
            ],
            [
              -122.5292966655261,
              40.62137245898955
            ],
            [
              -122.52923815983198,
              40.62132180706681
            ],
            [
              -122.52918657637737,
              40.621266961150894
            ],
            [
              -122.52914242962862,
              40.62120846826491
            ],
            [
              -122.52910615987614,
              40.621146911804665
            ],
            [
              -122.52909278343986,
              40.62111636805382
            ],
            [
              -122.52902605048433,
              40.6211287291836
            ],
            [
              -122.52894343762382,
              40.62114090105762
            ],
            [
              -122.52885968256885,
              40.62114705128037
            ],
            [
              -122.52877553954843,
              40.62114712446811
            ],
            [
              -122.52869176628565,
              40.62114111996191
            ],
            [
              -122.5286091171735,
              40.621129091833524
            ],
            [
              -122.52852833648085,
              40.621111148398434
            ],
            [
              -122.5284501516496,
              40.62108745124036
            ],
            [
              -122.52837526674352,
              40.62105821375608
            ],
            [
              -122.52830435610757,
              40.62102369923348
            ],
            [
              -122.52823805829497,
              40.62098421848056
            ],
            [
              -122.52806878545172,
              40.620873165712325
            ],
            [
              -122.52801381412876,
              40.62091725582163
            ],
            [
              -122.52794824201837,
              40.620960480095036
            ],
            [
              -122.52787744310916,
              40.62099861785354
            ],
            [
              -122.52780209434788,
              40.621031304437096
            ],
            [
              -122.52772291618868,
              40.621058227307536
            ],
            [
              -122.52764066570421,
              40.62107912903698
            ],
            [
              -122.52755612934612,
              40.62109380976965
            ],
            [
              -122.52747011542478,
              40.62110212913295
            ],
            [
              -122.5273834463798,
              40.62110400757968
            ],
            [
              -122.52729695091537,
              40.62109942714885
            ],
            [
              -122.52721145607589,
              40.62108843163735
            ],
            [
              -122.5271978191183,
              40.62108561133889
            ],
            [
              -122.52715900562971,
              40.621111262113416
            ],
            [
              -122.52708600601551,
              40.62115044697418
            ],
            [
              -122.52700820433775,
              40.62118383863792
            ],
            [
              -122.5269263896168,
              40.62121109846287
            ],
            [
              -122.52684139157464,
              40.62123194999295
            ],
            [
              -122.52675407221966,
              40.62124618176179
            ],
            [
              -122.52666531710403,
              40.62125364943743
            ],
            [
              -122.52658898140929,
              40.62125418619685
            ],
            [
              -122.52648252884273,
              40.621310068534825
            ],
            [
              -122.52584944983458,
              40.621652987647984
            ],
            [
              -122.52577711173981,
              40.62168828098654
            ],
            [
              -122.52570063134749,
              40.621718075462866
            ],
            [
              -122.52562072636087,
              40.621742091479476
            ],
            [
              -122.52553814662289,
              40.62176010366491
            ],
            [
              -122.52545366707918,
              40.62177194298882
            ],
            [
              -122.52536808050502,
              40.62177749834838
            ],
            [
              -122.5252821900653,
              40.62177671761088
            ],
            [
              -122.52519680177664,
              40.62176960810313
            ],
            [
              -122.52511271694293,
              40.62175623654251
            ],
            [
              -122.52503072463493,
              40.621736728411015
            ],
            [
              -122.52495159428501,
              40.62171126677747
            ],
            [
              -122.52487606846593,
              40.62168009057941
            ],
            [
              -122.52480485592197,
              40.62164349238077
            ],
            [
              -122.52473862491769,
              40.62160181562606
            ],
            [
              -122.52467799696653,
              40.62155545141725
            ],
            [
              -122.52462354099843,
              40.6215048348433
            ],
            [
              -122.52457576802107,
              40.62145044089702
            ],
            [
              -122.52453512632466,
              40.621392780017395
            ],
            [
              -122.52450199727572,
              40.621332393299255
            ],
            [
              -122.52447669173868,
              40.62126984741555
            ],
            [
              -122.52445944715953,
              40.621205729299334
            ],
            [
              -122.52445042533836,
              40.621140640635836
            ],
            [
              -122.52444971091175,
              40.621075192216196
            ],
            [
              -122.52445731055964,
              40.62100999820575
            ],
            [
              -122.52447315294337,
              40.620945670380664
            ],
            [
              -122.52449708937611,
              40.6208828123872
            ],
            [
              -122.52452889521895,
              40.62082201407719
            ],
            [
              -122.5245682719897,
              40.62076384597313
            ],
            [
              -122.52496436363256,
              40.62024238437174
            ],
            [
              -122.52496794893837,
              40.620190965199264
            ],
            [
              -122.52497482129533,
              40.62015669608361
            ],
            [
              -122.52497255070023,
              40.62015543054511
            ],
            [
              -122.52490719115882,
              40.620110812955204
            ],
            [
              -122.52484793953836,
              40.620061491036346
            ],
            [
              -122.52479537616254,
              40.62000794787015
            ],
            [
              -122.5247500158434,
              40.61995070788186
            ],
            [
              -122.52471230283976,
              40.61989033170366
            ],
            [
              -122.5246826065063,
              40.6198274106833
            ],
            [
              -122.52466121767675,
              40.619762561091974
            ],
            [
              -122.52464834581603,
              40.61969641808827
            ],
            [
              -122.52464411696977,
              40.61962962949696
            ],
            [
              -122.52464857253068,
              40.619562849463975
            ],
            [
              -122.52466166883406,
              40.619496732049534
            ],
            [
              -122.52468327758663,
              40.61943192482208
            ],
            [
              -122.52471318712388,
              40.61936906251598
            ],
            [
              -122.5247511044842,
              40.619308760814995
            ],
            [
              -122.52479665827882,
              40.61925161032224
            ],
            [
              -122.52484940233003,
              40.61919817077607
            ],
            [
              -122.5249088200417,
              40.619148965568165
            ],
            [
              -122.52497432945904,
              40.61910447661768
            ],
            [
              -122.52504528896863,
              40.619065139651475
            ],
            [
              -122.52512100358233,
              40.61903133993701
            ],
            [
              -122.52520073174402,
              40.61900340850919
            ],
            [
              -122.52528369259196,
              40.61898161892858
            ],
            [
              -122.5255019491578,
              40.61893335759488
            ],
            [
              -122.52550038538034,
              40.61893265145734
            ],
            [
              -122.52542986964998,
              40.61889316963256
            ],
            [
              -122.52536480453881,
              40.61884858363199
            ],
            [
              -122.5253058237477,
              40.61879932770833
            ],
            [
              -122.52525350171456,
              40.61874588159678
            ],
            [
              -122.52520834801975,
              40.61868876584227
            ],
            [
              -122.5251708024232,
              40.61862853672931
            ],
            [
              -122.52509392039265,
              40.61848765892279
            ],
            [
              -122.52484652256105,
              40.618233671572426
            ],
            [
              -122.52481481381001,
              40.618239809669824
            ],
            [
              -122.52474891318577,
              40.61825020976774
            ],
            [
              -122.52465878303403,
              40.618260784303736
            ],
            [
              -122.52446258108485,
              40.6182759844434
            ],
            [
              -122.52437587664848,
              40.61827944554781
            ],
            [
              -122.52428914367049,
              40.6182764281274
            ],
            [
              -122.52420321381913,
              40.6182669611158
            ],
            [
              -122.52411891106097,
              40.618251135290734
            ],
            [
              -122.52403704375914,
              40.6182291024034
            ],
            [
              -122.52395839692164,
              40.61820107372324
            ],
            [
              -122.5238837246734,
              40.618167318011956
            ],
            [
              -122.52381374302475,
              40.61812815894614
            ],
            [
              -122.52366064263248,
              40.618033358211214
            ],
            [
              -122.52360187026854,
              40.617993238751595
            ],
            [
              -122.52360031833663,
              40.61799285574966
            ],
            [
              -122.5235229398831,
              40.61796734542748
            ],
            [
              -122.52344909097509,
              40.617936350064575
            ],
            [
              -122.52337943933125,
              40.61790014991357
            ],
            [
              -122.52331461471663,
              40.617859072287025
            ],
            [
              -122.52288941424736,
              40.61756247010559
            ],
            [
              -122.52282533274438,
              40.617512912878034
            ],
            [
              -122.52276827889291,
              40.61745859674778
            ],
            [
              -122.5227188576447,
              40.61740009765497
            ],
            [
              -122.5226775930152,
              40.617338035892146
            ],
            [
              -122.52264492252766,
              40.61727306952672
            ],
            [
              -122.52262119257482,
              40.61720588742288
            ],
            [
              -122.52260665474688,
              40.61713720193707
            ],
            [
              -122.52257650223314,
              40.616926072167395
            ],
            [
              -122.52175725526169,
              40.61641149619101
            ],
            [
              -122.52147938200585,
              40.61632119054441
            ],
            [
              -122.52140104792511,
              40.6162921893118
            ],
            [
              -122.52132682548769,
              40.61625747167386
            ],
            [
              -122.52125743080623,
              40.616217372596445
            ],
            [
              -122.52119353341037,
              40.61617227896647
            ],
            [
              -122.52113574978674,
              40.61612262585875
            ],
            [
              -122.52108463743112,
              40.616068892338134
            ],
            [
              -122.52104068946973,
              40.61601159683703
            ],
            [
              -122.52100432990193,
              40.615951292153206
            ],
            [
              -122.52097590950981,
              40.61588856011605
            ],
            [
              -122.52095570247455,
              40.61582400597281
            ],
            [
              -122.52094390373192,
              40.6157582525489
            ],
            [
              -122.52094062709227,
              40.61569193423874
            ],
            [
              -122.52094590414355,
              40.61562569088486
            ],
            [
              -122.52095968394745,
              40.61556016160481
            ],
            [
              -122.5209818335319,
              40.61549597862488
            ],
            [
              -122.52101213917476,
              40.615433761180526
            ],
            [
              -122.52105030846683,
              40.615374109542074
            ],
            [
              -122.52109597313363,
              40.61531759922362
            ],
            [
              -122.52114869258924,
              40.61526477543064
            ],
            [
              -122.52120795818742,
              40.61521614780024
            ],
            [
              -122.52127319812938,
              40.615172185484454
            ],
            [
              -122.52134378298051,
              40.61513331262423
            ],
            [
              -122.52141903174318,
              40.615099904257654
            ],
            [
              -122.52149821842659,
              40.61507228270194
            ],
            [
              -122.52158057905075,
              40.615050714443946
            ],
            [
              -122.52166531901673,
              40.615035407569444
            ],
            [
              -122.5217516207723,
              40.615026509755715
            ],
            [
              -122.522291828275,
              40.61499128871471
            ],
            [
              -122.52231447163707,
              40.61497656522335
            ],
            [
              -122.52238762133528,
              40.61493793816049
            ],
            [
              -122.52246548393386,
              40.614905093907275
            ],
            [
              -122.52254727495652,
              40.614878363371595
            ],
            [
              -122.52263217035116,
              40.614858015864925
            ],
            [
              -122.52271931479162,
              40.614844256389254
            ],
            [
              -122.52280783029445,
              40.61483722357184
            ],
            [
              -122.52289682506397,
              40.614836988268635
            ],
            [
              -122.52298540247615,
              40.61484355285044
            ],
            [
              -122.52307267011157,
              40.61485685117914
            ],
            [
              -122.52315774874555,
              40.61487674927381
            ],
            [
              -122.5232397812057,
              40.614903046660565
            ],
            [
              -122.5233179410073,
              40.614935478392184
            ],
            [
              -122.5233914406797,
              40.61497371771711
            ],
            [
              -122.5234237785508,
              40.61499445113986
            ],
            [
              -122.52383419578378,
              40.61499445037018
            ],
            [
              -122.52391784249458,
              40.61499746360453
            ],
            [
              -122.52397535055484,
              40.615003716221814
            ],
            [
              -122.52414315377756,
              40.614896085120606
            ],
            [
              -122.52421726332534,
              40.61485339778631
            ],
            [
              -122.52429682719846,
              40.61481685393666
            ],
            [
              -122.52438097192919,
              40.61478685475373
            ],
            [
              -122.52446877376462,
              40.614763729571145
            ],
            [
              -122.5245592688073,
              40.614747732258905
            ],
            [
              -122.524651463596,
              40.61473903843663
            ],
            [
              -122.52467079898175,
              40.61473876888462
            ],
            [
              -122.52466790061558,
              40.61468686983704
            ],
            [
              -122.52467274131877,
              40.61462065841095
            ],
            [
              -122.52468607611324,
              40.61455512751697
            ],
            [
              -122.52470777651888,
              40.61449090842142
            ],
            [
              -122.52473763347028,
              40.61442861975215
            ],
            [
              -122.5247753593316,
              40.61436886153938
            ],
            [
              -122.52482059066816,
              40.61431220943583
            ],
            [
              -122.52487289174799,
              40.614259209171536
            ],
            [
              -122.52493175873981,
              40.614210371297126
            ],
            [
              -122.52499662456674,
              40.61416616626602
            ],
            [
              -122.52506686436917,
              40.61412701990273
            ],
            [
              -122.52514180152389,
              40.61409330930132
            ],
            [
              -122.52522071416197,
              40.61406535919298
            ],
            [
              -122.52530284212209,
              40.6140434388183
            ],
            [
              -122.52538739427257,
              40.61402775933389
            ],
            [
              -122.52547355613187,
              40.614018471778394
            ],
            [
              -122.52589865189756,
              40.613988772049154
            ],
            [
              -122.52598163916502,
              40.61398595191782
            ],
            [
              -122.52606460853308,
              40.61398906291591
            ],
            [
              -122.52614683167542,
              40.613998077734436
            ],
            [
              -122.52622758681575,
              40.61401291723907
            ],
            [
              -122.52630616506313,
              40.61403345116486
            ],
            [
              -122.5263641139899,
              40.61405338813859
            ],
            [
              -122.52642396147652,
              40.61401186707477
            ],
            [
              -122.52649338972867,
              40.61397240795057
            ],
            [
              -122.52656753880545,
              40.613938299387236
            ],
            [
              -122.5266450652518,
              40.6139100981765
            ],
            [
              -122.52668201010431,
              40.61386427509092
            ],
            [
              -122.52677101066458,
              40.61376537565103
            ],
            [
              -122.52682201332328,
              40.6137141150287
            ],
            [
              -122.52687918192835,
              40.61366678314345
            ],
            [
              -122.52691227978893,
              40.61364414014464
            ],
            [
              -122.52691118431962,
              40.61363983181929
            ],
            [
              -122.52690309134563,
              40.61357300629551
            ],
            [
              -122.52690373743857,
              40.613505898585245
            ],
            [
              -122.52691311619823,
              40.61343917074776
            ],
            [
              -122.52693113507173,
              40.61337348109269
            ],
            [
              -122.52695761626775,
              40.613309477685526
            ],
            [
              -122.52699229851139,
              40.61324779195419
            ],
            [
              -122.52702540706979,
              40.613202061091776
            ],
            [
              -122.52700645138941,
              40.61318442267259
            ],
            [
              -122.52695724551702,
              40.61312790309384
            ],
            [
              -122.52691572369463,
              40.613067908635045
            ],
            [
              -122.5268823043592,
              40.61300504392205
            ],
            [
              -122.5268573242876,
              40.61293994250551
            ],
            [
              -122.52684103520342,
              40.61287326047565
            ],
            [
              -122.52683360124097,
              40.61280566985018
            ],
            [
              -122.52683509729229,
              40.61273785180149
            ],
            [
              -122.52686470170052,
              40.612401752050246
            ],
            [
              -122.52687536484746,
              40.61233325856344
            ],
            [
              -122.52689513555707,
              40.61226595045055
            ],
            [
              -122.52692380776571,
              40.61220052915022
            ],
            [
              -122.52696108264688,
              40.61213767643613
            ],
            [
              -122.52700657172629,
              40.61207804731209
            ],
            [
              -122.52705980093113,
              40.612022263186525
            ],
            [
              -122.52712021553116,
              40.61197090539671
            ],
            [
              -122.5271708538976,
              40.61193582378094
            ],
            [
              -122.52718674569557,
              40.61189344441636
            ],
            [
              -122.52721880682472,
              40.61183168050587
            ],
            [
              -122.52725867071565,
              40.61177261409425
            ],
            [
              -122.52730595209873,
              40.61171681600699
            ],
            [
              -122.527360194024,
              40.61166482548265
            ],
            [
              -122.52742087227769,
              40.61161714496199
            ],
            [
              -122.52748740044868,
              40.61157423523253
            ],
            [
              -122.52755913559562,
              40.61153651097577
            ],
            [
              -122.52763538446041,
              40.61150433675996
            ],
            [
              -122.5277154101676,
              40.61147802351712
            ],
            [
              -122.52779843934529,
              40.611457825538544
            ],
            [
              -122.52788366959845,
              40.61144393801733
            ],
            [
              -122.52797027726277,
              40.61143649516239
            ],
            [
              -122.52805742536378,
              40.611435568901435
            ],
            [
              -122.52814427170472,
              40.61144116818594
            ],
            [
              -122.52822997700467,
              40.61145323890474
            ],
            [
              -122.52831371300877,
              40.61147166440675
            ],
            [
              -122.52894042717517,
              40.61163539728276
            ],
            [
              -122.5289217351027,
              40.61155115958312
            ],
            [
              -122.52891012005233,
              40.61146712508296
            ],
            [
              -122.52890022239878,
              40.61128922502097
            ],
            [
              -122.52890100210783,
              40.611220340753654
            ],
            [
              -122.52891098143384,
              40.6111518750188
            ],
            [
              -122.52892131878663,
              40.61111538411922
            ],
            [
              -122.5289192870964,
              40.611090343971874
            ],
            [
              -122.52892274897913,
              40.61102245496016
            ],
            [
              -122.52893513969795,
              40.61095517413006
            ],
            [
              -122.52895633393962,
              40.61088918178041
            ],
            [
              -122.52898611737724,
              40.6108251451798
            ],
            [
              -122.52902418883833,
              40.61076371181986
            ],
            [
              -122.52907016335097,
              40.6107055028684
            ],
            [
              -122.52912357603705,
              40.61065110688893
            ],
            [
              -122.52918388681336,
              40.61060107388982
            ],
            [
              -122.52934681922444,
              40.61047885529085
            ],
            [
              -122.52935053498457,
              40.610467180619196
            ],
            [
              -122.5293781193666,
              40.61040643022142
            ],
            [
              -122.52941315467463,
              40.61034795267186
            ],
            [
              -122.52945532373359,
              40.61029227733711
            ],
            [
              -122.52950424479295,
              40.61023990821549
            ],
            [
              -122.52955947498319,
              40.61019131937488
            ],
            [
              -122.52962051432502,
              40.610146950661466
            ],
            [
              -122.52968681025564,
              40.6101072037183
            ],
            [
              -122.52975823378766,
              40.61006842773118
            ],
            [
              -122.52977205292794,
              40.61002237607388
            ],
            [
              -122.52979692369841,
              40.60995552335602
            ],
            [
              -122.52983067266159,
              40.609890970962965
            ],
            [
              -122.52987294282586,
              40.60982940167288
            ],
            [
              -122.52992328707344,
              40.609771466709475
            ],
            [
              -122.52998117289033,
              40.6097177788543
            ],
            [
              -122.5300459879993,
              40.6096689059656
            ],
            [
              -122.53011704683628,
              40.60962536497246
            ],
            [
              -122.5301905475947,
              40.609589120517555
            ],
            [
              -122.53019709659041,
              40.60954652500077
            ],
            [
              -122.53021640117416,
              40.60947997256269
            ],
            [
              -122.5302444056896,
              40.60941524103174
            ],
            [
              -122.53024726079335,
              40.60941036079636
            ],
            [
              -122.53017755931486,
              40.60944070614289
            ],
            [
              -122.53009817766514,
              40.60946778627473
            ],
            [
              -122.5300319952372,
              40.60948465418903
            ],
            [
              -122.52999864953546,
              40.609529007951025
            ],
            [
              -122.52994789962843,
              40.60958329880938
            ],
            [
              -122.52989037697645,
              40.60963351422509
            ],
            [
              -122.52982664147736,
              40.60967916541305
            ],
            [
              -122.52975731350722,
              40.60971980801434
            ],
            [
              -122.52968306788182,
              40.609755046421846
            ],
            [
              -122.52960462728802,
              40.60978453763127
            ],
            [
              -122.52952275524905,
              40.60980799458013
            ],
            [
              -122.52943824869193,
              40.609825188942196
            ],
            [
              -122.52935193018997,
              40.60983595335014
            ],
            [
              -122.52926463995513,
              40.60984018302485
            ],
            [
              -122.52917722765898,
              40.609837836795414
            ],
            [
              -122.52909054416124,
              40.6098289374998
            ],
            [
              -122.52900543322691,
              40.60981357176273
            ],
            [
              -122.52892272331253,
              40.60979188915218
            ],
            [
              -122.5288432195014,
              40.60976410072354
            ],
            [
              -122.52876769566643,
              40.60973047696499
            ],
            [
              -122.52873933532805,
              40.609714803892494
            ],
            [
              -122.52866200812598,
              40.60972710218112
            ],
            [
              -122.52857642374462,
              40.60973741712086
            ],
            [
              -122.52848992686647,
              40.609741315561145
            ],
            [
              -122.52840334375942,
              40.609738760261955
            ],
            [
              -122.52831750151513,
              40.60972977563311
            ],
            [
              -122.52823322014743,
              40.60971444750107
            ],
            [
              -122.52815130475844,
              40.60969292228891
            ],
            [
              -122.52807253784708,
              40.60966540561758
            ],
            [
              -122.52799767183382,
              40.60963216034144
            ],
            [
              -122.52792742187249,
              40.609593504037235
            ],
            [
              -122.52786245901872,
              40.60954980597007
            ],
            [
              -122.52780340381936,
              40.60950148356585
            ],
            [
              -122.52775082038477,
              40.60944899842346
            ],
            [
              -122.52770521100035,
              40.60939285190515
            ],
            [
              -122.52766701132887,
              40.60933358034703
            ],
            [
              -122.5276365862493,
              40.60927174993546
            ],
            [
              -122.52761422637185,
              40.60920795129848
            ],
            [
              -122.52760014526287,
              40.60914279386361
            ],
            [
              -122.52759447740554,
              40.609076900036406
            ],
            [
              -122.52759727691617,
              40.60901089925483
            ],
            [
              -122.52760851702818,
              40.60894542197663
            ],
            [
              -122.52762809034877,
              40.60888109365713
            ],
            [
              -122.52765580988563,
              40.60881852877482
            ],
            [
              -122.52769141083405,
              40.60875832496167
            ],
            [
              -122.52773455310717,
              40.60870105729482
            ],
            [
              -122.52778482458508,
              40.60864727280338
            ],
            [
              -122.5278191252912,
              40.60861727045366
            ],
            [
              -122.52778958106254,
              40.60855076105852
            ],
            [
              -122.52776589266334,
              40.608487424060726
            ],
            [
              -122.52775040804597,
              40.60842263027022
            ],
            [
              -122.52774327431551,
              40.608356995332976
            ],
            [
              -122.52774455922919,
              40.608291142885435
            ],
            [
              -122.5277542505536,
              40.60822569862897
            ],
            [
              -122.52777225618193,
              40.60816128438463
            ],
            [
              -122.52779840500993,
              40.608098512185045
            ],
            [
              -122.52783244856252,
              40.60803797845927
            ],
            [
              -122.5278425256271,
              40.608024001490506
            ],
            [
              -122.5278454118234,
              40.60797466410292
            ],
            [
              -122.5278575752323,
              40.60790969395075
            ],
            [
              -122.5278779518825,
              40.60784592965977
            ],
            [
              -122.52790634950131,
              40.607783972833424
            ],
            [
              -122.5279425001418,
              40.60772440802056
            ],
            [
              -122.52798606271172,
              40.607667797200406
            ],
            [
              -122.52803662619202,
              40.60761467448066
            ],
            [
              -122.52809371351536,
              40.607565541058534
            ],
            [
              -122.52815678606747,
              40.60752086049236
            ],
            [
              -122.52822524876886,
              40.60748105432835
            ],
            [
              -122.52862074701149,
              40.60727345602064
            ],
            [
              -122.52869734750313,
              40.607237473770425
            ],
            [
              -122.52871576134311,
              40.607230680636206
            ],
            [
              -122.52873595325723,
              40.60717461323305
            ],
            [
              -122.52876684588449,
              40.60711307758897
            ],
            [
              -122.52876945651576,
              40.60710909164623
            ],
            [
              -122.52875869485622,
              40.607076817402906
            ],
            [
              -122.52874180435019,
              40.60701369229479
            ],
            [
              -122.52873287925799,
              40.60694962809114
            ],
            [
              -122.52873200070304,
              40.60688520725927
            ],
            [
              -122.52873917664998,
              40.606821015507286
            ],
            [
              -122.52875434183304,
              40.60675763645888
            ],
            [
              -122.52877735835021,
              40.60669564634711
            ],
            [
              -122.52880801691794,
              40.60663560877548
            ],
            [
              -122.5288460387745,
              40.606578069593866
            ],
            [
              -122.52889107821521,
              40.60652355193593
            ],
            [
              -122.52894272573592,
              40.606472551463135
            ],
            [
              -122.52900051175659,
              40.60642553185843
            ],
            [
              -122.52906391089091,
              40.606382920610876
            ],
            [
              -122.52913234672307,
              40.60634510512924
            ],
            [
              -122.5291624845966,
              40.606331587252384
            ],
            [
              -122.5292680640783,
              40.60620068204953
            ],
            [
              -122.52931497526997,
              40.60614821451322
            ],
            [
              -122.52936814118705,
              40.60609933466446
            ],
            [
              -122.52938500918195,
              40.60608649849995
            ],
            [
              -122.52938552552048,
              40.60607981126942
            ],
            [
              -122.52939546994384,
              40.60601114254177
            ],
            [
              -122.52941456292467,
              40.605943606743175
            ],
            [
              -122.52944260481644,
              40.60587790996847
            ],
            [
              -122.52947930241295,
              40.605814739083264
            ],
            [
              -122.52952427201504,
              40.605754754542886
            ],
            [
              -122.52957704344281,
              40.60569858348761
            ],
            [
              -122.52963706495214,
              40.60564681318604
            ],
            [
              -122.52970370900368,
              40.60559998489573
            ],
            [
              -122.5307022065242,
              40.6049671897255
            ],
            [
              -122.53077142139709,
              40.60492751737269
            ],
            [
              -122.53084538494065,
              40.60489318170994
            ],
            [
              -122.53092339127342,
              40.604864510421585
            ],
            [
              -122.53100469593454,
              40.60484177713327
            ],
            [
              -122.53108852298801,
              40.604825198800924
            ],
            [
              -122.53117407242728,
              40.60481493364034
            ],
            [
              -122.53126052780975,
              40.60481107961736
            ],
            [
              -122.53134706404757,
              40.60481367351307
            ],
            [
              -122.53143285528128,
              40.60482269057269
            ],
            [
              -122.53151708276079,
              40.604838044741925
            ],
            [
              -122.53159894265826,
              40.60485958948808
            ],
            [
              -122.53167765373902,
              40.604887119198374
            ],
            [
              -122.53191740858918,
              40.60498204124465
            ],
            [
              -122.53191831871192,
              40.60496367176485
            ],
            [
              -122.53192994656422,
              40.60489849212905
            ],
            [
              -122.53194983528698,
              40.60483448317602
            ],
            [
              -122.53197779634532,
              40.60477225160278
            ],
            [
              -122.53201356469437,
              40.604712387258196
            ],
            [
              -122.53205680129194,
              40.60465545755238
            ],
            [
              -122.53210709631301,
              40.604602002078686
            ],
            [
              -122.53216397303436,
              40.604552527499756
            ],
            [
              -122.53222689235363,
              40.60450750274535
            ],
            [
              -122.53229525789918,
              40.604467354568094
            ],
            [
              -122.53236842168263,
              40.6044324634988
            ],
            [
              -122.53244569024065,
              40.604403160240125
            ],
            [
              -122.53252633120724,
              40.604379722532244
            ],
            [
              -122.53260958025494,
              40.60436237252063
            ],
            [
              -122.53269464833878,
              40.60435127465073
            ],
            [
              -122.5328359585345,
              40.60433819747652
            ],
            [
              -122.53279323970158,
              40.60428163325032
            ],
            [
              -122.53275716262812,
              40.604220576422
            ],
            [
              -122.53272919251881,
              40.60415709761678
            ],
            [
              -122.5327096040892,
              40.60409182036095
            ],
            [
              -122.5326985897232,
              40.604025385844416
            ],
            [
              -122.5326962575842,
              40.60395844662249
            ],
            [
              -122.53270263055376,
              40.60389166020598
            ],
            [
              -122.53271764600764,
              40.60382568260289
            ],
            [
              -122.53274115643228,
              40.60376116187473
            ],
            [
              -122.53277293087437,
              40.603698731771146
            ],
            [
              -122.53281265721044,
              40.603639005505094
            ],
            [
              -122.53285994521339,
              40.6035825697298
            ],
            [
              -122.5329143303861,
              40.603529978776706
            ],
            [
              -122.5329752785244,
              40.60348174921089
            ],
            [
              -122.5330421909644,
              40.60343835475744
            ],
            [
              -122.533328890003,
              40.60327035607786
            ],
            [
              -122.53340071527188,
              40.60323240956544
            ],
            [
              -122.53347709370776,
              40.60320003783735
            ],
            [
              -122.53355728298916,
              40.603173555511795
            ],
            [
              -122.5336405037605,
              40.60315321996812
            ],
            [
              -122.53372594720571,
              40.60313922884545
            ],
            [
              -122.53381278290877,
              40.60313171812207
            ],
            [
              -122.53390016692362,
              40.60313076079397
            ],
            [
              -122.53398724997562,
              40.60313636616543
            ],
            [
              -122.53407318571496,
              40.603148479758666
            ],
            [
              -122.53415713894127,
              40.603166983843145
            ],
            [
              -122.53423829372036,
              40.60319169857979
            ],
            [
              -122.53431586131344,
              40.60322238376858
            ],
            [
              -122.53438908784246,
              40.6032587411829
            ],
            [
              -122.5344572616164,
              40.6033004174677
            ],
            [
              -122.53451972004808,
              40.603347007573454
            ],
            [
              -122.53455459140176,
              40.603375717843534
            ],
            [
              -122.53455589503751,
              40.60337454520101
            ],
            [
              -122.5346169757855,
              40.603329250039096
            ],
            [
              -122.53468348072721,
              40.60328863450878
            ],
            [
              -122.53475479523351,
              40.60325307396753
            ],
            [
              -122.53483026022998,
              40.60322289705543
            ],
            [
              -122.53490917828752,
              40.60319838265837
            ],
            [
              -122.5349908200676,
              40.60317975733062
            ],
            [
              -122.53551481524157,
              40.60308085825967
            ],
            [
              -122.53559652317699,
              40.603068509480515
            ],
            [
              -122.53567939111616,
              40.60306206066478
            ],
            [
              -122.53576268736941,
              40.60306156875299
            ],
            [
              -122.53584567646556,
              40.603067038088625
            ],
            [
              -122.5358512007411,
              40.603067602499806
            ],
            [
              -122.53585339755587,
              40.60306582255823
            ],
            [
              -122.53590961539457,
              40.60302566358496
            ],
            [
              -122.53591635533391,
              40.602959237027484
            ],
            [
              -122.53593180489817,
              40.60289320994465
            ],
            [
              -122.5359557669125,
              40.602828675617026
            ],
            [
              -122.53598800524176,
              40.60276626993719
            ],
            [
              -122.53602820220225,
              40.60270660782122
            ],
            [
              -122.5360759616927,
              40.602650277149856
            ],
            [
              -122.53613081309791,
              40.60259783297604
            ],
            [
              -122.53616071565703,
              40.60257443754458
            ],
            [
              -122.53615857809778,
              40.60257090176852
            ],
            [
              -122.53584828360755,
              40.6024499530849
            ],
            [
              -122.53577372365218,
              40.60241732097846
            ],
            [
              -122.53570366207374,
              40.60237933692854
            ],
            [
              -122.53563875795774,
              40.602336358264395
            ],
            [
              -122.53557962186825,
              40.60228878930055
            ],
            [
              -122.53552681010407,
              40.602237077533125
            ],
            [
              -122.53548081946572,
              40.60218170942982
            ],
            [
              -122.5354420825821,
              40.60212320585325
            ],
            [
              -122.5354109638411,
              40.6020621171609
            ],
            [
              -122.53538775596245,
              40.60199901802754
            ],
            [
              -122.53537267724455,
              40.60193450203896
            ],
            [
              -122.53536586951182,
              40.6018691761079
            ],
            [
              -122.53536739678144,
              40.60180365476453
            ],
            [
              -122.53537641085042,
              40.60170014541308
            ],
            [
              -122.53499902781917,
              40.60076096213943
            ],
            [
              -122.53497696811013,
              40.60069402464126
            ],
            [
              -122.5349639825097,
              40.600625721058414
            ],
            [
              -122.53496020648704,
              40.60055676409832
            ],
            [
              -122.53496567941431,
              40.600487873283804
            ],
            [
              -122.53501508376395,
              40.60015177368013
            ],
            [
              -122.53502932583793,
              40.60008515956682
            ],
            [
              -122.53505221604443,
              40.600019960849586
            ],
            [
              -122.53508352594854,
              40.599956828114784
            ],
            [
              -122.53512294310167,
              40.59989639133148
            ],
            [
              -122.53517007416022,
              40.5998392535656
            ],
            [
              -122.53522444881128,
              40.599785984962544
            ],
            [
              -122.53528552446603,
              40.59973711705826
            ],
            [
              -122.53535269167426,
              40.59969313747562
            ],
            [
              -122.53542528020604,
              40.59965448505908
            ],
            [
              -122.53550256573929,
              40.599621545496014
            ],
            [
              -122.5355837770873,
              40.599594647468436
            ],
            [
              -122.53566810389336,
              40.59957405937355
            ],
            [
              -122.53916207872848,
              40.59886548826872
            ],
            [
              -122.53932534675161,
              40.59881110661923
            ],
            [
              -122.53952074504124,
              40.59872742493814
            ],
            [
              -122.53991478638696,
              40.59851035745562
            ],
            [
              -122.54034516328883,
              40.59819644261262
            ],
            [
              -122.54039190926757,
              40.59816467981184
            ],
            [
              -122.54087640805503,
              40.59785818215247
            ],
            [
              -122.54095632465413,
              40.59781314506841
            ],
            [
              -122.54139132253363,
              40.597595646866786
            ],
            [
              -122.5414737163055,
              40.59755912141702
            ],
            [
              -122.54156077884944,
              40.59752955072851
            ],
            [
              -122.54203537501563,
              40.59739115199414
            ],
            [
              -122.54211839032966,
              40.59737045536541
            ],
            [
              -122.5422036748198,
              40.597356086895836
            ],
            [
              -122.54229040042594,
              40.59734818609439
            ],
            [
              -122.54237772509683,
              40.597346829673064
            ],
            [
              -122.54246480096518,
              40.59735203080197
            ],
            [
              -122.54255078257914,
              40.59736373898158
            ],
            [
              -122.5426348351104,
              40.59738184053289
            ],
            [
              -122.5427161424592,
              40.59740615970117
            ],
            [
              -122.54279391517747,
              40.59743646036221
            ],
            [
              -122.54286739813341,
              40.5974724483148
            ],
            [
              -122.54293587784301,
              40.597513774136964
            ],
            [
              -122.54315078364249,
              40.59765714360673
            ],
            [
              -122.54317208912137,
              40.597671314599864
            ],
            [
              -122.54320573647124,
              40.59769488633563
            ],
            [
              -122.54326016831696,
              40.5977350401865
            ],
            [
              -122.54345370994477,
              40.5976479564747
            ],
            [
              -122.54352615070421,
              40.59761871657747
            ],
            [
              -122.54360182525768,
              40.59759470254046
            ],
            [
              -122.54368008646163,
              40.59757611972289
            ],
            [
              -122.54376026505425,
              40.5975631270381
            ],
            [
              -122.5438416753784,
              40.597555835594655
            ],
            [
              -122.54402569971559,
              40.597545900320426
            ],
            [
              -122.54406435295391,
              40.59751584355511
            ],
            [
              -122.54413226095855,
              40.59747263801331
            ],
            [
              -122.54420548008348,
              40.59743480665451
            ],
            [
              -122.54428328118722,
              40.59740272621245
            ],
            [
              -122.5443648895035,
              40.59737671615138
            ],
            [
              -122.54444949235602,
              40.59735703548507
            ],
            [
              -122.54453624725083,
              40.597343880197606
            ],
            [
              -122.54462429026528,
              40.59733738129206
            ],
            [
              -122.54471274465061,
              40.59733760348585
            ],
            [
              -122.54544433732192,
              40.59736730315124
            ],
            [
              -122.54551757587993,
              40.59737260652686
            ],
            [
              -122.54558998524278,
              40.59738252103716
            ],
            [
              -122.54611398036543,
              40.59747152014644
            ],
            [
              -122.54620968186157,
              40.59749213118251
            ],
            [
              -122.54630175218657,
              40.597520783930825
            ],
            [
              -122.5463890324287,
              40.597557117734006
            ],
            [
              -122.54695252951275,
              40.59782401546231
            ],
            [
              -122.54702190032724,
              40.59786046592579
            ],
            [
              -122.5470864174883,
              40.597901772244164
            ],
            [
              -122.54714549806741,
              40.597947561210674
            ],
            [
              -122.54719860825281,
              40.597997419116574
            ],
            [
              -122.54724526817286,
              40.5980508954888
            ],
            [
              -122.54728505623181,
              40.59810750715981
            ],
            [
              -122.54731761291954,
              40.598166742632884
            ],
            [
              -122.54734264406017,
              40.598228066703406
            ],
            [
              -122.54735992347076,
              40.59829092529436
            ],
            [
              -122.54736929500547,
              40.598354750462434
            ],
            [
              -122.54737067396724,
              40.59841896552941
            ],
            [
              -122.54736404787383,
              40.598482990292624
            ],
            [
              -122.54734376524377,
              40.598604778090476
            ],
            [
              -122.5473558786547,
              40.598612134479694
            ],
            [
              -122.54752178422387,
              40.598687497263604
            ],
            [
              -122.54759112639954,
              40.59872245532731
            ],
            [
              -122.54765586692916,
              40.598762211447216
            ],
            [
              -122.54771543631769,
              40.59880641591088
            ],
            [
              -122.54776931055467,
              40.59885467987554
            ],
            [
              -122.54781701572382,
              40.598906578788295
            ],
            [
              -122.54785813217198,
              40.5989616561205
            ],
            [
              -122.54789229820089,
              40.599019427383396
            ],
            [
              -122.54791921324934,
              40.5990793843897
            ],
            [
              -122.54793864053771,
              40.59914099972378
            ],
            [
              -122.54795040915131,
              40.599203731380975
            ],
            [
              -122.54796153664536,
              40.5992926296786
            ],
            [
              -122.54801902704865,
              40.59930886920661
            ],
            [
              -122.54809628306315,
              40.599337446414594
            ],
            [
              -122.54816954884643,
              40.59937158750417
            ],
            [
              -122.54823813681101,
              40.59941097206985
            ],
            [
              -122.54830140326638,
              40.59945523049687
            ],
            [
              -122.54835875445958,
              40.59950394742961
            ],
            [
              -122.54840965214771,
              40.59955666566939
            ],
            [
              -122.5484536186493,
              40.59961289046495
            ],
            [
              -122.54849024132768,
              40.599672094155345
            ],
            [
              -122.54851917646396,
              40.59973372112171
            ],
            [
              -122.54854015248341,
              40.599797193001535
            ],
            [
              -122.54855297250501,
              40.59986191411629
            ],
            [
              -122.54858718272052,
              40.600118206464614
            ],
            [
              -122.54870398262842,
              40.60051358164509
            ],
            [
              -122.548718455649,
              40.600576187138124
            ],
            [
              -122.54872514524564,
              40.600639552302134
            ],
            [
              -122.5487239921779,
              40.60070311620959
            ],
            [
              -122.54871500663097,
              40.60076631617203
            ],
            [
              -122.54869826812606,
              40.60082859272124
            ],
            [
              -122.54869335417442,
              40.60084086621867
            ],
            [
              -122.54871427449946,
              40.60084476389547
            ],
            [
              -122.54879576751549,
              40.60086654007044
            ],
            [
              -122.5488740939575,
              40.60089425685195
            ],
            [
              -122.54894851048626,
              40.60092765120175
            ],
            [
              -122.54901831086538,
              40.600966406199845
            ],
            [
              -122.54908283266356,
              40.60101015405175
            ],
            [
              -122.54914146354103,
              40.60105847957889
            ],
            [
              -122.5491936470609,
              40.60111092415833
            ],
            [
              -122.54923888797,
              40.601166990075015
            ],
            [
              -122.54927675689935,
              40.601226145245086
            ],
            [
              -122.54930689443954,
              40.60128782826513
            ],
            [
              -122.54932901455231,
              40.601351453739994
            ],
            [
              -122.54939821760877,
              40.6015985532429
            ],
            [
              -122.54941239969853,
              40.60166548843544
            ],
            [
              -122.54941770885787,
              40.601733169987604
            ],
            [
              -122.54941409159507,
              40.60180091632535
            ],
            [
              -122.54940158431032,
              40.60186804522023
            ],
            [
              -122.54938031293014,
              40.60193388065957
            ],
            [
              -122.54935782417841,
              40.601982052929586
            ],
            [
              -122.54939114800817,
              40.6020393705372
            ],
            [
              -122.54942106010992,
              40.6020980611565
            ],
            [
              -122.54944093935379,
              40.60215129502725
            ],
            [
              -122.54949181318128,
              40.602198760777284
            ],
            [
              -122.5495403233856,
              40.602254466005455
            ],
            [
              -122.54958137285328,
              40.60231355279546
            ],
            [
              -122.549614559608,
              40.60237544256986
            ],
            [
              -122.5497332624295,
              40.60263244173547
            ],
            [
              -122.54975770053161,
              40.6026947868876
            ],
            [
              -122.54977415705842,
              40.602758634654556
            ],
            [
              -122.54978188517018,
              40.60281876931215
            ],
            [
              -122.54982561209192,
              40.602842719803284
            ],
            [
              -122.54989233100426,
              40.60288764453072
            ],
            [
              -122.5499528016343,
              40.602937443220185
            ],
            [
              -122.55000641408986,
              40.60299161362614
            ],
            [
              -122.55005262764307,
              40.60304960941068
            ],
            [
              -122.55008336713546,
              40.6030986952778
            ],
            [
              -122.55013487929185,
              40.603093309235746
            ],
            [
              -122.55022205392126,
              40.60309079097917
            ],
            [
              -122.55030913118702,
              40.6030948156121
            ],
            [
              -122.55039526781206,
              40.60310534415919
            ],
            [
              -122.55047962962787,
              40.603122274659526
            ],
            [
              -122.55076632716377,
              40.603191473989774
            ],
            [
              -122.5508499304152,
              40.60321524330853
            ],
            [
              -122.55092997507076,
              40.60324529807944
            ],
            [
              -122.55100565012796,
              40.60328133379337
            ],
            [
              -122.55107618885278,
              40.603322985342835
            ],
            [
              -122.55109296223425,
              40.60333513225931
            ],
            [
              -122.55111622156028,
              40.603328644245835
            ],
            [
              -122.55120248148064,
              40.60331183151523
            ],
            [
              -122.5512905190223,
              40.603301698602564
            ],
            [
              -122.55137944609815,
              40.60329834772468
            ],
            [
              -122.55146836564862,
              40.60330181268401
            ],
            [
              -122.55155638068996,
              40.60331205852759
            ],
            [
              -122.55164260336196,
              40.603328981899665
            ],
            [
              -122.55172616388334,
              40.60335241208418
            ],
            [
              -122.55180621932533,
              40.60338211272673
            ],
            [
              -122.55188196211402,
              40.603417784218614
            ],
            [
              -122.55195262817641,
              40.60345906671892
            ],
            [
              -122.55201750464799,
              40.603505543784266
            ],
            [
              -122.55225470480481,
              40.60369344248833
            ],
            [
              -122.55231071125075,
              40.60374230060159
            ],
            [
              -122.55236031120162,
              40.6037950276915
            ],
            [
              -122.55240304730556,
              40.60385113758809
            ],
            [
              -122.5524385254959,
              40.60391011292906
            ],
            [
              -122.55246641862493,
              40.60397140992979
            ],
            [
              -122.55248646948111,
              40.60403446339719
            ],
            [
              -122.55249849316132,
              40.60409869194097
            ],
            [
              -122.5525023787767,
              40.604163503334256
            ],
            [
              -122.55249809047572,
              40.604228299974245
            ],
            [
              -122.55248566777594,
              40.60429248439245
            ],
            [
              -122.55246522520015,
              40.604355464763835
            ],
            [
              -122.55243695122151,
              40.60441666036385
            ],
            [
              -122.5524011065263,
              40.60447550692331
            ],
            [
              -122.5524000820072,
              40.604476837480135
            ],
            [
              -122.55246924514194,
              40.60448827552676
            ],
            [
              -122.55255239385546,
              40.60450873467265
            ],
            [
              -122.55263249622251,
              40.60453533304408
            ],
            [
              -122.55270877409943,
              40.60456781225614
            ],
            [
              -122.55278048649183,
              40.60460585679515
            ],
            [
              -122.55284693675253,
              40.60464909708341
            ],
            [
              -122.55290747934896,
              40.60469711306916
            ],
            [
              -122.55296152613393,
              40.60474943830681
            ],
            [
              -122.55300855205941,
              40.604805564487904
            ],
            [
              -122.55304810027734,
              40.604864946378804
            ],
            [
              -122.55307978657814,
              40.60492700711696
            ],
            [
              -122.5531489883499,
              40.605085206628274
            ],
            [
              -122.55317268784654,
              40.60514995853754
            ],
            [
              -122.55317460803937,
              40.605158358098095
            ],
            [
              -122.55320305677239,
              40.605161825460385
            ],
            [
              -122.55328794412901,
              40.60517887287805
            ],
            [
              -122.55337020316004,
              40.60520223547527
            ],
            [
              -122.55344902726488,
              40.60523168416829
            ],
            [
              -122.5535236435215,
              40.60526693019533
            ],
            [
              -122.55359332026508,
              40.60530762794775
            ],
            [
              -122.55365737426223,
              40.60535337835876
            ],
            [
              -122.55371517741018,
              40.60540373281621
            ],
            [
              -122.55376616289612,
              40.60545819756128
            ],
            [
              -122.55380983075517,
              40.60551623852975
            ],
            [
              -122.55384575277343,
              40.605577286588705
            ],
            [
              -122.55387357668742,
              40.605640743116915
            ],
            [
              -122.55389302963914,
              40.60570598587465
            ],
            [
              -122.5539039208523,
              40.605772375105
            ],
            [
              -122.55390614350416,
              40.605839259807105
            ],
            [
              -122.55389967577383,
              40.60590598411963
            ],
            [
              -122.55388458105735,
              40.605971893752155
            ],
            [
              -122.55386100734701,
              40.606036342400934
            ],
            [
              -122.55382918578114,
              40.60609869808672
            ],
            [
              -122.55378942837841,
              40.606158349352064
            ],
            [
              -122.55374212497901,
              40.606214711257344
            ],
            [
              -122.55368773942251,
              40.60626723111703
            ],
            [
              -122.55362680499991,
              40.606315393919466
            ],
            [
              -122.55355991922454,
              40.6063587273775
            ],
            [
              -122.55355757285119,
              40.606359965206956
            ],
            [
              -122.55356449723477,
              40.60636923236252
            ],
            [
              -122.55360110118423,
              40.606432502383335
            ],
            [
              -122.55368020286426,
              40.60659070183143
            ],
            [
              -122.55370717985555,
              40.60665380893414
            ],
            [
              -122.55372590258425,
              40.60671862883284
            ],
            [
              -122.55373619035502,
              40.606784536026055
            ],
            [
              -122.55373794386729,
              40.606850894518345
            ],
            [
              -122.55373114617458,
              40.60691706395734
            ],
            [
              -122.55371586284899,
              40.60698240581321
            ],
            [
              -122.55369224134937,
              40.60704628954037
            ],
            [
              -122.55366050959927,
              40.6071080986624
            ],
            [
              -122.55362097378834,
              40.6071672367211
            ],
            [
              -122.55357401541838,
              40.60722313303253
            ],
            [
              -122.55352008762236,
              40.6072752481944
            ],
            [
              -122.5534597107922,
              40.60732307929146
            ],
            [
              -122.55339346755726,
              40.6073661647491
            ],
            [
              -122.55332199716207,
              40.60740408878768
            ],
            [
              -122.55324598929745,
              40.60743648543532
            ],
            [
              -122.55316617744487,
              40.60746304205962
            ],
            [
              -122.5530833317977,
              40.60748350238509
            ],
            [
              -122.55299825182844,
              40.60749766896617
            ],
            [
              -122.55291175857307,
              40.60750540509299
            ],
            [
              -122.55282468670721,
              40.607506636110635
            ],
            [
              -122.55273787649055,
              40.60750135013973
            ],
            [
              -122.55265216565768,
              40.60748959819096
            ],
            [
              -122.55256838133288,
              40.60747149367285
            ],
            [
              -122.55246195344726,
              40.60744412572643
            ],
            [
              -122.55243141279493,
              40.60744958725982
            ],
            [
              -122.55234791651668,
              40.607461335691816
            ],
            [
              -122.55226332847515,
              40.60746694245174
            ],
            [
              -122.55217842461455,
              40.60746635610768
            ],
            [
              -122.55209398377647,
              40.607459582038466
            ],
            [
              -122.55201078055468,
              40.60744668238417
            ],
            [
              -122.55192957818892,
              40.607427775476125
            ],
            [
              -122.5518643629331,
              40.60740721032583
            ],
            [
              -122.55180110798645,
              40.60744295035428
            ],
            [
              -122.55172478507835,
              40.60747763420146
            ],
            [
              -122.55164428967329,
              40.60750632057963
            ],
            [
              -122.55156043052932,
              40.607528721267876
            ],
            [
              -122.55147405020382,
              40.60754461119936
            ],
            [
              -122.55138601658753,
              40.60755383072278
            ],
            [
              -122.55129721418376,
              40.6075562872066
            ],
            [
              -122.55126924705772,
              40.607554921250305
            ],
            [
              -122.55126744330337,
              40.607563567335376
            ],
            [
              -122.55124509308509,
              40.60762839968263
            ],
            [
              -122.55121442355453,
              40.60769122506834
            ],
            [
              -122.55117573657229,
              40.6077514250957
            ],
            [
              -122.55115222072061,
              40.607780351647676
            ],
            [
              -122.55125084418893,
              40.60789543334124
            ],
            [
              -122.55129666460422,
              40.60795542009782
            ],
            [
              -122.5513341680115,
              40.608018673074675
            ],
            [
              -122.55136295858587,
              40.60808452471691
            ],
            [
              -122.55138273245247,
              40.60815228004203
            ],
            [
              -122.55139328089437,
              40.608221223974404
            ],
            [
              -122.55139371012997,
              40.6082458109205
            ],
            [
              -122.55142049085028,
              40.608290315302725
            ],
            [
              -122.55144869659573,
              40.6083525704982
            ],
            [
              -122.55146881513,
              40.60841662286176
            ],
            [
              -122.55148065526086,
              40.608481863760026
            ],
            [
              -122.5515213342598,
              40.60883053635333
            ],
            [
              -122.55153490360942,
              40.60883519146666
            ],
            [
              -122.55161231269186,
              40.60886530803474
            ],
            [
              -122.55168548048671,
              40.608901056454975
            ],
            [
              -122.55175370379814,
              40.60894209316262
            ],
            [
              -122.55181632694648,
              40.60898802376844
            ],
            [
              -122.55187274806957,
              40.60903840684885
            ],
            [
              -122.55192242490725,
              40.60909275818793
            ],
            [
              -122.55196488001299,
              40.60915055543085
            ],
            [
              -122.55199970534301,
              40.609211243103864
            ],
            [
              -122.55202656617843,
              40.60927423795249
            ],
            [
              -122.55204520434283,
              40.6093389345469
            ],
            [
              -122.55205544068437,
              40.60940471110038
            ],
            [
              -122.55205717679836,
              40.60947093544514
            ],
            [
              -122.55205039597419,
              40.60953697110784
            ],
            [
              -122.55203516335663,
              40.609602183426745
            ],
            [
              -122.55201162532092,
              40.60966594565136
            ],
            [
              -122.55198000806665,
              40.60972764496618
            ],
            [
              -122.5519406154448,
              40.60978668838061
            ],
            [
              -122.55189382603808,
              40.60984250842837
            ],
            [
              -122.55184008952295,
              40.60989456862159
            ],
            [
              -122.55177992234833,
              40.60994236860731
            ],
            [
              -122.55171390277222,
              40.60998544897661
            ],
            [
              -122.55164266530421,
              40.610023395680365
            ],
            [
              -122.55163038941676,
              40.61002865275817
            ],
            [
              -122.55163051426113,
              40.61002947195017
            ],
            [
              -122.55163199135933,
              40.610096153411185
            ],
            [
              -122.55162483535108,
              40.610162621014446
            ],
            [
              -122.55160911593141,
              40.61022822717122
            ],
            [
              -122.55158498622903,
              40.6102923326839
            ],
            [
              -122.55155268131554,
              40.61035431297383
            ],
            [
              -122.55151251591585,
              40.61041356416672
            ],
            [
              -122.55146488134261,
              40.61046950897631
            ],
            [
              -122.55141024168431,
              40.61052160232917
            ],
            [
              -122.55134912928403,
              40.610569336675695
            ],
            [
              -122.55128213955317,
              40.61061224693537
            ],
            [
              -122.55123605348025,
              40.61063628612466
            ],
            [
              -122.55123552974821,
              40.61068605849594
            ],
            [
              -122.5512263655092,
              40.61075177768603
            ],
            [
              -122.55120882009363,
              40.610816500145205
            ],
            [
              -122.55118306135125,
              40.61087960661261
            ],
            [
              -122.55116168012347,
              40.61091820729183
            ],
            [
              -122.55121741342077,
              40.61094683321205
            ],
            [
              -122.55128417311217,
              40.610988890115166
            ],
            [
              -122.55129664730661,
              40.61099845595309
            ],
            [
              -122.55135234210024,
              40.61098459823288
            ],
            [
              -122.5514363082394,
              40.61097038789648
            ],
            [
              -122.55152168607665,
              40.61096244513812
            ],
            [
              -122.55160767204998,
              40.610960844713844
            ],
            [
              -122.55169345687412,
              40.610965601686694
            ],
            [
              -122.55177823315678,
              40.61097667128497
            ],
            [
              -122.55186120299706,
              40.61099394932355
            ],
            [
              -122.55194158549445,
              40.61101727318439
            ],
            [
              -122.5523864821992,
              40.611165571814134
            ],
            [
              -122.55246431361138,
              40.611195059392124
            ],
            [
              -122.5525379822068,
              40.61123021337351
            ],
            [
              -122.55260677992125,
              40.61127069587986
            ],
            [
              -122.55267004550288,
              40.61131611781763
            ],
            [
              -122.55272717086783,
              40.61136604261754
            ],
            [
              -122.55277760694482,
              40.61141999043036
            ],
            [
              -122.55282086895264,
              40.611477442738746
            ],
            [
              -122.55285654106022,
              40.6115378473406
            ],
            [
              -122.55288428038372,
              40.611600623656436
            ],
            [
              -122.552903820283,
              40.61166516830928
            ],
            [
              -122.55291497292517,
              40.61173086092403
            ],
            [
              -122.55291763109085,
              40.611797070090056
            ],
            [
              -122.5529117692056,
              40.61186315942994
            ],
            [
              -122.55289744358679,
              40.61192849371619
            ],
            [
              -122.55287479190328,
              40.61199244497679
            ],
            [
              -122.55284403185293,
              40.6120543985312
            ],
            [
              -122.55277243062709,
              40.61217968128848
            ],
            [
              -122.55288227474598,
              40.61223770519719
            ],
            [
              -122.55295217803483,
              40.61227869917194
            ],
            [
              -122.55301639042622,
              40.612324783578586
            ],
            [
              -122.55307427635893,
              40.61237550229188
            ],
            [
              -122.55312526288475,
              40.61243035331702
            ],
            [
              -122.55316884533941,
              40.61248879375781
            ],
            [
              -122.55320459233809,
              40.61255024518981
            ],
            [
              -122.55323215004574,
              40.61261409938514
            ],
            [
              -122.55325124567993,
              40.612679724332374
            ],
            [
              -122.55326169021167,
              40.61274647049173
            ],
            [
              -122.55326338023728,
              40.61281367722406
            ],
            [
              -122.55325629900298,
              40.61288067932959
            ],
            [
              -122.55324842996349,
              40.61291365357127
            ],
            [
              -122.55327782851296,
              40.61292284146594
            ],
            [
              -122.5533553959608,
              40.612954241563976
            ],
            [
              -122.55342850598772,
              40.61299133635204
            ],
            [
              -122.55345066443282,
              40.61300517429866
            ],
            [
              -122.55345528055292,
              40.61299672392324
            ],
            [
              -122.55349743921546,
              40.61293716230723
            ],
            [
              -122.55354720485194,
              40.61288111338002
            ],
            [
              -122.5536040781892,
              40.612829139431334
            ],
            [
              -122.55366748865269,
              40.61278176186902
            ],
            [
              -122.55373680009092,
              40.61273945598852
            ],
            [
              -122.55381131715737,
              40.61270264620492
            ],
            [
              -122.5538902922862,
              40.61267170179552
            ],
            [
              -122.55397293319173,
              40.612646933195556
            ],
            [
              -122.55405841081598,
              40.61262858888404
            ],
            [
              -122.55414586764553,
              40.612616852891314
            ],
            [
              -122.55423442631324,
              40.61261184295297
            ],
            [
              -122.55432319839926,
              40.6126136093288
            ],
            [
              -122.55441129334291,
              40.6126221342987
            ],
            [
              -122.554497827376,
              40.612637332340306
            ],
            [
              -122.55455030072815,
              40.61265088267357
            ],
            [
              -122.55491288484832,
              40.61255174348147
            ],
            [
              -122.5549958290606,
              40.612532496904514
            ],
            [
              -122.55508084349638,
              40.61251951649494
            ],
            [
              -122.55516711511828,
              40.612512926391204
            ],
            [
              -122.5552538188669,
              40.61251278961796
            ],
            [
              -122.55534012555052,
              40.612519107483365
            ],
            [
              -122.55542520977436,
              40.612531819566584
            ],
            [
              -122.55550825783358,
              40.61255080429555
            ],
            [
              -122.55558847549452,
              40.61257588010953
            ],
            [
              -122.55566509558973,
              40.61260680719536
            ],
            [
              -122.5557373853544,
              40.61264328978061
            ],
            [
              -122.55580465343377,
              40.61268497896214
            ],
            [
              -122.55586625649481,
              40.61273147604246
            ],
            [
              -122.55592160537867,
              40.612782336342555
            ],
            [
              -122.55597017073536,
              40.61283707345426
            ],
            [
              -122.55601148808638,
              40.612895163891835
            ],
            [
              -122.55604516226741,
              40.612956052098234
            ],
            [
              -122.55607087120804,
              40.6130191557579
            ],
            [
              -122.55608836901263,
              40.61308387136568
            ],
            [
              -122.55609748831277,
              40.613149579998584
            ],
            [
              -122.556098141869,
              40.61321565323467
            ],
            [
              -122.55609032340584,
              40.61328145916322
            ],
            [
              -122.55607410767298,
              40.61334636842819
            ],
            [
              -122.55604964973115,
              40.613409760247244
            ],
            [
              -122.55601718347017,
              40.61347102834896
            ],
            [
              -122.55584696757452,
              40.6137518514886
            ],
            [
              -122.55586924891072,
              40.61380404679733
            ],
            [
              -122.55588782214184,
              40.61386814878187
            ],
            [
              -122.55589814466117,
              40.61393332177256
            ],
            [
              -122.55590011900051,
              40.613998950539646
            ],
            [
              -122.5558937264977,
              40.61406441554911
            ],
            [
              -122.55587902747368,
              40.614129098810956
            ],
            [
              -122.55585616066395,
              40.614192389713224
            ],
            [
              -122.55582534190982,
              40.614253690786114
            ],
            [
              -122.5557868621217,
              40.614312423342405
            ],
            [
              -122.55574108453348,
              40.61436803294042
            ],
            [
              -122.55568844127426,
              40.614419994618245
            ],
            [
              -122.5556294292894,
              40.61446781784966
            ],
            [
              -122.55551239498591,
              40.61455387321426
            ],
            [
              -122.55554896357458,
              40.61460263020003
            ],
            [
              -122.55558786714377,
              40.61466086935465
            ],
            [
              -122.55561920551911,
              40.614721700217004
            ],
            [
              -122.55564268550434,
              40.614784553705015
            ],
            [
              -122.55565808741764,
              40.61484884181299
            ],
            [
              -122.55566526714753,
              40.61491396311243
            ],
            [
              -122.555664157502,
              40.614979308378416
            ],
            [
              -122.5556547688379,
              40.615044266289026
            ],
            [
              -122.55563718896506,
              40.61510822914436
            ],
            [
              -122.55561173100172,
              40.61517023642586
            ],
            [
              -122.55562585665756,
              40.61517773415961
            ],
            [
              -122.55568852522366,
              40.615218033180355
            ],
            [
              -122.55571768180891,
              40.61523861482279
            ],
            [
              -122.55573692494909,
              40.61523774208524
            ],
            [
              -122.55582909995168,
              40.6152372194795
            ],
            [
              -122.5559208480308,
              40.61524399236415
            ],
            [
              -122.55601117755172,
              40.615257987536395
            ],
            [
              -122.55609911221059,
              40.61527905373324
            ],
            [
              -122.55618370158528,
              40.61530696326615
            ],
            [
              -122.55626403140744,
              40.61534141448179
            ],
            [
              -122.55633923344325,
              40.61538203502205
            ],
            [
              -122.55636490656109,
              40.61539921588319
            ],
            [
              -122.55636870573488,
              40.61538293027903
            ],
            [
              -122.55639188249272,
              40.61531983694995
            ],
            [
              -122.55642296949284,
              40.61525875092401
            ],
            [
              -122.5564616743934,
              40.61520024661229
            ],
            [
              -122.55650763322176,
              40.61514487414772
            ],
            [
              -122.5565604137977,
              40.61509315421231
            ],
            [
              -122.55661951979765,
              40.61504557314119
            ],
            [
              -122.55668439542211,
              40.615002578349866
            ],
            [
              -122.55675443062214,
              40.614964574127164
            ],
            [
              -122.55682896683577,
              40.61493191783399
            ],
            [
              -122.55685946955758,
              40.61492140404034
            ],
            [
              -122.55686129641818,
              40.61491456960256
            ],
            [
              -122.55688741249934,
              40.614850346792
            ],
            [
              -122.55692177537267,
              40.614788419984045
            ],
            [
              -122.55696404473335,
              40.61472940241657
            ],
            [
              -122.55701380198484,
              40.61467387851683
            ],
            [
              -122.55707055438465,
              40.614622398114285
            ],
            [
              -122.55713373992411,
              40.6145754709962
            ],
            [
              -122.55720273289415,
              40.61453356185972
            ],
            [
              -122.55727685008135,
              40.61449708571054
            ],
            [
              -122.55735535753347,
              40.614466403753475
            ],
            [
              -122.55743747782708,
              40.61444181981604
            ],
            [
              -122.55752239776565,
              40.614423577339934
            ],
            [
              -122.55760927643162,
              40.614411856970605
            ],
            [
              -122.5576972535129,
              40.61440677476854
            ],
            [
              -122.55778545782134,
              40.6144083810601
            ],
            [
              -122.55787301591884,
              40.61441665993925
            ],
            [
              -122.5579590607658,
              40.614431529424905
            ],
            [
              -122.55804274030609,
              40.61445284227285
            ],
            [
              -122.55812322590387,
              40.614480387433524
            ],
            [
              -122.55819972054852,
              40.614513892141865
            ],
            [
              -122.55827146674655,
              40.61455302461808
            ],
            [
              -122.55833775402229,
              40.61459739735285
            ],
            [
              -122.55839792595332,
              40.614646570944345
            ],
            [
              -122.55845138667064,
              40.61470005844913
            ],
            [
              -122.55868712935305,
              40.614962000126596
            ],
            [
              -122.55870983077294,
              40.61495319993584
            ],
            [
              -122.5587889095336,
              40.614929500024346
            ],
            [
              -122.55887060230081,
              40.61491167780439
            ],
            [
              -122.55895415871294,
              40.614899896975835
            ],
            [
              -122.55903881129191,
              40.614894265747324
            ],
            [
              -122.55912378249221,
              40.61489483584269
            ],
            [
              -122.55920829184183,
              40.614901602025576
            ],
            [
              -122.55929156311065,
              40.6149145021478
            ],
            [
              -122.55937283143933,
              40.61493341771997
            ],
            [
              -122.55945135036428,
              40.614958174999856
            ],
            [
              -122.55952639867338,
              40.61498854658798
            ],
            [
              -122.55959728703009,
              40.61502425351622
            ],
            [
              -122.55966336430473,
              40.61506496780994
            ],
            [
              -122.55972402355512,
              40.61511031550028
            ],
            [
              -122.55977870760141,
              40.61515988005891
            ],
            [
              -122.56003372878331,
              40.615414900311976
            ],
            [
              -122.56009331937176,
              40.61540298202944
            ],
            [
              -122.56017925720839,
              40.61538922032706
            ],
            [
              -122.56026655993682,
              40.61538200429018
            ],
            [
              -122.56033116197686,
              40.61538156318518
            ],
            [
              -122.560286286274,
              40.61535922530946
            ],
            [
              -122.56022093606728,
              40.61531953447792
            ],
            [
              -122.56016077986459,
              40.61527533136891
            ],
            [
              -122.56010635206668,
              40.615227008670985
            ],
            [
              -122.56005813618167,
              40.61517499566912
            ],
            [
              -122.5600165605297,
              40.6151197544309
            ],
            [
              -122.55998199443842,
              40.61506177570133
            ],
            [
              -122.5599547449623,
              40.61500157454313
            ],
            [
              -122.55986454769483,
              40.61476697390048
            ],
            [
              -122.55984375105032,
              40.61470063979176
            ],
            [
              -122.55983183577253,
              40.61463304593529
            ],
            [
              -122.55982892324087,
              40.61456488105428
            ],
            [
              -122.55983504310407,
              40.61449683968805
            ],
            [
              -122.55985013297905,
              40.61442961511538
            ],
            [
              -122.55987403908779,
              40.614363892290605
            ],
            [
              -122.55990651782511,
              40.614300340864716
            ],
            [
              -122.55994723824179,
              40.61423960836254
            ],
            [
              -122.55999578541756,
              40.61418231358515
            ],
            [
              -122.56005166468923,
              40.61412904030527
            ],
            [
              -122.56008907386266,
              40.61409995180184
            ],
            [
              -122.56008646921703,
              40.61409603295626
            ],
            [
              -122.5600547065329,
              40.61403355815734
            ],
            [
              -122.56003121962634,
              40.61396899321859
            ],
            [
              -122.56001623943045,
              40.61390297303583
            ],
            [
              -122.56000991322645,
              40.61383614681312
            ],
            [
              -122.56001230319652,
              40.6137691716787
            ],
            [
              -122.5600233858132,
              40.613702706223165
            ],
            [
              -122.56004305207186,
              40.61363740402336
            ],
            [
              -122.56007110856363,
              40.61357390721558
            ],
            [
              -122.56010727937802,
              40.61351284018138
            ],
            [
              -122.56015120881698,
              40.61345480340807
            ],
            [
              -122.56020246489318,
              40.613400367584184
            ],
            [
              -122.56026054357852,
              40.613350067987966
            ],
            [
              -122.56032487376065,
              40.61330439922423
            ],
            [
              -122.56039482285915,
              40.613263810361076
            ],
            [
              -122.56046970304571,
              40.61322870051437
            ],
            [
              -122.56047734011375,
              40.61322587211247
            ],
            [
              -122.56050004174939,
              40.61317478568325
            ],
            [
              -122.56053321253488,
              40.61311100088049
            ],
            [
              -122.56057470077684,
              40.61305010861116
            ],
            [
              -122.56062407863101,
              40.61299273679004
            ],
            [
              -122.56068083690012,
              40.612939477027815
            ],
            [
              -122.56074439028515,
              40.6128908785309
            ],
            [
              -122.56081408342123,
              40.61284744243839
            ],
            [
              -122.56088919763579,
              40.612809616654616
            ],
            [
              -122.56096895835927,
              40.61277779123094
            ],
            [
              -122.56098829521282,
              40.61277189267935
            ],
            [
              -122.56099110011773,
              40.6127690993462
            ],
            [
              -122.56104519119557,
              40.612720210974764
            ],
            [
              -122.56110510479591,
              40.6126754385965
            ],
            [
              -122.56115660471194,
              40.61264043885616
            ],
            [
              -122.5612306634921,
              40.612595287609885
            ],
            [
              -122.5613106272908,
              40.61255642341776
            ],
            [
              -122.56139558107195,
              40.61252429100353
            ],
            [
              -122.56148455270349,
              40.61249925805848
            ],
            [
              -122.56155535208461,
              40.61248255821412
            ],
            [
              -122.56163781754384,
              40.612466369127695
            ],
            [
              -122.5617219406552,
              40.61245628400454
            ],
            [
              -122.56180694534484,
              40.612452395884574
            ],
            [
              -122.56189204740672,
              40.61245474063755
            ],
            [
              -122.56197646173645,
              40.612463296632235
            ],
            [
              -122.56205940957378,
              40.61247798493581
            ],
            [
              -122.56214012568618,
              40.612498670042136
            ],
            [
              -122.56221786542808,
              40.61252516112165
            ],
            [
              -122.56229191160996,
              40.6125572137818
            ],
            [
              -122.56236158111429,
              40.61259453232133
            ],
            [
              -122.56242623119753,
              40.61263677245825
            ],
            [
              -122.5624852654195,
              40.61268354450564
            ],
            [
              -122.5625381391458,
              40.61273441696652
            ],
            [
              -122.56258436457263,
              40.61278892051438
            ],
            [
              -122.56262351522726,
              40.61284655232276
            ],
            [
              -122.56265522990286,
              40.612906780703845
            ],
            [
              -122.56267921599147,
              40.61296905001348
            ],
            [
              -122.56269525218416,
              40.613032785777044
            ],
            [
              -122.56270319051343,
              40.61309739998936
            ],
            [
              -122.56270304569264,
              40.61313777203213
            ],
            [
              -122.56273482082858,
              40.61313338367129
            ],
            [
              -122.5628211876486,
              40.613128007379146
            ],
            [
              -122.56290783065214,
              40.613129081889
            ],
            [
              -122.5629939221896,
              40.61313659693687
            ],
            [
              -122.56307863987881,
              40.61315048073601
            ],
            [
              -122.56316117445985,
              40.61317060066262
            ],
            [
              -122.56324073752504,
              40.613196764522684
            ],
            [
              -122.56331656904933,
              40.613228722387674
            ],
            [
              -122.56338794465023,
              40.61326616898175
            ],
            [
              -122.56356214408193,
              40.61336746817694
            ],
            [
              -122.56362867411264,
              40.61341025289243
            ],
            [
              -122.56368937764887,
              40.613457803468066
            ],
            [
              -122.56374366946183,
              40.61350966148989
            ],
            [
              -122.56379102613165,
              40.61356532701665
            ],
            [
              -122.56383099109382,
              40.613624263399245
            ],
            [
              -122.56386317904118,
              40.61368590245411
            ],
            [
              -122.56388727963909,
              40.61374964994065
            ],
            [
              -122.56390306051814,
              40.61381489128988
            ],
            [
              -122.56395096403077,
              40.61408739094773
            ],
            [
              -122.56395815678627,
              40.614151085105725
            ],
            [
              -122.56395741778051,
              40.61421501219867
            ],
            [
              -122.5639487536071,
              40.61427859990161
            ],
            [
              -122.56393224181221,
              40.614341278926425
            ],
            [
              -122.56390803020147,
              40.614402488118635
            ],
            [
              -122.56387633551716,
              40.61446167948151
            ],
            [
              -122.56383744149853,
              40.61451832308215
            ],
            [
              -122.56370296160793,
              40.6146934663859
            ],
            [
              -122.56372388070213,
              40.614708718112084
            ],
            [
              -122.56378264604164,
              40.61476132695351
            ],
            [
              -122.5638340543185,
              40.61481823389757
            ],
            [
              -122.56387756800663,
              40.6148788439454
            ],
            [
              -122.56391273211914,
              40.61494252337815
            ],
            [
              -122.56393917896624,
              40.6150086063826
            ],
            [
              -122.56395663200072,
              40.615076402012576
            ],
            [
              -122.56396349814163,
              40.61513347619834
            ],
            [
              -122.56400401324024,
              40.61511968454359
            ],
            [
              -122.56408965713293,
              40.61509817533625
            ],
            [
              -122.56417772501842,
              40.615083406526665
            ],
            [
              -122.56426730594065,
              40.61507553088034
            ],
            [
              -122.56435747329434,
              40.61507462986138
            ],
            [
              -122.5644472944088,
              40.61508071278986
            ],
            [
              -122.56453584019437,
              40.61509371674545
            ],
            [
              -122.56462219475198,
              40.615113507218204
            ],
            [
              -122.56470546484601,
              40.61513987949974
            ],
            [
              -122.56478478914327,
              40.61517256080055
            ],
            [
              -122.56485934712173,
              40.61521121307139
            ],
            [
              -122.56492836755743,
              40.6152554364998
            ],
            [
              -122.5649911365018,
              40.61530477364531
            ],
            [
              -122.56508923671039,
              40.61539017308625
            ],
            [
              -122.56514247843312,
              40.61544130895786
            ],
            [
              -122.5651889962822,
              40.61549612139668
            ],
            [
              -122.5652283560514,
              40.61555409879314
            ],
            [
              -122.56526019034378,
              40.61561469999522
            ],
            [
              -122.56528420200137,
              40.615677359359246
            ],
            [
              -122.56530016687971,
              40.615741492029315
            ],
            [
              -122.56530793594065,
              40.61580649939609
            ],
            [
              -122.5653074366443,
              40.61587177468425
            ],
            [
              -122.56529867362704,
              40.61593670861592
            ],
            [
              -122.5652817286591,
              40.616000695097654
            ],
            [
              -122.56526101204878,
              40.6160525030917
            ],
            [
              -122.56531090341355,
              40.61608278494305
            ],
            [
              -122.56537200729396,
              40.616127799686446
            ],
            [
              -122.56542717471675,
              40.61617706581275
            ],
            [
              -122.56547589878726,
              40.61623013066232
            ],
            [
              -122.56551773180955,
              40.61628650667163
            ],
            [
              -122.56555228940007,
              40.616345675852656
            ],
            [
              -122.56557925402002,
              40.616407094552045
            ],
            [
              -122.5655983778935,
              40.61647019844613
            ],
            [
              -122.56560022308273,
              40.61648086506996
            ],
            [
              -122.56561069165772,
              40.616476821051386
            ],
            [
              -122.5656934961552,
              40.61645241900063
            ],
            [
              -122.56577908790588,
              40.61643444953425
            ],
            [
              -122.56586660876974,
              40.61642309281334
            ],
            [
              -122.56595518126724,
              40.616418462699826
            ],
            [
              -122.56604391737618,
              40.6164206056151
            ],
            [
              -122.56613192743407,
              40.61642950007456
            ],
            [
              -122.56621832905718,
              40.616445056903
            ],
            [
              -122.5663022559862,
              40.61646712012865
            ],
            [
              -122.56638286677098,
              40.616495468546724
            ],
            [
              -122.56645935320594,
              40.616529817937014
            ],
            [
              -122.56653094843288,
              40.616569823913345
            ],
            [
              -122.56659693462903,
              40.61661508537602
            ],
            [
              -122.56665665020384,
              40.616665148532945
            ],
            [
              -122.5667094964321,
              40.61671951144915
            ],
            [
              -122.5667549434571,
              40.61677762907876
            ],
            [
              -122.56679253560331,
              40.61683891872957
            ],
            [
              -122.56682189594572,
              40.61690276590467
            ],
            [
              -122.56684273008955,
              40.6169685304634
            ],
            [
              -122.56685482912286,
              40.617035553039265
            ],
            [
              -122.56685807171202,
              40.61710316165069
            ],
            [
              -122.56685716283532,
              40.61715425262731
            ],
            [
              -122.56692921683401,
              40.61728033202698
            ],
            [
              -122.56696077778525,
              40.6173441859629
            ],
            [
              -122.56698372628618,
              40.61741013996745
            ],
            [
              -122.56699782826934,
              40.61747752140418
            ],
            [
              -122.56700293988733,
              40.61754564307692
            ],
            [
              -122.56699900898136,
              40.617613810237955
            ],
            [
              -122.56697669795902,
              40.61779331724408
            ],
            [
              -122.56725906674586,
              40.617880621623115
            ],
            [
              -122.56733497531533,
              40.61790733321551
            ],
            [
              -122.56740724458326,
              40.61793937451728
            ],
            [
              -122.56747523192047,
              40.617976460614905
            ],
            [
              -122.56753833277021,
              40.61801826173566
            ],
            [
              -122.56759598602368,
              40.618064406179755
            ],
            [
              -122.56764767900951,
              40.6181144836253
            ],
            [
              -122.56769295205272,
              40.618168048776774
            ],
            [
              -122.56773140256242,
              40.618224625324316
            ],
            [
              -122.56776268861204,
              40.618283710179085
            ],
            [
              -122.5677865319804,
              40.61834477794653
            ],
            [
              -122.56784743425462,
              40.618532777509465
            ],
            [
              -122.56786375336593,
              40.61859595522343
            ],
            [
              -122.56787210605006,
              40.618660029783136
            ],
            [
              -122.56787241642381,
              40.61872441925374
            ],
            [
              -122.56786675371075,
              40.6187713618913
            ],
            [
              -122.5679156183905,
              40.61882043880853
            ],
            [
              -122.56796285043197,
              40.618879603960664
            ],
            [
              -122.56800188662483,
              40.61894214243784
            ],
            [
              -122.56803231685133,
              40.61900739724277
            ],
            [
              -122.56812285944406,
              40.61923846604967
            ],
            [
              -122.56821237382722,
              40.61928397900832
            ],
            [
              -122.56820546067891,
              40.61925334460236
            ],
            [
              -122.56819913833651,
              40.61918892880074
            ],
            [
              -122.56820091763454,
              40.61912434732618
            ],
            [
              -122.56821078228633,
              40.61906019047392
            ],
            [
              -122.56822864210312,
              40.61899704465641
            ],
            [
              -122.56825433381918,
              40.61893548704324
            ],
            [
              -122.56828762258488,
              40.61887608028596
            ],
            [
              -122.568328204114,
              40.61881936737524
            ],
            [
              -122.56837570746566,
              40.618765866678146
            ],
            [
              -122.56842969843521,
              40.61871606720031
            ],
            [
              -122.5684542984674,
              40.61869546733854
            ],
            [
              -122.56851012117875,
              40.618652720519925
            ],
            [
              -122.56857072346574,
              40.61861393681277
            ],
            [
              -122.56863562254863,
              40.6185794251773
            ],
            [
              -122.56868472229488,
              40.6185557253754
            ],
            [
              -122.56874941001938,
              40.618527335899216
            ],
            [
              -122.56881700226836,
              40.61850319328036
            ],
            [
              -122.56893840133115,
              40.61846449363114
            ],
            [
              -122.56902721899013,
              40.61844032323136
            ],
            [
              -122.56912172052982,
              40.61841884957826
            ],
            [
              -122.56916335452618,
              40.61838095796973
            ],
            [
              -122.56923157322798,
              40.61832552803662
            ],
            [
              -122.56930752878023,
              40.61827628605541
            ],
            [
              -122.5693902603589,
              40.61823385491828
            ],
            [
              -122.56944216006454,
              40.61821035511799
            ],
            [
              -122.56951120508546,
              40.61818215919691
            ],
            [
              -122.56959180451764,
              40.61815265945886
            ],
            [
              -122.56967531164706,
              40.61812600301402
            ],
            [
              -122.56972170579606,
              40.61811527808478
            ],
            [
              -122.56972517860223,
              40.61811356257249
            ],
            [
              -122.56976219185657,
              40.617969225976864
            ],
            [
              -122.5697760150698,
              40.617923734534784
            ],
            [
              -122.56992342001259,
              40.61750503564028
            ],
            [
              -122.56995599999978,
              40.617430233477336
            ],
            [
              -122.56999978940722,
              40.61735883130388
            ],
            [
              -122.57003028975764,
              40.61731583150929
            ],
            [
              -122.57007163992972,
              40.61726336477728
            ],
            [
              -122.57011905069952,
              40.617213964540724
            ],
            [
              -122.57017213305622,
              40.6171680361209
            ],
            [
              -122.57023045145716,
              40.61712595635269
            ],
            [
              -122.57026825138104,
              40.617101056539894
            ],
            [
              -122.57033481549222,
              40.61706127385148
            ],
            [
              -122.57040605188115,
              40.61702650617319
            ],
            [
              -122.57048131209785,
              40.61699706998478
            ],
            [
              -122.57055991106763,
              40.616973233234795
            ],
            [
              -122.57064113332659,
              40.616955212901544
            ],
            [
              -122.57072423953396,
              40.61694317301824
            ],
            [
              -122.57080847320142,
              40.61693722318002
            ],
            [
              -122.57086127267078,
              40.61693542319522
            ],
            [
              -122.5709584512269,
              40.61693617284733
            ],
            [
              -122.57105493839717,
              40.61694502243428
            ],
            [
              -122.57114957504018,
              40.61696186564241
            ],
            [
              -122.57115174333212,
              40.61696234842595
            ],
            [
              -122.57122167388954,
              40.6169100378856
            ],
            [
              -122.5712847027029,
              40.61686718635546
            ],
            [
              -122.57135279651497,
              40.61682909965981
            ],
            [
              -122.57142533733459,
              40.61679612345338
            ],
            [
              -122.57151213677737,
              40.6167608237607
            ],
            [
              -122.57158622673644,
              40.61673397132836
            ],
            [
              -122.57166325660224,
              40.61671245241311
            ],
            [
              -122.5717425668554,
              40.61669645125648
            ],
            [
              -122.57182347845401,
              40.616686104857735
            ],
            [
              -122.5719279774223,
              40.616676504947435
            ],
            [
              -122.57222214545416,
              40.61664949868531
            ],
            [
              -122.57222425964585,
              40.61664941748126
            ],
            [
              -122.57223725070152,
              40.61664377109689
            ],
            [
              -122.57235964988645,
              40.616595871517106
            ],
            [
              -122.57237827220492,
              40.61658879306935
            ],
            [
              -122.5725137712565,
              40.616538793512696
            ],
            [
              -122.57258765319787,
              40.616514617554344
            ],
            [
              -122.57266410538614,
              40.616495641307566
            ],
            [
              -122.57274249911084,
              40.61648202082466
            ],
            [
              -122.57286927153869,
              40.61646456019064
            ],
            [
              -122.57292816675336,
              40.61645329094109
            ],
            [
              -122.57300537384482,
              40.616441269142875
            ],
            [
              -122.57308367672002,
              40.61643451862492
            ],
            [
              -122.57318357571971,
              40.616429318671535
            ],
            [
              -122.57318999342063,
              40.616429232346846
            ],
            [
              -122.57319611609236,
              40.61642601860153
            ],
            [
              -122.57327235914538,
              40.61639390904121
            ],
            [
              -122.57335236904756,
              40.616367655752725
            ],
            [
              -122.57343537348991,
              40.616347512149304
            ],
            [
              -122.57352057126079,
              40.61633367266942
            ],
            [
              -122.57360713997893,
              40.616326270900245
            ],
            [
              -122.5736942440311,
              40.616325378288195
            ],
            [
              -122.5737810426371,
              40.61633100344944
            ],
            [
              -122.57386669796473,
              40.61634309208667
            ],
            [
              -122.57395038321651,
              40.61636152751322
            ],
            [
              -122.57403129060948,
              40.61638613177915
            ],
            [
              -122.57410863917205,
              40.61641666738894
            ],
            [
              -122.57430973802782,
              40.61650586661549
            ],
            [
              -122.57438425921634,
              40.61654285370366
            ],
            [
              -122.57445354323539,
              40.61658534353484
            ],
            [
              -122.57451689303055,
              40.61663290863273
            ],
            [
              -122.57457367124566,
              40.6166850704595
            ],
            [
              -122.57462330663529,
              40.61674130422984
            ],
            [
              -122.57466529981212,
              40.61680104419038
            ],
            [
              -122.57469922827165,
              40.61686368931136
            ],
            [
              -122.57472475064368,
              40.61692860933315
            ],
            [
              -122.57474161012743,
              40.616995151106934
            ],
            [
              -122.57474963707612,
              40.61706264516585
            ],
            [
              -122.57474875070487,
              40.617130412460156
            ],
            [
              -122.57473895990452,
              40.61719777118915
            ],
            [
              -122.5747203631531,
              40.617264043660605
            ],
            [
              -122.57469314752633,
              40.61732856310916
            ],
            [
              -122.57465758681629,
              40.61739068040464
            ],
            [
              -122.57461403877777,
              40.617449770583264
            ],
            [
              -122.57456294152966,
              40.61750523913556
            ],
            [
              -122.57450480914754,
              40.61755652798803
            ],
            [
              -122.57444022649219,
              40.6176031211183
            ],
            [
              -122.57362853359739,
              40.6181324824131
            ],
            [
              -122.57349893734478,
              40.61831069692179
            ],
            [
              -122.57350129053498,
              40.6183143396183
            ],
            [
              -122.57353138594279,
              40.618375007156644
            ],
            [
              -122.57355370911539,
              40.61843759403278
            ],
            [
              -122.57356805433537,
              40.61850152354394
            ],
            [
              -122.57357428939628,
              40.61856620661409
            ],
            [
              -122.57357235682171,
              40.61863104722181
            ],
            [
              -122.57356227439581,
              40.61869544789237
            ],
            [
              -122.5735441350003,
              40.6187588152032
            ],
            [
              -122.57351810575929,
              40.61882056525195
            ],
            [
              -122.57348442650037,
              40.61888012903716
            ],
            [
              -122.57345862686056,
              40.61892032921485
            ],
            [
              -122.573417557643,
              40.61897722015104
            ],
            [
              -122.5733695114638,
              40.619030844392576
            ],
            [
              -122.57331493203367,
              40.619080706697055
            ],
            [
              -122.57325432340399,
              40.619126346564116
            ],
            [
              -122.57318824531193,
              40.61916734248861
            ],
            [
              -122.57311730801109,
              40.61920331585359
            ],
            [
              -122.57304216663552,
              40.619233934427356
            ],
            [
              -122.57296351514897,
              40.61925891543191
            ],
            [
              -122.57288207993551,
              40.61927802815481
            ],
            [
              -122.57288003635351,
              40.6192783481075
            ],
            [
              -122.57287888530486,
              40.61966662965903
            ],
            [
              -122.57287388733353,
              40.619736756400215
            ],
            [
              -122.57285936323176,
              40.61980610897161
            ],
            [
              -122.57283546989535,
              40.619873938056955
            ],
            [
              -122.57280246545147,
              40.61993951079815
            ],
            [
              -122.57276070647114,
              40.6200021187137
            ],
            [
              -122.5727106441174,
              40.6200610853537
            ],
            [
              -122.57265281927161,
              40.62011577360883
            ],
            [
              -122.57258785669015,
              40.62016559259453
            ],
            [
              -122.57186911548634,
              40.620662262984695
            ],
            [
              -122.57186760583446,
              40.62068784926969
            ],
            [
              -122.57185964436077,
              40.620752758239654
            ],
            [
              -122.57184351028447,
              40.62081678040194
            ],
            [
              -122.5718193537886,
              40.620879319718746
            ],
            [
              -122.57178739974555,
              40.62093979395572
            ],
            [
              -122.57174794562432,
              40.62099764010265
            ],
            [
              -122.5717232270299,
              40.62102665257726
            ],
            [
              -122.57174461920826,
              40.62104851425424
            ],
            [
              -122.57178571674214,
              40.62107646862845
            ],
            [
              -122.57179115182542,
              40.621074143390075
            ],
            [
              -122.57187361361883,
              40.62104682271419
            ],
            [
              -122.57195928266314,
              40.621026006177146
            ],
            [
              -122.57204727798786,
              40.621011907843645
            ],
            [
              -122.57243613511731,
              40.620965147771635
            ],
            [
              -122.57244177305651,
              40.62096065866261
            ],
            [
              -122.57246884792565,
              40.6209400125641
            ],
            [
              -122.5727456127351,
              40.620737888989545
            ],
            [
              -122.57309241452263,
              40.620482491013185
            ],
            [
              -122.57382612178962,
              40.61991516218058
            ],
            [
              -122.57392891509609,
              40.61976098969433
            ],
            [
              -122.57391082997253,
              40.61971085840729
            ],
            [
              -122.5738879309203,
              40.61963365824255
            ],
            [
              -122.57387310710912,
              40.619569388827024
            ],
            [
              -122.57386648884922,
              40.619504329488144
            ],
            [
              -122.57386813785004,
              40.6194390870819
            ],
            [
              -122.57387803870616,
              40.61937427017012
            ],
            [
              -122.5738960990419,
              40.61931048334405
            ],
            [
              -122.57392215037382,
              40.6192483215849
            ],
            [
              -122.57395594968314,
              40.61918836471428
            ],
            [
              -122.57399718168323,
              40.6191311719859
            ],
            [
              -122.57404546176112,
              40.619077276869305
            ],
            [
              -122.57410033956562,
              40.61902718207405
            ],
            [
              -122.57416130320829,
              40.61898135486102
            ],
            [
              -122.57422778403831,
              40.61894022268418
            ],
            [
              -122.57429916194688,
              40.61890416920372
            ],
            [
              -122.57437477115099,
              40.61887353070781
            ],
            [
              -122.57445390640333,
              40.61884859297605
            ],
            [
              -122.57453582957037,
              40.61882958861408
            ],
            [
              -122.57461977651646,
              40.618816694884174
            ],
            [
              -122.57470496423099,
              40.6188100320519
            ],
            [
              -122.57473528910718,
              40.6188099011092
            ],
            [
              -122.57487701048493,
              40.618663896093736
            ],
            [
              -122.5749960481188,
              40.618319989010274
            ],
            [
              -122.57502119515674,
              40.618259144755434
            ],
            [
              -122.57505376025684,
              40.618200378827304
            ],
            [
              -122.57509345312339,
              40.61814421504976
            ],
            [
              -122.57513991992842,
              40.61809115405053
            ],
            [
              -122.5751927464658,
              40.61804166879895
            ],
            [
              -122.57525146184388,
              40.617996200390294
            ],
            [
              -122.57531554268299,
              40.61795515411415
            ],
            [
              -122.5753844177809,
              40.6179188958421
            ],
            [
              -122.57545747320418,
              40.617887748766684
            ],
            [
              -122.57553405776041,
              40.617861990520716
            ],
            [
              -122.57561348880245,
              40.61784185070294
            ],
            [
              -122.5756469417413,
              40.617834686039664
            ],
            [
              -122.57567112590354,
              40.61782198149509
            ],
            [
              -122.57574587450209,
              40.61779033769316
            ],
            [
              -122.57582427554836,
              40.617764327742385
            ],
            [
              -122.57590559988941,
              40.61774419354195
            ],
            [
              -122.57598909118714,
              40.61773012234493
            ],
            [
              -122.57607397295199,
              40.61772224501686
            ],
            [
              -122.57615945576383,
              40.61772063481888
            ],
            [
              -122.57625985475346,
              40.61772243479588
            ],
            [
              -122.57634907120519,
              40.61772747428172
            ],
            [
              -122.57643716715198,
              40.61773933872219
            ],
            [
              -122.57652324579125,
              40.61775790733941
            ],
            [
              -122.57660643085443,
              40.61778299110795
            ],
            [
              -122.57668587552648,
              40.61781433467893
            ],
            [
              -122.57676077106596,
              40.61785161897918
            ],
            [
              -122.57683035503727,
              40.617894464459155
            ],
            [
              -122.5768939190721,
              40.61794243495635
            ],
            [
              -122.57695081608027,
              40.617995042135185
            ],
            [
              -122.57700046683742,
              40.61805175045775
            ],
            [
              -122.57704236588164,
              40.618111982635384
            ],
            [
              -122.57707608665966,
              40.61817512550507
            ],
            [
              -122.57710128586977,
              40.61824053627129
            ],
            [
              -122.5771177069576,
              40.61830754904928
            ],
            [
              -122.57711908339093,
              40.618320056757355
            ],
            [
              -122.57719981588754,
              40.618329667524876
            ],
            [
              -122.57728161870088,
              40.618345599496706
            ],
            [
              -122.57736106201311,
              40.61836738820938
            ],
            [
              -122.57743742547842,
              40.6183948360963
            ],
            [
              -122.57751001667492,
              40.61842769427663
            ],
            [
              -122.57757817738253,
              40.61846566481188
            ],
            [
              -122.57768747709248,
              40.61853286428958
            ],
            [
              -122.57775284658976,
              40.61857729059159
            ],
            [
              -122.57781214482554,
              40.6186264148453
            ],
            [
              -122.57786479311908,
              40.61867975766758
            ],
            [
              -122.57791027767992,
              40.61873679850681
            ],
            [
              -122.57794815462222,
              40.61879698072252
            ],
            [
              -122.57797805429703,
              40.618859717017145
            ],
            [
              -122.57799968490015,
              40.61892439516712
            ],
            [
              -122.5780128353206,
              40.61899038399707
            ],
            [
              -122.5780173772017,
              40.619057039539314
            ],
            [
              -122.57801373134154,
              40.61911616763345
            ],
            [
              -122.57803132810723,
              40.61914049935152
            ],
            [
              -122.57807882878646,
              40.61921479903087
            ],
            [
              -122.57811187196354,
              40.61927334811189
            ],
            [
              -122.57813752837679,
              40.619334009160596
            ],
            [
              -122.57815556971815,
              40.61939624242189
            ],
            [
              -122.57816583543593,
              40.61945949414986
            ],
            [
              -122.57816823416438,
              40.61952320153471
            ],
            [
              -122.57816274453734,
              40.61958679771075
            ],
            [
              -122.57815554516411,
              40.61963519776816
            ],
            [
              -122.57814136098561,
              40.61970118037105
            ],
            [
              -122.57811868765356,
              40.619765771620216
            ],
            [
              -122.57808774718369,
              40.61982833897384
            ],
            [
              -122.57804884255428,
              40.619888269708426
            ],
            [
              -122.57800235473958,
              40.61994497691933
            ],
            [
              -122.57794873897976,
              40.619997905268676
            ],
            [
              -122.57788852032326,
              40.62004653642398
            ],
            [
              -122.57782228848511,
              40.62009039413457
            ],
            [
              -122.57775069207204,
              40.62012904889586
            ],
            [
              -122.57767443223071,
              40.62016212215577
            ],
            [
              -122.57759425578082,
              40.62018929002223
            ],
            [
              -122.57751094790126,
              40.620210286435444
            ],
            [
              -122.57742532444017,
              40.62022490577348
            ],
            [
              -122.5773382239246,
              40.620233004866385
            ],
            [
              -122.57725049934793,
              40.62023450439815
            ],
            [
              -122.57716300981559,
              40.62022938968365
            ],
            [
              -122.57668630291873,
              40.620183349527764
            ],
            [
              -122.57665091036431,
              40.620206307172566
            ],
            [
              -122.57657583612956,
              40.62024564793906
            ],
            [
              -122.57649585995098,
              40.62027891045921
            ],
            [
              -122.5764118263041,
              40.6203057435086
            ],
            [
              -122.57638467234977,
              40.62031200865938
            ],
            [
              -122.57639436477015,
              40.620382452570134
            ],
            [
              -122.57639917610555,
              40.62044813175761
            ],
            [
              -122.57639558267485,
              40.620513856174455
            ],
            [
              -122.57638361851551,
              40.620579002820634
            ],
            [
              -122.57636339701168,
              40.62064295417108
            ],
            [
              -122.5763351098203,
              40.62070510402918
            ],
            [
              -122.57629902505532,
              40.62076486327308
            ],
            [
              -122.57625548474685,
              40.62082166544023
            ],
            [
              -122.57625100801151,
              40.62082638321735
            ],
            [
              -122.5762873237236,
              40.620810799315926
            ],
            [
              -122.57636824522086,
              40.620783764173346
            ],
            [
              -122.57645229601282,
              40.62076299991673
            ],
            [
              -122.5765386415246,
              40.62074871272255
            ],
            [
              -122.576626424398,
              40.62074104445388
            ],
            [
              -122.57671477300406,
              40.62074007125192
            ],
            [
              -122.57680281009685,
              40.62074580278017
            ],
            [
              -122.57688966152331,
              40.62075818212821
            ],
            [
              -122.5769744649022,
              40.62077708637697
            ],
            [
              -122.57705637818627,
              40.620802327819
            ],
            [
              -122.57713458802273,
              40.62083365582218
            ],
            [
              -122.57720831782869,
              40.62087075931813
            ],
            [
              -122.57727683550192,
              40.62091326989064
            ],
            [
              -122.57733946068986,
              40.620960765433644
            ],
            [
              -122.57739557154518,
              40.62101277434209
            ],
            [
              -122.57741649949145,
              40.621036675312055
            ],
            [
              -122.57750196574067,
              40.62097199933357
            ],
            [
              -122.57756634251783,
              40.620927827217045
            ],
            [
              -122.5776360688742,
              40.620888652704245
            ],
            [
              -122.57771047926215,
              40.62085484971659
            ],
            [
              -122.57778886342825,
              40.62082674090372
            ],
            [
              -122.57787047319242,
              40.62080459456398
            ],
            [
              -122.57795452958891,
              40.620788622083765
            ],
            [
              -122.5780402303008,
              40.620778975920054
            ],
            [
              -122.57812675731773,
              40.62077574814521
            ],
            [
              -122.57821328474292,
              40.62077896956839
            ],
            [
              -122.57829898667559,
              40.62078860944132
            ],
            [
              -122.57838304509363,
              40.620804575751905
            ],
            [
              -122.57846465766073,
              40.62082671610228
            ],
            [
              -122.57854304538415,
              40.62085481916341
            ],
            [
              -122.57861746004959,
              40.620888616691985
            ],
            [
              -122.57868719136253,
              40.620927786090625
            ],
            [
              -122.57875157372771,
              40.62097195348682
            ],
            [
              -122.57880999260219,
              40.621020697301304
            ],
            [
              -122.578861890361,
              40.62107355227169
            ],
            [
              -122.57887313643928,
              40.621087700098705
            ],
            [
              -122.57892368304285,
              40.621083576164374
            ],
            [
              -122.57901031824893,
              40.62108298734465
            ],
            [
              -122.57909661533081,
              40.62108884370807
            ],
            [
              -122.57918175044148,
              40.62110108934622
            ],
            [
              -122.57926491082586,
              40.62111960735443
            ],
            [
              -122.57934530257916,
              40.62114422094793
            ],
            [
              -122.57942215822554,
              40.62117469514922
            ],
            [
              -122.57948818083318,
              40.62120747994625
            ],
            [
              -122.57977804012587,
              40.62114447084972
            ],
            [
              -122.57986171238565,
              40.62112958092011
            ],
            [
              -122.57994688313222,
              40.62112093171473
            ],
            [
              -122.58003275263432,
              40.62111860444753
            ],
            [
              -122.58011851460004,
              40.62112262097104
            ],
            [
              -122.58020336374712,
              40.62113294357126
            ],
            [
              -122.58028650336357,
              40.62114947532178
            ],
            [
              -122.58036715278806,
              40.62117206099375
            ],
            [
              -122.58044455473949,
              40.621200488513296
            ],
            [
              -122.58051798242715,
              40.62123449095276
            ],
            [
              -122.58058674637485,
              40.62127374903682
            ],
            [
              -122.58065020089458,
              40.62131789414016
            ],
            [
              -122.5807077501493,
              40.62136651174862
            ],
            [
              -122.58075885374788,
              40.62141914535109
            ],
            [
              -122.58080303181937,
              40.62147530072583
            ],
            [
              -122.5808398695193,
              40.62153445058088
            ],
            [
              -122.58086902092556,
              40.62159603950509
            ],
            [
              -122.58089021228713,
              40.62165948918312
            ],
            [
              -122.58090324459539,
              40.62172420382564
            ],
            [
              -122.58090799545344,
              40.621789575763636
            ],
            [
              -122.58090442022656,
              40.62185499115438
            ],
            [
              -122.58089255246196,
              40.621919835745324
            ],
            [
              -122.58087250357491,
              40.62198350064199
            ],
            [
              -122.58084446180314,
              40.62204538802563
            ],
            [
              -122.58080869044043,
              40.62210491676688
            ],
            [
              -122.58076552536474,
              40.62216152788283
            ],
            [
              -122.58071537188502,
              40.62221468978609
            ],
            [
              -122.58070098358937,
              40.622227184702886
            ],
            [
              -122.58070511457656,
              40.622231447499054
            ],
            [
              -122.58074907026007,
              40.622287384405446
            ],
            [
              -122.58078574574901,
              40.62234628900697
            ],
            [
              -122.5808147995284,
              40.62240761282693
            ],
            [
              -122.58083596104865,
              40.62247078486112
            ],
            [
              -122.5808490332455,
              40.622535216894406
            ],
            [
              -122.58085389437574,
              40.622600308977724
            ],
            [
              -122.58085049915168,
              40.62266545501431
            ],
            [
              -122.5808495028267,
              40.62267099340782
            ],
            [
              -122.58091045241947,
              40.62269469167232
            ],
            [
              -122.58098504921392,
              40.622731279219565
            ],
            [
              -122.58105447471237,
              40.62277336318257
            ],
            [
              -122.58111803400301,
              40.62282052232989
            ],
            [
              -122.58117509088687,
              40.62287228463003
            ],
            [
              -122.58122507424584,
              40.62292813197588
            ],
            [
              -122.58130237493627,
              40.62302453147868
            ],
            [
              -122.58134330615279,
              40.623081574566285
            ],
            [
              -122.58137685276313,
              40.623141351036466
            ],
            [
              -122.58140270415662,
              40.62320330745022
            ],
            [
              -122.58142062096651,
              40.623266870183976
            ],
            [
              -122.58143043728674,
              40.62333145074046
            ],
            [
              -122.58143206220895,
              40.623396451197145
            ],
            [
              -122.58142548066488,
              40.62346126974211
            ],
            [
              -122.5814107535668,
              40.623525306245966
            ],
            [
              -122.5813880172445,
              40.62358796781827
            ],
            [
              -122.58135748218378,
              40.623648674296916
            ],
            [
              -122.58131943107844,
              40.62370686361986
            ],
            [
              -122.58127421621363,
              40.6237619970292
            ],
            [
              -122.58122225620463,
              40.62381356405958
            ],
            [
              -122.58116403212152,
              40.62386108726464
            ],
            [
              -122.58109136521223,
              40.62391495256719
            ],
            [
              -122.58103331477427,
              40.62408794649466
            ],
            [
              -122.58105130340876,
              40.62410971516667
            ],
            [
              -122.58108894188922,
              40.6241664881661
            ],
            [
              -122.58111940704879,
              40.624225706357024
            ],
            [
              -122.58114242888367,
              40.62428684494358
            ],
            [
              -122.58117052998679,
              40.62437734474152
            ],
            [
              -122.58118601115913,
              40.62444044831325
            ],
            [
              -122.58119356231384,
              40.624504386541226
            ],
            [
              -122.58119318279341,
              40.624558884451574
            ],
            [
              -122.58121638637091,
              40.62453801871098
            ],
            [
              -122.58127589073953,
              40.62449370213519
            ],
            [
              -122.5813405847811,
              40.62445383031894
            ],
            [
              -122.58140989886473,
              40.62441875432826
            ],
            [
              -122.58148322268383,
              40.624388783002075
            ],
            [
              -122.58155991062934,
              40.62436418023317
            ],
            [
              -122.5816233690007,
              40.624346443495234
            ],
            [
              -122.58167610519381,
              40.62431005974853
            ],
            [
              -122.58174398169805,
              40.62426769252667
            ],
            [
              -122.5818170211521,
              40.62423064392148
            ],
            [
              -122.58189450842278,
              40.624199276674
            ],
            [
              -122.58197568483197,
              40.624173897899
            ],
            [
              -122.58205975558441,
              40.62415475607816
            ],
            [
              -122.58214589754891,
              40.62414203862752
            ],
            [
              -122.58223326731708,
              40.62413587006252
            ],
            [
              -122.58232100946016,
              40.62413631077912
            ],
            [
              -122.58240826490389,
              40.62414335646244
            ],
            [
              -122.58249417933868,
              40.62415693812899
            ],
            [
              -122.5825779115835,
              40.62417692280209
            ],
            [
              -122.58265864182104,
              40.6242031148136
            ],
            [
              -122.58273557962383,
              40.62423525771964
            ],
            [
              -122.58280797169286,
              40.624273036811104
            ],
            [
              -122.58287510923269,
              40.62431608219482
            ],
            [
              -122.58291900919266,
              40.624347181967735
            ],
            [
              -122.58298009462976,
              40.624394951010075
            ],
            [
              -122.58303470147331,
              40.62444707608052
            ],
            [
              -122.58308229762932,
              40.62450304928266
            ],
            [
              -122.58312241931094,
              40.62456232522325
            ],
            [
              -122.58315467555812,
              40.62462432632632
            ],
            [
              -122.5831787520477,
              40.62468844846059
            ],
            [
              -122.5831944141569,
              40.624754066826064
            ],
            [
              -122.58320150925029,
              40.62482054204172
            ],
            [
              -122.583199968168,
              40.62488722637555
            ],
            [
              -122.58319154814268,
              40.62494211309996
            ],
            [
              -122.58319726489216,
              40.62493796248536
            ],
            [
              -122.58326282569259,
              40.62489481603754
            ],
            [
              -122.58333359910371,
              40.62485674972478
            ],
            [
              -122.5834089096666,
              40.62482412684639
            ],
            [
              -122.58348803862363,
              40.624797258749936
            ],
            [
              -122.58357023077802,
              40.624776401859954
            ],
            [
              -122.58365470170088,
              40.624761755230836
            ],
            [
              -122.58374064521695,
              40.62475345864735
            ],
            [
              -122.58382724109816,
              40.62475159129057
            ],
            [
              -122.58391366289081,
              40.62475617098228
            ],
            [
              -122.58399908580256,
              40.62476715401495
            ],
            [
              -122.58408269457331,
              40.62478443556877
            ],
            [
              -122.58416369125523,
              40.62480785071194
            ],
            [
              -122.5842413028275,
              40.62483717597466
            ],
            [
              -122.5843147885736,
              40.624872131481624
            ],
            [
              -122.58438344715007,
              40.62491238362297
            ],
            [
              -122.58444662327982,
              40.62495754823791
            ],
            [
              -122.58445299775406,
              40.624963091479884
            ],
            [
              -122.5849769963493,
              40.62500675223728
            ],
            [
              -122.58505333697492,
              40.625015691079284
            ],
            [
              -122.58512836718303,
              40.62502965746766
            ],
            [
              -122.5852015177778,
              40.62504854545055
            ],
            [
              -122.5852722338214,
              40.62507221173968
            ],
            [
              -122.58592252940362,
              40.625316109538275
            ],
            [
              -122.58599957185571,
              40.625348724016895
            ],
            [
              -122.58607198473376,
              40.62538700442702
            ],
            [
              -122.58613905272887,
              40.625430572631615
            ],
            [
              -122.5862001133256,
              40.625478998259574
            ],
            [
              -122.58625456334629,
              40.625531802956665
            ],
            [
              -122.58630186490957,
              40.625588465110475
            ],
            [
              -122.58634155074402,
              40.62564842500275
            ],
            [
              -122.58637322880433,
              40.62571109033804
            ],
            [
              -122.58639658614482,
              40.62577584209434
            ],
            [
              -122.58641139201141,
              40.62584204063768
            ],
            [
              -122.58641750012227,
              40.62590903204052
            ],
            [
              -122.58641485011344,
              40.625976154541235
            ],
            [
              -122.58640346813644,
              40.62604274508126
            ],
            [
              -122.58638346660086,
              40.626108145854936
            ],
            [
              -122.58635504306496,
              40.62617171080772
            ],
            [
              -122.58631847828497,
              40.62623281201824
            ],
            [
              -122.58627413344263,
              40.62629084590133
            ],
            [
              -122.58622244657788,
              40.626345239170824
            ],
            [
              -122.58616392826234,
              40.62639545450291
            ],
            [
              -122.58609915655605,
              40.62644099584442
            ],
            [
              -122.58602877129718,
              40.62648141331336
            ],
            [
              -122.58595346778162,
              40.626516307643406
            ],
            [
              -122.58587398989408,
              40.626545334128316
            ],
            [
              -122.58579112275957,
              40.62656820602744
            ],
            [
              -122.58570568498678,
              40.62658469739848
            ],
            [
              -122.58561852058084,
              40.626594645329774
            ],
            [
              -122.58553049060524,
              40.62659795154964
            ],
            [
              -122.58544246467474,
              40.62659458339732
            ],
            [
              -122.58535531236414,
              40.626584574145625
            ],
            [
              -122.58492083206659,
              40.626517701222426
            ],
            [
              -122.58488715213048,
              40.62653151894446
            ],
            [
              -122.5848107812775,
              40.62655614738012
            ],
            [
              -122.58473172472904,
              40.62657523237045
            ],
            [
              -122.58465067390259,
              40.62658860700049
            ],
            [
              -122.58456833765887,
              40.626596154297346
            ],
            [
              -122.58448543610166,
              40.62659780825326
            ],
            [
              -122.58440269427935,
              40.626593554403044
            ],
            [
              -122.58436334149769,
              40.62658868716192
            ],
            [
              -122.58419674732724,
              40.62666954731629
            ],
            [
              -122.58411635602803,
              40.626704220131074
            ],
            [
              -122.58403166667064,
              40.626732332728494
            ],
            [
              -122.58380300943975,
              40.6267976638007
            ],
            [
              -122.58368137269463,
              40.626951259421645
            ],
            [
              -122.58363029772023,
              40.627008835838986
            ],
            [
              -122.58357173054817,
              40.627062110429826
            ],
            [
              -122.5835062907588,
              40.62711051958861
            ],
            [
              -122.58343467064422,
              40.627153551181365
            ],
            [
              -122.58335762788437,
              40.62719074996397
            ],
            [
              -122.5832759775313,
              40.62722172239868
            ],
            [
              -122.5831905833861,
              40.627246140817824
            ],
            [
              -122.58316274284935,
              40.627252879242434
            ],
            [
              -122.5833914261993,
              40.627621700128714
            ],
            [
              -122.5834239444374,
              40.62768137907158
            ],
            [
              -122.58344883143293,
              40.62774315185665
            ],
            [
              -122.58346585953792,
              40.62780645348485
            ],
            [
              -122.58347487298352,
              40.62787070497205
            ],
            [
              -122.5834757893055,
              40.627935318644646
            ],
            [
              -122.58346860009938,
              40.62799970351468
            ],
            [
              -122.58345337109813,
              40.62806327068519
            ],
            [
              -122.58343024157183,
              40.62812543873673
            ],
            [
              -122.58339942305454,
              40.628185639045384
            ],
            [
              -122.58336119741038,
              40.62824332098378
            ],
            [
              -122.58333834324921,
              40.6282708954754
            ],
            [
              -122.5833861414415,
              40.62831020155481
            ],
            [
              -122.5834371599644,
              40.62836107148551
            ],
            [
              -122.58348163010311,
              40.62841539207801
            ],
            [
              -122.5835191525761,
              40.62847267562719
            ],
            [
              -122.58360045395428,
              40.62861307506936
            ],
            [
              -122.58363202761893,
              40.628675895445966
            ],
            [
              -122.58365524588609,
              40.62874079651381
            ],
            [
              -122.58366987858314,
              40.628807134949454
            ],
            [
              -122.58367578063927,
              40.628874253179816
            ],
            [
              -122.58367289352455,
              40.62894148590022
            ],
            [
              -122.58366124583108,
              40.62900816666911
            ],
            [
              -122.58364095299062,
              40.629073634514214
            ],
            [
              -122.58361221613137,
              40.629137240484475
            ],
            [
              -122.58357532008527,
              40.629198354082895
            ],
            [
              -122.58353063056539,
              40.62925636951656
            ],
            [
              -122.58347859054152,
              40.629310711701876
            ],
            [
              -122.58341971584974,
              40.62936084196534
            ],
            [
              -122.58335459007955,
              40.629406263383494
            ],
            [
              -122.58328385878914,
              40.629446525709106
            ],
            [
              -122.58320822310628,
              40.62948122983455
            ],
            [
              -122.58312843277817,
              40.62951003174833
            ],
            [
              -122.58304527873891,
              40.62953264594542
            ],
            [
              -122.58295958526907,
              40.6295488482576
            ],
            [
              -122.58285520027403,
              40.62956442790895
            ],
            [
              -122.58285257174009,
              40.62962176798165
            ],
            [
              -122.58284145697866,
              40.62968606969926
            ],
            [
              -122.58282230115177,
              40.629749263229584
            ],
            [
              -122.58279528074792,
              40.62981076627734
            ],
            [
              -122.58276064472551,
              40.629870012122616
            ],
            [
              -122.58271871221949,
              40.629926454843044
            ],
            [
              -122.58266986960126,
              40.62997957434442
            ],
            [
              -122.58261456691888,
              40.63002888115332
            ],
            [
              -122.58255331375061,
              40.6300739209277
            ],
            [
              -122.58248667450938,
              40.63011427864357
            ],
            [
              -122.58241526324215,
              40.63014958241965
            ],
            [
              -122.58235590721229,
              40.63017310039518
            ],
            [
              -122.58232678121479,
              40.63034467127107
            ],
            [
              -122.58240442501538,
              40.63066101118488
            ],
            [
              -122.58241616027222,
              40.630726313684825
            ],
            [
              -122.58241948804111,
              40.63079217661125
            ],
            [
              -122.58241437662842,
              40.63085797317576
            ],
            [
              -122.58240087465265,
              40.63092307721969
            ],
            [
              -122.58237911058269,
              40.63098686917303
            ],
            [
              -122.58234929151624,
              40.6310487419507
            ],
            [
              -122.58231170120968,
              40.631108106730125
            ],
            [
              -122.58226669737836,
              40.631164398554986
            ],
            [
              -122.58221470829305,
              40.63121708171199
            ],
            [
              -122.58215622870466,
              40.631265654829335
            ],
            [
              -122.58209181513615,
              40.631309655648344
            ],
            [
              -122.58202208058647,
              40.63134866542301
            ],
            [
              -122.58199050168434,
              40.631362948583444
            ],
            [
              -122.58195975914573,
              40.63141012848987
            ],
            [
              -122.58191441149461,
              40.63146554432904
            ],
            [
              -122.5818622535289,
              40.63151736600687
            ],
            [
              -122.58180377248588,
              40.63156510941265
            ],
            [
              -122.58173951467569,
              40.63160832853333
            ],
            [
              -122.58167008037783,
              40.63164661962042
            ],
            [
              -122.58159611823346,
              40.631679624962
            ],
            [
              -122.58151831918576,
              40.63170703622458
            ],
            [
              -122.5814374100248,
              40.631728597333925
            ],
            [
              -122.58135414659766,
              40.63174410686729
            ],
            [
              -122.58126930674668,
              40.631753419935414
            ],
            [
              -122.58118368304237,
              40.63175644953605
            ],
            [
              -122.5810980753786,
              40.6317531673669
            ],
            [
              -122.58101328349944,
              40.63174360409002
            ],
            [
              -122.58093009952711,
              40.631727849045255
            ],
            [
              -122.58084930056148,
              40.6317060494157
            ],
            [
              -122.58077164141984,
              40.631678408852444
            ],
            [
              -122.58069784758501,
              40.631645185572054
            ],
            [
              -122.58062860842739,
              40.63160668994403
            ],
            [
              -122.58056457076471,
              40.63156328159116
            ],
            [
              -122.58050633281948,
              40.631515366029745
            ],
            [
              -122.58045443863034,
              40.631463390881024
            ],
            [
              -122.58040937297001,
              40.631407841689274
            ],
            [
              -122.58037155681683,
              40.631349237385756
            ],
            [
              -122.58018676004731,
              40.63102403611446
            ],
            [
              -122.58015779971367,
              40.630965861495646
            ],
            [
              -122.58013598629408,
              40.63090590390414
            ],
            [
              -122.58012150474583,
              40.630844671777275
            ],
            [
              -122.58011447785117,
              40.63078268435894
            ],
            [
              -122.58011496517672,
              40.63072046729639
            ],
            [
              -122.5801229625692,
              40.63065854818285
            ],
            [
              -122.58019964853011,
              40.63025603975224
            ],
            [
              -122.58018242106942,
              40.62995800845673
            ],
            [
              -122.58012153488673,
              40.62993067334798
            ],
            [
              -122.58005089851989,
              40.62989133638766
            ],
            [
              -122.57998569383561,
              40.62984688775281
            ],
            [
              -122.57992655553532,
              40.6297977601136
            ],
            [
              -122.57987405926553,
              40.62974443168529
            ],
            [
              -122.57982871601467,
              40.62968742157306
            ],
            [
              -122.57979096713937,
              40.629627284718644
            ],
            [
              -122.57976118006884,
              40.629564606498235
            ],
            [
              -122.57973964472899,
              40.62949999702422
            ],
            [
              -122.57972657072096,
              40.6294340852061
            ],
            [
              -122.5797220852819,
              40.62936751262853
            ],
            [
              -122.57972623204728,
              40.629300927306126
            ],
            [
              -122.57973897062725,
              40.629234977375646
            ],
            [
              -122.57976017700062,
              40.629170304787124
            ],
            [
              -122.57982589251878,
              40.629005038969304
            ],
            [
              -122.57957336492665,
              40.628857895740076
            ],
            [
              -122.5795379253918,
              40.62885504581971
            ],
            [
              -122.57931897460482,
              40.62898704362544
            ],
            [
              -122.57925019637317,
              40.629024586138904
            ],
            [
              -122.57917703520303,
              40.629056963976616
            ],
            [
              -122.57910015705667,
              40.62908388241131
            ],
            [
              -122.57902026173377,
              40.629105096410996
            ],
            [
              -122.57893807650095,
              40.62912041286958
            ],
            [
              -122.57893782127634,
              40.62912044115631
            ],
            [
              -122.5789012266929,
              40.629213265327806
            ],
            [
              -122.57887251401434,
              40.62927504633916
            ],
            [
              -122.57883607974019,
              40.62933441717763
            ],
            [
              -122.57879226668057,
              40.62939081919057
            ],
            [
              -122.57874148707963,
              40.62944372165932
            ],
            [
              -122.57868421873702,
              40.62949262679326
            ],
            [
              -122.57862100051237,
              40.629537074414
            ],
            [
              -122.57855242725499,
              40.62957664628583
            ],
            [
              -122.5784791442066,
              40.629610970051345
            ],
            [
              -122.57840184092977,
              40.62963972273548
            ],
            [
              -122.57832124481907,
              40.62966263378484
            ],
            [
              -122.57823811425615,
              40.62967948761367
            ],
            [
              -122.57815323147307,
              40.62969012563266
            ],
            [
              -122.57806739519127,
              40.62969444774137
            ],
            [
              -122.57798141310504,
              40.629692413270114
            ],
            [
              -122.57789609428079,
              40.6296840413628
            ],
            [
              -122.57781224154314,
              40.62966941079671
            ],
            [
              -122.57775827358195,
              40.62965568590547
            ],
            [
              -122.5774847680012,
              40.629731029839455
            ],
            [
              -122.57709583488028,
              40.62989843618569
            ],
            [
              -122.57712187038173,
              40.62994693561142
            ],
            [
              -122.57714671310059,
              40.63001028217825
            ],
            [
              -122.57716331072618,
              40.63007517530356
            ],
            [
              -122.57717150431317,
              40.63014099363958
            ],
            [
              -122.57717121538339,
              40.63020710697781
            ],
            [
              -122.5771624466783,
              40.630272882283364
            ],
            [
              -122.57714528213377,
              40.63033768975609
            ],
            [
              -122.57711988607718,
              40.63040090886114
            ],
            [
              -122.57708650165496,
              40.630461934270656
            ],
            [
              -122.5770454485052,
              40.630520181659996
            ],
            [
              -122.57699711969788,
              40.63057509330287
            ],
            [
              -122.57694197797161,
              40.630626143411966
            ],
            [
              -122.57688055130339,
              40.630672843173556
            ],
            [
              -122.57681342785338,
              40.630714745428314
            ],
            [
              -122.57674125033319,
              40.630751448953255
            ],
            [
              -122.57666470985181,
              40.63078260230374
            ],
            [
              -122.57624855964565,
              40.63093252749302
            ],
            [
              -122.57624268670102,
              40.63096805688122
            ],
            [
              -122.57622412118029,
              40.63103105185872
            ],
            [
              -122.57619774821784,
              40.63109240916005
            ],
            [
              -122.57616380861207,
              40.63115156851349
            ],
            [
              -122.57612261225695,
              40.63120798971599
            ],
            [
              -122.57607453531293,
              40.63126115756615
            ],
            [
              -122.57591933598182,
              40.63141635850659
            ],
            [
              -122.57586343889521,
              40.631466919636004
            ],
            [
              -122.57580132383805,
              40.63151307712052
            ],
            [
              -122.57579248897319,
              40.63151846529028
            ],
            [
              -122.57579173658878,
              40.63152304032798
            ],
            [
              -122.57577229630137,
              40.63158818323502
            ],
            [
              -122.57574450694591,
              40.631651545072884
            ],
            [
              -122.57570864018142,
              40.63171250638569
            ],
            [
              -122.57566504663825,
              40.631770471184616
            ],
            [
              -122.57562480171782,
              40.6318134896505
            ],
            [
              -122.57568717913153,
              40.631819813841034
            ],
            [
              -122.575763184797,
              40.63183277174458
            ],
            [
              -122.575837405112,
              40.63185076012758
            ],
            [
              -122.57602220360764,
              40.631902459636486
            ],
            [
              -122.5761041035926,
              40.6319289963455
            ],
            [
              -122.57618210013358,
              40.631961653181335
            ],
            [
              -122.57625540774288,
              40.63200010126608
            ],
            [
              -122.57632328815001,
              40.63204395339919
            ],
            [
              -122.5763850577366,
              40.63209276795646
            ],
            [
              -122.57644009442085,
              40.63214605333734
            ],
            [
              -122.57656111293434,
              40.632276159464936
            ],
            [
              -122.57699011931157,
              40.632078130960046
            ],
            [
              -122.57699623805058,
              40.63206295759458
            ],
            [
              -122.577029791723,
              40.6320018416077
            ],
            [
              -122.57707104007542,
              40.631943522782855
            ],
            [
              -122.57711958655025,
              40.63188856176413
            ],
            [
              -122.5771749644333,
              40.63183748691427
            ],
            [
              -122.5772366413408,
              40.631790789235545
            ],
            [
              -122.57730402433789,
              40.631748917649844
            ],
            [
              -122.5773764656387,
              40.6317122746833
            ],
            [
              -122.57745326883362,
              40.63168121259694
            ],
            [
              -122.57753369558411,
              40.6316560300005
            ],
            [
              -122.57761697272002,
              40.63163696898205
            ],
            [
              -122.57770229967191,
              40.63162421278087
            ],
            [
              -122.57778885616663,
              40.631617884026134
            ],
            [
              -122.57787581011202,
              40.63161804355808
            ],
            [
              -122.57796232559546,
              40.63162468984322
            ],
            [
              -122.57797870960304,
              40.63162720171631
            ],
            [
              -122.57847478023203,
              40.63149818253387
            ],
            [
              -122.57855682460628,
              40.6314801533206
            ],
            [
              -122.57864076454524,
              40.63146821900685
            ],
            [
              -122.57872582189356,
              40.631462490228344
            ],
            [
              -122.57881120813782,
              40.63146302009311
            ],
            [
              -122.57889613171598,
              40.63146980368922
            ],
            [
              -122.57897980535463,
              40.63148277813033
            ],
            [
              -122.5790614533667,
              40.63150182313854
            ],
            [
              -122.5791403188418,
              40.63152676215942
            ],
            [
              -122.57921567066248,
              40.63155736399845
            ],
            [
              -122.57928681028163,
              40.63159334496428
            ],
            [
              -122.57935307819787,
              40.63163437149829
            ],
            [
              -122.5794138600694,
              40.6316800632667
            ],
            [
              -122.57946859240892,
              40.63172999668613
            ],
            [
              -122.5795167678077,
              40.63178370885018
            ],
            [
              -122.57955793963978,
              40.631840701820536
            ],
            [
              -122.57959172620261,
              40.63190044724288
            ],
            [
              -122.5796178142564,
              40.63196239124483
            ],
            [
              -122.5796359619284,
              40.63202595957039
            ],
            [
              -122.57964600095622,
              40.63209056290354
            ],
            [
              -122.57964783824833,
              40.63215560233145
            ],
            [
              -122.57964145674799,
              40.63222047489663
            ],
            [
              -122.57962691559234,
              40.632284579186866
            ],
            [
              -122.57960434956492,
              40.632347320910654
            ],
            [
              -122.57957396784701,
              40.6324081184068
            ],
            [
              -122.57957146900192,
              40.63241195999831
            ],
            [
              -122.57960561906471,
              40.63246809099586
            ],
            [
              -122.57963450250872,
              40.63253132141159
            ],
            [
              -122.57965503024185,
              40.63259641916839
            ],
            [
              -122.57966700068424,
              40.63266274509198
            ],
            [
              -122.57967029627602,
              40.63272964794718
            ],
            [
              -122.57966488463269,
              40.6327964708322
            ],
            [
              -122.57965081886402,
              40.632862557628485
            ],
            [
              -122.57962823705378,
              40.63292725944308
            ],
            [
              -122.5795973609046,
              40.63298994098005
            ],
            [
              -122.57955849356223,
              40.63304998677854
            ],
            [
              -122.57951201663971,
              40.63310680725599
            ],
            [
              -122.57945838647106,
              40.63315984449751
            ],
            [
              -122.57939812963103,
              40.63320857773417
            ],
            [
              -122.57933183776511,
              40.633252528456744
            ],
            [
              -122.5792601617803,
              40.63329126511436
            ],
            [
              -122.57918380545395,
              40.633324407352305
            ],
            [
              -122.57912107854972,
              40.6333456757836
            ],
            [
              -122.57912322325504,
              40.633409926455876
            ],
            [
              -122.57911692535907,
              40.633475931538165
            ],
            [
              -122.5791021815969,
              40.63354115060013
            ],
            [
              -122.57907913339652,
              40.6336049579273
            ],
            [
              -122.57903332174337,
              40.63371115096565
            ],
            [
              -122.57906095799659,
              40.6337687552103
            ],
            [
              -122.57908219228304,
              40.63383063010187
            ],
            [
              -122.57909565223606,
              40.63389375733496
            ],
            [
              -122.5791012172351,
              40.63395757130247
            ],
            [
              -122.57909883739622,
              40.63402150024267
            ],
            [
              -122.57908853401975,
              40.63408497136209
            ],
            [
              -122.57907039940034,
              40.63414741596769
            ],
            [
              -122.57904459600076,
              40.63420827456228
            ],
            [
              -122.57901135499694,
              40.63426700185772
            ],
            [
              -122.57897097420742,
              40.63432307166074
            ],
            [
              -122.57893568070475,
              40.63436700920282
            ],
            [
              -122.57894034561204,
              40.634366988121485
            ],
            [
              -122.57902756889605,
              40.6343731778268
            ],
            [
              -122.57911356517951,
              40.634385892692194
            ],
            [
              -122.57919749548145,
              40.6344050086715
            ],
            [
              -122.57927854097487,
              40.634430339269066
            ],
            [
              -122.57935591097447,
              40.63446163735909
            ],
            [
              -122.57936419404466,
              40.634465834588575
            ],
            [
              -122.57939610035613,
              40.63446179119514
            ],
            [
              -122.57941608015628,
              40.63442108125695
            ],
            [
              -122.57945052255177,
              40.63436019195548
            ],
            [
              -122.5794926327702,
              40.63430216758441
            ],
            [
              -122.57954200528886,
              40.6342475668938
            ],
            [
              -122.57959816465564,
              40.63419691566383
            ],
            [
              -122.57996109392046,
              40.63390040721769
            ],
            [
              -122.57997307245961,
              40.63385751089483
            ],
            [
              -122.57999863182113,
              40.633795762950946
            ],
            [
              -122.58003183179014,
              40.633736162297026
            ],
            [
              -122.58007236748286,
              40.633679256225506
            ],
            [
              -122.58011986665677,
              40.633625567284085
            ],
            [
              -122.5801738931294,
              40.6335755884775
            ],
            [
              -122.58023395078389,
              40.633529778740794
            ],
            [
              -122.580299488125,
              40.63348855872522
            ],
            [
              -122.58036990334314,
              40.63345230693589
            ],
            [
              -122.58040900544951,
              40.633436094037975
            ],
            [
              -122.58060694549073,
              40.6332273941376
            ],
            [
              -122.58066361510865,
              40.63317364874971
            ],
            [
              -122.58072717834682,
              40.63312458241763
            ],
            [
              -122.58079697347205,
              40.63308070594187
            ],
            [
              -122.58087227387898,
              40.63304247609353
            ],
            [
              -122.58095229565447,
              40.633010290859424
            ],
            [
              -122.58103620573793,
              40.6329844852992
            ],
            [
              -122.58112313059347,
              40.63296532805757
            ],
            [
              -122.58133002866873,
              40.63292832840697
            ],
            [
              -122.58141905187942,
              40.63291601988062
            ],
            [
              -122.58150925790306,
              40.63291068546643
            ],
            [
              -122.58159970790516,
              40.632912380683365
            ],
            [
              -122.5816894605121,
              40.63292108788833
            ],
            [
              -122.58177758160792,
              40.632936716459675
            ],
            [
              -122.5818631540553,
              40.63295910374043
            ],
            [
              -122.58194528724007,
              40.63298801673081
            ],
            [
              -122.58202312633995,
              40.633023154513225
            ],
            [
              -122.58209586122044,
              40.63306415138375
            ],
            [
              -122.5821627348665,
              40.63311058065796
            ],
            [
              -122.58245103493186,
              40.63333227910358
            ],
            [
              -122.58250799386191,
              40.633380504757426
            ],
            [
              -122.58255861921741,
              40.63343266982592
            ],
            [
              -122.58260244425409,
              40.63348829338511
            ],
            [
              -122.58263906491864,
              40.633546862624996
            ],
            [
              -122.58266814357422,
              40.633607837577145
            ],
            [
              -122.58268941211384,
              40.63367065609254
            ],
            [
              -122.58270267443275,
              40.63373473902422
            ],
            [
              -122.58270780823742,
              40.63379949556636
            ],
            [
              -122.58270476617352,
              40.633864328701236
            ],
            [
              -122.58269357626361,
              40.63392864070319
            ],
            [
              -122.58267434164954,
              40.633991838649486
            ],
            [
              -122.58264723964243,
              40.63405333988677
            ],
            [
              -122.58263660303574,
              40.6340741133891
            ],
            [
              -122.58267713722196,
              40.6341016394715
            ],
            [
              -122.58274034618493,
              40.63414909486705
            ],
            [
              -122.58279701348084,
              40.634201125132975
            ],
            [
              -122.58284657170846,
              40.634257209312445
            ],
            [
              -122.58288852464275,
              40.634316785857145
            ],
            [
              -122.58292245220402,
              40.634379258249595
            ],
            [
              -122.58294801466461,
              40.6344440009756
            ],
            [
              -122.58296495605123,
              40.63451036578704
            ],
            [
              -122.58297310670895,
              40.63457768819245
            ],
            [
              -122.5829723850008,
              40.6346452941103
            ],
            [
              -122.58296279812642,
              40.63471250661827
            ],
            [
              -122.58294444205073,
              40.63477865273116
            ],
            [
              -122.5829420486129,
              40.634785551459125
            ],
            [
              -122.58297130780024,
              40.63479452416289
            ],
            [
              -122.58304986219416,
              40.634825888097204
            ],
            [
              -122.58312391207112,
              40.63486307212554
            ],
            [
              -122.5831927169407,
              40.63490570441589
            ],
            [
              -122.58325558875757,
              40.63495335865403
            ],
            [
              -122.58331189880177,
              40.63500555830634
            ],
            [
              -122.58336108396603,
              40.63506178138469
            ],
            [
              -122.58340265238685,
              40.63512146566598
            ],
            [
              -122.5834361883638,
              40.635184014314
            ],
            [
              -122.583461356517,
              40.63524880184749
            ],
            [
              -122.58347790514176,
              40.6353151803947
            ],
            [
              -122.58352900876095,
              40.63559618002824
            ],
            [
              -122.58353684734841,
              40.63566505011723
            ],
            [
              -122.5835354075255,
              40.635734169904985
            ],
            [
              -122.58352470433594,
              40.635802815834545
            ],
            [
              -122.5835048497946,
              40.63587026930717
            ],
            [
              -122.58348273158242,
              40.63592061841249
            ],
            [
              -122.58352321512363,
              40.63599655017505
            ],
            [
              -122.58355247843782,
              40.636060442034974
            ],
            [
              -122.58357320573037,
              40.63612624338524
            ],
            [
              -122.58357363909721,
              40.63612866822136
            ],
            [
              -122.58363121289587,
              40.63613406313004
            ],
            [
              -122.58371473476033,
              40.63614821792008
            ],
            [
              -122.58379607752872,
              40.636168438048294
            ],
            [
              -122.58387448413954,
              40.6361945353255
            ],
            [
              -122.5839492248559,
              40.63622626686345
            ],
            [
              -122.58401960405675,
              40.63626333733528
            ],
            [
              -122.58408496671079,
              40.63630540172383
            ],
            [
              -122.58414470447266,
              40.63635206853257
            ],
            [
              -122.58419826134495,
              40.63640290342895
            ],
            [
              -122.58424513885294,
              40.63645743328666
            ],
            [
              -122.58428490068437,
              40.63651515058872
            ],
            [
              -122.58431717675053,
              40.6365755181508
            ],
            [
              -122.58434166663149,
              40.63663797412073
            ],
            [
              -122.58435814237268,
              40.63670193720751
            ],
            [
              -122.58436645060732,
              40.63676681209147
            ],
            [
              -122.58436647647103,
              40.63679341255991
            ],
            [
              -122.58440462453747,
              40.63680749981839
            ],
            [
              -122.58447967734058,
              40.63684261038074
            ],
            [
              -122.58454978896654,
              40.63688321851049
            ],
            [
              -122.58461426802675,
              40.63692892376607
            ],
            [
              -122.58467247867212,
              40.636979275441654
            ],
            [
              -122.58472384686348,
              40.63703377701138
            ],
            [
              -122.5847678660325,
              40.637091891025335
            ],
            [
              -122.58480410207736,
              40.63715304440919
            ],
            [
              -122.58483219764423,
              40.637216634115156
            ],
            [
              -122.58485375074285,
              40.63727482742296
            ],
            [
              -122.58490633034907,
              40.637276747277525
            ],
            [
              -122.58499038526679,
              40.637286011836515
            ],
            [
              -122.58507289160941,
              40.63730135846886
            ],
            [
              -122.58515309284192,
              40.63732264645521
            ],
            [
              -122.58523025356402,
              40.637349680597396
            ],
            [
              -122.58530366625271,
              40.63738221300814
            ],
            [
              -122.5853726577495,
              40.63741994538375
            ],
            [
              -122.58543659543274,
              40.637462531739324
            ],
            [
              -122.58549489301808,
              40.63750958158092
            ],
            [
              -122.5855470159346,
              40.637560663485935
            ],
            [
              -122.58559248622652,
              40.63761530905886
            ],
            [
              -122.58563088693627,
              40.63767301722589
            ],
            [
              -122.58571553320766,
              40.6378169207536
            ],
            [
              -122.58640348131208,
              40.637604170269675
            ],
            [
              -122.58648822677796,
              40.63758169423762
            ],
            [
              -122.5865755197253,
              40.637565856478744
            ],
            [
              -122.58666446661735,
              40.6375568191094
            ],
            [
              -122.58675415698892,
              40.6375546746367
            ],
            [
              -122.58684367276524,
              40.637559445011696
            ],
            [
              -122.58693209765853,
              40.63757108140473
            ],
            [
              -122.58701852654622,
              40.63758946470518
            ],
            [
              -122.5871020747352,
              40.63761440674058
            ],
            [
              -122.58718188701678,
              40.6376456522026
            ],
            [
              -122.58725714642014,
              40.63768288126019
            ],
            [
              -122.5873270825745,
              40.63772571283306
            ],
            [
              -122.58739097959435,
              40.63777370849229
            ],
            [
              -122.58744818340742,
              40.637826376947736
            ],
            [
              -122.58749810844985,
              40.63788317907662
            ],
            [
              -122.58754024366057,
              40.637943533441835
            ],
            [
              -122.58759610312048,
              40.63803435127716
            ],
            [
              -122.58789811147223,
              40.638014858035994
            ],
            [
              -122.58811685985884,
              40.637931882422755
            ],
            [
              -122.58819538585927,
              40.63790562407252
            ],
            [
              -122.58827687372641,
              40.63788526570748
            ],
            [
              -122.5883605616359,
              40.637870997656165
            ],
            [
              -122.58844566719698,
              40.63786295330925
            ],
            [
              -122.5885313947667,
              40.63786120787262
            ],
            [
              -122.58861694288748,
              40.63786577766427
            ],
            [
              -122.58870151177918,
              40.63787661996184
            ],
            [
              -122.58878431081557,
              40.637893633401916
            ],
            [
              -122.58886456591505,
              40.637916658927615
            ],
            [
              -122.58894152677705,
              40.637945481275445
            ],
            [
              -122.58901447389593,
              40.63797983098761
            ],
            [
              -122.58908272528727,
              40.638019386930964
            ],
            [
              -122.58914564286341,
              40.63806377929901
            ],
            [
              -122.5892026383989,
              40.63811259306901
            ],
            [
              -122.5894324392043,
              40.63832969171482
            ],
            [
              -122.58947742505356,
              40.63837682099597
            ],
            [
              -122.58969221144746,
              40.63828283218498
            ],
            [
              -122.58977078954827,
              40.6382523004049
            ],
            [
              -122.58985296010805,
              40.638227865455
            ],
            [
              -122.5899379103876,
              40.63820976901762
            ],
            [
              -122.59002480015629,
              40.63819819008171
            ],
            [
              -122.59011277000192,
              40.6381932431727
            ],
            [
              -122.59020094983047,
              40.638194977219676
            ],
            [
              -122.59028846747115,
              40.63820337507163
            ],
            [
              -122.59037445730208,
              40.63821835366701
            ],
            [
              -122.59045806881129,
              40.63823976485516
            ],
            [
              -122.59053847500843,
              40.638267396861586
            ],
            [
              -122.59061488060358,
              40.63830097638236
            ],
            [
              -122.59068652987303,
              40.63834017128714
            ],
            [
              -122.59075271413371,
              40.63838459390392
            ],
            [
              -122.59081277875244,
              40.638433804853214
            ],
            [
              -122.59086612962096,
              40.63848731739359
            ],
            [
              -122.59091223903235,
              40.63854460223572
            ],
            [
              -122.59095065090095,
              40.63860509277728
            ],
            [
              -122.590980985274,
              40.63866819070686
            ],
            [
              -122.59100294209053,
              40.63873327192176
            ],
            [
              -122.59101630414993,
              40.63879969270066
            ],
            [
              -122.59102093926148,
              40.63886679607071
            ],
            [
              -122.5910168015525,
              40.63893391830549
            ],
            [
              -122.59100393192352,
              40.639000395490044
            ],
            [
              -122.59098245764436,
              40.63906557008775
            ],
            [
              -122.59087840373218,
              40.6393258049412
            ],
            [
              -122.59116888191926,
              40.63946282542197
            ],
            [
              -122.59145096662644,
              40.63951410115339
            ],
            [
              -122.59153583544845,
              40.63953297899934
            ],
            [
              -122.59161781547111,
              40.63955819944299
            ],
            [
              -122.59169609212171,
              40.63958951188932
            ],
            [
              -122.59176988762204,
              40.639626605211596
            ],
            [
              -122.591838468716,
              40.63966911084258
            ],
            [
              -122.59190115395522,
              40.639716606436366
            ],
            [
              -122.59195732047009,
              40.63976862006462
            ],
            [
              -122.5920064101587,
              40.63982463490558
            ],
            [
              -122.5920479352329,
              40.63988409437892
            ],
            [
              -122.59208148306536,
              40.639946407675914
            ],
            [
              -122.59210672029029,
              40.64001095562961
            ],
            [
              -122.59210788059997,
              40.64001555776379
            ],
            [
              -122.59211229018865,
              40.640014535187625
            ],
            [
              -122.59219363610076,
              40.64000185382488
            ],
            [
              -122.59227618227784,
              40.63999502252821
            ],
            [
              -122.59235920533776,
              40.63999410116288
            ],
            [
              -122.59244197771955,
              40.639999097803255
            ],
            [
              -122.59252377405885,
              40.64000996866205
            ],
            [
              -122.59260387754391,
              40.64002661847407
            ],
            [
              -122.59268158619679,
              40.64004890133087
            ],
            [
              -122.59275621902447,
              40.640076621959444
            ],
            [
              -122.59306271714293,
              40.64020432083376
            ],
            [
              -122.59313742102785,
              40.6402392029365
            ],
            [
              -122.59319879498095,
              40.64027465069395
            ],
            [
              -122.59353099475695,
              40.640274649667866
            ],
            [
              -122.59362482298113,
              40.64027844033965
            ],
            [
              -122.59371759833954,
              40.6402897706663
            ],
            [
              -122.59380827972055,
              40.640308513500734
            ],
            [
              -122.5938958495088,
              40.64033445851369
            ],
            [
              -122.59430454653901,
              40.64047495722312
            ],
            [
              -122.59437938957014,
              40.640504010230174
            ],
            [
              -122.5944502890528,
              40.64053832621867
            ],
            [
              -122.59451660908675,
              40.640577597410285
            ],
            [
              -122.59476480860016,
              40.64073949618232
            ],
            [
              -122.59482873585755,
              40.640785574166166
            ],
            [
              -122.59488635382588,
              40.64083625127509
            ],
            [
              -122.59493709521718,
              40.640891028571694
            ],
            [
              -122.5949804604425,
              40.64094936674923
            ],
            [
              -122.5950160225312,
              40.64101069144107
            ],
            [
              -122.59504343133507,
              40.641074398875325
            ],
            [
              -122.59506241697659,
              40.64113986181909
            ],
            [
              -122.59507279250674,
              40.64120643575374
            ],
            [
              -122.59507445574671,
              40.64127346522036
            ],
            [
              -122.59506739029479,
              40.64134029027317
            ],
            [
              -122.59505166568898,
              40.64140625297699
            ],
            [
              -122.5950274367232,
              40.64147070388513
            ],
            [
              -122.59499494192441,
              40.64153300843376
            ],
            [
              -122.59495450120487,
              40.641592553189625
            ],
            [
              -122.59490651271324,
              40.641648751890195
            ],
            [
              -122.59485144891512,
              40.64170105121587
            ],
            [
              -122.59478985194171,
              40.64174893623824
            ],
            [
              -122.5947223282525,
              40.641791935490154
            ],
            [
              -122.59464954266424,
              40.64182962560808
            ],
            [
              -122.5945722118053,
              40.64186163550068
            ],
            [
              -122.59449109705952,
              40.64188765000286
            ],
            [
              -122.5944069970695,
              40.64190741297897
            ],
            [
              -122.59432073987266,
              40.64192072984504
            ],
            [
              -122.59420633875614,
              40.641933929969774
            ],
            [
              -122.59410933669326,
              40.6419409985492
            ],
            [
              -122.59401190208959,
              40.641939918986836
            ],
            [
              -122.5939152109615,
              40.64193070431296
            ],
            [
              -122.59379360979749,
              40.641913904142626
            ],
            [
              -122.59371656342236,
              40.641900534503606
            ],
            [
              -122.5936436236348,
              40.64188254660306
            ],
            [
              -122.59361740133178,
              40.64190107749458
            ],
            [
              -122.59355051459912,
              40.641940047662494
            ],
            [
              -122.59347907770527,
              40.641974010477085
            ],
            [
              -122.59340373454303,
              40.64200265981345
            ],
            [
              -122.59332516421723,
              40.64202573743952
            ],
            [
              -122.59324407492338,
              40.642043035343896
            ],
            [
              -122.59316119756367,
              40.642054397610885
            ],
            [
              -122.59299971725629,
              40.6420705522102
            ],
            [
              -122.59299977148719,
              40.64207569882251
            ],
            [
              -122.5929922474316,
              40.642140472102135
            ],
            [
              -122.59298935694693,
              40.6421522680164
            ],
            [
              -122.5930930333017,
              40.64218497963011
            ],
            [
              -122.59319246959046,
              40.64222204950212
            ],
            [
              -122.59323351310722,
              40.64223985010581
            ],
            [
              -122.59330927891222,
              40.64223985006268
            ],
            [
              -122.5938114097284,
              40.64213940727047
            ],
            [
              -122.59389746105514,
              40.64212562662031
            ],
            [
              -122.59398488078105,
              40.64211840386289
            ],
            [
              -122.59407280977126,
              40.64211780998142
            ],
            [
              -122.59416038388648,
              40.64212385081251
            ],
            [
              -122.59424674247464,
              40.6421364669888
            ],
            [
              -122.59433103682842,
              40.642155534522395
            ],
            [
              -122.59441243852537,
              40.642180866023175
            ],
            [
              -122.59449014756878,
              40.64221221254031
            ],
            [
              -122.59456340024936,
              40.64224926600869
            ],
            [
              -122.59463147665033,
              40.64229166227622
            ],
            [
              -122.59469370772248,
              40.642338984682404
            ],
            [
              -122.59474948185924,
              40.64239076815284
            ],
            [
              -122.59479825090762,
              40.64244650376959
            ],
            [
              -122.59483953555572,
              40.642505643772544
            ],
            [
              -122.59487293004366,
              40.64256760694232
            ],
            [
              -122.59489810615207,
              40.642631784312194
            ],
            [
              -122.59491481642857,
              40.642697545152856
            ],
            [
              -122.59492289662047,
              40.64276424317084
            ],
            [
              -122.5949222672901,
              40.6428312228603
            ],
            [
              -122.59491293459652,
              40.64289782594519
            ],
            [
              -122.59489499023593,
              40.64296339784876
            ],
            [
              -122.59486861054157,
              40.643027294126924
            ],
            [
              -122.59483405475156,
              40.64308888680188
            ],
            [
              -122.59479166246209,
              40.64314757053422
            ],
            [
              -122.59474185029036,
              40.64320276857238
            ],
            [
              -122.59468510778082,
              40.64325393842135
            ],
            [
              -122.59462199259416,
              40.643300577174614
            ],
            [
              -122.59455312502679,
              40.643342226457136
            ],
            [
              -122.59422883553616,
              40.64351911757081
            ],
            [
              -122.59419988028576,
              40.643579117967874
            ],
            [
              -122.59416322421275,
              40.64363725346235
            ],
            [
              -122.59411945823558,
              40.643692461915194
            ],
            [
              -122.5940689811104,
              40.64374424029545
            ],
            [
              -122.59401225274503,
              40.643792116824095
            ],
            [
              -122.59394979000889,
              40.643835655272945
            ],
            [
              -122.5938821620236,
              40.64387445893955
            ],
            [
              -122.59380998497748,
              40.643908174261966
            ],
            [
              -122.59373391651108,
              40.6439364940406
            ],
            [
              -122.59365464972468,
              40.64395916023739
            ],
            [
              -122.59322144598019,
              40.644065361227106
            ],
            [
              -122.59313750148347,
              40.64408253250429
            ],
            [
              -122.59305175363967,
              40.64409336312064
            ],
            [
              -122.59299776440078,
              40.64409609344537
            ],
            [
              -122.59300286366464,
              40.6441536041195
            ],
            [
              -122.593000189276,
              40.64421987254057
            ],
            [
              -122.59298900103022,
              40.644285622255495
            ],
            [
              -122.59296940663427,
              40.64435022015942
            ],
            [
              -122.59296420837701,
              40.64436196247271
            ],
            [
              -122.59304135005642,
              40.64435706158054
            ],
            [
              -122.59312702049894,
              40.644357937048525
            ],
            [
              -122.59321218042002,
              40.644365104202414
            ],
            [
              -122.59329603530841,
              40.64437849617536
            ],
            [
              -122.59337780282715,
              40.644397988025155
            ],
            [
              -122.59342496545929,
              40.64441317351038
            ],
            [
              -122.59350165846824,
              40.6443832685289
            ],
            [
              -122.59358589440939,
              40.64435829436383
            ],
            [
              -122.59367302974327,
              40.644339979925206
            ],
            [
              -122.59376215961723,
              40.64432851539819
            ],
            [
              -122.59385235846823,
              40.64432401983546
            ],
            [
              -122.59394268963348,
              40.64432653992096
            ],
            [
              -122.59406528841275,
              40.64433473983369
            ],
            [
              -122.59410076421119,
              40.644338411974324
            ],
            [
              -122.594135133407,
              40.644312754945176
            ],
            [
              -122.59420054590585,
              40.644268523208936
            ],
            [
              -122.59427135950473,
              40.64422941381404
            ],
            [
              -122.59434688562152,
              40.64419580705044
            ],
            [
              -122.5944263898541,
              40.64416802970147
            ],
            [
              -122.59450909912142,
              40.64414635186641
            ],
            [
              -122.59459420918017,
              40.644130984334325
            ],
            [
              -122.59468089244442,
              40.64412207653467
            ],
            [
              -122.59476830603224,
              40.64411971508427
            ],
            [
              -122.5948555999608,
              40.644123922945326
            ],
            [
              -122.59494192541071,
              40.64413465920194
            ],
            [
              -122.5950264429789,
              40.64415181945814
            ],
            [
              -122.59510833084003,
              40.64417523685276
            ],
            [
              -122.59518679273695,
              40.64420468368188
            ],
            [
              -122.59526106572295,
              40.64423987361268
            ],
            [
              -122.59533042757981,
              40.64428046446758
            ],
            [
              -122.59539420384041,
              40.64432606155105
            ],
            [
              -122.59545177434684,
              40.64437622148741
            ],
            [
              -122.59550257928079,
              40.64443045653176
            ],
            [
              -122.59554612460744,
              40.64448823931248
            ],
            [
              -122.59558198687967,
              40.64454900795899
            ],
            [
              -122.59560981735613,
              40.64461217156502
            ],
            [
              -122.59562934539322,
              40.64467711593443
            ],
            [
              -122.59564038107749,
              40.644743209553226
            ],
            [
              -122.59564281707323,
              40.64480980973044
            ],
            [
              -122.59563662966731,
              40.644876268847376
            ],
            [
              -122.59562187900063,
              40.64494194065515
            ],
            [
              -122.59559870848432,
              40.645006186558845
            ],
            [
              -122.59543968320166,
              40.64537488571263
            ],
            [
              -122.59613299099247,
              40.645763461118314
            ],
            [
              -122.5961377608655,
              40.64573992179448
            ],
            [
              -122.59615947956895,
              40.64567554958797
            ],
            [
              -122.59618939652115,
              40.645613114205936
            ],
            [
              -122.59622722220455,
              40.64555321981239
            ],
            [
              -122.59627259057443,
              40.64549644598163
            ],
            [
              -122.59632506260188,
              40.64544334209006
            ],
            [
              -122.5963841305224,
              40.64539442200043
            ],
            [
              -122.59644922274973,
              40.645350159089645
            ],
            [
              -122.59651970940708,
              40.64531098166843
            ],
            [
              -122.59659490842206,
              40.64527726883697
            ],
            [
              -122.59667409212666,
              40.64524934681689
            ],
            [
              -122.59675649429815,
              40.64522748579484
            ],
            [
              -122.59684131757311,
              40.64521189730811
            ],
            [
              -122.59692774116233,
              40.64520273219802
            ],
            [
              -122.5970149287927,
              40.64520007915039
            ],
            [
              -122.59710203679847,
              40.645203963837375
            ],
            [
              -122.59718822228434,
              40.64521434866912
            ],
            [
              -122.59727265128079,
              40.64523113315755
            ],
            [
              -122.59735450681343,
              40.645254154888455
            ],
            [
              -122.59743299680765,
              40.645283191093114
            ],
            [
              -122.59750736175265,
              40.64531796080363
            ],
            [
              -122.59757688205035,
              40.64535812757151
            ],
            [
              -122.59800001388433,
              40.64562857215195
            ],
            [
              -122.59801017828464,
              40.64562879826264
            ],
            [
              -122.5980990879151,
              40.6456376747533
            ],
            [
              -122.59818636673725,
              40.6456533431029
            ],
            [
              -122.59827112285777,
              40.64567564319854
            ],
            [
              -122.59835249016028,
              40.64570434715801
            ],
            [
              -122.59842963715549,
              40.64573916165847
            ],
            [
              -122.5985017754775,
              40.64577973093346
            ],
            [
              -122.59856816793987,
              40.645825640408255
            ],
            [
              -122.59862813606864,
              40.64587642093607
            ],
            [
              -122.59868106703564,
              40.6459315535919
            ],
            [
              -122.59872641992133,
              40.645990474975115
            ],
            [
              -122.59876373124283,
              40.64605258296656
            ],
            [
              -122.59879261969087,
              40.646117242881324
            ],
            [
              -122.59881279002728,
              40.64618379395437
            ],
            [
              -122.59884529603015,
              40.646322765116956
            ],
            [
              -122.60036671768161,
              40.64753464732836
            ],
            [
              -122.60042446578858,
              40.64758548395817
            ],
            [
              -122.6004752957281,
              40.647640439849205
            ],
            [
              -122.60051870430942,
              40.647698970984806
            ],
            [
              -122.60055426180335,
              40.64776049795501
            ],
            [
              -122.60058161619702,
              40.647824411691886
            ],
            [
              -122.60060049667918,
              40.64789007949867
            ],
            [
              -122.60060666507866,
              40.64793038182568
            ],
            [
              -122.60066554105231,
              40.64799347478109
            ],
            [
              -122.60071775239089,
              40.64805652350518
            ],
            [
              -122.60076052738198,
              40.64812356928785
            ],
            [
              -122.60079334533988,
              40.64819379604852
            ],
            [
              -122.6008466020062,
              40.648331350985586
            ],
            [
              -122.60090725152524,
              40.64840626112516
            ],
            [
              -122.60095007621794,
              40.64846562337681
            ],
            [
              -122.60098488242518,
              40.648527953148786
            ],
            [
              -122.60101132032858,
              40.64859262403919
            ],
            [
              -122.60102912420717,
              40.64865898611653
            ],
            [
              -122.60103374767135,
              40.648693638754615
            ],
            [
              -122.60130823876858,
              40.648475542810075
            ],
            [
              -122.60142173925561,
              40.64831473504934
            ],
            [
              -122.60150191863428,
              40.64748217591806
            ],
            [
              -122.60151382087597,
              40.64741086200034
            ],
            [
              -122.60153560339948,
              40.6473409149362
            ],
            [
              -122.60156701958616,
              40.647273126559064
            ],
            [
              -122.60168898926109,
              40.64704875635231
            ],
            [
              -122.60169044832597,
              40.64702620078959
            ],
            [
              -122.60168369145647,
              40.6470008554176
            ],
            [
              -122.60167052395748,
              40.64693492375135
            ],
            [
              -122.6016659541901,
              40.646868324509626
            ],
            [
              -122.60167002665071,
              40.646801706550214
            ],
            [
              -122.60168270163695,
              40.64673571891143
            ],
            [
              -122.60170385563552,
              40.646671004488645
            ],
            [
              -122.60173328252662,
              40.646608193770945
            ],
            [
              -122.60177069559283,
              40.64654789869854
            ],
            [
              -122.60181573031345,
              40.64649070670119
            ],
            [
              -122.60186794791635,
              40.64643717497518
            ],
            [
              -122.60192683965343,
              40.646387825055214
            ],
            [
              -122.6019918317574,
              40.64634313773347
            ],
            [
              -122.60206229103204,
              40.646303548375855
            ],
            [
              -122.60213753102092,
              40.64626944268071
            ],
            [
              -122.60247796370454,
              40.646131981380655
            ],
            [
              -122.60254024730118,
              40.646094409573784
            ],
            [
              -122.60255334486355,
              40.64606006019718
            ],
            [
              -122.60258632779413,
              40.64599758887012
            ],
            [
              -122.6026273102819,
              40.645937928322155
            ],
            [
              -122.60267588528866,
              40.64588167107204
            ],
            [
              -122.60273157037474,
              40.645829375837245
            ],
            [
              -122.60279381249062,
              40.6457815619854
            ],
            [
              -122.6028619934701,
              40.64573870437642
            ],
            [
              -122.60293543616945,
              40.64570122864685
            ],
            [
              -122.6030134111926,
              40.64566950698292
            ],
            [
              -122.60309514413466,
              40.64564385442454
            ],
            [
              -122.60317982327238,
              40.645624525736714
            ],
            [
              -122.60322632420606,
              40.64561766033943
            ],
            [
              -122.60323384457739,
              40.645610859003995
            ],
            [
              -122.60329607462243,
              40.64556463743178
            ],
            [
              -122.60336394486063,
              40.64552327685072
            ],
            [
              -122.60343680362351,
              40.64548717438621
            ],
            [
              -122.60351395134869,
              40.645456676677
            ],
            [
              -122.60359464729643,
              40.645432076547266
            ],
            [
              -122.60367811666153,
              40.64541361019524
            ],
            [
              -122.603763558012,
              40.645401454925526
            ],
            [
              -122.60385015098365,
              40.64539572744685
            ],
            [
              -122.60393706415583,
              40.64539648275161
            ],
            [
              -122.60402346303387,
              40.64540371358789
            ],
            [
              -122.60410851806047,
              40.64541735052903
            ],
            [
              -122.60419141258025,
              40.64543726264029
            ],
            [
              -122.60427135067997,
              40.645463258735774
            ],
            [
              -122.60434756483006,
              40.64549508921398
            ],
            [
              -122.6044193232536,
              40.64553244845417
            ],
            [
              -122.60448593695197,
              40.64557497775058
            ],
            [
              -122.60454676632037,
              40.645622268756206
            ],
            [
              -122.60460122728882,
              40.64567386740341
            ],
            [
              -122.60464879693035,
              40.6457292782633
            ],
            [
              -122.60468901848223,
              40.64578796930246
            ],
            [
              -122.60472150573203,
              40.64584937699099
            ],
            [
              -122.60478869306748,
              40.64599683502569
            ],
            [
              -122.60479435231356,
              40.64599497946312
            ],
            [
              -122.60487557666504,
              40.64597514144669
            ],
            [
              -122.60495892701084,
              40.64596133745356
            ],
            [
              -122.6050436326485,
              40.645953695122934
            ],
            [
              -122.60512891034486,
              40.64595228511995
            ],
            [
              -122.60521397157764,
              40.64595712048234
            ],
            [
              -122.60529802982599,
              40.645968156499904
            ],
            [
              -122.60538030784221,
              40.64598529112789
            ],
            [
              -122.60546004483815,
              40.6460083659304
            ],
            [
              -122.60553650351928,
              40.64603716754532
            ],
            [
              -122.60560897690159,
              40.646071429657
            ],
            [
              -122.60567503222221,
              40.64610981128089
            ],
            [
              -122.60574556783756,
              40.646077191322846
            ],
            [
              -122.60582334043035,
              40.646048697605146
            ],
            [
              -122.60590438010777,
              40.64602609530813
            ],
            [
              -122.60598791979199,
              40.64600959837231
            ],
            [
              -122.6060731687434,
              40.645999362948295
            ],
            [
              -122.60615932004501,
              40.645995485918654
            ],
            [
              -122.60624555823945,
              40.645998003981255
            ],
            [
              -122.60633106704681,
              40.646006893301674
            ],
            [
              -122.60641503709061,
              40.64602206973892
            ],
            [
              -122.606496673558,
              40.646043389641754
            ],
            [
              -122.60657520372249,
              40.646070651208255
            ],
            [
              -122.60664988425759,
              40.64610359639588
            ],
            [
              -122.60672000827236,
              40.646141913363614
            ],
            [
              -122.60678491200203,
              40.64618523942359
            ],
            [
              -122.60684398109086,
              40.64623316447379
            ],
            [
              -122.6068966564072,
              40.64628523487956
            ],
            [
              -122.60694140113537,
              40.64633969416331
            ],
            [
              -122.60862711058081,
              40.64647655485643
            ],
            [
              -122.60871007189239,
              40.64648633258491
            ],
            [
              -122.60879144821186,
              40.6465020400293
            ],
            [
              -122.60887051071632,
              40.646523536510784
            ],
            [
              -122.609838789324,
              40.64682686576557
            ],
            [
              -122.61076214200789,
              40.64690330489858
            ],
            [
              -122.61083913700867,
              40.64691229893046
            ],
            [
              -122.61091479926034,
              40.64692640316593
            ],
            [
              -122.61098854532854,
              40.646945508846976
            ],
            [
              -122.61105980655321,
              40.64696946864918
            ],
            [
              -122.61119752164751,
              40.64702138904718
            ],
            [
              -122.61121247089294,
              40.64701824391996
            ],
            [
              -122.61208251955564,
              40.646710412880545
            ],
            [
              -122.61229848597198,
              40.64655831401493
            ],
            [
              -122.61236361250019,
              40.646516674745236
            ],
            [
              -122.61243367393718,
              40.6464799763339
            ],
            [
              -122.61250802653218,
              40.6464485559759
            ],
            [
              -122.61258598710917,
              40.646422702369684
            ],
            [
              -122.61266683934372,
              40.64640265306463
            ],
            [
              -122.61274984034436,
              40.646388592278576
            ],
            [
              -122.61283422747807,
              40.64638064920536
            ],
            [
              -122.61366401917267,
              40.64633314963967
            ],
            [
              -122.61374140447266,
              40.64633130047777
            ],
            [
              -122.6138187067028,
              40.646334598145216
            ],
            [
              -122.61389533697373,
              40.64634301752041
            ],
            [
              -122.61397071151444,
              40.646356494464484
            ],
            [
              -122.61468850512072,
              40.64651029295948
            ],
            [
              -122.61475776349249,
              40.64652749931799
            ],
            [
              -122.61482493470268,
              40.646548976352506
            ],
            [
              -122.6150600150056,
              40.646632946941374
            ],
            [
              -122.6155523475064,
              40.64654636792819
            ],
            [
              -122.61564740509326,
              40.64653375371797
            ],
            [
              -122.6157436990535,
              40.64652907823113
            ],
            [
              -122.6158400900474,
              40.64653239678771
            ],
            [
              -122.6172829757294,
              40.64664219563381
            ],
            [
              -122.61736982842041,
              40.64665213246342
            ],
            [
              -122.61745496534527,
              40.64666856247283
            ],
            [
              -122.61753755192258,
              40.6466913246021
            ],
            [
              -122.61761677856937,
              40.64672019571859
            ],
            [
              -122.61769186863664,
              40.64675489280411
            ],
            [
              -122.61776208602227,
              40.646795075729045
            ],
            [
              -122.61782674238667,
              40.646840350586395
            ],
            [
              -122.61786319376995,
              40.646871478105744
            ],
            [
              -122.6178855405191,
              40.64683030815077
            ],
            [
              -122.61792183460247,
              40.64677768936921
            ],
            [
              -122.61783874123866,
              40.64629675959529
            ],
            [
              -122.61783159530002,
              40.64622980837552
            ],
            [
              -122.61783321258183,
              40.64616264756455
            ],
            [
              -122.61784357707262,
              40.64609594098027
            ],
            [
              -122.61786258630408,
              40.64603034794904
            ],
            [
              -122.61789005236504,
              40.645966516789
            ],
            [
              -122.61792570375947,
              40.64590507840228
            ],
            [
              -122.61796918809097,
              40.6458466400393
            ],
            [
              -122.61802007554643,
              40.64579177929714
            ],
            [
              -122.61807786314495,
              40.64574103841076
            ],
            [
              -122.61814197970952,
              40.645694918893966
            ],
            [
              -122.61821179151286,
              40.64565387658283
            ],
            [
              -122.61828660854097,
              40.64561831713058
            ],
            [
              -122.61836569131293,
              40.645588591998504
            ],
            [
              -122.61844825818967,
              40.64556499498246
            ],
            [
              -122.61853349309895,
              40.64554775930924
            ],
            [
              -122.61862055360062,
              40.645537055331694
            ],
            [
              -122.61870857921245,
              40.645532988845076
            ],
            [
              -122.61879669991421,
              40.6455356000415
            ],
            [
              -122.61888404474583,
              40.64554486311279
            ],
            [
              -122.61896975041498,
              40.645560686505405
            ],
            [
              -122.61905296982899,
              40.64558291382534
            ],
            [
              -122.61913288046637,
              40.645611325383776
            ],
            [
              -122.61932696646898,
              40.64568950477564
            ],
            [
              -122.61952553051131,
              40.64563985450901
            ],
            [
              -122.6195919010298,
              40.645625411772286
            ],
            [
              -122.61965954495787,
              40.64561494369777
            ],
            [
              -122.62039842940966,
              40.64552323653596
            ],
            [
              -122.62048000819692,
              40.64544981599831
            ],
            [
              -122.6205390513034,
              40.64540165159522
            ],
            [
              -122.62060397332247,
              40.645358097275306
            ],
            [
              -122.62067415670234,
              40.645319567329345
            ],
            [
              -122.62074893384842,
              40.64528642825539
            ],
            [
              -122.62082759347345,
              40.64525899527284
            ],
            [
              -122.62090938736294,
              40.645237529324376
            ],
            [
              -122.6209935374918,
              40.645222234594
            ],
            [
              -122.6210792434243,
              40.64521325656507
            ],
            [
              -122.62116568992728,
              40.64521068063653
            ],
            [
              -122.62125205472383,
              40.64521453131062
            ],
            [
              -122.6213375163142,
              40.645224771959946
            ],
            [
              -122.62142126178907,
              40.645241305175766
            ],
            [
              -122.62150249456133,
              40.64526397369445
            ],
            [
              -122.62158044194257,
              40.6452925618933
            ],
            [
              -122.62165436249241,
              40.645326797841264
            ],
            [
              -122.6217235530706,
              40.64536635588548
            ],
            [
              -122.62178735552523,
              40.64541085974852
            ],
            [
              -122.62184516295274,
              40.645459886107425
            ],
            [
              -122.62189642547115,
              40.64551296861993
            ],
            [
              -122.62194065545046,
              40.64556960236031
            ],
            [
              -122.62197743215172,
              40.645629248621844
            ],
            [
              -122.62200640572942,
              40.645691340040905
            ],
            [
              -122.62202730056006,
              40.64575528599361
            ],
            [
              -122.6220399178646,
              40.64582047821367
            ],
            [
              -122.62204413760021,
              40.645886296578375
            ],
            [
              -122.62204413809981,
              40.64592395628094
            ],
            [
              -122.62209230767152,
              40.64591407038731
            ],
            [
              -122.6221844883927,
              40.645902889642876
            ],
            [
              -122.62227770122944,
              40.645899148985706
            ],
            [
              -122.62252669871832,
              40.64589914897452
            ],
            [
              -122.62261416749003,
              40.645902441706646
            ],
            [
              -122.62270078372228,
              40.64591228800547
            ],
            [
              -122.62278570317117,
              40.64592859189978
            ],
            [
              -122.6228680981298,
              40.645951194476474
            ],
            [
              -122.6229471654952,
              40.645979875429234
            ],
            [
              -122.6230221345956,
              40.646014355205814
            ],
            [
              -122.6230922747017,
              40.64605429773247
            ],
            [
              -122.6231569021488,
              40.646099313689476
            ],
            [
              -122.62321538700046,
              40.646148964305574
            ],
            [
              -122.62326715918834,
              40.646202765634364
            ],
            [
              -122.6233117140691,
              40.646260193271054
            ],
            [
              -122.62334861734351,
              40.646320687463636
            ],
            [
              -122.62337750929017,
              40.646383658568574
            ],
            [
              -122.62339810827235,
              40.646448492797916
            ],
            [
              -122.6234347101131,
              40.64659499253309
            ],
            [
              -122.62344702274567,
              40.6466628490278
            ],
            [
              -122.62345025151899,
              40.64673130637976
            ],
            [
              -122.62344436321635,
              40.64679966090906
            ],
            [
              -122.62342941833671,
              40.646867209990546
            ],
            [
              -122.62342924073074,
              40.646867701890386
            ],
            [
              -122.6237824566036,
              40.64676602592486
            ],
            [
              -122.62411195731289,
              40.64650345307357
            ],
            [
              -122.62417401448121,
              40.64645855269974
            ],
            [
              -122.62424146407919,
              40.64641841696626
            ],
            [
              -122.62431367811796,
              40.64638341955133
            ],
            [
              -122.62438998425321,
              40.64635388629299
            ],
            [
              -122.62496114162339,
              40.6461586309669
            ],
            [
              -122.62552506181044,
              40.64595627940503
            ],
            [
              -122.62561549469365,
              40.64592834853182
            ],
            [
              -122.62570940824186,
              40.645908152964836
            ],
            [
              -122.6258056658901,
              40.64589593711549
            ],
            [
              -122.62590310270713,
              40.64589184882276
            ],
            [
              -122.6264450972411,
              40.645891848798655
            ],
            [
              -122.62653262120075,
              40.64589514558573
            ],
            [
              -122.62661929101833,
              40.645905004191334
            ],
            [
              -122.62670426085914,
              40.64592132840281
            ],
            [
              -122.62678670147751,
              40.64594395890768
            ],
            [
              -122.62686580830893,
              40.645972674848444
            ],
            [
              -122.62694080932172,
              40.646007195977774
            ],
            [
              -122.62721180810215,
              40.646146294822515
            ],
            [
              -122.62727871524022,
              40.646184239339625
            ],
            [
              -122.6273406471692,
              40.646226803178784
            ],
            [
              -122.6273970562142,
              40.646273609947336
            ],
            [
              -122.62744744353604,
              40.64632424573147
            ],
            [
              -122.62749136354293,
              40.64637826275632
            ],
            [
              -122.62755246421825,
              40.64646196235382
            ],
            [
              -122.6275905449972,
              40.64652065463771
            ],
            [
              -122.62762098939065,
              40.64658187863196
            ],
            [
              -122.62764351153858,
              40.64664505951193
            ],
            [
              -122.62765789996008,
              40.64670960407836
            ],
            [
              -122.62766249017008,
              40.6467585863823
            ],
            [
              -122.62767165057926,
              40.64677590922255
            ],
            [
              -122.62767440431391,
              40.64677724458242
            ],
            [
              -122.62774124329678,
              40.64681696371573
            ],
            [
              -122.6278027992299,
              40.64686136130063
            ],
            [
              -122.62785850989765,
              40.64691003184364
            ],
            [
              -122.6279078664673,
              40.64696253082459
            ],
            [
              -122.62795041813648,
              40.647018378755995
            ],
            [
              -122.62798577625088,
              40.64707706556233
            ],
            [
              -122.62801361785438,
              40.64713805523843
            ],
            [
              -122.62803368863926,
              40.6472007907448
            ],
            [
              -122.62804580526969,
              40.647264699095075
            ],
            [
              -122.62804985705685,
              40.64732919658932
            ],
            [
              -122.62804985870534,
              40.647453696596536
            ],
            [
              -122.62804550628385,
              40.647520552140136
            ],
            [
              -122.62803248995237,
              40.64758675155223
            ],
            [
              -122.62801093744312,
              40.64765164507351
            ],
            [
              -122.62798106027422,
              40.6477145957604
            ],
            [
              -122.62794315167426,
              40.647774985736916
            ],
            [
              -122.62793826569231,
              40.647781122873965
            ],
            [
              -122.62798761373737,
              40.647798286098855
            ],
            [
              -122.62806232529586,
              40.64783130504607
            ],
            [
              -122.62813246647852,
              40.64786970201571
            ],
            [
              -122.62819737222485,
              40.64791311294231
            ],
            [
              -122.62825642711132,
              40.647961126219165
            ],
            [
              -122.62830907118658,
              40.64801328660082
            ],
            [
              -122.62835480528086,
              40.64806909951926
            ],
            [
              -122.62839319573939,
              40.648128035773055
            ],
            [
              -122.62842387853449,
              40.64818953654474
            ],
            [
              -122.62844656271795,
              40.64825301869929
            ],
            [
              -122.62846103318041,
              40.64831788031303
            ],
            [
              -122.62846715269177,
              40.64838350638076
            ],
            [
              -122.62846486320326,
              40.64844927464714
            ],
            [
              -122.62845418639887,
              40.64851456150668
            ],
            [
              -122.62843522349056,
              40.64857874791675
            ],
            [
              -122.62840815425957,
              40.648641225267326
            ],
            [
              -122.62837705876093,
              40.648694812263614
            ]
          ],
          [
            [
              -122.59672335527628,
              40.64668072123468
            ],
            [
              -122.59672257688979,
              40.646682760216976
            ],
            [
              -122.59669044989536,
              40.646743933310646
            ],
            [
              -122.59665065318761,
              40.64680243212463
            ],
            [
              -122.59660356518587,
              40.64685770037633
            ],
            [
              -122.59654963364778,
              40.64690921250225
            ],
            [
              -122.59650242261955,
              40.646946242064594
            ],
            [
              -122.59660153375634,
              40.64693880521411
            ],
            [
              -122.59669199000861,
              40.64693555552492
            ],
            [
              -122.59678240989038,
              40.646939347250886
            ],
            [
              -122.59681761509846,
              40.6469422021173
            ],
            [
              -122.59680072955118,
              40.646896515461115
            ],
            [
              -122.59678596141302,
              40.64683566365839
            ],
            [
              -122.5967785647988,
              40.64677403790782
            ],
            [
              -122.59677858965755,
              40.6467323913602
            ],
            [
              -122.59672335527628,
              40.64668072123468
            ]
          ],
          [
            [
              -122.58089063147871,
              40.62504099842488
            ],
            [
              -122.58085303987245,
              40.62506561908244
            ],
            [
              -122.58078422200529,
              40.62510265705507
            ],
            [
              -122.5807414117642,
              40.62512133033166
            ],
            [
              -122.5806338531572,
              40.625489515169015
            ],
            [
              -122.58073648359876,
              40.6254851161125
            ],
            [
              -122.58074870481431,
              40.62548278402065
            ],
            [
              -122.58075668122456,
              40.625388734058035
            ],
            [
              -122.58076729299009,
              40.62531944935794
            ],
            [
              -122.58078722367351,
              40.625251367529636
            ],
            [
              -122.5808162608134,
              40.6251852142313
            ],
            [
              -122.58089063147871,
              40.62504099842488
            ]
          ],
          [
            [
              -122.57587528625977,
              40.621069014779195
            ],
            [
              -122.57586519075784,
              40.62107280471246
            ],
            [
              -122.57579084466863,
              40.621094152028725
            ],
            [
              -122.57569167165002,
              40.62120255651381
            ],
            [
              -122.57587528625977,
              40.621069014779195
            ]
          ],
          [
            [
              -122.56112385233656,
              40.616337570914666
            ],
            [
              -122.56111621040921,
              40.616351271507824
            ],
            [
              -122.56102136058995,
              40.61650034607259
            ],
            [
              -122.56103958517778,
              40.61651179470622
            ],
            [
              -122.5610975215349,
              40.61655560205559
            ],
            [
              -122.56114992624852,
              40.61660328351247
            ],
            [
              -122.5613123269823,
              40.616765682536034
            ],
            [
              -122.56135970035777,
              40.616817986486524
            ],
            [
              -122.56140041524841,
              40.61687345086898
            ],
            [
              -122.56143411141971,
              40.61693158497243
            ],
            [
              -122.56146049073155,
              40.616991874464624
            ],
            [
              -122.56147931977658,
              40.61705378594254
            ],
            [
              -122.56149043194584,
              40.61711677165132
            ],
            [
              -122.5614937289035,
              40.61718027433042
            ],
            [
              -122.56148918145782,
              40.61724373214394
            ],
            [
              -122.56147682981997,
              40.617306583651306
            ],
            [
              -122.56145678324924,
              40.61736827277468
            ],
            [
              -122.56141395981038,
              40.61747770865346
            ],
            [
              -122.56145113195032,
              40.617519823534636
            ],
            [
              -122.5614582981022,
              40.617528836275504
            ],
            [
              -122.56148062142978,
              40.61752886302894
            ],
            [
              -122.56156016887127,
              40.61753473902126
            ],
            [
              -122.56159913275408,
              40.61751302102987
            ],
            [
              -122.56167462045745,
              40.617479111275465
            ],
            [
              -122.56175413195012,
              40.61745104509528
            ],
            [
              -122.56176592941786,
              40.617447916285975
            ],
            [
              -122.56155891720371,
              40.6170256179275
            ],
            [
              -122.56112385233656,
              40.616337570914666
            ]
          ]
        ]
      }
    }
  ]
}